# File produced by Open Asset Import Library (http://www.assimp.sf.net)
# (assimp v3.1.151885474)

mtllib Character.mtl

# vertex positions
v -0.837614 -0.246025 0.449962
v -0.819287 -0.292251 0.467578
v -0.817714 -0.293009 0.466959
v -0.833254 -0.245803 0.454334
v -0.835274 -0.248439 0.445322
v -0.817629 -0.292495 0.468369
v -0.816019 -0.293588 0.466906
v -0.826773 -0.247214 0.456029
v -0.814252 -0.294057 0.467204
v -0.820270 -0.249428 0.455529
v -0.812759 -0.294280 0.467907
v -0.817064 -0.252006 0.451184
v -0.814302 -0.293641 0.468244
v -0.822253 -0.251914 0.446963
v -0.815972 -0.292944 0.468623
v -0.828736 -0.250560 0.445107
v -0.869221 -0.164913 0.434213
v -0.877074 -0.163277 0.424791
v -0.870168 -0.165535 0.414709
v -0.856538 -0.168089 0.437435
v -0.843588 -0.171544 0.435992
v -0.836599 -0.173820 0.425994
v -0.844388 -0.172241 0.415674
v -0.857196 -0.169008 0.412975
v -0.898211 -0.070240 0.423816
v -0.905835 -0.069393 0.405076
v -0.894600 -0.072855 0.387806
v -0.878760 -0.074396 0.431181
v -0.858243 -0.079348 0.427427
v -0.846340 -0.082920 0.411091
v -0.854997 -0.081864 0.391727
v -0.874262 -0.077776 0.383852
v 0.815386 -0.290292 0.467701
v 0.836970 -0.245705 0.449874
v 0.832898 -0.245918 0.453519
v 0.814763 -0.291410 0.467457
v 0.814914 -0.291244 0.467894
v 0.834816 -0.247938 0.446111
v 0.826781 -0.247417 0.455336
v 0.814446 -0.292161 0.467986
v 0.820427 -0.249570 0.455116
v 0.813958 -0.292503 0.468236
v 0.816888 -0.251987 0.451167
v 0.812510 -0.293056 0.468657
v 0.822164 -0.251983 0.446787
v 0.813883 -0.292532 0.468258
v 0.828735 -0.250391 0.445477
v 0.814404 -0.292272 0.468102
v 0.876097 -0.162703 0.424799
v 0.868663 -0.164827 0.433261
v 0.870063 -0.165386 0.414937
v 0.856595 -0.168053 0.437791
v 0.843299 -0.171266 0.437083
v 0.836662 -0.173824 0.426006
v 0.844388 -0.172241 0.415673
v 0.857198 -0.169233 0.412328
v 0.906224 -0.069449 0.405030
v 0.898583 -0.070239 0.424265
v 0.894327 -0.072737 0.388144
v 0.878753 -0.074342 0.432171
v 0.857813 -0.079238 0.428637
v 0.845599 -0.082945 0.410960
v 0.854632 -0.081966 0.391377
v 0.874254 -0.077597 0.384378
v -0.781535 -0.130460 0.600384
v -0.781484 -0.130455 0.600548
v -0.787662 -0.081601 0.600471
v -0.790428 -0.081523 0.597162
v -0.790148 -0.082668 0.593029
v -0.781398 -0.130522 0.600304
v -0.781426 -0.130461 0.600658
v -0.783908 -0.082507 0.601819
v -0.781353 -0.130509 0.600511
v -0.780995 -0.083869 0.600279
v -0.781253 -0.130564 0.600383
v -0.781167 -0.084807 0.596368
v -0.781159 -0.130617 0.600253
v -0.783437 -0.084923 0.592942
v -0.781260 -0.130584 0.600223
v -0.787257 -0.084105 0.591163
v -0.797850 -0.011345 0.594277
v -0.804393 -0.009126 0.585311
v -0.803125 -0.009772 0.574619
v -0.787925 -0.014879 0.598262
v -0.778974 -0.018208 0.593722
v -0.778452 -0.018586 0.582924
v -0.784746 -0.016453 0.574156
v -0.794249 -0.013078 0.569825
v 0.792786 -0.082279 0.596446
v 0.786842 -0.081329 0.602028
v 0.781923 -0.129729 0.596725
v 0.781920 -0.129759 0.596718
v 0.781908 -0.129850 0.596700
v 0.790437 -0.082820 0.592606
v 0.784487 -0.082699 0.600953
v 0.781925 -0.129720 0.596726
v 0.783432 -0.083979 0.599297
v 0.781914 -0.129802 0.596709
v 0.782537 -0.084714 0.596616
v 0.781902 -0.129891 0.596691
v 0.783660 -0.084910 0.593011
v 0.781891 -0.129978 0.596673
v 0.787497 -0.083879 0.591988
v 0.781896 -0.129941 0.596681
v 0.802427 -0.008995 0.585501
v 0.797639 -0.011327 0.593818
v 0.800774 -0.009385 0.576715
v 0.788046 -0.014837 0.597770
v 0.778955 -0.018215 0.593730
v 0.778863 -0.018510 0.583126
v 0.785436 -0.015972 0.575451
v 0.792441 -0.012013 0.572540
v -0.869347 0.027248 0.429913
v -0.899096 0.032737 0.421731
v 0.898766 0.032745 0.421307
v 0.869395 0.027229 0.430439
v -0.841158 0.026803 0.420978
v 0.841158 0.026803 0.420978
v -0.825127 0.017771 0.387423
v 0.825127 0.017771 0.387423
v -0.909779 0.033573 0.393816
v 0.909266 0.033621 0.393903
v -0.895150 0.029451 0.366566
v 0.894731 0.029535 0.366998
v -0.866892 0.023330 0.354408
v 0.866662 0.023553 0.355226
v -0.840125 0.019451 0.361724
v 0.840125 0.019451 0.361724
v -0.799489 0.086212 0.606468
v -0.814259 0.088795 0.585468
v 0.813316 0.088886 0.585042
v 0.799174 0.086241 0.606180
v -0.811358 0.085283 0.560542
v 0.810579 0.085454 0.560843
v -0.775914 0.079510 0.615053
v 0.775869 0.079543 0.614818
v -0.753698 0.071414 0.605935
v 0.753651 0.071400 0.605999
v -0.753170 0.068663 0.580985
v 0.751187 0.067996 0.580229
v -0.767435 0.071023 0.559400
v 0.767359 0.070984 0.559287
v -0.790313 0.077369 0.549537
v 0.790088 0.077700 0.550518
v -0.870439 0.114397 0.311499
v -0.909807 0.165385 0.323906
v 0.909807 0.165385 0.323906
v 0.870439 0.114397 0.311499
v -0.926197 0.192571 0.372542
v 0.926197 0.192571 0.372542
v -0.897042 0.186894 0.426761
v 0.897042 0.186894 0.426761
v -0.822214 0.155228 0.573625
v -0.815052 0.142786 0.531760
v 0.815052 0.142786 0.531760
v 0.822214 0.155228 0.573625
v -0.796238 0.159444 0.612191
v 0.796238 0.159444 0.612191
v -0.826761 0.163847 0.544057
v -0.821630 0.176515 0.575514
v 0.821195 0.176498 0.575325
v 0.826393 0.163944 0.544054
v -0.766682 0.157139 0.626662
v 0.766608 0.157209 0.626071
v -0.794045 0.185346 0.612049
v 0.794781 0.185438 0.612905
v -0.725235 0.147225 0.611204
v 0.725235 0.147225 0.611204
v -0.761573 0.185928 0.630845
v 0.761573 0.185928 0.630845
v -0.722353 0.141513 0.579212
v 0.723974 0.142215 0.579550
v -0.717506 0.181716 0.619808
v 0.717807 0.181868 0.619404
v -0.741640 0.144676 0.542308
v 0.741640 0.144676 0.542308
v -0.700549 0.186607 0.586404
v 0.700549 0.186607 0.586404
v -0.776239 0.136677 0.522567
v 0.776239 0.136677 0.522567
v -0.713438 0.189487 0.542615
v 0.713890 0.189759 0.542858
v -0.851158 0.173326 0.458832
v 0.851158 0.173326 0.458832
v -0.824669 0.150789 0.455250
v -0.807238 0.155434 0.504617
v -0.829086 0.175860 0.510751
v 0.824669 0.150789 0.455250
v 0.829086 0.175860 0.510751
v 0.807238 0.155434 0.504617
v -0.836704 0.179897 0.485533
v -0.813938 0.161807 0.476204
v 0.814539 0.158832 0.477112
v 0.836705 0.179896 0.485534
v -0.763121 0.167584 0.501277
v 0.763121 0.167584 0.501277
v -0.772038 0.179810 0.456133
v 0.771307 0.179207 0.456055
v -0.781592 0.152365 0.380280
v 0.781592 0.152365 0.380280
v -0.813049 0.118802 0.320433
v 0.813049 0.118802 0.320433
v -0.724310 0.246924 0.338664
v -0.816670 0.113367 0.259730
v 0.816670 0.113367 0.259730
v 0.724310 0.246924 0.338664
v -0.693430 0.279377 0.403875
v 0.693430 0.279377 0.403875
v -0.833609 0.028409 0.213633
v -0.827796 -0.135605 0.189448
v -0.647889 -0.141723 0.158231
v -0.673951 0.028591 0.217617
v 0.833618 0.028423 0.213570
v 0.673929 0.028642 0.217497
v 0.827793 -0.135609 0.189471
v 0.647890 -0.141720 0.158224
v 0.799092 -0.317980 0.149677
v 0.638167 -0.308610 0.105333
v -0.638148 -0.308628 0.105391
v -0.799092 -0.317980 0.149677
v 0.712871 -0.568856 0.048368
v 0.579905 -0.447712 0.046947
v -0.579906 -0.447711 0.046944
v -0.712871 -0.568856 0.048368
v 0.552614 -0.682806 -0.022268
v 0.497405 -0.509638 0.020036
v -0.497403 -0.509641 0.020049
v -0.552614 -0.682807 -0.022267
v 0.485929 -0.737825 -0.170345
v 0.378616 -0.586516 -0.031904
v -0.378616 -0.586516 -0.031904
v -0.485929 -0.737825 -0.170345
v -0.141715 1.035591 0.318808
v -0.146919 0.956785 0.643931
v 0.000000 0.960067 0.655189
v 0.000000 1.041984 0.330819
v 0.146929 0.956868 0.643958
v 0.141715 1.035591 0.318808
v -0.209612 0.944771 0.622416
v -0.200960 1.030226 0.300237
v 0.200960 1.030226 0.300237
v 0.209585 0.944716 0.622399
v -0.142923 1.047580 -0.135402
v 0.000000 1.059552 -0.128158
v 0.142923 1.047580 -0.135402
v -0.198888 1.036599 -0.139399
v 0.198893 1.036621 -0.139403
v -0.176445 0.871625 -0.524459
v 0.000000 0.884786 -0.531707
v 0.176445 0.871625 -0.524459
v -0.240570 0.859278 -0.519599
v 0.240573 0.859289 -0.519606
v -0.192138 0.584762 -0.833797
v 0.000000 0.608425 -0.842673
v 0.192138 0.584762 -0.833797
v -0.276365 0.573201 -0.813981
v 0.276363 0.573198 -0.813977
v -0.212328 0.194984 -1.025138
v 0.000000 0.217160 -1.057548
v 0.212328 0.194984 -1.025138
v -0.291673 0.187903 -0.996020
v 0.291674 0.187904 -0.996021
v -0.217435 -0.043941 -1.034820
v 0.000000 -0.042101 -1.072821
v 0.217437 -0.043942 -1.034826
v -0.309086 -0.059173 -0.997252
v 0.309086 -0.059173 -0.997252
v -0.225814 -0.368291 -0.891558
v 0.000000 -0.366044 -0.927359
v 0.225814 -0.368290 -0.891557
v -0.319860 -0.381601 -0.851919
v 0.319860 -0.381600 -0.851918
v -0.221086 -0.589421 -0.739069
v 0.000000 -0.587954 -0.765852
v 0.221083 -0.589412 -0.739053
v -0.316921 -0.582394 -0.722440
v 0.316921 -0.582395 -0.722441
v -0.228046 -0.802481 -0.577612
v 0.000000 -0.816914 -0.585800
v 0.228046 -0.802480 -0.577612
v -0.317569 -0.781881 -0.570148
v 0.317564 -0.781866 -0.570135
v -0.204166 -0.858470 -0.494163
v 0.000000 -0.890820 -0.474453
v 0.168987 -0.829759 -0.350312
v 0.000000 -0.836779 -0.332988
v 0.204166 -0.858469 -0.494162
v -0.317544 -0.814694 -0.492190
v 0.317544 -0.814695 -0.492190
v -0.168987 -0.829759 -0.350312
v -0.289219 -0.798011 -0.365510
v 0.289219 -0.798011 -0.365510
v 0.000000 -0.704494 -0.194729
v -0.185694 -0.724029 -0.208060
v 0.185691 -0.724137 -0.207965
v -0.268113 -0.722230 -0.206567
v -0.368380 -0.726856 -0.210954
v -0.380431 -0.774898 -0.384406
v 0.380432 -0.774899 -0.384406
v 0.368380 -0.726857 -0.210953
v 0.268117 -0.722397 -0.206462
v -0.295476 -0.571049 -0.050374
v 0.000000 -0.510154 -0.063996
v -0.169458 -0.533512 -0.060584
v 0.295479 -0.571044 -0.050381
v 0.169458 -0.533512 -0.060584
v -0.240495 -0.551826 -0.054980
v 0.240496 -0.551825 -0.054981
v -0.150779 -0.277191 0.078860
v -0.233204 -0.261775 0.088913
v 0.000000 -0.278287 0.079112
v -0.060467 -0.280986 0.077384
v 0.233204 -0.261767 0.088900
v 0.150779 -0.277202 0.078880
v 0.060467 -0.280986 0.077384
v -0.529844 -0.721219 -0.363151
v 0.529844 -0.721220 -0.363151
v -0.395390 -0.781406 -0.486120
v 0.395399 -0.781427 -0.486122
v -0.397681 -0.756375 -0.560910
v 0.397681 -0.756375 -0.560910
v -0.414629 -0.592221 -0.690918
v 0.414629 -0.592221 -0.690918
v -0.417199 -0.383274 -0.813431
v 0.417199 -0.383274 -0.813431
v -0.393042 -0.085029 -0.954068
v 0.393039 -0.085028 -0.954062
v -0.366886 0.176233 -0.962372
v 0.366886 0.176233 -0.962372
v -0.362294 0.563329 -0.782797
v 0.362295 0.563329 -0.782797
v -0.318635 0.844983 -0.503580
v 0.318635 0.844984 -0.503580
v -0.276845 1.017961 -0.139213
v 0.276845 1.017961 -0.139213
v -0.285608 1.017805 0.284223
v 0.285610 1.017816 0.284224
v -0.308990 0.894132 0.546187
v 0.309087 0.894226 0.546254
v 0.672447 -0.668222 -0.202906
v -0.672439 -0.668209 -0.202903
v 0.579951 -0.660600 -0.556456
v 0.542667 -0.710161 -0.465590
v -0.542667 -0.710161 -0.465590
v -0.579951 -0.660600 -0.556456
v 0.427896 0.871246 0.457333
v 0.486783 0.958230 0.300608
v -0.486768 0.958189 0.300597
v -0.427866 0.871209 0.457289
v 0.473924 0.951979 -0.100457
v -0.473920 0.951972 -0.100456
v 0.476860 0.803521 -0.459730
v -0.476860 0.803521 -0.459730
v 0.503672 0.535852 -0.722142
v -0.503672 0.535851 -0.722141
v 0.545732 0.153489 -0.856458
v -0.545732 0.153489 -0.856458
v 0.590654 -0.084859 -0.833503
v -0.590654 -0.084859 -0.833503
v 0.622244 -0.378280 -0.721541
v -0.622255 -0.378289 -0.721562
v 0.603604 -0.555914 -0.642701
v -0.603604 -0.555914 -0.642701
v -0.839138 -0.554145 -0.075483
v 0.839138 -0.554145 -0.075483
v -0.714942 -0.619828 -0.301309
v 0.714942 -0.619828 -0.301309
v -0.773284 -0.556147 -0.438823
v 0.773277 -0.556138 -0.438822
v -0.794467 -0.495369 -0.542451
v 0.794467 -0.495368 -0.542451
v -0.781760 -0.363403 -0.624860
v 0.781759 -0.363403 -0.624859
v -0.745416 -0.089570 -0.709576
v 0.745416 -0.089570 -0.709576
v -0.724609 0.153599 -0.715908
v 0.724606 0.153598 -0.715904
v -0.686868 0.503611 -0.600697
v 0.686875 0.503617 -0.600705
v -0.674267 0.718012 -0.378700
v 0.674277 0.718024 -0.378707
v -0.692035 0.823935 -0.098988
v 0.692036 0.823936 -0.098989
v -0.713376 0.824617 0.280537
v 0.713310 0.824550 0.280494
v -0.666647 0.752944 0.397970
v 0.666647 0.752944 0.397970
v -0.847527 0.283267 0.498529
v -0.832647 0.307087 0.523190
v -0.825027 0.272394 0.550544
v 0.832647 0.307087 0.523190
v 0.847527 0.283267 0.498529
v 0.825027 0.272394 0.550544
v -0.806830 0.296299 0.574980
v 0.806830 0.296299 0.574980
v -0.785911 0.288352 0.606125
v -0.758394 0.255735 0.632525
v 0.786484 0.288474 0.606645
v 0.758394 0.255735 0.632525
v 0.716226 0.579089 0.465745
v 0.772470 0.653784 0.378217
v 0.591707 0.671891 0.490208
v -0.591707 0.671891 0.490208
v -0.772470 0.653784 0.378217
v -0.716607 0.579480 0.466225
v -0.557461 0.630586 0.530382
v -0.672364 0.522803 0.549182
v 0.672179 0.522451 0.548694
v 0.556771 0.630068 0.528884
v -0.425369 0.780455 0.542001
v 0.425238 0.780323 0.541871
v -0.432724 0.720473 0.581353
v 0.433132 0.720672 0.581885
v -0.335700 0.808157 0.627934
v 0.335700 0.808157 0.627934
v -0.353963 0.749610 0.657262
v 0.353895 0.749578 0.657224
v -0.222184 0.863224 0.741791
v 0.222119 0.863117 0.741639
v -0.225786 0.794863 0.781096
v 0.225935 0.795058 0.781528
v -0.149762 0.859867 0.762868
v -0.215725 0.731010 0.806611
v -0.207461 0.644727 0.830350
v -0.151446 0.646255 0.830141
v -0.151308 0.735251 0.811774
v 0.000000 0.874036 0.766629
v 0.149768 0.859887 0.762899
v 0.151316 0.735317 0.812065
v 0.151450 0.646244 0.830083
v 0.207357 0.644562 0.829547
v 0.215645 0.730897 0.806250
v -0.155955 0.812034 0.787374
v 0.155926 0.811932 0.787148
v 0.000000 0.730970 0.811493
v 0.000000 0.654708 0.821573
v 0.000000 0.832897 0.786942
v -0.701043 0.274607 0.641977
v -0.658808 0.270500 0.602565
v -0.740575 0.419725 0.592855
v 0.701238 0.274722 0.640818
v 0.658853 0.270524 0.602558
v 0.740202 0.419401 0.592430
v 0.860378 0.316070 0.470244
v 0.776012 0.467608 0.508589
v -0.860378 0.316070 0.470244
v -0.776496 0.467955 0.508970
v 0.889045 0.324553 0.427671
v -0.889045 0.324553 0.427671
v 0.925195 0.321503 0.360561
v 0.847245 0.548523 0.368164
v -0.925784 0.321557 0.360702
v -0.846751 0.548247 0.367773
v 0.823608 0.709012 0.260810
v -0.823662 0.709049 0.260847
v -0.948602 -0.310254 0.055090
v 0.948586 -0.310248 0.055083
v -0.933874 -0.280658 -0.481855
v -0.902164 -0.064144 -0.538524
v 0.902162 -0.064144 -0.538523
v 0.933874 -0.280658 -0.481855
v -0.954535 -0.358543 -0.422345
v 0.954568 -0.358556 -0.422363
v -0.944127 -0.425784 -0.331062
v 0.944161 -0.425810 -0.331069
v -0.903416 -0.489946 -0.204398
v 0.903417 -0.489947 -0.204398
v -1.017090 -0.135320 -0.346345
v 1.017039 -0.135317 -0.346329
v -0.976434 -0.093032 0.113650
v 0.976426 -0.093030 0.113645
v -0.870373 0.187150 -0.541888
v -1.035999 0.151649 -0.270753
v 0.870373 0.187150 -0.541888
v 1.035990 0.151648 -0.270748
v -1.022523 -0.204847 -0.188425
v 1.022475 -0.204835 -0.188425
v -1.003081 -0.249563 -0.073971
v 1.003070 -0.249559 -0.073973
v -0.852210 0.710191 -0.050118
v 0.852200 0.710180 -0.050114
v -0.937814 0.306528 0.272433
v 0.937588 0.306545 0.272367
v -1.046441 -0.030167 -0.004173
v 1.046441 -0.030167 -0.004174
v -1.076026 0.040548 -0.106333
v 1.076025 0.040548 -0.106333
v -0.820160 0.610084 -0.311518
v 0.820160 0.610084 -0.311518
v 1.005039 0.485395 -0.114404
v 0.992760 0.547642 -0.010766
v 1.036198 0.402545 0.085572
v 1.063545 0.306374 -0.001244
v -0.945160 0.198936 0.218572
v 0.945160 0.198936 0.218572
v -0.897461 0.575325 0.257362
v -1.005038 0.485394 -0.114404
v -0.992784 0.547656 -0.010769
v -1.063592 0.306378 -0.001236
v -1.036208 0.402546 0.085575
v 0.897461 0.575325 0.257362
v -0.994797 0.354378 0.174574
v -1.017216 0.250545 0.126916
v 0.994847 0.354375 0.174608
v 1.017211 0.250545 0.126913
v -0.840944 0.437139 -0.458520
v 0.840944 0.437139 -0.458520
v -1.026136 0.306150 -0.232001
v 1.026136 0.306150 -0.232001
v -1.075799 0.199960 -0.049531
v -1.036571 0.126728 0.069196
v 1.036568 0.126729 0.069195
v 1.075739 0.199957 -0.049537
v -0.961259 0.074840 0.161807
v 0.961329 0.074821 0.161865
v -0.662832 0.267504 0.542474
v 0.662832 0.267504 0.542474
v -0.356765 0.685119 0.687266
v 0.357571 0.685107 0.687507
v -0.425305 0.652763 0.593659
v 0.425458 0.652675 0.593944
v -0.498035 0.583223 0.551108
v 0.497638 0.583925 0.549365
v -0.579109 0.478500 0.555215
v 0.579284 0.478442 0.554950
v -0.622984 0.356561 0.598660
v 0.623123 0.356586 0.598548
v -0.320327 0.632057 0.761685
v 0.321867 0.631685 0.762709
v -0.281470 0.381131 0.820861
v -0.270742 0.434517 0.807018
v -0.238446 0.436530 0.776925
v 0.238446 0.436530 0.776925
v 0.267887 0.433970 0.805914
v 0.270484 0.383622 0.817454
v -0.228513 0.405117 0.828731
v 0.228513 0.405117 0.828731
v -0.273106 0.514363 0.784895
v -0.173126 0.452018 0.833828
v 0.173126 0.452018 0.833828
v 0.270230 0.514800 0.784802
v -0.216473 0.421676 0.792383
v 0.216473 0.421676 0.792383
v 0.000000 0.475524 0.837750
v -0.133504 0.444881 0.839276
v 0.133504 0.444881 0.839276
v 0.000000 0.311139 0.859537
v -0.088810 0.317057 0.822548
v 0.088810 0.317057 0.822548
v -0.041656 0.186885 0.840744
v 0.000000 0.137240 0.871515
v 0.041656 0.186885 0.840744
v 0.000000 0.205767 0.806859
v 0.072663 0.344920 0.781909
v -0.072663 0.344920 0.781909
v 0.133207 0.440262 0.809462
v -0.133923 0.439287 0.808818
v 0.000000 0.329986 0.758190
v 0.170560 0.445227 0.806803
v -0.170001 0.443926 0.806584
v 0.000000 0.424117 0.736944
v 0.243501 0.526263 0.746388
v -0.244036 0.525836 0.745239
v 0.296776 0.609849 0.712573
v -0.296776 0.609849 0.712573
v 0.170358 0.606010 0.712086
v 0.000000 0.516387 0.716768
v -0.170358 0.606010 0.712086
v 0.199874 0.632889 0.675386
v -0.199874 0.632889 0.675386
v 0.000000 0.617383 0.671505
v 0.595804 0.357035 0.535970
v -0.596217 0.357295 0.535846
v 0.597133 0.194082 0.312754
v -0.597129 0.194086 0.312745
v 0.681722 0.270723 0.482361
v 0.598681 0.332018 0.435395
v -0.681722 0.270723 0.482361
v -0.598681 0.332018 0.435395
v 0.539968 0.455591 0.524158
v -0.539968 0.455591 0.524158
v 0.504079 0.021630 0.260136
v -0.504079 0.021630 0.260136
v 0.460760 0.550968 0.536056
v -0.460766 0.550780 0.536392
v 0.520517 0.317827 0.408843
v -0.520517 0.317827 0.408843
v 0.394618 0.599998 0.577061
v -0.394617 0.600004 0.577053
v 0.311119 0.626457 0.617455
v -0.311119 0.626457 0.617455
v 0.291810 0.484307 0.528034
v 0.344601 0.453707 0.506194
v -0.344574 0.453755 0.506068
v -0.291814 0.484300 0.528053
v 0.219480 0.616634 0.608691
v -0.219450 0.617000 0.608343
v 0.215129 0.546176 0.566053
v -0.215133 0.546169 0.566072
v 0.000000 0.593772 0.625098
v -0.156954 0.519461 0.572639
v 0.156954 0.519461 0.572639
v 0.000000 0.487329 0.591903
v -0.432773 0.276640 0.418110
v 0.432773 0.276640 0.418110
v -0.414311 0.009312 0.277797
v 0.414309 0.009318 0.277788
v -0.422919 -0.146253 0.164430
v 0.422914 -0.146229 0.164397
v -0.350998 -0.127860 0.185050
v 0.350998 -0.127858 0.185048
v -0.407935 -0.206198 0.122201
v -0.398921 -0.288435 0.073803
v 0.407934 -0.206183 0.122182
v 0.398921 -0.288434 0.073801
v -0.323796 -0.262390 0.089080
v -0.334773 -0.187440 0.140286
v 0.323796 -0.262390 0.089080
v 0.334773 -0.187438 0.140283
v -0.551803 0.017632 0.651391
v -0.573689 0.058933 0.637473
v -0.598660 0.044231 0.598818
v -0.569059 -0.006421 0.626173
v 0.569059 -0.006421 0.626173
v 0.598660 0.044231 0.598818
v 0.573689 0.058933 0.637473
v 0.551803 0.017632 0.651391
v 0.230828 0.022983 0.731054
v 0.288148 0.036245 0.732988
v 0.279159 0.088504 0.733942
v 0.226473 0.093933 0.732529
v -0.226473 0.093933 0.732529
v -0.279159 0.088504 0.733942
v -0.288148 0.036245 0.732987
v -0.230828 0.022983 0.731054
v -0.188024 0.093367 0.729078
v -0.191342 0.014155 0.726565
v -0.166086 0.008298 0.722157
v -0.151374 0.092475 0.723561
v 0.151374 0.092475 0.723561
v 0.166086 0.008298 0.722157
v 0.191342 0.014155 0.726565
v 0.188024 0.093367 0.729077
v -0.296481 0.133316 0.728734
v -0.237157 0.150793 0.725382
v -0.208172 0.164199 0.720193
v -0.178242 0.176880 0.713025
v 0.237157 0.150793 0.725382
v 0.296481 0.133316 0.728734
v 0.178242 0.176880 0.713025
v 0.208172 0.164199 0.720194
v -0.588858 0.110363 0.612214
v -0.565191 0.106651 0.642276
v 0.565191 0.106651 0.642276
v 0.588858 0.110363 0.612214
v -0.570834 -0.031815 0.606075
v -0.604929 0.037684 0.570420
v -0.599025 0.122827 0.577354
v -0.595006 0.029886 0.524422
v -0.570101 -0.050210 0.579851
v -0.596342 0.130452 0.546296
v 0.604928 0.037684 0.570420
v 0.570833 -0.031815 0.606075
v 0.599025 0.122827 0.577354
v 0.570101 -0.050210 0.579851
v 0.595006 0.029886 0.524422
v 0.596342 0.130452 0.546296
v -0.570423 0.179879 0.592852
v -0.569021 0.190508 0.555655
v -0.505391 0.223906 0.633329
v -0.501586 0.250483 0.603673
v -0.563722 0.170090 0.618704
v 0.563722 0.170090 0.618704
v 0.570424 0.179879 0.592852
v -0.496014 0.204930 0.654548
v -0.534698 0.156155 0.652799
v 0.534697 0.156155 0.652798
v -0.487670 0.182878 0.670869
v 0.496014 0.204930 0.654548
v 0.487671 0.182878 0.670870
v -0.506340 0.144895 0.674735
v -0.471385 0.156905 0.687906
v 0.471385 0.156905 0.687906
v 0.506340 0.144895 0.674735
v -0.532888 0.108751 0.667074
v 0.532888 0.108751 0.667075
v -0.476432 0.115660 0.694859
v 0.476432 0.115660 0.694858
v -0.546186 0.078221 0.661126
v 0.546186 0.078221 0.661126
v -0.481070 0.079359 0.696361
v 0.481070 0.079359 0.696361
v -0.532231 0.039200 0.669077
v 0.532231 0.039200 0.669077
v -0.477332 0.035723 0.696365
v 0.477332 0.035723 0.696365
v -0.467425 -0.003302 0.693887
v -0.514304 0.005986 0.674055
v 0.514304 0.005986 0.674055
v 0.467425 -0.003302 0.693887
v -0.520915 -0.028933 0.658790
v 0.522898 -0.064770 0.640973
v 0.520915 -0.028933 0.658790
v -0.465337 -0.041623 0.683269
v 0.465337 -0.041623 0.683269
v -0.522898 -0.064770 0.640973
v -0.458749 -0.074229 0.671136
v 0.458749 -0.074229 0.671136
v -0.520092 -0.085727 0.620767
v 0.520092 -0.085727 0.620767
v -0.450934 -0.103057 0.656191
v 0.450934 -0.103057 0.656191
v -0.515899 -0.105337 0.597539
v -0.442768 -0.129784 0.636000
v 0.442768 -0.129784 0.636000
v 0.515899 -0.105337 0.597539
v -0.227019 0.237204 0.693994
v -0.256507 0.222256 0.702766
v -0.418057 0.260788 0.653746
v -0.406802 0.283520 0.635184
v 0.256507 0.222256 0.702766
v 0.227019 0.237204 0.693994
v -0.350805 0.244553 0.684395
v -0.319336 0.273491 0.669016
v 0.319336 0.273491 0.669016
v 0.350805 0.244553 0.684395
v -0.424365 0.234781 0.670877
v -0.368687 0.226089 0.691337
v -0.283421 0.209567 0.708119
v 0.283421 0.209567 0.708119
v 0.368687 0.226089 0.691336
v -0.431327 0.211667 0.681480
v -0.328593 0.180412 0.715508
v 0.433435 0.206172 0.683474
v 0.440338 0.166040 0.696603
v 0.425078 0.239777 0.670172
v 0.328593 0.180412 0.715508
v -0.383156 0.194669 0.702247
v 0.383156 0.194669 0.702246
v -0.437778 0.173316 0.695133
v -0.398817 0.157015 0.710544
v -0.362809 0.149177 0.719199
v 0.398817 0.157015 0.710544
v 0.362809 0.149177 0.719199
v -0.444187 0.120883 0.705619
v -0.443958 0.082518 0.709410
v -0.341851 0.119266 0.727149
v 0.444187 0.120883 0.705619
v 0.341851 0.119266 0.727149
v -0.396130 0.117984 0.718573
v 0.396130 0.117984 0.718573
v -0.329567 0.086854 0.731232
v -0.391744 0.085491 0.722290
v 0.329567 0.086854 0.731232
v 0.391744 0.085491 0.722289
v 0.443958 0.082518 0.709410
v -0.437470 0.035463 0.710080
v -0.335871 0.049970 0.730645
v 0.437470 0.035463 0.710079
v 0.335871 0.049970 0.730645
v -0.381277 0.043145 0.723925
v 0.381277 0.043145 0.723925
v -0.421596 -0.012000 0.706962
v 0.421596 -0.012000 0.706962
v -0.379645 0.004771 0.719765
v -0.342785 0.020907 0.727480
v 0.342785 0.020907 0.727480
v 0.379645 0.004771 0.719765
v -0.411205 -0.050648 0.698326
v -0.311857 -0.004986 0.726418
v -0.365810 -0.029921 0.714548
v 0.411205 -0.050648 0.698326
v 0.394278 -0.083992 0.689748
v 0.365810 -0.029921 0.714547
v 0.311857 -0.004986 0.726417
v -0.394278 -0.083992 0.689748
v -0.273329 -0.031552 0.724637
v 0.273329 -0.031552 0.724637
v -0.336103 -0.061159 0.708873
v 0.336103 -0.061159 0.708872
v -0.372869 -0.113514 0.676516
v -0.242926 -0.052546 0.715377
v 0.372869 -0.113513 0.676516
v 0.242926 -0.052546 0.715377
v -0.314380 -0.085987 0.700795
v 0.314380 -0.085987 0.700795
v -0.207798 -0.078965 0.702791
v -0.286600 -0.107992 0.691210
v -0.355267 -0.139847 0.660355
v 0.207798 -0.078965 0.702790
v 0.286600 -0.107992 0.691210
v 0.355267 -0.139847 0.660355
v 0.419387 0.257747 0.655885
v 0.506635 0.224483 0.631692
v 0.503895 0.250845 0.599445
v 0.406802 0.283520 0.635184
v 0.569021 0.190508 0.555655
v -0.091670 -0.318499 0.769877
v -0.085950 -0.428103 0.743047
v 0.000000 -0.439732 0.747215
v 0.000000 -0.325353 0.785079
v 0.085957 -0.428112 0.743096
v 0.091680 -0.318512 0.769908
v -0.091310 -0.591884 0.701468
v 0.000000 -0.619095 0.700114
v 0.091310 -0.591884 0.701468
v -0.105204 -0.732203 0.623160
v 0.000000 -0.744323 0.627575
v 0.105201 -0.732197 0.623153
v -0.077483 -0.837200 0.501091
v 0.000000 -0.843505 0.499917
v 0.077483 -0.837199 0.501090
v 0.000000 -0.620677 -0.689351
v 0.146069 -0.624138 -0.668986
v 0.076666 -0.810597 -0.436114
v 0.000000 -0.806111 -0.449140
v -0.076666 -0.810596 -0.436114
v -0.146071 -0.624149 -0.668997
v -0.255276 -0.837836 -0.318890
v 0.000000 -0.869677 -0.326648
v -0.394973 -0.622853 -0.556888
v 0.255267 -0.837804 -0.318875
v 0.345310 -0.859895 -0.177094
v 0.000000 -0.913509 -0.208314
v 0.394948 -0.622815 -0.556854
v -0.345332 -0.859952 -0.177110
v 0.543195 -0.642045 -0.389805
v -0.543249 -0.642107 -0.389847
v 0.075148 -0.120838 0.778833
v 0.000000 -0.119518 0.791374
v 0.000000 -0.257289 0.820991
v 0.082020 -0.235743 0.795560
v -0.082051 -0.235736 0.795621
v -0.075119 -0.120840 0.778717
v 0.000000 0.020387 0.796812
v 0.085086 0.019000 0.788085
v -0.085087 0.019000 0.788088
v 0.099315 0.120333 0.797498
v 0.106076 0.225783 0.805235
v 0.000000 0.241704 0.812668
v 0.000000 0.130361 0.806200
v -0.106076 0.225783 0.805235
v -0.099319 0.120330 0.797529
v -0.673113 -0.216733 0.585133
v -0.653362 -0.060837 0.613307
v -0.748966 -0.047347 0.555526
v -0.790534 -0.194220 0.477880
v 0.790534 -0.194220 0.477880
v 0.748888 -0.047340 0.555435
v 0.653325 -0.060842 0.613222
v 0.673043 -0.216706 0.585038
v -0.677511 -0.331125 0.537432
v -0.774159 -0.312925 0.437977
v 0.774159 -0.312925 0.437977
v 0.677439 -0.331085 0.537352
v -0.742447 -0.430125 0.387549
v -0.661251 -0.444773 0.481621
v 0.661179 -0.444720 0.481552
v 0.742447 -0.430125 0.387549
v -0.599426 -0.612031 0.390150
v -0.658257 -0.625358 0.276309
v 0.658257 -0.625358 0.276309
v 0.599359 -0.611968 0.390096
v -0.489332 -0.745932 0.334683
v -0.535897 -0.748521 0.256360
v 0.535897 -0.748521 0.256360
v 0.489283 -0.745863 0.334645
v -0.391835 -0.845670 0.225433
v -0.366725 -0.838411 0.285774
v 0.366702 -0.838359 0.285755
v 0.391835 -0.845670 0.225433
v -0.270183 -0.883499 0.256220
v -0.238569 -0.875319 0.315352
v 0.238558 -0.875282 0.315341
v 0.270183 -0.883499 0.256220
v 0.000000 -0.886161 0.401256
v -0.079598 -0.862627 0.448493
v 0.079597 -0.862624 0.448491
v 0.000000 -0.912821 0.309029
v 0.000000 -0.900039 0.357508
v 0.574092 -0.241755 0.637960
v 0.543832 -0.056091 0.634033
v -0.304843 -0.330609 0.710157
v -0.306476 -0.249692 0.724703
v -0.574131 -0.241774 0.638038
v -0.565519 -0.334628 0.613547
v 0.306466 -0.249685 0.724656
v 0.304843 -0.330609 0.710157
v 0.565519 -0.334628 0.613547
v -0.428208 -0.331075 0.673839
v -0.441375 -0.249293 0.689578
v 0.441354 -0.249281 0.689512
v 0.428188 -0.331058 0.673781
v -0.554314 -0.445152 0.567774
v -0.291495 -0.438707 0.687558
v 0.554314 -0.445152 0.567774
v 0.291495 -0.438707 0.687558
v -0.414096 -0.445437 0.639909
v 0.414065 -0.445408 0.639833
v -0.259912 -0.563601 0.658595
v -0.531461 -0.596239 0.478923
v 0.259912 -0.563601 0.658595
v 0.525315 -0.595410 0.485108
v -0.386115 -0.584686 0.588953
v 0.386088 -0.584658 0.588904
v -0.211807 -0.733152 0.579489
v -0.456419 -0.736059 0.391296
v 0.211808 -0.733154 0.579490
v 0.442670 -0.735590 0.406464
v -0.323461 -0.740546 0.500882
v 0.323443 -0.740517 0.500858
v -0.353330 -0.824164 0.337886
v -0.217816 -0.860718 0.375063
v -0.158989 -0.823777 0.491643
v -0.149088 -0.855552 0.434639
v 0.350762 -0.820650 0.348270
v 0.217797 -0.860658 0.375040
v 0.158971 -0.823719 0.491610
v 0.149083 -0.855530 0.434629
v -0.246870 -0.830254 0.421636
v 0.246870 -0.830254 0.421636
v -0.220837 0.197345 0.765218
v -0.196047 0.104396 0.762383
v 0.196047 0.104396 0.762383
v 0.220837 0.197345 0.765218
v -0.215282 0.010474 0.752567
v -0.316522 0.078080 0.621761
v 0.215282 0.010474 0.752567
v 0.316521 0.078080 0.621760
v -0.298793 -0.061878 0.723814
v -0.366462 0.040734 0.602595
v 0.298793 -0.061878 0.723814
v 0.366462 0.040734 0.602595
v -0.433325 -0.079335 0.670947
v -0.424687 0.040572 0.587140
v 0.433325 -0.079335 0.670947
v 0.424694 0.040585 0.587186
v -0.543832 -0.056091 0.634033
v -0.600871 0.054022 0.601201
v 0.600871 0.054022 0.601201
v -0.586722 0.170051 0.618332
v -0.452603 0.105106 0.585356
v 0.586722 0.170051 0.618332
v 0.452603 0.105111 0.585336
v -0.530219 0.228340 0.644593
v -0.407292 0.135277 0.599154
v 0.407290 0.135288 0.599132
v 0.530219 0.228340 0.644593
v -0.470555 0.247739 0.664675
v -0.366249 0.134245 0.608738
v -0.294194 0.251659 0.740564
v -0.375951 0.270211 0.708273
v 0.366244 0.134251 0.608725
v 0.470555 0.247739 0.664675
v 0.375951 0.270211 0.708273
v 0.294194 0.251659 0.740564
v 0.000000 0.473260 0.793972
v 0.135812 0.436777 0.787693
v -0.135817 0.436782 0.787720
v -0.121186 0.687187 0.678483
v 0.000000 0.691912 0.690567
v 0.000000 0.870847 0.407001
v -0.046975 0.869231 0.407397
v 0.046973 0.869200 0.407388
v 0.121181 0.687170 0.678462
v -0.246032 0.421988 0.761058
v -0.197736 0.684895 0.654542
v -0.094923 0.869254 0.391157
v -0.298950 0.432437 0.741560
v 0.362550 0.443539 0.718639
v 0.298950 0.432437 0.741560
v -0.362563 0.443559 0.718675
v -0.313617 0.688240 0.588064
v -0.245933 0.691384 0.625831
v -0.145912 0.866804 0.370372
v -0.214854 0.862676 0.322653
v 0.245916 0.691351 0.625798
v 0.313602 0.688216 0.588041
v 0.214845 0.862643 0.322645
v 0.145907 0.866778 0.370365
v -0.537528 0.418510 0.637017
v 0.537528 0.418510 0.637017
v -0.432518 0.794687 0.242214
v -0.498317 0.652687 0.464490
v 0.498267 0.652628 0.464447
v 0.432486 0.794625 0.242200
v -0.623237 0.394317 0.582421
v 0.623178 0.394259 0.582366
v -0.634339 0.569832 0.404353
v -0.616517 0.699867 0.125763
v 0.634239 0.569734 0.404279
v 0.616450 0.699784 0.125751
v -0.755025 0.303844 0.481769
v 0.755025 0.303844 0.481769
v 0.880796 0.092278 0.345327
v -0.755203 0.564779 0.074081
v -0.769373 0.456751 0.317257
v 0.769255 0.456678 0.317208
v 0.755096 0.564699 0.074072
v -0.880939 0.092291 0.345371
v 0.908142 -0.058028 0.232070
v -0.892055 0.235111 0.174811
v -0.840586 0.415598 -0.029558
v 0.891903 0.235078 0.174792
v 0.840432 0.415532 -0.029547
v -0.908142 -0.058028 0.232070
v -0.921159 0.043896 0.095044
v -0.909251 0.139071 -0.057995
v 0.920983 0.043889 0.095035
v 0.909096 0.139053 -0.057977
v -0.893467 -0.209886 0.188856
v -0.914297 -0.132654 0.051328
v -0.906424 -0.054269 -0.115783
v 0.893311 -0.209851 0.188837
v 0.906424 -0.054269 -0.115783
v 0.914138 -0.132633 0.051327
v -0.865365 -0.330166 0.129200
v 0.865365 -0.330166 0.129200
v -0.872488 -0.245809 -0.144168
v -0.881004 -0.291387 0.007079
v 0.880857 -0.291346 0.007086
v 0.872488 -0.245809 -0.144168
v -0.734167 -0.590043 0.100722
v 0.734167 -0.590043 0.100722
v -0.750748 -0.568428 -0.015455
v -0.753929 -0.537701 -0.125207
v 0.750637 -0.568351 -0.015447
v 0.753929 -0.537701 -0.125207
v -0.418457 -0.859182 0.031378
v 0.000000 -0.945600 -0.048326
v -0.657214 -0.691857 -0.097012
v -0.674016 -0.505010 -0.375555
v -0.603085 -0.737445 0.060353
v 0.673928 -0.504949 -0.375504
v 0.622523 -0.700299 -0.117635
v 0.615763 -0.725011 0.078521
v -0.626657 -0.715253 -0.007869
v 0.626583 -0.715173 -0.007863
v -0.411032 -0.855084 0.139792
v 0.418457 -0.859182 0.031378
v 0.413038 -0.855667 0.128587
v -0.421557 -0.856595 0.077320
v 0.421524 -0.856526 0.077316
v -0.264955 -0.903674 0.170673
v 0.234278 -0.920916 0.094802
v 0.000000 -0.945471 0.112688
v 0.264943 -0.903631 0.170666
v -0.234288 -0.920959 0.094806
v -0.244467 -0.914896 0.130333
v 0.244458 -0.914858 0.130328
v 0.000000 -0.932669 0.207519
v 0.000000 -0.939448 0.162531
v 0.246032 0.421988 0.761058
v 0.197722 0.684865 0.654508
v 0.094921 0.869242 0.391154
v 0.196448 -1.114020 0.231365
v 0.173353 -0.953323 0.207794
v 0.000000 -0.958669 0.276742
v 0.000000 -1.130431 0.299285
v -0.196456 -1.114012 0.231376
v -0.173377 -0.953324 0.207819
v 0.000000 -0.799359 0.279061
v 0.000000 -0.659506 0.273987
v -0.147289 -0.661421 0.229556
v -0.163438 -0.781277 0.224040
v 0.163423 -0.781276 0.224021
v 0.147314 -0.661407 0.229596
v 0.256049 -0.784154 0.108282
v 0.246747 -0.661769 0.119920
v -0.246747 -0.661769 0.119920
v -0.256060 -0.784155 0.108287
v 0.000000 -1.336674 0.417964
v -0.257184 -1.333423 0.378095
v 0.257183 -1.333424 0.378093
v 0.000000 -1.633410 0.528222
v -0.288120 -1.639637 0.497796
v 0.288120 -1.639637 0.497796
v -0.405338 -1.341984 0.316274
v -0.458329 -1.640733 0.435438
v 0.458329 -1.640733 0.435438
v 0.405338 -1.341984 0.316273
v -0.517223 -1.357739 0.247970
v -0.593784 -1.711763 0.360928
v 0.593767 -1.711768 0.360906
v 0.517228 -1.357734 0.247976
v -0.137564 -4.310910 0.285527
v -0.184911 -4.148525 0.468830
v -0.408155 -4.123054 0.480352
v -0.394578 -4.454991 0.378119
v 0.394588 -4.454981 0.378088
v 0.408155 -4.123054 0.480352
v 0.184913 -4.148517 0.468809
v 0.137523 -4.310955 0.285555
v -0.748162 -4.081717 0.321794
v -0.743779 -4.462787 0.277548
v -0.647463 -4.829947 0.174051
v -0.424232 -4.829509 0.227859
v -0.395431 -4.715150 0.282064
v -0.693443 -4.716392 0.213949
v 0.743781 -4.462788 0.277550
v 0.748163 -4.081717 0.321794
v 0.693443 -4.716392 0.213949
v 0.395430 -4.715151 0.282066
v 0.424232 -4.829509 0.227859
v 0.647463 -4.829947 0.174051
v -0.400446 -4.587766 0.335072
v -0.719531 -4.589927 0.254100
v 0.719531 -4.589927 0.254100
v 0.400458 -4.587753 0.335037
v 0.000000 -4.261834 0.273692
v 0.000000 -4.149883 0.454227
v 0.000000 -4.251747 0.102063
v 0.134898 -4.366353 0.129690
v -0.134898 -4.366353 0.129690
v 0.246383 -0.952397 0.090954
v -0.246390 -0.952397 0.090956
v 0.314574 -1.135068 0.135306
v -0.314574 -1.135068 0.135306
v 0.000000 -0.638521 -0.279138
v 0.142504 -0.640172 -0.239729
v 0.136836 -0.767778 -0.247395
v 0.000000 -0.776900 -0.283425
v -0.136829 -0.767777 -0.247382
v -0.142504 -0.640172 -0.239729
v 0.000000 -0.944790 -0.277912
v 0.000000 -1.050646 -0.279352
v -0.162137 -1.071062 -0.237668
v -0.147079 -0.948013 -0.232804
v 0.147032 -0.948012 -0.232737
v 0.162138 -1.071062 -0.237669
v -0.212092 -1.365669 -0.396691
v 0.000000 -1.404725 -0.435949
v 0.212094 -1.365666 -0.396697
v 0.490446 -1.215206 0.071090
v -0.490446 -1.215207 0.071090
v 0.183075 -4.467703 0.178168
v -0.183075 -4.467703 0.178168
v 0.219668 -4.596860 0.149276
v -0.219671 -4.596859 0.149276
v 0.298753 -4.811882 0.099403
v -0.298753 -4.811883 0.099403
v -0.316819 -4.755840 -0.066684
v -0.393020 -4.911688 0.008418
v -0.380460 -4.835875 -0.076575
v 0.393030 -4.911675 0.008422
v 0.495886 -4.963335 0.052223
v -0.495886 -4.963335 0.052223
v 0.574150 -4.950232 0.034147
v -0.574150 -4.950232 0.034147
v 0.664848 -4.879161 -0.022497
v 0.746544 -4.763135 -0.036987
v -0.746544 -4.763135 -0.036987
v -0.664848 -4.879161 -0.022497
v 0.813630 -4.606016 -0.058379
v -0.813630 -4.606016 -0.058379
v 0.854095 -4.480926 -0.065906
v -0.854090 -4.480924 -0.065906
v 0.888840 -4.349744 -0.073639
v 0.916682 -3.918589 -0.058101
v -0.916682 -3.918589 -0.058101
v -0.888840 -4.349744 -0.073639
v 0.380462 -4.835874 -0.076573
v 0.499387 -4.897002 -0.095947
v 0.595624 -4.892981 -0.087764
v -0.499383 -4.897021 -0.095965
v -0.595625 -4.892983 -0.087766
v 0.316820 -4.755839 -0.066683
v 0.651444 -4.842561 -0.105775
v -0.651444 -4.842561 -0.105775
v 0.716933 -4.754129 -0.120938
v -0.716972 -4.754157 -0.120965
v 0.511275 -4.822221 -0.160966
v -0.511271 -4.822234 -0.160985
v 0.277952 -4.636958 -0.093110
v 0.531567 -4.734067 -0.218165
v -0.277951 -4.636959 -0.093110
v -0.531572 -4.734036 -0.218109
v 0.784477 -4.604795 -0.143462
v -0.784425 -4.604773 -0.143435
v 0.543735 -4.627025 -0.273321
v -0.543734 -4.627028 -0.273328
v -0.854470 -3.929444 -0.229726
v -0.842114 -4.354450 -0.205012
v 0.828268 -4.457293 -0.169068
v 0.842114 -4.354450 -0.205012
v -0.828268 -4.457293 -0.169068
v 0.583229 -4.509696 -0.327686
v -0.583229 -4.509696 -0.327686
v 0.240362 -4.501051 -0.112921
v -0.240440 -4.501022 -0.112880
v 0.334823 -4.384513 -0.285637
v -0.334830 -4.384508 -0.285627
v 0.154661 -4.328781 -0.107459
v 0.000000 -4.251992 -0.109843
v -0.154661 -4.328781 -0.107459
v 0.168932 -4.255090 -0.229687
v 0.159817 -4.170402 -0.304167
v 0.390557 -4.289260 -0.361898
v -0.168850 -4.255203 -0.229807
v -0.390549 -4.289266 -0.361915
v -0.159837 -4.170322 -0.304076
v -0.182055 -3.952771 -0.460855
v 0.000000 -3.923098 -0.477408
v 0.000000 -4.149712 -0.315857
v 0.182054 -3.952780 -0.460871
v 0.000000 -4.216496 -0.243063
v 0.633689 -4.398737 -0.357642
v -0.633689 -4.398737 -0.357642
v 0.482550 -4.035217 -0.445206
v 0.854470 -3.929444 -0.229726
v -0.482547 -4.035208 -0.445154
v -0.701445 -3.993938 -0.379020
v 0.701422 -3.993937 -0.378983
v 0.254651 -3.674120 0.577649
v 0.000000 -3.677010 0.595058
v -0.254654 -3.674122 0.577665
v 0.288893 -3.289645 0.601825
v 0.000000 -3.303177 0.645909
v -0.288893 -3.289645 0.601826
v 0.461572 -3.672031 0.509763
v -0.461565 -3.672030 0.509748
v 0.491796 -3.323903 0.505774
v -0.491800 -3.323903 0.505780
v 0.738447 -3.702323 0.302937
v -0.738448 -3.702323 0.302938
v 0.721663 -3.380029 0.279396
v -0.721682 -3.380028 0.279410
v 0.890801 -3.635146 -0.045530
v -0.890802 -3.635146 -0.045530
v 0.847913 -3.327363 -0.051264
v -0.847908 -3.327363 -0.051264
v 0.823319 -3.635317 -0.246286
v -0.823320 -3.635317 -0.246286
v 0.788734 -3.324770 -0.241455
v -0.788732 -3.324770 -0.241454
v 0.688815 -3.581822 -0.376012
v -0.688805 -3.581824 -0.375999
v 0.675312 -3.317212 -0.362500
v -0.675315 -3.317212 -0.362503
v 0.543941 -3.513685 -0.459421
v -0.543941 -3.513685 -0.459421
v 0.548644 -3.295552 -0.448730
v -0.548633 -3.295552 -0.448710
v 0.210559 -3.426882 -0.575396
v 0.002449 -3.430237 -0.591250
v -0.210559 -3.426882 -0.575394
v 0.211178 -3.210429 -0.577597
v -0.211179 -3.210428 -0.577602
v 0.000000 -3.170629 -0.597168
v 0.000000 -2.105032 0.609465
v 0.317446 -2.101545 0.570666
v 0.301546 -2.904723 0.606827
v 0.000000 -2.878960 0.650724
v -0.317446 -2.101545 0.570663
v -0.301547 -2.904723 0.606829
v 0.310283 -2.486492 0.602620
v 0.000000 -2.477125 0.643319
v -0.310284 -2.486492 0.602623
v 0.497259 -2.089675 0.480424
v 0.497801 -2.914336 0.501612
v -0.497266 -2.089674 0.480434
v -0.497801 -2.914336 0.501612
v 0.489829 -2.476182 0.512627
v -0.489828 -2.476182 0.512625
v 0.650578 -2.162511 0.321552
v 0.688302 -2.965283 0.267052
v -0.650567 -2.162512 0.321545
v -0.688319 -2.965282 0.267061
v 0.675312 -2.496371 0.301102
v -0.675306 -2.496371 0.301099
v 0.780779 -2.928170 -0.046554
v -0.780773 -2.928171 -0.046555
v 0.771486 -2.494341 -0.001260
v -0.771489 -2.494341 -0.001260
v 0.746948 -2.938447 -0.236810
v 0.756190 -2.494128 -0.239555
v -0.756186 -2.494128 -0.239554
v -0.746960 -2.938447 -0.236815
v 0.651971 -2.931374 -0.375233
v -0.651971 -2.931374 -0.375233
v 0.686307 -2.495179 -0.378012
v -0.686307 -2.495179 -0.378012
v 0.538551 -2.925523 -0.464202
v -0.538551 -2.925523 -0.464202
v -0.220813 -2.889645 -0.570141
v 0.560900 -2.508828 -0.484791
v -0.560900 -2.508828 -0.484791
v 0.220813 -2.889645 -0.570141
v 0.000000 -2.856541 -0.583466
v 0.259513 -2.466520 -0.567261
v -0.259513 -2.466520 -0.567258
v 0.000000 -2.463075 -0.580214
v 0.243044 -1.637772 -0.483667
v 0.000000 -1.663097 -0.509451
v -0.243044 -1.637771 -0.483668
v -0.260387 -1.098967 -0.167320
v -0.377376 -1.270429 -0.263740
v -0.500487 -1.462828 -0.319682
v 0.500487 -1.462828 -0.319683
v 0.377376 -1.270429 -0.263740
v -0.573571 -1.402198 -0.245990
v -0.428967 -1.232706 -0.178291
v 0.428967 -1.232706 -0.178291
v 0.573571 -1.402197 -0.245991
v -0.458718 -1.203976 -0.085409
v -0.311159 -1.098013 -0.044741
v 0.260384 -1.098970 -0.167317
v 0.311159 -1.098013 -0.044741
v 0.458717 -1.203977 -0.085409
v -0.292258 -1.094862 -0.104912
v 0.292256 -1.094863 -0.104911
v -0.261037 -0.967008 -0.030869
v -0.222825 -0.974580 -0.154171
v -0.249513 -0.954950 -0.095171
v 0.278172 -0.782189 -0.031182
v 0.261036 -0.967008 -0.030869
v 0.249513 -0.954950 -0.095171
v 0.222830 -0.974580 -0.154174
v -0.278172 -0.782189 -0.031182
v -0.228957 -0.779360 -0.162926
v 0.228957 -0.779360 -0.162926
v -0.259163 -0.773623 -0.109626
v 0.259169 -0.773623 -0.109629
v -0.231204 -0.644102 -0.152067
v -0.258586 -0.648749 -0.098680
v -0.277131 -0.658758 -0.023632
v 0.231314 -0.644043 -0.152120
v 0.258597 -0.648744 -0.098684
v 0.277131 -0.658758 -0.023632
v -0.764780 -2.155558 0.030840
v -0.733415 -2.148994 -0.236759
v 0.764772 -2.155557 0.030839
v 0.733415 -2.148994 -0.236759
v -0.727543 -2.009553 -0.242963
v -0.809573 -2.051804 -0.052757
v 0.809573 -2.051803 -0.052757
v 0.727565 -2.009557 -0.242977
v -0.665759 -2.144054 -0.352684
v 0.665761 -2.144054 -0.352685
v 0.567045 -2.103878 -0.437781
v -0.676281 -1.985043 -0.313711
v 0.676406 -1.985036 -0.313817
v -0.567045 -2.103878 -0.437782
v -0.254155 -2.100712 -0.550314
v -0.540322 -1.768007 -0.395896
v -0.677805 -1.765574 -0.316979
v 0.677826 -1.765574 -0.317034
v 0.540324 -1.768006 -0.395900
v -0.558693 -1.963180 -0.420857
v 0.558688 -1.963182 -0.420850
v -0.258420 -1.793616 -0.512458
v 0.000000 -2.140657 -0.568837
v 0.254155 -2.100711 -0.550318
v 0.258420 -1.793616 -0.512457
v -0.260311 -1.950703 -0.535162
v 0.260312 -1.950703 -0.535167
v 0.000000 -1.812194 -0.536749
v 0.000000 -1.953060 -0.555070
v -1.875170 -2.130589 -0.177477
v -2.043602 -2.192559 -0.150936
v -2.021715 -2.007193 -0.035002
v -1.850442 -1.928083 -0.075221
v 1.850442 -1.928083 -0.075221
v 2.021715 -2.007193 -0.035002
v 2.043602 -2.192559 -0.150936
v 1.875170 -2.130589 -0.177477
v -1.693774 -2.088872 -0.202643
v -1.629346 -1.837008 -0.101897
v 1.629346 -1.837008 -0.101897
v 1.693774 -2.088872 -0.202643
v -1.410394 -1.977663 -0.246845
v -1.358894 -1.726880 -0.142303
v 1.358894 -1.726880 -0.142303
v 1.410394 -1.977663 -0.246845
v -1.987926 -1.969520 0.088740
v -1.837891 -1.883145 0.061620
v 1.837892 -1.883145 0.061620
v 1.987944 -1.969495 0.088746
v -1.588878 -1.783139 0.061076
v 1.588878 -1.783138 0.061076
v -1.356613 -1.669577 0.025726
v 1.356613 -1.669577 0.025726
v -1.548160 -1.820657 0.173233
v -1.348207 -1.726721 0.147755
v 1.348207 -1.726721 0.147755
v 1.548160 -1.820657 0.173233
v -1.796412 -1.917028 0.192078
v 1.796412 -1.917027 0.192078
v -1.946316 -2.004537 0.200685
v 1.946316 -2.004538 0.200684
v -1.893404 -2.116067 0.285419
v -1.753602 -2.036971 0.290098
v 1.753602 -2.036972 0.290097
v 1.893404 -2.116067 0.285419
v -1.869759 -2.245512 0.287677
v -1.736783 -2.182576 0.296670
v 1.736783 -2.182577 0.296672
v 1.869760 -2.245502 0.287631
v -1.516376 -1.944229 0.272719
v 1.516376 -1.944229 0.272719
v -1.473833 -2.043822 0.287114
v 1.473843 -2.043818 0.287050
v -1.320185 -1.838895 0.242099
v -1.285844 -1.940511 0.268330
v 1.320185 -1.838897 0.242094
v 1.285850 -1.940515 0.268245
v -0.827106 -2.048722 0.012030
v 0.827106 -2.048722 0.012030
v -1.173978 -1.865580 -0.268003
v -1.157956 -1.613476 -0.126651
v 1.157956 -1.613476 -0.126651
v 1.173978 -1.865580 -0.268003
v -1.003984 -1.498967 -0.108129
v -1.077727 -1.813445 -0.273020
v 1.077724 -1.813448 -0.272994
v 1.003994 -1.498953 -0.108140
v -1.171329 -1.569130 0.027959
v 1.171331 -1.569126 0.027960
v -1.017964 -1.463866 0.033536
v 1.017964 -1.463866 0.033536
v -1.154345 -1.621011 0.133812
v 1.154345 -1.621010 0.133812
v -0.996471 -1.523357 0.140632
v 0.996471 -1.523357 0.140632
v -1.137681 -1.757553 0.235525
v 1.137681 -1.757553 0.235526
v -1.029626 -1.726561 0.243560
v 1.029626 -1.726562 0.243556
v -1.142130 -1.872597 0.262012
v 1.142130 -1.872597 0.262012
v -1.067023 -1.843336 0.261784
v 1.067023 -1.843336 0.261784
v 0.903432 -1.691874 0.252841
v 0.987177 -1.818756 0.262125
v -0.987177 -1.818756 0.262158
v -0.903432 -1.691874 0.252841
v 0.826414 -1.431372 0.148396
v -0.826414 -1.431372 0.148396
v 0.833100 -1.351933 0.026299
v -0.833100 -1.351933 0.026299
v -0.853462 -1.393215 -0.107204
v 0.853463 -1.393214 -0.107205
v -0.974632 -1.755091 -0.280008
v 0.974632 -1.755091 -0.280008
v -1.027091 -1.968817 -0.235260
v -1.093341 -2.017641 -0.218807
v 1.093360 -2.017585 -0.218736
v 1.027091 -1.968817 -0.235260
v -1.186381 -2.072862 -0.199934
v 1.186381 -2.072862 -0.199934
v -1.346986 -2.137473 -0.182179
v 1.346986 -2.137473 -0.182179
v -1.722356 -2.263491 -0.129508
v 1.722356 -2.263491 -0.129508
v -1.856749 -2.309499 -0.120358
v 1.856749 -2.309499 -0.120358
v -2.050735 -2.377647 -0.116779
v 2.050733 -2.377660 -0.116801
v 2.158790 -2.136581 0.105582
v 2.127643 -2.183629 0.195975
v -2.116125 -2.271471 0.238914
v -2.127643 -2.183629 0.195975
v -1.890420 -2.432926 0.123457
v -1.875628 -2.386659 0.202425
v -2.071912 -2.476111 0.185542
v -2.080892 -2.506921 0.133456
v -2.066656 -2.509029 0.046108
v -1.855424 -2.417130 0.047442
v 2.080892 -2.506921 0.133456
v 2.071912 -2.476111 0.185542
v 1.875628 -2.386659 0.202425
v 1.890408 -2.432950 0.123462
v 1.855469 -2.417040 0.047459
v 2.066656 -2.509029 0.046108
v -1.718828 -2.296640 0.226528
v 1.417702 -2.174093 0.221169
v 1.718828 -2.296640 0.226528
v -1.704464 -2.355014 0.043624
v -1.740241 -2.360913 0.128968
v 1.740234 -2.360933 0.128973
v 1.704455 -2.355043 0.043620
v -1.417702 -2.174093 0.221169
v -1.411986 -2.235375 0.141042
v -1.364707 -2.242828 0.022956
v 1.411967 -2.235420 0.141064
v 1.364707 -2.242828 0.022956
v -1.242024 -2.092269 0.211226
v 1.242024 -2.092269 0.211226
v -1.219863 -2.139877 0.151959
v -1.149926 -2.155664 0.026416
v 1.219863 -2.139877 0.151959
v 1.149926 -2.155664 0.026416
v -1.114719 -2.061051 0.186719
v -1.125636 -2.007750 0.227902
v 1.125636 -2.007750 0.227902
v 1.114719 -2.061052 0.186719
v -1.091118 -2.091504 0.137736
v 1.091118 -2.091504 0.137736
v -0.965616 -2.001360 0.182544
v -0.955489 -2.076716 0.011773
v -1.012494 -1.928843 0.241065
v 0.955485 -2.076724 0.011773
v 0.965616 -2.001360 0.182544
v 1.012494 -1.928843 0.241065
v -0.995831 -1.968709 0.217054
v 0.995831 -1.968709 0.217054
v -0.851644 -1.907536 0.221667
v -0.920885 -1.865531 0.249946
v 0.851644 -1.907536 0.221667
v 0.920885 -1.865531 0.249947
v -0.893871 -1.882855 0.240012
v 0.893871 -1.882855 0.240012
v -0.765986 -1.776531 0.267848
v -0.837856 -1.732031 0.264260
v 0.765986 -1.776531 0.267848
v 0.837854 -1.732032 0.264229
v -0.811366 -1.750362 0.265770
v 0.811360 -1.750357 0.265672
v -0.669573 -1.400456 0.188440
v -0.744061 -1.408334 0.163274
v 0.669573 -1.400456 0.188440
v 0.744045 -1.408363 0.163236
v -0.712082 -1.403917 0.172810
v 0.712082 -1.403917 0.172809
v -0.685185 -1.292224 0.023684
v -0.762375 -1.321179 0.013245
v 0.685185 -1.292222 0.023685
v 0.762375 -1.321178 0.013245
v 0.767404 -1.358456 -0.118327
v -0.729232 -1.308748 0.015062
v 0.729233 -1.308747 0.015062
v -0.663712 -1.318559 -0.121857
v -0.767404 -1.358457 -0.118327
v 0.663716 -1.318549 -0.121864
v -0.717664 -1.340943 -0.122687
v 0.717664 -1.340943 -0.122687
v -0.791146 -1.772211 -0.293964
v -0.878188 -1.740787 -0.292779
v 0.791146 -1.772213 -0.293974
v 0.878191 -1.740787 -0.292805
v 0.978767 -1.990561 -0.203747
v -0.839994 -1.752784 -0.294674
v 0.839998 -1.752793 -0.294766
v -0.929199 -2.007102 -0.163475
v -0.978752 -1.990600 -0.203788
v 0.929199 -2.007102 -0.163475
v -0.954265 -1.998021 -0.185981
v 0.954273 -1.998000 -0.185962
v -1.020945 -2.074134 -0.117920
v -1.104807 -2.126740 -0.071054
v -1.050704 -2.049534 -0.173502
v 1.020947 -2.074127 -0.117916
v 1.050725 -2.049482 -0.173459
v -1.035746 -2.062931 -0.147424
v 1.035749 -2.062924 -0.147420
v -1.142877 -2.107637 -0.142541
v 1.104807 -2.126740 -0.071054
v 1.142871 -2.107654 -0.142552
v -1.116501 -2.117500 -0.106622
v 1.116442 -2.117654 -0.106694
v -1.337090 -2.207743 -0.084863
v -1.347791 -2.172843 -0.145805
v 1.337090 -2.207743 -0.084863
v 1.347768 -2.172920 -0.145870
v -1.341609 -2.191326 -0.117577
v 1.341599 -2.191359 -0.117599
v -1.704343 -2.319926 -0.058326
v -1.721482 -2.290694 -0.103233
v 1.704322 -2.320003 -0.058374
v 1.721482 -2.290694 -0.103233
v -1.714200 -2.307193 -0.081018
v 1.714182 -2.307264 -0.081070
v -1.843811 -2.384567 -0.028196
v -1.854931 -2.347677 -0.085566
v 1.843795 -2.384604 -0.028216
v 1.854952 -2.347625 -0.085518
v -1.850475 -2.367451 -0.059460
v 1.850475 -2.367451 -0.059460
v -2.050063 -2.464030 -0.041406
v -2.048393 -2.410126 -0.094781
v 2.050081 -2.463963 -0.041354
v 2.048379 -2.410201 -0.094878
v -2.051481 -2.439999 -0.069005
v 2.051475 -2.440028 -0.069032
v -2.111433 -2.388350 0.237280
v -2.225077 -2.476828 0.138948
v 2.111433 -2.388350 0.237280
v 2.225077 -2.476828 0.138948
v -2.201468 -2.233332 -0.059537
v -2.218156 -2.359313 -0.066530
v -2.188612 -2.155925 0.015877
v -2.158790 -2.136581 0.105582
v -2.230936 -2.246486 0.121520
v 2.201468 -2.233332 -0.059537
v 2.188612 -2.155925 0.015877
v -2.252944 -2.263387 0.024422
v -2.265025 -2.364400 0.139060
v -2.277002 -2.387758 0.030072
v -2.225467 -2.395020 -0.051114
v -2.255511 -2.440713 0.135792
v 2.225451 -2.395014 -0.051097
v 2.224589 -2.420437 -0.040797
v -2.266594 -2.437775 0.036322
v -2.224588 -2.420437 -0.040796
v -2.222551 -2.443250 -0.028187
v -2.242149 -2.460695 0.138173
v 2.242158 -2.460702 0.138179
v -2.216471 -2.502456 0.054520
v -2.259365 -2.454311 0.038684
v 2.216490 -2.502489 0.054516
v 2.218156 -2.359313 -0.066530
v 2.116125 -2.271471 0.238914
v 2.252960 -2.263381 0.024419
v 2.267920 -2.304664 0.027065
v 2.230958 -2.228511 0.093182
v 2.277012 -2.387759 0.030069
v 2.252981 -2.291560 0.123295
v 2.265024 -2.364400 0.139059
v 2.261589 -2.427564 0.133919
v 2.266598 -2.437777 0.036321
v 2.222502 -2.443206 -0.028123
v 2.246512 -2.476946 0.049937

# UV coordinates
vt 0.297496 0.528306
vt 0.297503 0.528314
vt 0.297502 0.528349
vt 0.297439 0.528463
vt 0.297638 0.528230
vt 0.297537 0.528317
vt 0.297521 0.528373
vt 0.297472 0.528607
vt 0.297552 0.528389
vt 0.297607 0.528616
vt 0.297583 0.528389
vt 0.297702 0.528518
vt 0.297592 0.528358
vt 0.297792 0.528399
vt 0.297567 0.528329
vt 0.297777 0.528261
vt 0.297383 0.528600
vt 0.297507 0.528237
vt 0.297866 0.528038
vt 0.297469 0.528927
vt 0.297776 0.528953
vt 0.298004 0.528713
vt 0.298198 0.528454
vt 0.298183 0.528136
vt 0.296900 0.528798
vt 0.297163 0.527870
vt 0.297994 0.527457
vt 0.297210 0.529383
vt 0.297781 0.529687
vt 0.298336 0.529072
vt 0.298770 0.528406
vt 0.298662 0.527708
vt 0.293571 0.754235
vt 0.293566 0.754244
vt 0.293561 0.754232
vt 0.293571 0.754234
vt 0.293572 0.754235
vt 0.293575 0.754249
vt 0.293563 0.754224
vt 0.293569 0.754225
vt 0.293572 0.754234
vt 0.293574 0.754230
vt 0.293579 0.754237
vt 0.293580 0.754245
vt 0.293553 0.754265
vt 0.293472 0.754048
vt 0.293777 0.754383
vt 0.293506 0.753703
vt 0.293775 0.753596
vt 0.293998 0.753787
vt 0.294172 0.753995
vt 0.294129 0.754292
vt 0.293082 0.754623
vt 0.292855 0.753769
vt 0.293877 0.754974
vt 0.293137 0.753215
vt 0.293616 0.752872
vt 0.294289 0.753278
vt 0.294681 0.754018
vt 0.294531 0.754717
vt 0.286816 0.544491
vt 0.286809 0.544497
vt 0.286813 0.544488
vt 0.286819 0.544480
vt 0.286829 0.544492
vt 0.286817 0.544495
vt 0.286791 0.544592
vt 0.286821 0.544496
vt 0.286839 0.544621
vt 0.286826 0.544496
vt 0.286891 0.544614
vt 0.286828 0.544493
vt 0.286890 0.544549
vt 0.286829 0.544491
vt 0.286835 0.544483
vt 0.286661 0.544673
vt 0.286793 0.544349
vt 0.287081 0.544157
vt 0.286721 0.544941
vt 0.286956 0.544948
vt 0.287143 0.544764
vt 0.287305 0.544548
vt 0.287318 0.544278
vt 0.284841 0.740032
vt 0.284804 0.739832
vt 0.284957 0.739973
vt 0.284958 0.739973
vt 0.284929 0.740110
vt 0.284845 0.739794
vt 0.284891 0.739817
vt 0.284949 0.739865
vt 0.284991 0.739959
vt 0.284959 0.739974
vt 0.284991 0.740064
vt 0.284781 0.740019
vt 0.284678 0.739740
vt 0.285014 0.740182
vt 0.284745 0.739478
vt 0.284976 0.739483
vt 0.285142 0.739678
vt 0.285269 0.739894
vt 0.285250 0.740089
vt 0.296098 0.530986
vt 0.295591 0.529255
vt 0.291714 0.753332
vt 0.292326 0.751790
vt 0.297457 0.531295
vt 0.293712 0.751678
vt 0.299520 0.529421
vt 0.295557 0.753278
vt 0.296330 0.526696
vt 0.292235 0.755591
vt 0.298463 0.525704
vt 0.294186 0.756516
vt 0.299739 0.526451
vt 0.295440 0.755887
vt 0.300357 0.527553
vt 0.296122 0.754940
vt 0.285956 0.544936
vt 0.286295 0.544134
vt 0.284282 0.740197
vt 0.284006 0.739431
vt 0.287018 0.543562
vt 0.284935 0.740732
vt 0.286139 0.545642
vt 0.284220 0.738763
vt 0.286788 0.545798
vt 0.284845 0.738613
vt 0.287380 0.545280
vt 0.285399 0.739133
vt 0.287917 0.544546
vt 0.285867 0.739848
vt 0.287775 0.543664
vt 0.285651 0.740651
vt 0.303426 0.522796
vt 0.298221 0.518177
vt 0.293712 0.763106
vt 0.298692 0.759147
vt 0.291606 0.521899
vt 0.287473 0.759833
vt 0.290046 0.529709
vt 0.286588 0.753013
vt 0.285941 0.543130
vt 0.287719 0.542136
vt 0.285507 0.742043
vt 0.283888 0.741140
vt 0.284984 0.544707
vt 0.283069 0.739651
vt 0.286549 0.542212
vt 0.285121 0.543449
vt 0.283147 0.740854
vt 0.284408 0.741980
vt 0.284991 0.545976
vt 0.283161 0.738460
vt 0.284151 0.545273
vt 0.282336 0.739153
vt 0.286094 0.547052
vt 0.284258 0.737442
vt 0.284468 0.546388
vt 0.282695 0.738091
vt 0.287321 0.546673
vt 0.285393 0.737787
vt 0.285160 0.547659
vt 0.283407 0.736889
vt 0.288685 0.545182
vt 0.286580 0.739167
vt 0.286177 0.548559
vt 0.284414 0.736055
vt 0.288950 0.543238
vt 0.286721 0.740996
vt 0.288202 0.547620
vt 0.286249 0.736894
vt 0.290336 0.536090
vt 0.287418 0.747404
vt 0.292750 0.537203
vt 0.289137 0.541401
vt 0.287826 0.540436
vt 0.289725 0.746345
vt 0.285467 0.743575
vt 0.286779 0.742683
vt 0.289001 0.538633
vt 0.290738 0.539487
vt 0.288063 0.744346
vt 0.286387 0.745175
vt 0.290481 0.543415
vt 0.288130 0.740754
vt 0.293990 0.541277
vt 0.291208 0.742611
vt 0.300353 0.534607
vt 0.296508 0.748560
vt 0.304788 0.527982
vt 0.300188 0.754490
vt 0.303523 0.543396
vt 0.312795 0.525763
vt 0.307297 0.756638
vt 0.299948 0.740598
vt 0.297352 0.549629
vt 0.294716 0.734919
vt 0.331265 0.524462
vt 0.352779 0.533547
vt 0.350895 0.555661
vt 0.327815 0.544085
vt 0.323592 0.758668
vt 0.322415 0.740380
vt 0.344537 0.751460
vt 0.345460 0.730298
vt 0.367838 0.738941
vt 0.363457 0.721797
vt 0.368236 0.564410
vt 0.374254 0.546884
vt 0.395779 0.724259
vt 0.379620 0.715064
vt 0.383565 0.569319
vt 0.398496 0.558734
vt 0.408312 0.708492
vt 0.390130 0.706311
vt 0.393193 0.575538
vt 0.408904 0.570235
vt 0.423210 0.699476
vt 0.404733 0.691392
vt 0.406477 0.585158
vt 0.421463 0.574672
vt 0.165125 0.638049
vt 0.202308 0.639610
vt 0.201664 0.653098
vt 0.166439 0.659987
vt 0.204742 0.665618
vt 0.171076 0.679167
vt 0.202018 0.630517
vt 0.165403 0.627853
vt 0.173155 0.685932
vt 0.205901 0.673946
vt 0.830954 0.716950
vt 0.853291 0.758584
vt 0.835386 0.768727
vt 0.815949 0.725531
vt 0.815919 0.775400
vt 0.799576 0.731069
vt 0.859853 0.752401
vt 0.836572 0.713010
vt 0.792900 0.732659
vt 0.806939 0.776210
vt 0.814885 0.677852
vt 0.798252 0.686198
vt 0.780974 0.693109
vt 0.820756 0.674283
vt 0.774409 0.695136
vt 0.798330 0.640823
vt 0.782017 0.650113
vt 0.764244 0.656159
vt 0.805896 0.637143
vt 0.756472 0.659381
vt 0.782390 0.602500
vt 0.764862 0.611987
vt 0.746137 0.618811
vt 0.789530 0.599331
vt 0.739029 0.622052
vt 0.773888 0.581277
vt 0.754942 0.589939
vt 0.735894 0.598372
vt 0.781997 0.576532
vt 0.726964 0.601293
vt 0.763243 0.548850
vt 0.741030 0.559019
vt 0.718687 0.568897
vt 0.772570 0.543325
vt 0.708366 0.572212
vt 0.754265 0.523632
vt 0.729985 0.534470
vt 0.705770 0.545451
vt 0.765487 0.520383
vt 0.695896 0.551694
vt 0.746210 0.497550
vt 0.717786 0.507355
vt 0.691594 0.522123
vt 0.758247 0.495281
vt 0.681913 0.529626
vt 0.739736 0.488374
vt 0.712139 0.494805
vt 0.683181 0.495540
vt 0.705722 0.480541
vt 0.689022 0.511191
vt 0.756840 0.486379
vt 0.676185 0.522668
vt 0.731898 0.473621
vt 0.752694 0.472418
vt 0.668486 0.510304
vt 0.449446 0.612617
vt 0.451029 0.634796
vt 0.425039 0.633798
vt 0.430470 0.611046
vt 0.430555 0.657758
vt 0.451031 0.655088
vt 0.427210 0.599869
vt 0.427139 0.587449
vt 0.442711 0.584393
vt 0.446087 0.596708
vt 0.449251 0.670027
vt 0.447892 0.680790
vt 0.428848 0.683172
vt 0.427506 0.669969
vt 0.407742 0.595935
vt 0.401711 0.631326
vt 0.406968 0.613784
vt 0.405201 0.677777
vt 0.404938 0.653249
vt 0.407997 0.603967
vt 0.405220 0.666786
vt 0.383618 0.608838
vt 0.380543 0.600620
vt 0.383285 0.627176
vt 0.384324 0.619234
vt 0.370682 0.678975
vt 0.377866 0.656494
vt 0.382845 0.637457
vt 0.434798 0.567245
vt 0.441969 0.699849
vt 0.769208 0.474785
vt 0.769259 0.485966
vt 0.667638 0.531688
vt 0.659304 0.524232
vt 0.769548 0.494472
vt 0.673811 0.537546
vt 0.776588 0.515351
vt 0.684766 0.556664
vt 0.783008 0.539245
vt 0.698389 0.577317
vt 0.789412 0.571144
vt 0.718013 0.603268
vt 0.796478 0.595959
vt 0.731897 0.625015
vt 0.814095 0.633869
vt 0.748582 0.663345
vt 0.828187 0.670314
vt 0.766510 0.698065
vt 0.844483 0.707582
vt 0.783591 0.734979
vt 0.869726 0.744048
vt 0.794139 0.778058
vt 0.167229 0.614017
vt 0.203875 0.614794
vt 0.209681 0.687395
vt 0.177034 0.695798
vt 0.426238 0.723256
vt 0.424185 0.555653
vt 0.659696 0.561030
vt 0.652658 0.551440
vt 0.642049 0.547038
vt 0.793976 0.487857
vt 0.796484 0.499486
vt 0.797719 0.476998
vt 0.213036 0.703113
vt 0.192439 0.720272
vt 0.177553 0.584169
vt 0.205232 0.596608
vt 0.763259 0.783883
vt 0.759461 0.742625
vt 0.866210 0.694595
vt 0.894566 0.724801
vt 0.749754 0.704106
vt 0.843822 0.661782
vt 0.734757 0.669340
vt 0.827752 0.627499
vt 0.714418 0.633476
vt 0.814404 0.588490
vt 0.698714 0.614639
vt 0.810722 0.564243
vt 0.678107 0.590615
vt 0.806413 0.532887
vt 0.667622 0.573138
vt 0.800287 0.513448
vt 0.409248 0.540827
vt 0.403775 0.745781
vt 0.832960 0.472404
vt 0.830969 0.484853
vt 0.625872 0.577131
vt 0.615236 0.570364
vt 0.829162 0.501575
vt 0.639585 0.586871
vt 0.827008 0.513932
vt 0.650261 0.593456
vt 0.826459 0.529665
vt 0.662399 0.603480
vt 0.829492 0.558902
vt 0.682267 0.625142
vt 0.835730 0.583519
vt 0.696552 0.646139
vt 0.847868 0.620516
vt 0.716188 0.679762
vt 0.863695 0.648233
vt 0.726433 0.709991
vt 0.884993 0.670154
vt 0.728711 0.740470
vt 0.919317 0.693409
vt 0.723350 0.781576
vt 0.200934 0.547580
vt 0.220778 0.563466
vt 0.228811 0.728530
vt 0.214429 0.744126
vt 0.283943 0.538296
vt 0.281714 0.540468
vt 0.282778 0.542391
vt 0.279790 0.743628
vt 0.281688 0.745573
vt 0.280909 0.741867
vt 0.280713 0.544500
vt 0.279122 0.739957
vt 0.280946 0.546800
vt 0.282772 0.547365
vt 0.279491 0.737840
vt 0.281175 0.737231
vt 0.251581 0.730392
vt 0.239770 0.744323
vt 0.241362 0.711378
vt 0.236606 0.580569
vt 0.234007 0.541888
vt 0.248582 0.556816
vt 0.249726 0.581421
vt 0.262438 0.561155
vt 0.263648 0.725636
vt 0.252839 0.708614
vt 0.222318 0.603512
vt 0.227457 0.693519
vt 0.235245 0.604004
vt 0.239161 0.690365
vt 0.221013 0.617059
vt 0.225038 0.681398
vt 0.230409 0.616558
vt 0.233873 0.679658
vt 0.216290 0.633699
vt 0.218741 0.666986
vt 0.224944 0.631303
vt 0.227184 0.666806
vt 0.215936 0.640105
vt 0.230489 0.632506
vt 0.233941 0.635562
vt 0.233135 0.639446
vt 0.227977 0.637717
vt 0.212683 0.651202
vt 0.217530 0.660934
vt 0.229391 0.659737
vt 0.234252 0.656762
vt 0.235465 0.660415
vt 0.232383 0.664188
vt 0.220973 0.638328
vt 0.222574 0.661141
vt 0.224976 0.649282
vt 0.229791 0.648608
vt 0.217425 0.650412
vt 0.282270 0.550245
vt 0.283742 0.552157
vt 0.273744 0.552907
vt 0.280861 0.734575
vt 0.282332 0.732805
vt 0.273333 0.732480
vt 0.279731 0.747840
vt 0.268203 0.738312
vt 0.282082 0.535780
vt 0.268481 0.546467
vt 0.277827 0.753016
vt 0.280885 0.529788
vt 0.277205 0.762068
vt 0.255819 0.749873
vt 0.282611 0.519608
vt 0.256254 0.531672
vt 0.229724 0.756554
vt 0.220492 0.528514
vt 0.383664 0.523397
vt 0.370801 0.764600
vt 0.851354 0.533079
vt 0.853598 0.556408
vt 0.664412 0.641528
vt 0.648442 0.624376
vt 0.854018 0.523472
vt 0.639486 0.619996
vt 0.857859 0.512783
vt 0.628938 0.615780
vt 0.863927 0.498580
vt 0.868948 0.482321
vt 0.614284 0.610902
vt 0.598786 0.603875
vt 0.873880 0.544638
vt 0.642151 0.648900
vt 0.355365 0.510631
vt 0.342693 0.773348
vt 0.858317 0.583471
vt 0.889593 0.576205
vt 0.681535 0.663010
vt 0.655352 0.681597
vt 0.887255 0.532706
vt 0.624351 0.650995
vt 0.906341 0.509930
vt 0.896548 0.523789
vt 0.611514 0.652036
vt 0.594646 0.650173
vt 0.901269 0.651801
vt 0.928897 0.670038
vt 0.699505 0.773244
vt 0.704181 0.740476
vt 0.288629 0.502859
vt 0.285197 0.776034
vt 0.926581 0.540314
vt 0.914488 0.551771
vt 0.620556 0.684021
vt 0.603961 0.685473
vt 0.905258 0.561907
vt 0.634262 0.683837
vt 0.878427 0.633545
vt 0.705670 0.711273
vt 0.676307 0.720122
vt 0.678315 0.733378
vt 0.657251 0.731173
vt 0.651373 0.716260
vt 0.308492 0.502983
vt 0.302474 0.776594
vt 0.242656 0.514999
vt 0.904526 0.617439
vt 0.913115 0.627735
vt 0.918174 0.596217
vt 0.925437 0.610506
vt 0.247422 0.766282
vt 0.936877 0.609008
vt 0.950122 0.606626
vt 0.938313 0.647507
vt 0.933445 0.592204
vt 0.946635 0.588080
vt 0.676397 0.765350
vt 0.637974 0.747077
vt 0.648540 0.738739
vt 0.638242 0.725025
vt 0.626408 0.732163
vt 0.866780 0.611291
vt 0.696742 0.687796
vt 0.894674 0.594293
vt 0.665518 0.697397
vt 0.913466 0.582053
vt 0.926382 0.573631
vt 0.629027 0.707422
vt 0.643895 0.703341
vt 0.329537 0.504979
vt 0.939316 0.566629
vt 0.320321 0.775958
vt 0.615207 0.712458
vt 0.286306 0.552897
vt 0.284755 0.732063
vt 0.239199 0.618559
vt 0.242180 0.675771
vt 0.248549 0.602262
vt 0.251798 0.689372
vt 0.259913 0.587348
vt 0.262329 0.701848
vt 0.270146 0.569630
vt 0.270895 0.717509
vt 0.280417 0.557224
vt 0.279563 0.728273
vt 0.239536 0.628001
vt 0.241752 0.666588
vt 0.241558 0.636962
vt 0.241170 0.636590
vt 0.242022 0.636705
vt 0.243253 0.657610
vt 0.242463 0.657824
vt 0.242781 0.657460
vt 0.241387 0.637685
vt 0.242559 0.656801
vt 0.241271 0.633682
vt 0.240467 0.639135
vt 0.241454 0.655514
vt 0.242884 0.660617
vt 0.241753 0.637880
vt 0.242874 0.656519
vt 0.236889 0.647744
vt 0.240165 0.641440
vt 0.240903 0.653316
vt 0.239662 0.647457
vt 0.240397 0.644912
vt 0.240726 0.649865
vt 0.241101 0.646576
vt 0.240644 0.647371
vt 0.241232 0.648075
vt 0.242026 0.647246
vt 0.242053 0.650101
vt 0.241701 0.644423
vt 0.242452 0.653459
vt 0.241720 0.640988
vt 0.242476 0.647222
vt 0.243024 0.655404
vt 0.242058 0.638947
vt 0.243958 0.647113
vt 0.245007 0.660117
vt 0.243471 0.633798
vt 0.246869 0.666347
vt 0.244567 0.627107
vt 0.250152 0.658190
vt 0.247304 0.646753
vt 0.248738 0.634713
vt 0.253538 0.661280
vt 0.251656 0.630796
vt 0.253706 0.646019
vt 0.282543 0.724191
vt 0.283349 0.561619
vt 0.304067 0.729518
vt 0.307112 0.555488
vt 0.288767 0.733374
vt 0.291256 0.726463
vt 0.290758 0.551371
vt 0.293032 0.558853
vt 0.275471 0.712458
vt 0.274736 0.574836
vt 0.324524 0.718112
vt 0.327921 0.568184
vt 0.267874 0.698568
vt 0.265521 0.590131
vt 0.293094 0.717856
vt 0.294243 0.568185
vt 0.261436 0.688125
vt 0.258225 0.601721
vt 0.255635 0.673989
vt 0.252506 0.617414
vt 0.276625 0.674265
vt 0.276378 0.685094
vt 0.272730 0.602814
vt 0.271151 0.613112
vt 0.258908 0.664425
vt 0.256397 0.626471
vt 0.264947 0.666694
vt 0.261755 0.623093
vt 0.258246 0.645486
vt 0.263044 0.628570
vt 0.265529 0.661100
vt 0.265083 0.644758
vt 0.295288 0.583288
vt 0.295555 0.703660
vt 0.333375 0.579244
vt 0.330625 0.707843
vt 0.354965 0.583044
vt 0.350911 0.705286
vt 0.349946 0.589845
vt 0.348211 0.697680
vt 0.367309 0.586227
vt 0.376570 0.585121
vt 0.362470 0.701642
vt 0.371791 0.700140
vt 0.376937 0.591862
vt 0.365410 0.596777
vt 0.371382 0.692709
vt 0.359458 0.695753
vt 0.084479 0.025090
vt 0.080941 0.028810
vt 0.076564 0.026301
vt 0.081916 0.021796
vt 0.047229 0.054725
vt 0.042721 0.060080
vt 0.040211 0.055704
vt 0.043933 0.052165
vt 0.035580 0.017068
vt 0.035513 0.023434
vt 0.029585 0.023797
vt 0.027603 0.018448
vt 0.118195 0.041412
vt 0.112845 0.039434
vt 0.113206 0.033505
vt 0.119572 0.033436
vt 0.122289 0.042382
vt 0.124000 0.033394
vt 0.126874 0.033330
vt 0.126255 0.043285
vt 0.025727 0.010388
vt 0.035683 0.009766
vt 0.035620 0.012640
vt 0.026632 0.014353
vt 0.109723 0.043835
vt 0.115368 0.047415
vt 0.117998 0.049773
vt 0.120777 0.052143
vt 0.021601 0.021276
vt 0.025185 0.026920
vt 0.016871 0.015870
vt 0.019242 0.018648
vt 0.076782 0.033539
vt 0.080832 0.033914
vt 0.035106 0.055815
vt 0.035478 0.059863
vt 0.080860 0.018476
vt 0.073750 0.024835
vt 0.072700 0.034326
vt 0.069168 0.022458
vt 0.079132 0.015381
vt 0.069169 0.034955
vt 0.044188 0.062893
vt 0.050550 0.055778
vt 0.034690 0.063944
vt 0.053647 0.057504
vt 0.046567 0.067474
vt 0.034061 0.067473
vt 0.074866 0.041336
vt 0.071021 0.042990
vt 0.082332 0.047972
vt 0.079816 0.051584
vt 0.077780 0.040375
vt 0.028635 0.058864
vt 0.027671 0.061776
vt 0.085005 0.046040
vt 0.082809 0.039765
vt 0.029257 0.053836
vt 0.087272 0.043888
vt 0.022995 0.051633
vt 0.025148 0.049368
vt 0.086808 0.039410
vt 0.090321 0.041606
vt 0.027429 0.046321
vt 0.029619 0.049836
vt 0.084972 0.035026
vt 0.033998 0.051673
vt 0.091247 0.037222
vt 0.031808 0.045396
vt 0.084217 0.031572
vt 0.037450 0.052430
vt 0.091772 0.033370
vt 0.035658 0.044871
vt 0.086725 0.027912
vt 0.041108 0.049923
vt 0.093118 0.028915
vt 0.040111 0.043523
vt 0.094793 0.024968
vt 0.089289 0.024848
vt 0.044165 0.047362
vt 0.044065 0.041843
vt 0.088606 0.020803
vt 0.052477 0.048443
vt 0.048227 0.048027
vt 0.095352 0.020717
vt 0.048300 0.041291
vt 0.088193 0.016549
vt 0.096148 0.016991
vt 0.052028 0.040491
vt 0.087728 0.013418
vt 0.055608 0.048906
vt 0.096915 0.013465
vt 0.055554 0.039720
vt 0.087186 0.010099
vt 0.097516 0.009767
vt 0.059253 0.039117
vt 0.058928 0.049445
vt 0.113291 0.057718
vt 0.110745 0.054955
vt 0.090890 0.054707
vt 0.090406 0.058120
vt 0.014062 0.025904
vt 0.011298 0.023359
vt 0.099582 0.054695
vt 0.101480 0.059254
vt 0.009766 0.035171
vt 0.014324 0.037067
vt 0.091854 0.051380
vt 0.098544 0.052025
vt 0.108401 0.052633
vt 0.016386 0.028246
vt 0.016997 0.038102
vt 0.092329 0.048578
vt 0.104748 0.048055
vt 0.021129 0.044268
vt 0.025610 0.043252
vt 0.017212 0.045021
vt 0.020967 0.031896
vt 0.098395 0.048088
vt 0.020941 0.038246
vt 0.093374 0.044262
vt 0.098198 0.043597
vt 0.102269 0.043737
vt 0.025433 0.038442
vt 0.025288 0.034372
vt 0.094595 0.038608
vt 0.095732 0.034628
vt 0.105433 0.041109
vt 0.030422 0.042047
vt 0.027914 0.031209
vt 0.099795 0.039554
vt 0.029473 0.036846
vt 0.107637 0.037961
vt 0.101186 0.036245
vt 0.031060 0.029003
vt 0.032780 0.035455
vt 0.034400 0.040909
vt 0.097481 0.029838
vt 0.107887 0.033836
vt 0.039189 0.039160
vt 0.035185 0.028753
vt 0.103281 0.032001
vt 0.037023 0.033359
vt 0.099959 0.025079
vt 0.043944 0.036680
vt 0.104202 0.027889
vt 0.107798 0.030513
vt 0.038507 0.028841
vt 0.041132 0.032437
vt 0.101513 0.020968
vt 0.111562 0.028384
vt 0.106248 0.024345
vt 0.048052 0.035125
vt 0.051559 0.032964
vt 0.044675 0.030390
vt 0.040635 0.025077
vt 0.103673 0.017459
vt 0.116171 0.026346
vt 0.042670 0.020466
vt 0.109900 0.021409
vt 0.047609 0.026737
vt 0.106204 0.014110
vt 0.119877 0.024521
vt 0.054908 0.030431
vt 0.044494 0.016760
vt 0.112607 0.018907
vt 0.050109 0.024029
vt 0.124290 0.022143
vt 0.115990 0.016755
vt 0.108289 0.010816
vt 0.046871 0.012346
vt 0.052260 0.020646
vt 0.058201 0.028344
vt 0.014728 0.045706
vt 0.021027 0.054543
vt 0.017387 0.057368
vt 0.010897 0.046259
vt 0.026019 0.065612
vt 0.138568 0.864151
vt 0.139242 0.852731
vt 0.148155 0.851798
vt 0.148150 0.863841
vt 0.157067 0.852721
vt 0.157732 0.864142
vt 0.138942 0.835712
vt 0.148155 0.833228
vt 0.157370 0.835700
vt 0.137569 0.819593
vt 0.148150 0.818813
vt 0.158729 0.819583
vt 0.139954 0.803330
vt 0.148144 0.802632
vt 0.156335 0.803318
vt 0.524358 0.681902
vt 0.545424 0.685870
vt 0.533558 0.714503
vt 0.523521 0.712100
vt 0.513360 0.713581
vt 0.503068 0.684361
vt 0.491630 0.728859
vt 0.523242 0.724351
vt 0.466784 0.702665
vt 0.554266 0.732050
vt 0.561269 0.750162
vt 0.523030 0.734742
vt 0.580275 0.706678
vt 0.483678 0.745360
vt 0.596735 0.736914
vt 0.448283 0.731978
vt 0.156341 0.885189
vt 0.148140 0.885500
vt 0.148147 0.871302
vt 0.156572 0.873086
vt 0.139719 0.873092
vt 0.139941 0.885195
vt 0.148134 0.900078
vt 0.157454 0.899724
vt 0.138813 0.899728
vt 0.159041 0.910489
vt 0.159858 0.921727
vt 0.148125 0.923548
vt 0.148129 0.911706
vt 0.136392 0.921730
vt 0.137218 0.910493
vt 0.074800 0.866504
vt 0.075689 0.883476
vt 0.064016 0.882927
vt 0.058254 0.864856
vt 0.237999 0.864859
vt 0.232230 0.882931
vt 0.220565 0.883470
vt 0.221463 0.866492
vt 0.073958 0.853250
vt 0.059700 0.851015
vt 0.236565 0.851008
vt 0.222315 0.853229
vt 0.062074 0.836607
vt 0.074763 0.839546
vt 0.221519 0.839512
vt 0.234204 0.836584
vt 0.079617 0.818214
vt 0.068599 0.810473
vt 0.227699 0.810410
vt 0.216676 0.818159
vt 0.091111 0.801498
vt 0.082997 0.796243
vt 0.213370 0.796142
vt 0.205247 0.801402
vt 0.099334 0.783098
vt 0.104145 0.788292
vt 0.192153 0.788219
vt 0.196957 0.783018
vt 0.114997 0.780727
vt 0.119869 0.786286
vt 0.176406 0.786231
vt 0.181273 0.780664
vt 0.148138 0.791293
vt 0.139504 0.797461
vt 0.156780 0.797448
vt 0.148127 0.781259
vt 0.148134 0.786514
vt 0.209687 0.866050
vt 0.209240 0.885913
vt 0.116035 0.860742
vt 0.115686 0.869330
vt 0.086586 0.866070
vt 0.087646 0.855978
vt 0.180605 0.869306
vt 0.180264 0.860712
vt 0.208634 0.855954
vt 0.102902 0.858881
vt 0.101286 0.867387
vt 0.194997 0.867361
vt 0.193390 0.858848
vt 0.088470 0.843291
vt 0.117693 0.849346
vt 0.207816 0.843263
vt 0.178618 0.849309
vt 0.104412 0.846489
vt 0.191898 0.846439
vt 0.121232 0.836344
vt 0.089624 0.824396
vt 0.175094 0.836299
vt 0.205818 0.824771
vt 0.107304 0.830963
vt 0.189053 0.830875
vt 0.126202 0.817127
vt 0.096439 0.805944
vt 0.170086 0.817109
vt 0.198013 0.806777
vt 0.113273 0.811819
vt 0.182980 0.811804
vt 0.106998 0.793442
vt 0.123219 0.792229
vt 0.131126 0.803829
vt 0.131705 0.797170
vt 0.188783 0.794427
vt 0.173064 0.792189
vt 0.165162 0.803806
vt 0.164579 0.797146
vt 0.120671 0.798540
vt 0.175616 0.798503
vt 0.123116 0.918315
vt 0.126094 0.908224
vt 0.170164 0.908218
vt 0.173134 0.918311
vt 0.124334 0.897745
vt 0.107681 0.903823
vt 0.171932 0.897735
vt 0.188575 0.903813
vt 0.115379 0.888774
vt 0.102702 0.899673
vt 0.180892 0.888759
vt 0.193555 0.899663
vt 0.099833 0.884870
vt 0.096850 0.898878
vt 0.196435 0.884854
vt 0.199405 0.898869
vt 0.087020 0.885926
vt 0.078700 0.897120
vt 0.217548 0.897116
vt 0.078954 0.910398
vt 0.093056 0.904697
vt 0.217284 0.910400
vt 0.203193 0.904690
vt 0.085255 0.918104
vt 0.097688 0.908288
vt 0.198561 0.908281
vt 0.210982 0.918104
vt 0.092222 0.921319
vt 0.101955 0.908711
vt 0.114216 0.923839
vt 0.104055 0.925058
vt 0.194295 0.908703
vt 0.204016 0.921319
vt 0.192185 0.925056
vt 0.182028 0.923836
vt 0.148119 0.948257
vt 0.163778 0.944105
vt 0.132459 0.944106
vt 0.510634 0.956406
vt 0.522182 0.958033
vt 0.521245 0.990234
vt 0.513891 0.989939
vt 0.528617 0.989996
vt 0.533471 0.957455
vt 0.131553 0.973762
vt 0.148116 0.974089
vt 0.164678 0.973761
vt 0.119417 0.942136
vt 0.502442 0.955546
vt 0.506261 0.990212
vt 0.112873 0.942884
vt 0.191251 0.943353
vt 0.183362 0.942883
vt 0.104981 0.943353
vt 0.103126 0.973913
vt 0.113372 0.974311
vt 0.488467 0.953937
vt 0.496616 0.955437
vt 0.498047 0.989870
vt 0.485942 0.990225
vt 0.182855 0.974310
vt 0.193099 0.973914
vt 0.557738 0.989214
vt 0.545142 0.989457
vt 0.546981 0.955166
vt 0.555033 0.952781
vt 0.082745 0.938275
vt 0.213481 0.938280
vt 0.454464 0.975348
vt 0.464895 0.947232
vt 0.074406 0.968326
vt 0.578184 0.943507
vt 0.589848 0.971474
vt 0.221810 0.968333
vt 0.071485 0.933652
vt 0.224736 0.933659
vt 0.055888 0.955725
vt 0.449441 0.934891
vt 0.425577 0.958156
vt 0.240323 0.955738
vt 0.618267 0.951672
vt 0.593000 0.929075
vt 0.053362 0.920479
vt 0.242856 0.920501
vt 0.260439 0.891674
vt 0.409768 0.934462
vt 0.432936 0.919365
vt 0.036903 0.937741
vt 0.608165 0.913944
vt 0.632334 0.927709
vt 0.259302 0.937772
vt 0.035784 0.891630
vt 0.269006 0.870415
vt 0.015807 0.905438
vt 0.416381 0.889650
vt 0.393594 0.911553
vt 0.280400 0.905505
vt 0.646722 0.905194
vt 0.622461 0.885294
vt 0.027232 0.870352
vt 0.009766 0.877962
vt 0.414520 0.864701
vt 0.394421 0.870629
vt 0.286461 0.878054
vt 0.645337 0.867500
vt 0.625625 0.861994
vt 0.028898 0.850935
vt 0.417780 0.842860
vt 0.397256 0.842532
vt 0.267358 0.851000
vt 0.643830 0.841160
vt 0.623526 0.841777
vt 0.011622 0.853291
vt 0.284633 0.853399
vt 0.030122 0.834032
vt 0.266157 0.834102
vt 0.406691 0.817285
vt 0.423255 0.823377
vt 0.016310 0.831011
vt 0.618367 0.823994
vt 0.634766 0.817390
vt 0.279984 0.831132
vt 0.048991 0.802823
vt 0.247347 0.802828
vt 0.037573 0.796519
vt 0.443446 0.792462
vt 0.433456 0.783167
vt 0.258819 0.796616
vt 0.609769 0.787047
vt 0.599746 0.796239
vt 0.482220 0.767735
vt 0.522769 0.747497
vt 0.451748 0.772412
vt 0.426427 0.747061
vt 0.064746 0.783109
vt 0.617995 0.751499
vt 0.590147 0.773004
vt 0.232238 0.785866
vt 0.056888 0.779500
vt 0.459624 0.779023
vt 0.239560 0.779457
vt 0.583993 0.784475
vt 0.093792 0.775251
vt 0.561996 0.774878
vt 0.203220 0.774130
vt 0.089621 0.769727
vt 0.484121 0.772194
vt 0.206636 0.769570
vt 0.559836 0.780144
vt 0.113745 0.771376
vt 0.541905 0.768804
vt 0.522134 0.762628
vt 0.182500 0.771310
vt 0.502281 0.764809
vt 0.502030 0.767749
vt 0.115393 0.766333
vt 0.541890 0.771986
vt 0.180818 0.766278
vt 0.148109 0.770170
vt 0.521914 0.766758
vt 0.148097 0.765298
vt 0.176819 0.942134
vt 0.120778 0.973497
vt 0.175451 0.973496
vt 0.536563 0.990153
vt 0.541296 0.955867
vt 0.237463 0.447696
vt 0.225127 0.461935
vt 0.207347 0.449287
vt 0.216902 0.432079
vt 0.192777 0.422880
vt 0.187212 0.440879
vt 0.198808 0.464668
vt 0.191122 0.478510
vt 0.178134 0.472288
vt 0.181785 0.459622
vt 0.212089 0.476451
vt 0.203269 0.486249
vt 0.223585 0.486110
vt 0.214085 0.495475
vt 0.164585 0.467988
vt 0.167508 0.454971
vt 0.230187 0.408159
vt 0.203676 0.394560
vt 0.255741 0.423476
vt 0.247003 0.377883
vt 0.218461 0.361389
vt 0.276090 0.393397
vt 0.187623 0.385590
vt 0.200117 0.351706
vt 0.294005 0.403853
vt 0.271839 0.432363
vt 0.174356 0.378433
vt 0.186552 0.336757
vt 0.313865 0.407469
vt 0.284926 0.439843
vt 0.383057 0.097956
vt 0.365423 0.121501
vt 0.340346 0.115649
vt 0.353412 0.080435
vt 0.443321 0.130379
vt 0.420326 0.160078
vt 0.402108 0.141880
vt 0.412781 0.114468
vt 0.300944 0.101335
vt 0.316421 0.064906
vt 0.335221 0.029226
vt 0.357239 0.036300
vt 0.358288 0.050144
vt 0.328158 0.040419
vt 0.476049 0.153578
vt 0.453299 0.185967
vt 0.490637 0.130676
vt 0.466461 0.110233
vt 0.478769 0.103809
vt 0.496409 0.118765
vt 0.355442 0.065057
vt 0.322487 0.052948
vt 0.482996 0.142109
vt 0.455304 0.120530
vt 0.397345 0.107246
vt 0.384674 0.130055
vt 0.407259 0.089399
vt 0.421131 0.097867
vt 0.392739 0.082097
vt 0.236229 0.473060
vt 0.171898 0.437337
vt 0.252643 0.458268
vt 0.175778 0.415581
vt 0.941321 0.196758
vt 0.948695 0.209128
vt 0.936291 0.215948
vt 0.928057 0.203918
vt 0.922519 0.190433
vt 0.935027 0.183806
vt 0.911331 0.212946
vt 0.900746 0.218659
vt 0.890180 0.201310
vt 0.903579 0.197103
vt 0.920320 0.228120
vt 0.909449 0.237013
vt 0.855312 0.216408
vt 0.862148 0.239491
vt 0.877692 0.257873
vt 0.275875 0.462750
vt 0.159692 0.398225
vt 0.431804 0.101851
vt 0.383719 0.075137
vt 0.446031 0.094543
vt 0.382405 0.059198
vt 0.472900 0.086009
vt 0.375452 0.031877
vt 0.497367 0.364784
vt 0.482154 0.376057
vt 0.476526 0.358527
vt 0.489366 0.356965
vt 0.492676 0.083158
vt 0.502209 0.094329
vt 0.352902 0.011390
vt 0.367424 0.013581
vt 0.508341 0.102004
vt 0.343146 0.010240
vt 0.516987 0.115003
vt 0.518447 0.132042
vt 0.312304 0.017531
vt 0.327542 0.009766
vt 0.516839 0.151929
vt 0.296269 0.029403
vt 0.513265 0.166463
vt 0.285818 0.040118
vt 0.508816 0.181109
vt 0.485573 0.222480
vt 0.252890 0.093227
vt 0.275734 0.051633
vt 0.554744 0.510719
vt 0.550999 0.496510
vt 0.559352 0.486634
vt 0.566646 0.498361
vt 0.573982 0.505207
vt 0.563109 0.515126
vt 0.483567 0.344431
vt 0.466704 0.347597
vt 0.467611 0.338185
vt 0.481871 0.334542
vt 0.539434 0.482185
vt 0.557206 0.475655
vt 0.578270 0.514684
vt 0.581877 0.505213
vt 0.486199 0.327939
vt 0.476303 0.325755
vt 0.594606 0.513514
vt 0.593267 0.503758
vt 0.493666 0.319216
vt 0.486246 0.312742
vt 0.574119 0.491196
vt 0.493659 0.342117
vt 0.535098 0.457094
vt 0.560725 0.461562
vt 0.582389 0.483843
vt 0.511078 0.369577
vt 0.500750 0.393452
vt 0.504345 0.339239
vt 0.612575 0.507874
vt 0.609485 0.498427
vt 0.507024 0.308586
vt 0.500824 0.300818
vt 0.591016 0.474644
vt 0.516769 0.337076
vt 0.524561 0.283949
vt 0.563838 0.261807
vt 0.571765 0.280202
vt 0.531818 0.297463
vt 0.626030 0.503143
vt 0.623897 0.491317
vt 0.632390 0.483806
vt 0.639704 0.497288
vt 0.520877 0.300440
vt 0.512163 0.292167
vt 0.602360 0.467250
vt 0.529176 0.331652
vt 0.532712 0.443228
vt 0.564715 0.445486
vt 0.526707 0.375064
vt 0.511032 0.403055
vt 0.589028 0.439114
vt 0.545379 0.358239
vt 0.538163 0.431156
vt 0.564651 0.422913
vt 0.537389 0.414767
vt 0.558187 0.403542
vt 0.545542 0.387508
vt 0.524114 0.405124
vt 0.580434 0.415189
vt 0.591702 0.406816
vt 0.603215 0.435089
vt 0.560665 0.378550
vt 0.556528 0.348587
vt 0.573848 0.373726
vt 0.602100 0.357161
vt 0.614367 0.373222
vt 0.584395 0.389397
vt 0.621060 0.392291
vt 0.573423 0.395316
vt 0.613802 0.462403
vt 0.539507 0.324747
vt 0.632417 0.424296
vt 0.679769 0.476608
vt 0.668743 0.459886
vt 0.581579 0.330101
vt 0.575922 0.304465
vt 0.650743 0.443095
vt 0.380048 0.194350
vt 0.356678 0.180453
vt 0.332530 0.167955
vt 0.362377 0.233884
vt 0.336042 0.217600
vt 0.308303 0.203847
vt 0.400290 0.206385
vt 0.311617 0.157128
vt 0.385224 0.241923
vt 0.289405 0.188697
vt 0.435051 0.221686
vt 0.280259 0.135701
vt 0.419034 0.252782
vt 0.262321 0.165730
vt 0.468102 0.248023
vt 0.240435 0.121556
vt 0.450167 0.276386
vt 0.225831 0.151770
vt 0.705337 0.461141
vt 0.693396 0.441135
vt 0.600970 0.269886
vt 0.590801 0.248924
vt 0.731698 0.442382
vt 0.721155 0.423227
vt 0.631175 0.256510
vt 0.620950 0.237184
vt 0.688208 0.420590
vt 0.615297 0.285500
vt 0.713475 0.406920
vt 0.640592 0.271880
vt 0.685808 0.401438
vt 0.629989 0.298016
vt 0.707904 0.391269
vt 0.650618 0.285127
vt 0.676767 0.364485
vt 0.666140 0.345566
vt 0.655918 0.325854
vt 0.698339 0.353149
vt 0.677235 0.314044
vt 0.691752 0.331456
vt 0.271925 0.333021
vt 0.302651 0.350299
vt 0.342992 0.271816
vt 0.313229 0.258669
vt 0.241019 0.316066
vt 0.286340 0.240347
vt 0.321469 0.312626
vt 0.291809 0.297227
vt 0.263063 0.280185
vt 0.321342 0.362616
vt 0.364461 0.282110
vt 0.220685 0.306708
vt 0.266257 0.227560
vt 0.339627 0.323955
vt 0.243850 0.270755
vt 0.346404 0.367449
vt 0.396098 0.292253
vt 0.203342 0.287986
vt 0.240928 0.206059
vt 0.367137 0.335537
vt 0.219482 0.253520
vt 0.425835 0.312583
vt 0.207955 0.191554
vt 0.398019 0.350410
vt 0.190538 0.235160
vt 0.756889 0.401493
vt 0.800013 0.379887
vt 0.808904 0.403184
vt 0.767076 0.419640
vt 0.659378 0.220092
vt 0.696092 0.194159
vt 0.710685 0.214377
vt 0.668956 0.238567
vt 0.749763 0.384878
vt 0.678934 0.253643
vt 0.793633 0.365156
vt 0.719498 0.227796
vt 0.743510 0.370769
vt 0.687297 0.266614
vt 0.708161 0.295885
vt 0.785011 0.350331
vt 0.727158 0.243140
vt 0.730493 0.337263
vt 0.722642 0.314785
vt 0.774067 0.318855
vt 0.747464 0.269563
vt 0.760977 0.294095
vt 0.852248 0.276154
vt 0.836584 0.253288
vt 0.826067 0.227644
vt 0.882821 0.188491
vt 0.857638 0.191753
vt 0.831063 0.190504
vt 0.886037 0.292360
vt 0.899578 0.269461
vt 0.834510 0.178397
vt 0.860130 0.180741
vt 0.910152 0.273421
vt 0.898049 0.296124
vt 0.145848 0.408772
vt 0.157018 0.422527
vt 0.916126 0.250199
vt 0.256664 0.477863
vt 0.274240 0.480077
vt 0.882250 0.180531
vt 0.863779 0.170375
vt 0.881864 0.173390
vt 0.922467 0.255045
vt 0.928224 0.259287
vt 0.920819 0.276060
vt 0.158188 0.434947
vt 0.896944 0.186234
vt 0.897210 0.178435
vt 0.233907 0.496852
vt 0.245507 0.483434
vt 0.932430 0.243689
vt 0.925764 0.239631
vt 0.894709 0.171642
vt 0.936735 0.249509
vt 0.152933 0.451891
vt 0.916814 0.178845
vt 0.942847 0.227077
vt 0.912003 0.164449
vt 0.915468 0.172401
vt 0.947495 0.231740
vt 0.952240 0.239001
vt 0.930288 0.172243
vt 0.927837 0.166496
vt 0.149745 0.464602
vt 0.924199 0.158992
vt 0.955767 0.219435
vt 0.959221 0.224642
vt 0.224806 0.506279
vt 0.963497 0.231803
vt 0.177543 0.268649
vt 0.722196 0.173993
vt 0.744176 0.193889
vt 0.376458 0.379137
vt 0.835521 0.363138
vt 0.840088 0.392432
vt 0.758149 0.184475
vt 0.736511 0.171179
vt 0.850298 0.382010
vt 0.851059 0.356625
vt 0.752741 0.205948
vt 0.830142 0.349358
vt 0.827562 0.334361
vt 0.766427 0.192345
vt 0.849025 0.345384
vt 0.763861 0.216335
vt 0.781785 0.250032
vt 0.797644 0.200558
vt 0.790864 0.182900
vt 0.870329 0.330137
vt 0.859291 0.314779
vt 0.777312 0.208651
vt 0.841367 0.327333
vt 0.810267 0.233697
vt 0.791778 0.277471
vt 0.809231 0.300884
vt 0.838517 0.286040
vt 0.795411 0.241486
vt 0.823853 0.294183
vt 0.822489 0.260895
vt 0.809316 0.268005
vt 0.726818 0.055529
vt 0.717333 0.038694
vt 0.739722 0.031829
vt 0.751169 0.050819
vt 0.958964 0.435818
vt 0.968556 0.455821
vt 0.950512 0.470740
vt 0.941651 0.453577
vt 0.734534 0.074469
vt 0.764996 0.073878
vt 0.947274 0.411599
vt 0.930057 0.436735
vt 0.751319 0.103823
vt 0.780695 0.102464
vt 0.931989 0.382783
vt 0.914731 0.406594
vt 0.031319 0.288177
vt 0.019853 0.267417
vt 0.034327 0.264925
vt 0.045400 0.280875
vt 0.435750 0.497827
vt 0.455085 0.498832
vt 0.460587 0.512443
vt 0.436986 0.513645
vt 0.050597 0.308659
vt 0.068694 0.299952
vt 0.407310 0.488102
vt 0.409470 0.508074
vt 0.072513 0.331990
vt 0.088646 0.320301
vt 0.379527 0.481904
vt 0.378123 0.501781
vt 0.079879 0.291537
vt 0.097643 0.308427
vt 0.384863 0.467990
vt 0.408565 0.474157
vt 0.058136 0.272732
vt 0.435968 0.482705
vt 0.045944 0.259038
vt 0.453986 0.485854
vt 0.057179 0.248133
vt 0.068880 0.259770
vt 0.441359 0.466741
vt 0.457404 0.470558
vt 0.063031 0.235647
vt 0.074742 0.245326
vt 0.450591 0.454158
vt 0.465000 0.459027
vt 0.089823 0.277013
vt 0.415676 0.458042
vt 0.097341 0.267758
vt 0.419591 0.446775
vt 0.106915 0.294692
vt 0.113923 0.284543
vt 0.391642 0.452860
vt 0.396574 0.441551
vt 0.730032 0.168192
vt 0.849239 0.389065
vt 0.766721 0.128497
vt 0.796782 0.120912
vt 0.925394 0.359212
vt 0.902556 0.380178
vt 0.812560 0.133280
vt 0.773702 0.138514
vt 0.898013 0.368845
vt 0.923716 0.339235
vt 0.091695 0.346718
vt 0.105865 0.335505
vt 0.357539 0.475314
vt 0.355503 0.493271
vt 0.119687 0.349813
vt 0.106671 0.359363
vt 0.336866 0.487234
vt 0.338098 0.471136
vt 0.115051 0.325681
vt 0.361030 0.462323
vt 0.129489 0.340169
vt 0.341110 0.457718
vt 0.124346 0.309010
vt 0.370283 0.445623
vt 0.135623 0.315540
vt 0.358783 0.439497
vt 0.127556 0.296265
vt 0.379416 0.436165
vt 0.135049 0.301680
vt 0.370860 0.432664
vt 0.345155 0.432413
vt 0.362132 0.428267
vt 0.143394 0.306768
vt 0.148840 0.323370
vt 0.320123 0.453979
vt 0.143754 0.356017
vt 0.315573 0.469149
vt 0.133279 0.367895
vt 0.118896 0.373667
vt 0.318270 0.484410
vt 0.827442 0.145235
vt 0.781726 0.149031
vt 0.893625 0.356365
vt 0.921891 0.320233
vt 0.756884 0.146220
vt 0.750623 0.139308
vt 0.884687 0.387702
vt 0.882342 0.378674
vt 0.743229 0.129526
vt 0.888804 0.399251
vt 0.733838 0.112765
vt 0.897662 0.416300
vt 0.713244 0.074234
vt 0.918563 0.454661
vt 0.706452 0.060360
vt 0.926428 0.467953
vt 0.697841 0.040193
vt 0.938552 0.486222
vt 0.481557 0.496469
vt 0.480504 0.485317
vt 0.037967 0.227906
vt 0.032502 0.236092
vt 0.066638 0.207804
vt 0.065912 0.218114
vt 0.046026 0.206879
vt 0.045196 0.200532
vt 0.047398 0.191564
vt 0.073823 0.202180
vt 0.504364 0.455933
vt 0.498503 0.458525
vt 0.478461 0.447409
vt 0.486879 0.441401
vt 0.487885 0.432325
vt 0.510859 0.449370
vt 0.080312 0.231697
vt 0.425665 0.430875
vt 0.459284 0.442266
vt 0.090574 0.212767
vt 0.082571 0.218418
vt 0.469416 0.433374
vt 0.469998 0.423590
vt 0.107664 0.254225
vt 0.112446 0.244108
vt 0.123451 0.236410
vt 0.431752 0.421481
vt 0.432482 0.408067
vt 0.123469 0.268400
vt 0.405263 0.424927
vt 0.128630 0.261418
vt 0.141437 0.253713
vt 0.408474 0.416859
vt 0.408251 0.401914
vt 0.136222 0.274776
vt 0.133075 0.281635
vt 0.388937 0.423755
vt 0.393105 0.417461
vt 0.140600 0.269798
vt 0.395023 0.411116
vt 0.150525 0.285186
vt 0.157707 0.265685
vt 0.143294 0.293786
vt 0.389469 0.394415
vt 0.376700 0.410814
vt 0.373214 0.421494
vt 0.146169 0.289231
vt 0.375565 0.416648
vt 0.167462 0.271401
vt 0.161457 0.300057
vt 0.152237 0.303503
vt 0.358289 0.409387
vt 0.379452 0.389150
vt 0.360234 0.419035
vt 0.155848 0.302145
vt 0.359480 0.415252
vt 0.168105 0.319733
vt 0.158029 0.321519
vt 0.338067 0.414136
vt 0.341873 0.423634
vt 0.161817 0.320629
vt 0.340627 0.419948
vt 0.159242 0.366301
vt 0.151404 0.362077
vt 0.303210 0.446263
vt 0.310937 0.450685
vt 0.154684 0.363975
vt 0.307593 0.448904
vt 0.143227 0.381428
vt 0.137131 0.375041
vt 0.298832 0.467851
vt 0.307473 0.469652
vt 0.308774 0.484753
vt 0.139545 0.377897
vt 0.303774 0.469112
vt 0.129807 0.391238
vt 0.841257 0.161337
vt 0.123623 0.381914
vt 0.297596 0.484429
vt 0.916014 0.299847
vt 0.126339 0.386513
vt 0.303437 0.484877
vt 0.785142 0.170414
vt 0.785659 0.159549
vt 0.833466 0.152814
vt 0.877624 0.341773
vt 0.886991 0.347305
vt 0.875344 0.377632
vt 0.918862 0.311037
vt 0.785584 0.164222
vt 0.836901 0.157094
vt 0.917168 0.305817
vt 0.883042 0.344803
vt 0.750526 0.159451
vt 0.753914 0.152642
vt 0.867793 0.376729
vt 0.752527 0.155964
vt 0.871806 0.376970
vt 0.739902 0.148929
vt 0.728384 0.157614
vt 0.718168 0.139505
vt 0.730531 0.140941
vt 0.745643 0.144840
vt 0.857178 0.396247
vt 0.870759 0.391385
vt 0.877329 0.388829
vt 0.742886 0.146916
vt 0.874080 0.389995
vt 0.737120 0.135280
vt 0.872292 0.403603
vt 0.866707 0.414726
vt 0.880642 0.401201
vt 0.734022 0.138868
vt 0.875942 0.401821
vt 0.721145 0.116131
vt 0.708290 0.116587
vt 0.728390 0.113506
vt 0.880441 0.435561
vt 0.887879 0.425064
vt 0.894051 0.420447
vt 0.724925 0.114826
vt 0.891045 0.422620
vt 0.703557 0.077949
vt 0.691959 0.080944
vt 0.709078 0.075000
vt 0.901268 0.468777
vt 0.910139 0.460722
vt 0.915636 0.457723
vt 0.706179 0.076326
vt 0.912936 0.459419
vt 0.693443 0.063808
vt 0.684101 0.064548
vt 0.700751 0.061327
vt 0.910667 0.484345
vt 0.916408 0.476939
vt 0.922492 0.472190
vt 0.697213 0.062375
vt 0.919674 0.474572
vt 0.685640 0.040859
vt 0.674675 0.039519
vt 0.693742 0.040667
vt 0.926419 0.505943
vt 0.931313 0.496058
vt 0.935909 0.489391
vt 0.689539 0.040545
vt 0.933709 0.492973
vt 0.041450 0.216789
vt 0.030176 0.203685
vt 0.492411 0.467581
vt 0.509543 0.470452
vt 0.709080 0.020290
vt 0.695735 0.021968
vt 0.719284 0.013941
vt 0.022383 0.241085
vt 0.011680 0.240197
vt 0.020469 0.226474
vt 0.961352 0.487733
vt 0.972264 0.482737
vt 0.487760 0.505128
vt 0.704066 0.009767
vt 0.009766 0.223324
vt 0.023056 0.213785
vt 0.688638 0.011896
vt 0.013760 0.206764
vt 0.691599 0.021646
vt 0.026333 0.206596
vt 0.950621 0.501606
vt 0.948795 0.503826
vt 0.683009 0.014650
vt 0.018109 0.201281
vt 0.688730 0.022034
vt 0.685988 0.022368
vt 0.028174 0.204952
vt 0.509399 0.472824
vt 0.675378 0.021567
vt 0.027808 0.194722
vt 0.681186 0.015927
vt 0.019843 0.199474
vt 0.518423 0.467768
vt 0.952627 0.497989
vt 0.484677 0.476306
vt 0.967172 0.497595
vt 0.964609 0.502288
vt 0.503056 0.498121
vt 0.494717 0.493852
vt 0.957176 0.509467
vt 0.499598 0.487834
vt 0.507841 0.494583
vt 0.504553 0.481805
vt 0.515312 0.486229
vt 0.508671 0.476707
vt 0.517891 0.479737
vt 0.951663 0.512666
vt 0.941761 0.515171
vt 0.947002 0.505916
vt 0.946557 0.514955
vt 0.518501 0.473444

# vertex normals
vn -0.911637 -0.378942 0.159127
vn -0.907914 -0.288528 0.304045
vn -0.256820 0.171918 0.951046
vn -0.417004 0.055872 0.907186
vn -0.481347 -0.487030 -0.728771
vn -0.324414 -0.533808 -0.780900
vn 0.023313 0.241109 0.970218
vn 0.037954 0.245456 0.968665
vn 0.461876 0.296463 0.835931
vn 0.592557 0.349491 0.725763
vn 0.967237 -0.052507 -0.248386
vn 0.978141 0.155403 -0.138165
vn 0.296792 -0.379836 -0.876150
vn 0.499826 -0.207872 -0.840811
vn -0.023215 -0.480081 -0.876917
vn 0.007656 -0.386138 -0.922409
vn -0.573855 -0.076614 0.815365
vn -0.943476 -0.331026 0.016589
vn -0.557609 -0.402726 -0.725868
vn -0.022886 0.115848 0.993003
vn 0.565930 0.232296 0.791051
vn 0.990592 0.133391 -0.030561
vn 0.592737 -0.153048 -0.790721
vn 0.012349 -0.319831 -0.947394
vn -0.671199 -0.033156 0.740535
vn -0.988181 -0.136750 -0.069264
vn -0.630515 -0.235680 -0.739531
vn -0.050297 0.024945 0.998423
vn 0.587215 0.022962 0.809105
vn 0.992985 -0.084127 0.083082
vn 0.603930 -0.253996 -0.755483
vn -0.042240 -0.284781 -0.957662
vn 0.897892 -0.320868 0.301387
vn 0.910011 -0.373953 0.178998
vn 0.456671 0.031557 0.889076
vn 0.319307 0.165501 0.933088
vn 0.379568 -0.545490 -0.747241
vn 0.537707 -0.498326 -0.680105
vn 0.028179 0.217322 0.975693
vn -0.063524 0.290486 0.954768
vn -0.606997 0.349101 0.713921
vn -0.539878 0.335095 0.772168
vn -0.978287 0.157226 -0.135035
vn -0.981016 -0.009954 -0.193673
vn -0.521078 -0.197722 -0.830291
vn -0.428477 -0.344070 -0.835478
vn 0.024630 -0.398297 -0.916926
vn -0.020217 -0.470084 -0.882390
vn 0.941603 -0.336313 0.016650
vn 0.587809 -0.090897 0.803877
vn 0.570342 -0.402702 -0.715919
vn 0.077835 0.089904 0.992904
vn -0.570030 0.221359 0.791243
vn -0.991081 0.128695 -0.034593
vn -0.589965 -0.156446 -0.792127
vn 0.014632 -0.326717 -0.945009
vn 0.987886 -0.135290 -0.076019
vn 0.682405 -0.033254 0.730218
vn 0.626777 -0.234035 -0.743222
vn 0.074755 0.022329 0.996952
vn -0.592712 0.025752 0.805003
vn -0.993777 -0.080771 0.076709
vn -0.594172 -0.252036 -0.763831
vn 0.057515 -0.280792 -0.958044
vn -0.948635 -0.155045 0.275778
vn -0.594621 -0.073771 0.800614
vn -0.582674 -0.020643 0.812444
vn -0.948003 -0.138613 0.286490
vn -0.838952 -0.265375 -0.475116
vn -0.828431 -0.228215 -0.511487
vn 0.078148 -0.022090 0.996697
vn 0.114550 0.047321 0.992290
vn 0.934349 -0.002968 0.356346
vn 0.896185 0.009798 0.443573
vn 0.946469 -0.028967 -0.321492
vn 0.955126 -0.081473 -0.284774
vn 0.668925 -0.086780 -0.738247
vn 0.630450 -0.177645 -0.755629
vn 0.059425 -0.183281 -0.981263
vn -0.049510 -0.281616 -0.958249
vn -0.615047 -0.091396 0.783175
vn -0.960071 -0.108757 0.257751
vn -0.836237 -0.173144 -0.520316
vn -0.005996 -0.133743 0.990998
vn 0.813640 -0.218244 0.538850
vn 0.927860 -0.235637 -0.289053
vn 0.596399 -0.238319 -0.766494
vn -0.072238 -0.237987 -0.968578
vn 0.953879 -0.126648 0.272168
vn 0.545890 -0.012538 0.837763
vn 0.656924 -0.147823 0.739324
vn 0.913709 -0.210757 -0.347444
vn 0.350724 -0.143697 -0.925388
vn 0.728295 -0.232182 -0.644731
vn -0.310713 0.045935 0.949393
vn -0.608577 -0.038082 0.792581
vn -0.912683 -0.011754 0.408500
vn -0.946040 0.013147 0.323783
vn -0.971637 -0.084481 -0.220872
vn -0.964803 0.013424 -0.262632
vn -0.625347 -0.163570 -0.763011
vn -0.672819 -0.033973 -0.739027
vn 0.057249 -0.236749 -0.969883
vn -0.200815 -0.074909 -0.976761
vn 0.967131 -0.109408 0.229538
vn 0.626386 -0.087063 0.774636
vn 0.810090 -0.185026 -0.556345
vn -0.006333 -0.136257 0.990653
vn -0.796978 -0.235128 0.556364
vn -0.921693 -0.257656 -0.289993
vn -0.560162 -0.250913 -0.789469
vn 0.084460 -0.241369 -0.966751
vn -0.186001 -0.084904 0.978874
vn -0.718815 -0.029906 0.694558
vn 0.723075 -0.028182 0.690194
vn 0.192060 -0.081239 0.978015
vn 0.682794 -0.209229 0.700011
vn -0.686178 -0.206176 0.697604
vn 0.954065 -0.283767 0.096102
vn -0.954844 -0.281394 0.095347
vn -0.995111 -0.084510 0.051117
vn 0.995104 -0.085632 0.049344
vn -0.769597 -0.225741 -0.597296
vn 0.767592 -0.228374 -0.598873
vn -0.143393 -0.358827 -0.922324
vn 0.150340 -0.359874 -0.920809
vn 0.640167 -0.379206 -0.668124
vn -0.634735 -0.380125 -0.672767
vn -0.642584 -0.064504 0.763495
vn -0.957543 -0.075325 0.278277
vn 0.959804 -0.085475 0.267340
vn 0.649719 -0.068763 0.757058
vn -0.836920 -0.225787 -0.498583
vn 0.828493 -0.245814 -0.503165
vn -0.012115 -0.154902 0.987856
vn 0.018484 -0.152942 0.988062
vn 0.708453 -0.304441 0.636718
vn -0.703168 -0.297829 0.645641
vn 0.905050 -0.344306 -0.249674
vn -0.905546 -0.338893 -0.255222
vn 0.620109 -0.336281 -0.708787
vn -0.602401 -0.336445 -0.723822
vn -0.024781 -0.342406 -0.939225
vn 0.036076 -0.356315 -0.933669
vn -0.535393 -0.674050 -0.508932
vn -0.974170 -0.225308 -0.015165
vn 0.974282 -0.224920 -0.013640
vn 0.536849 -0.675222 -0.505835
vn -0.981156 -0.053764 0.185588
vn 0.981314 -0.052792 0.185029
vn -0.783916 -0.012962 0.620732
vn 0.785582 -0.012833 0.618624
vn -0.954222 -0.084668 0.286865
vn -0.731209 -0.433619 -0.526600
vn 0.729199 -0.442183 -0.522249
vn 0.954510 -0.091673 0.283737
vn -0.653411 -0.021376 0.756702
vn 0.653410 -0.032866 0.756290
vn -0.983147 -0.089363 0.159488
vn -0.884656 0.054673 0.463028
vn 0.889861 0.052515 0.453199
vn 0.982743 -0.088110 0.162646
vn -0.025595 -0.145551 0.989020
vn 0.024362 -0.148989 0.988539
vn -0.718466 0.071768 0.691849
vn 0.722483 0.068232 0.688013
vn 0.677830 -0.329109 0.657445
vn -0.679381 -0.325367 0.657707
vn -0.197128 -0.085806 0.976616
vn 0.181787 -0.086475 0.979528
vn 0.893500 -0.408315 -0.186912
vn -0.897282 -0.400137 -0.186481
vn 0.487950 -0.305244 0.817760
vn -0.486937 -0.303295 0.819088
vn 0.687469 -0.441925 -0.576272
vn -0.689508 -0.438008 -0.576826
vn 0.878430 -0.457493 0.138062
vn -0.875981 -0.461679 0.139677
vn 0.207836 -0.531855 -0.820935
vn -0.205311 -0.534760 -0.819683
vn 0.778308 -0.529648 -0.337209
vn -0.777749 -0.533007 -0.333181
vn -0.593533 -0.123944 0.795209
vn 0.598478 -0.123171 0.791614
vn 0.555595 -0.475459 0.682094
vn -0.182968 -0.890315 -0.416968
vn -0.963315 -0.176947 0.201776
vn -0.554890 -0.487153 0.674373
vn 0.961874 -0.174513 0.210581
vn 0.173517 -0.903198 -0.392589
vn -0.880820 -0.236007 0.410435
vn 0.162979 -0.979631 0.117311
vn -0.150203 -0.981570 0.118151
vn 0.882251 -0.230507 0.410488
vn 0.641798 -0.672597 -0.368387
vn -0.647945 -0.671686 -0.359173
vn 0.724133 -0.684792 -0.081799
vn -0.725735 -0.682971 -0.082818
vn 0.860537 -0.506289 0.056094
vn -0.860360 -0.506956 0.052685
vn 0.660154 -0.676584 -0.326238
vn -0.659344 -0.677446 -0.326086
vn 0.228372 -0.683254 0.693549
vn -0.133613 -0.592671 0.794285
vn 0.133054 -0.592931 0.794185
vn -0.228666 -0.684206 0.692513
vn 0.399400 -0.792943 0.460132
vn -0.400235 -0.792608 0.459984
vn -0.226599 -0.297226 0.927529
vn -0.207079 -0.249497 0.945976
vn 0.022064 -0.335716 0.941705
vn -0.104565 -0.376087 0.920665
vn 0.226197 -0.297186 0.927640
vn 0.104749 -0.375999 0.920680
vn 0.206898 -0.249428 0.946033
vn -0.022155 -0.335739 0.941694
vn 0.240156 -0.390485 0.888733
vn -0.162638 -0.330462 0.929701
vn 0.162585 -0.330518 0.929690
vn -0.240187 -0.390462 0.888735
vn 0.290584 -0.641345 0.710097
vn -0.208076 -0.311570 0.927161
vn 0.208060 -0.311682 0.927127
vn -0.290596 -0.641378 0.710062
vn 0.082480 -0.810610 0.579749
vn -0.198199 -0.369393 0.907891
vn 0.198208 -0.369402 0.907885
vn -0.082491 -0.810620 0.579733
vn 0.101438 -0.947286 0.303908
vn -0.239869 -0.553617 0.797478
vn 0.239851 -0.553631 0.797474
vn -0.101471 -0.947284 0.303902
vn -0.095296 0.987862 0.122665
vn -0.107795 0.924508 0.365602
vn -0.000168 0.928181 0.372130
vn -0.000070 0.991964 0.126519
vn 0.108053 0.924489 0.365573
vn 0.095357 0.987862 0.122617
vn -0.420222 0.838345 0.347261
vn -0.258870 0.957053 0.130521
vn 0.258721 0.957090 0.130546
vn 0.420308 0.838179 0.347557
vn -0.095289 0.975171 -0.199905
vn 0.000000 0.982310 -0.187264
vn 0.095228 0.975176 -0.199908
vn -0.190493 0.962589 -0.192705
vn 0.190454 0.962597 -0.192703
vn -0.122289 0.825280 -0.551325
vn 0.000000 0.834877 -0.550437
vn 0.122243 0.825280 -0.551334
vn -0.237976 0.803696 -0.545381
vn 0.237974 0.803687 -0.545394
vn -0.167690 0.584013 -0.794235
vn 0.000000 0.608484 -0.793566
vn 0.167686 0.584012 -0.794236
vn -0.310916 0.557271 -0.769922
vn 0.310913 0.557267 -0.769926
vn -0.205814 0.298187 -0.932054
vn -0.000002 0.323068 -0.946376
vn 0.205817 0.298192 -0.932052
vn -0.372011 0.277616 -0.885741
vn 0.372023 0.277622 -0.885734
vn -0.208773 -0.220240 -0.952842
vn -0.000006 -0.220328 -0.975426
vn 0.208772 -0.220241 -0.952842
vn -0.361918 -0.213683 -0.907389
vn 0.361949 -0.213683 -0.907377
vn -0.175566 -0.470723 -0.864636
vn 0.000005 -0.478586 -0.878041
vn 0.175570 -0.470740 -0.864627
vn -0.285390 -0.448044 -0.847236
vn 0.285379 -0.448051 -0.847236
vn -0.124671 -0.587072 -0.799877
vn 0.000021 -0.594393 -0.804175
vn 0.124686 -0.587073 -0.799874
vn -0.227396 -0.557892 -0.798152
vn 0.227351 -0.557910 -0.798153
vn -0.122246 -0.681107 -0.721906
vn 0.000016 -0.683859 -0.729614
vn 0.122275 -0.681087 -0.721921
vn -0.242119 -0.684854 -0.687280
vn 0.242066 -0.684848 -0.687304
vn -0.180290 -0.974732 -0.131886
vn 0.000002 -0.996048 -0.088815
vn 0.130484 -0.882745 0.451370
vn -0.000126 -0.864838 0.502051
vn 0.180298 -0.974729 -0.131893
vn -0.330827 -0.943079 -0.033997
vn 0.330782 -0.943093 -0.034041
vn -0.130680 -0.882588 0.451620
vn -0.225845 -0.914276 0.336295
vn 0.226023 -0.914369 0.335922
vn -0.000201 -0.662114 0.749403
vn -0.006135 -0.707249 0.706938
vn 0.005773 -0.707293 0.706897
vn -0.021477 -0.795339 0.605784
vn 0.025893 -0.908065 0.418028
vn -0.234106 -0.959913 0.154145
vn 0.234296 -0.959877 0.154084
vn -0.025466 -0.908061 0.418064
vn 0.021954 -0.795333 0.605775
vn 0.156953 -0.567024 0.808609
vn -0.000098 -0.553243 0.833020
vn 0.068101 -0.552174 0.830943
vn -0.156623 -0.566907 0.808756
vn -0.068315 -0.552018 0.831029
vn 0.102476 -0.551412 0.827915
vn -0.102213 -0.551180 0.828102
vn 0.092910 -0.464741 0.880559
vn 0.121968 -0.418953 0.899779
vn 0.000000 -0.512688 0.858575
vn 0.069799 -0.501890 0.862110
vn -0.121894 -0.418944 0.899793
vn -0.092843 -0.464768 0.880552
vn -0.069843 -0.501912 0.862094
vn -0.364994 -0.930950 0.010534
vn 0.364996 -0.930949 0.010533
vn -0.397418 -0.912623 -0.095806
vn 0.397404 -0.912626 -0.095829
vn -0.337405 -0.719677 -0.606814
vn 0.337355 -0.719669 -0.606851
vn -0.302830 -0.539661 -0.785532
vn 0.302834 -0.539651 -0.785537
vn -0.377878 -0.387930 -0.840666
vn 0.377912 -0.387922 -0.840654
vn -0.449270 -0.191468 -0.872638
vn 0.449287 -0.191477 -0.872627
vn -0.469946 0.235511 -0.850697
vn 0.469944 0.235506 -0.850700
vn -0.406523 0.525856 -0.747138
vn 0.406525 0.525853 -0.747139
vn -0.330813 0.795619 -0.507497
vn 0.330847 0.795607 -0.507494
vn -0.291293 0.936889 -0.193361
vn 0.291303 0.936883 -0.193374
vn -0.309893 0.943525 0.117160
vn 0.309719 0.943590 0.117098
vn -0.484428 0.777521 0.400987
vn 0.484230 0.777473 0.401320
vn 0.474738 -0.877533 0.067526
vn -0.474742 -0.877531 0.067523
vn 0.478874 -0.742790 -0.467913
vn 0.498015 -0.854540 -0.147452
vn -0.497975 -0.854568 -0.147425
vn -0.478859 -0.742803 -0.467909
vn 0.425918 0.715450 0.553828
vn 0.427368 0.890509 0.156044
vn -0.427236 0.890558 0.156129
vn -0.425674 0.715658 0.553746
vn 0.416449 0.894294 -0.163732
vn -0.416409 0.894313 -0.163731
vn 0.433497 0.762961 -0.479553
vn -0.433519 0.762954 -0.479544
vn 0.497674 0.485926 -0.718468
vn -0.497687 0.485928 -0.718457
vn 0.547291 0.211535 -0.809769
vn -0.547296 0.211543 -0.809763
vn 0.535217 -0.141202 -0.832829
vn -0.535216 -0.141184 -0.832833
vn 0.473683 -0.331133 -0.816073
vn -0.473688 -0.331135 -0.816070
vn 0.432228 -0.537984 -0.723708
vn -0.432212 -0.538010 -0.723698
vn -0.659738 -0.686377 0.305995
vn 0.659759 -0.686353 0.306003
vn -0.582707 -0.802289 -0.129561
vn 0.582700 -0.802290 -0.129581
vn -0.622954 -0.739403 -0.255366
vn 0.622902 -0.739446 -0.255366
vn -0.640308 -0.525760 -0.559984
vn 0.640260 -0.525762 -0.560037
vn -0.638959 -0.237665 -0.731606
vn 0.638919 -0.237654 -0.731645
vn -0.667484 -0.060903 -0.742130
vn 0.667471 -0.060917 -0.742140
vn -0.659304 0.200230 -0.724725
vn 0.659304 0.200220 -0.724727
vn -0.609210 0.453985 -0.650201
vn 0.609206 0.453975 -0.650211
vn -0.559156 0.701072 -0.442541
vn 0.559160 0.701074 -0.442533
vn -0.556521 0.812521 -0.173473
vn 0.556604 0.812478 -0.173412
vn -0.571550 0.806001 0.153925
vn 0.571682 0.805913 0.153898
vn -0.511521 0.580437 0.633592
vn 0.511798 0.579827 0.633926
vn -0.891443 0.042282 0.451157
vn -0.858157 0.242345 0.452588
vn -0.936623 0.119795 0.329220
vn 0.857207 0.244884 0.453021
vn 0.891322 0.043476 0.451281
vn 0.935685 0.119133 0.332116
vn -0.809904 0.270829 0.520296
vn 0.812196 0.274313 0.514869
vn -0.624949 0.249066 0.739869
vn -0.313865 0.108593 0.943237
vn 0.623221 0.253374 0.739863
vn 0.295525 0.110889 0.948878
vn 0.535090 0.482499 0.693450
vn 0.627524 0.477769 0.614776
vn 0.490854 0.485926 0.723144
vn -0.491379 0.488641 0.720955
vn -0.628630 0.477660 0.613730
vn -0.538063 0.484444 0.689785
vn -0.388721 0.339623 0.856476
vn -0.256605 0.439964 0.860573
vn 0.255819 0.440932 0.860311
vn 0.388134 0.336766 0.857870
vn -0.548734 0.522958 0.652231
vn 0.549016 0.521891 0.652848
vn -0.625836 0.315685 0.713213
vn 0.628416 0.313057 0.712101
vn -0.669817 0.551724 0.496937
vn 0.669452 0.552430 0.496643
vn -0.721842 0.334003 0.606124
vn 0.720937 0.337012 0.605536
vn -0.549101 0.623747 0.556262
vn 0.549161 0.624169 0.555730
vn -0.587753 0.362873 0.723098
vn 0.586981 0.364338 0.722988
vn -0.123789 0.698962 0.704364
vn -0.504833 0.294970 0.811256
vn -0.403716 0.100795 0.909315
vn 0.004062 0.099745 0.995005
vn -0.020682 0.236219 0.971480
vn -0.000094 0.714807 0.699322
vn 0.123809 0.698654 0.704666
vn 0.021960 0.235713 0.971575
vn -0.001562 0.099063 0.995080
vn 0.403314 0.101216 0.909447
vn 0.502913 0.297127 0.811661
vn -0.075844 0.353018 0.932537
vn 0.075214 0.353978 0.932224
vn -0.000206 0.219160 0.975689
vn -0.000063 0.101503 0.994835
vn 0.000072 0.338616 0.940925
vn 0.152339 0.102994 0.982947
vn 0.734919 -0.197631 0.648719
vn -0.309729 0.399343 0.862898
vn -0.152897 0.104085 0.982746
vn -0.729746 -0.199715 0.653899
vn 0.311017 0.401660 0.861358
vn 0.788151 0.215395 0.576562
vn 0.680886 0.418488 0.601051
vn -0.790457 0.215367 0.573406
vn -0.683407 0.418173 0.598403
vn 0.807029 0.203420 0.554368
vn -0.807631 0.204105 0.553238
vn 0.939485 0.153485 0.306283
vn 0.796294 0.355263 0.489596
vn -0.938626 0.154615 0.308343
vn -0.797258 0.355268 0.488020
vn 0.726608 0.662784 0.180992
vn -0.726818 0.662486 0.181241
vn -0.745395 -0.423675 0.514671
vn 0.745409 -0.423669 0.514656
vn -0.788918 -0.121391 -0.602389
vn -0.803275 0.021412 -0.595224
vn 0.803302 0.021395 -0.595187
vn 0.788941 -0.121298 -0.602378
vn -0.873768 -0.325394 -0.361452
vn 0.873815 -0.325280 -0.361443
vn -0.843736 -0.523887 -0.116840
vn 0.843763 -0.523853 -0.116797
vn -0.795540 -0.605753 0.013400
vn 0.795551 -0.605738 0.013437
vn -0.937136 -0.041956 -0.346432
vn 0.937155 -0.041944 -0.346382
vn -0.729703 -0.226652 0.645106
vn 0.729703 -0.226742 0.645075
vn -0.789655 0.182638 -0.585738
vn -0.912730 0.105726 -0.394646
vn 0.789676 0.182604 -0.585720
vn 0.912751 0.105684 -0.394609
vn -0.971269 -0.233113 -0.047909
vn 0.971280 -0.233063 -0.047930
vn -0.921468 -0.348327 0.171943
vn 0.921477 -0.348304 0.171946
vn -0.715759 0.689211 -0.112596
vn 0.715738 0.689249 -0.112494
vn -0.930948 0.050252 0.361678
vn 0.930810 0.049746 0.362101
vn -0.940479 -0.186184 0.284315
vn 0.940522 -0.186207 0.284157
vn -0.996014 -0.072208 -0.052365
vn 0.996010 -0.072214 -0.052426
vn -0.715447 0.563827 -0.412595
vn 0.715480 0.563814 -0.412557
vn 0.845282 0.437902 -0.306170
vn 0.852539 0.522639 -0.005114
vn 0.928850 0.270982 0.252600
vn 0.987723 0.154038 0.025978
vn -0.793810 -0.252859 0.553107
vn 0.793624 -0.252420 0.553575
vn -0.844379 0.458400 0.277296
vn -0.845260 0.437909 -0.306221
vn -0.852580 0.522572 -0.005121
vn -0.987709 0.154129 0.026003
vn -0.928815 0.270918 0.252796
vn 0.844551 0.458349 0.276858
vn -0.888100 0.163179 0.429710
vn -0.892859 -0.075980 0.443881
vn 0.887927 0.163101 0.430097
vn 0.892860 -0.075829 0.443905
vn -0.756955 0.373384 -0.536287
vn 0.756972 0.373361 -0.536278
vn -0.876111 0.277729 -0.394076
vn 0.876137 0.277714 -0.394030
vn -0.997074 0.076042 -0.007804
vn -0.906023 -0.093178 0.412843
vn 0.906138 -0.093032 0.412624
vn 0.997071 0.076089 -0.007755
vn -0.673736 -0.193774 0.713114
vn 0.673730 -0.193776 0.713119
vn 0.798995 -0.596629 -0.075113
vn -0.797439 -0.598803 -0.074336
vn -0.765728 -0.048647 0.641323
vn 0.765480 -0.049318 0.641567
vn -0.483440 -0.231158 0.844306
vn 0.488622 -0.237280 0.839611
vn -0.126099 -0.065134 0.989877
vn 0.133853 -0.063150 0.988987
vn 0.203446 0.108003 0.973111
vn -0.202377 0.114393 0.972604
vn 0.468326 0.071165 0.880685
vn -0.464391 0.071161 0.882767
vn -0.741905 -0.019732 0.670215
vn 0.740451 -0.021098 0.671779
vn -0.245667 -0.959773 -0.135952
vn -0.723183 0.182393 0.666137
vn -0.044941 -0.414281 -0.909039
vn 0.041196 -0.389659 -0.920037
vn 0.722290 0.168055 0.670861
vn 0.224499 -0.954039 -0.198521
vn -0.135539 -0.213753 0.967439
vn 0.159415 -0.172940 0.971946
vn -0.703983 -0.140535 0.696174
vn -0.241555 -0.062650 0.968363
vn 0.244289 -0.066742 0.967403
vn 0.698359 -0.146335 0.700629
vn 0.447762 -0.597435 -0.665267
vn -0.473119 -0.573124 -0.669095
vn 0.000078 0.044442 0.999012
vn -0.122392 -0.013529 0.992390
vn 0.125026 -0.013320 0.992064
vn 0.000000 0.003536 0.999994
vn -0.641807 -0.208353 0.738020
vn 0.642902 -0.207455 0.737319
vn -0.788494 -0.328470 0.519986
vn 0.000000 -0.274919 0.961467
vn 0.788494 -0.328470 0.519985
vn 0.000000 -0.488749 -0.872424
vn 0.481842 -0.258156 -0.837367
vn -0.480602 -0.261904 -0.836916
vn 0.536657 -0.355448 -0.765281
vn -0.537115 -0.355316 -0.765022
vn 0.001375 -0.236723 -0.971576
vn 0.065699 -0.548581 -0.833512
vn -0.064730 -0.548292 -0.833778
vn 0.002578 -0.246271 -0.969198
vn 0.235899 -0.518418 -0.821946
vn -0.233525 -0.512397 -0.826387
vn 0.498478 -0.794037 -0.347888
vn -0.503450 -0.789150 -0.351825
vn 0.119343 -0.531859 -0.838381
vn 0.001570 -0.499945 -0.866056
vn -0.117078 -0.528939 -0.840545
vn 0.071454 -0.955469 -0.286311
vn -0.071490 -0.954621 -0.289116
vn -0.000389 -0.944205 -0.329357
vn -0.736076 -0.555594 0.386662
vn 0.736223 -0.556244 0.385446
vn 0.144084 -0.541121 0.828509
vn -0.143869 -0.541041 0.828599
vn -0.658921 -0.752211 0.001481
vn -0.294661 -0.732265 0.613973
vn 0.658588 -0.752503 -0.001025
vn 0.294200 -0.731632 0.614948
vn -0.275095 -0.468203 0.839707
vn 0.274933 -0.471836 0.837725
vn 0.189680 -0.435429 0.880013
vn -0.189456 -0.435403 0.880074
vn 0.042367 -0.427341 0.903097
vn -0.037823 -0.429584 0.902235
vn 0.065850 -0.524456 0.848887
vn -0.066676 -0.524670 0.848691
vn 0.180177 -0.513724 0.838823
vn -0.176817 -0.513525 0.839659
vn 0.208333 -0.763006 0.611898
vn -0.207597 -0.761474 0.614052
vn 0.120684 -0.516114 0.847975
vn 0.136373 -0.444955 0.885109
vn -0.133437 -0.445513 0.885276
vn -0.120757 -0.515884 0.848104
vn 0.053108 -0.768485 0.637661
vn -0.052933 -0.768257 0.637949
vn 0.069603 -0.478176 0.875502
vn -0.069224 -0.475421 0.877031
vn -0.000461 -0.660437 0.750881
vn -0.110428 -0.391040 0.913725
vn 0.109580 -0.393634 0.912713
vn 0.000000 -0.297716 0.954655
vn -0.170347 -0.462721 0.869983
vn 0.170369 -0.462454 0.870121
vn -0.225956 -0.504923 0.833065
vn 0.225981 -0.504979 0.833024
vn -0.024426 -0.457856 0.888691
vn 0.024470 -0.457923 0.888655
vn -0.141067 -0.580980 0.801600
vn 0.141276 -0.581049 0.801513
vn 0.096369 -0.437705 0.893939
vn 0.122157 -0.356911 0.926117
vn -0.096132 -0.437538 0.894047
vn -0.122107 -0.356895 0.926130
vn 0.098787 -0.395493 0.913141
vn -0.043848 -0.568185 0.821732
vn -0.098807 -0.395484 0.913143
vn 0.044153 -0.568120 0.821760
vn -0.668109 -0.194376 0.718225
vn -0.757665 -0.045186 0.651078
vn -0.905352 -0.089980 0.415019
vn -0.775454 -0.298319 0.556487
vn 0.775458 -0.298324 0.556478
vn 0.905357 -0.089985 0.415008
vn 0.757665 -0.045186 0.651077
vn 0.668109 -0.194376 0.718226
vn -0.061049 -0.102777 0.992829
vn 0.014710 -0.065546 0.997741
vn 0.001952 0.043995 0.999030
vn -0.059488 0.049730 0.996990
vn 0.059482 0.049730 0.996990
vn -0.001953 0.043990 0.999030
vn -0.014708 -0.065542 0.997741
vn 0.061044 -0.102778 0.992830
vn 0.129912 0.059694 0.989727
vn 0.122442 -0.149612 0.981134
vn 0.140215 -0.162109 0.976760
vn 0.155531 0.062076 0.985879
vn -0.155524 0.062074 0.985880
vn -0.140213 -0.162111 0.976760
vn -0.122444 -0.149612 0.981134
vn -0.129913 0.059692 0.989727
vn -0.028777 0.188869 0.981581
vn 0.031230 0.212358 0.976693
vn 0.099008 0.249508 0.963298
vn 0.122991 0.257238 0.958489
vn -0.031227 0.212354 0.976694
vn 0.028777 0.188869 0.981581
vn -0.122996 0.257238 0.958489
vn -0.099009 0.249504 0.963299
vn -0.867410 0.165274 0.469344
vn -0.715675 0.159550 0.679966
vn 0.715673 0.159556 0.679967
vn 0.867410 0.165272 0.469346
vn -0.855805 -0.439018 0.273608
vn -0.988832 -0.144107 0.037996
vn -0.977117 0.197477 0.079028
vn -0.982942 -0.163173 -0.084850
vn -0.865206 -0.473928 0.163741
vn -0.975668 0.206860 -0.072673
vn 0.988832 -0.144108 0.038001
vn 0.855806 -0.439015 0.273610
vn 0.977118 0.197471 0.079029
vn 0.865209 -0.473918 0.163755
vn 0.982944 -0.163171 -0.084834
vn 0.975669 0.206854 -0.072672
vn -0.794234 0.524292 0.307099
vn -0.803240 0.559525 0.204299
vn -0.573524 0.633832 0.518968
vn -0.575102 0.682025 0.451774
vn -0.723238 0.398610 0.563948
vn 0.722760 0.398544 0.564607
vn 0.795553 0.522185 0.307277
vn -0.497460 0.509900 0.701809
vn -0.600711 0.317095 0.733892
vn 0.600716 0.317096 0.733887
vn -0.449592 0.395952 0.800680
vn 0.504543 0.506828 0.698972
vn 0.448682 0.388886 0.804644
vn -0.476060 0.228387 0.849239
vn -0.379577 0.264820 0.886449
vn 0.383891 0.263470 0.884992
vn 0.476063 0.228384 0.849238
vn -0.523459 0.131579 0.841830
vn 0.523459 0.131589 0.841828
vn -0.397207 0.129342 0.908569
vn 0.400082 0.126408 0.907720
vn -0.553511 0.017916 0.832649
vn 0.553511 0.017913 0.832649
vn -0.415183 0.020016 0.909518
vn 0.415178 0.020015 0.909520
vn -0.515245 -0.077949 0.853491
vn 0.515245 -0.077949 0.853491
vn -0.394059 -0.077624 0.915801
vn 0.394054 -0.077624 0.915803
vn -0.367872 -0.215396 0.904585
vn -0.468503 -0.205121 0.859320
vn 0.468503 -0.205121 0.859320
vn 0.367870 -0.215392 0.904587
vn -0.525245 -0.316717 0.789816
vn 0.564845 -0.461339 0.684190
vn 0.525245 -0.316717 0.789816
vn -0.379516 -0.334479 0.862608
vn 0.379516 -0.334479 0.862608
vn -0.564842 -0.461338 0.684193
vn -0.379446 -0.473692 0.794756
vn 0.379445 -0.473693 0.794755
vn -0.595273 -0.597367 0.537404
vn 0.595274 -0.597365 0.537405
vn -0.378774 -0.607531 0.698167
vn 0.378772 -0.607531 0.698168
vn -0.588960 -0.637689 0.496466
vn -0.370895 -0.650168 0.663113
vn 0.370893 -0.650164 0.663118
vn 0.588960 -0.637687 0.496470
vn 0.032998 0.428484 0.902947
vn 0.003259 0.431364 0.902172
vn -0.333449 0.647872 0.684889
vn -0.305582 0.675408 0.671151
vn -0.003257 0.431365 0.902172
vn -0.033003 0.428491 0.902943
vn -0.132278 0.559338 0.818318
vn -0.091500 0.566581 0.818910
vn 0.093669 0.567637 0.817933
vn 0.128583 0.564797 0.815151
vn -0.323058 0.528223 0.785248
vn -0.161054 0.457556 0.874474
vn -0.037895 0.348923 0.936385
vn 0.037902 0.348919 0.936386
vn 0.153427 0.452871 0.878276
vn -0.308955 0.412294 0.857065
vn -0.081811 0.300953 0.950123
vn 0.308336 0.390833 0.867282
vn 0.294928 0.281188 0.913209
vn 0.325560 0.531100 0.782268
vn 0.081815 0.300958 0.950121
vn -0.183175 0.360010 0.914789
vn 0.185179 0.355544 0.916132
vn -0.295826 0.296106 0.908189
vn -0.222384 0.248021 0.942884
vn -0.142574 0.219766 0.965078
vn 0.220613 0.248532 0.943166
vn 0.142575 0.219772 0.965076
vn -0.288163 0.154430 0.945047
vn -0.281448 0.022777 0.959306
vn -0.111727 0.136649 0.984299
vn 0.287886 0.148349 0.946105
vn 0.111730 0.136644 0.984299
vn -0.212549 0.132089 0.968181
vn 0.210479 0.129325 0.969006
vn -0.093484 0.040991 0.994777
vn -0.198487 0.031563 0.979595
vn 0.093490 0.040995 0.994776
vn 0.198489 0.031559 0.979595
vn 0.281446 0.022774 0.959307
vn -0.273177 -0.083437 0.958338
vn -0.100176 -0.036673 0.994294
vn 0.273175 -0.083433 0.958339
vn 0.100184 -0.036670 0.994293
vn -0.193769 -0.054550 0.979529
vn 0.193775 -0.054544 0.979529
vn -0.261364 -0.210161 0.942083
vn 0.261362 -0.210159 0.942084
vn -0.186582 -0.169812 0.967652
vn -0.112336 -0.135018 0.984455
vn 0.112336 -0.135034 0.984452
vn 0.186581 -0.169816 0.967652
vn -0.251726 -0.323344 0.912186
vn -0.074152 -0.180312 0.980810
vn -0.156471 -0.264653 0.951565
vn 0.251720 -0.323343 0.912188
vn 0.229202 -0.441755 0.867363
vn 0.156464 -0.264655 0.951565
vn 0.074158 -0.180322 0.980808
vn -0.229206 -0.441757 0.867361
vn -0.005461 -0.248308 0.968666
vn 0.005467 -0.248309 0.968665
vn -0.111309 -0.352813 0.929050
vn 0.111312 -0.352807 0.929052
vn -0.201404 -0.554904 0.807167
vn 0.058116 -0.318959 0.945985
vn 0.201405 -0.554899 0.807170
vn -0.058119 -0.318963 0.945984
vn -0.065633 -0.452351 0.889422
vn 0.065636 -0.452348 0.889423
vn 0.076093 -0.328370 0.941479
vn -0.031051 -0.455877 0.889501
vn -0.181596 -0.585374 0.790165
vn -0.076102 -0.328378 0.941476
vn 0.031048 -0.455879 0.889500
vn 0.181599 -0.585368 0.790169
vn 0.338255 0.662710 0.668131
vn 0.576757 0.641451 0.505858
vn 0.576655 0.684365 0.446222
vn 0.312851 0.679543 0.663585
vn 0.804131 0.558666 0.203141
vn -0.238293 -0.249304 0.938650
vn -0.199839 -0.250269 0.947328
vn -0.000167 -0.260629 0.965439
vn -0.000137 -0.314327 0.949315
vn 0.199827 -0.250328 0.947315
vn 0.238355 -0.248899 0.938742
vn -0.209752 -0.352838 0.911871
vn -0.000039 -0.391036 0.920375
vn 0.209733 -0.352931 0.911840
vn -0.215253 -0.588978 0.778955
vn 0.000027 -0.649260 0.760567
vn 0.215303 -0.589016 0.778912
vn -0.136902 -0.808423 0.572459
vn 0.000025 -0.827750 0.561097
vn 0.137066 -0.808435 0.572403
vn 0.000034 -0.790685 -0.612223
vn 0.196578 -0.792093 -0.577881
vn 0.180445 -0.819749 -0.543555
vn 0.000040 -0.834055 -0.551681
vn -0.180313 -0.819761 -0.543580
vn -0.196442 -0.792118 -0.577893
vn -0.295335 -0.844075 -0.447564
vn 0.000067 -0.941133 -0.338037
vn -0.328887 -0.793917 -0.511400
vn 0.295497 -0.844045 -0.447514
vn 0.366679 -0.893285 -0.259979
vn 0.000057 -0.981760 -0.190124
vn 0.329051 -0.793875 -0.511358
vn -0.368285 -0.891798 -0.262798
vn 0.547826 -0.755596 -0.359112
vn -0.542405 -0.757702 -0.362883
vn 0.236667 0.034117 0.970992
vn -0.000253 0.058520 0.998286
vn -0.000078 -0.078791 0.996891
vn 0.259745 -0.017932 0.965511
vn -0.259614 -0.017674 0.965551
vn -0.236605 0.034402 0.970997
vn -0.000137 -0.074991 0.997184
vn 0.204735 -0.080756 0.975480
vn -0.204779 -0.081155 0.975438
vn 0.198669 -0.087903 0.976117
vn 0.181944 0.007825 0.983278
vn 0.000063 0.040156 0.999193
vn 0.000080 -0.079240 0.996856
vn -0.181938 0.007819 0.983279
vn -0.198672 -0.087891 0.976117
vn -0.554894 -0.173466 0.813635
vn -0.427558 -0.018879 0.903791
vn -0.745468 0.020946 0.666212
vn -0.859507 -0.161862 0.484818
vn 0.859478 -0.161769 0.484901
vn 0.745479 0.020990 0.666198
vn 0.427825 -0.019008 0.903662
vn 0.554870 -0.173399 0.813666
vn -0.633121 -0.349796 0.690508
vn -0.857041 -0.309431 0.411987
vn 0.857024 -0.309426 0.412025
vn 0.633040 -0.349729 0.690616
vn -0.824675 -0.454724 0.336359
vn -0.646903 -0.483253 0.589901
vn 0.646142 -0.483631 0.590425
vn 0.824628 -0.454646 0.336581
vn -0.637391 -0.588539 0.497347
vn -0.767067 -0.578863 0.276635
vn 0.769357 -0.572753 0.282919
vn 0.634251 -0.589565 0.500139
vn -0.553745 -0.727778 0.404605
vn -0.615248 -0.750028 0.242752
vn 0.609223 -0.753418 0.247403
vn 0.551611 -0.724901 0.412606
vn -0.470768 -0.856507 0.211597
vn -0.419668 -0.849729 0.319123
vn 0.420495 -0.847228 0.324636
vn 0.470406 -0.857412 0.208715
vn -0.217133 -0.951451 0.218161
vn -0.210532 -0.938982 0.272011
vn 0.214064 -0.937362 0.274827
vn 0.219300 -0.951249 0.216870
vn 0.000103 -0.950424 0.310957
vn -0.120203 -0.932337 0.341025
vn 0.120456 -0.932350 0.340903
vn 0.000041 -0.976385 0.216037
vn 0.000097 -0.964468 0.264200
vn 0.390405 -0.087213 0.916503
vn 0.229226 0.155025 0.960949
vn -0.267218 -0.232698 0.935118
vn -0.280899 -0.028832 0.959304
vn -0.390145 -0.087231 0.916612
vn -0.464182 -0.328970 0.822383
vn 0.281072 -0.028966 0.959250
vn 0.267500 -0.232428 0.935105
vn 0.464333 -0.328772 0.822377
vn -0.342392 -0.276361 0.897994
vn -0.326674 -0.026085 0.944777
vn 0.326740 -0.026182 0.944752
vn 0.342426 -0.276245 0.898016
vn -0.502376 -0.434397 0.747608
vn -0.289428 -0.272783 0.917508
vn 0.503621 -0.434299 0.746826
vn 0.289736 -0.272828 0.917397
vn -0.400668 -0.368947 0.838655
vn 0.398926 -0.366746 0.840449
vn -0.329855 -0.383906 0.862445
vn -0.525147 -0.550025 0.649379
vn 0.330076 -0.383948 0.862342
vn 0.525752 -0.548407 0.650257
vn -0.443405 -0.500004 0.743900
vn 0.439616 -0.494989 0.749482
vn -0.341347 -0.595160 0.727507
vn -0.492777 -0.678952 0.544238
vn 0.341468 -0.595194 0.727423
vn 0.491541 -0.678006 0.546531
vn -0.431256 -0.654734 0.620758
vn 0.426555 -0.651084 0.627806
vn -0.408924 -0.809491 0.421314
vn -0.229638 -0.918602 0.321616
vn -0.280276 -0.778138 0.562091
vn -0.190383 -0.926344 0.325025
vn 0.408710 -0.810250 0.420061
vn 0.230912 -0.918397 0.321289
vn 0.280352 -0.778161 0.562022
vn 0.190035 -0.926554 0.324630
vn -0.368840 -0.797417 0.477581
vn 0.363727 -0.798269 0.480071
vn -0.422675 -0.135111 0.896154
vn -0.481141 -0.093291 0.871665
vn 0.481064 -0.093284 0.871709
vn 0.422634 -0.135104 0.896174
vn -0.407125 0.034332 0.912727
vn -0.626462 0.016455 0.779278
vn 0.407216 0.034727 0.912671
vn 0.626456 0.016478 0.779283
vn -0.351274 0.170374 0.920641
vn -0.416950 0.429203 0.801210
vn 0.351403 0.170118 0.920639
vn 0.416794 0.429204 0.801291
vn -0.284490 0.233904 0.929707
vn -0.147969 0.429242 0.890986
vn 0.284573 0.233653 0.929744
vn 0.148078 0.429261 0.890959
vn -0.228912 0.155245 0.960988
vn -0.194632 0.100595 0.975704
vn 0.194973 0.100430 0.975653
vn -0.577595 0.051486 0.814698
vn -0.001068 -0.068754 0.997633
vn 0.577691 0.051350 0.814639
vn 0.001133 -0.068712 0.997636
vn -0.436121 -0.096594 0.894689
vn -0.113318 -0.408043 0.905903
vn 0.113376 -0.407993 0.905918
vn 0.436166 -0.096465 0.894681
vn -0.385990 -0.202126 0.900087
vn -0.415480 -0.428007 0.802612
vn -0.429216 -0.251182 0.867572
vn -0.382561 -0.236957 0.893028
vn 0.415504 -0.427987 0.802611
vn 0.386047 -0.202137 0.900060
vn 0.382562 -0.236925 0.893036
vn 0.429284 -0.251172 0.867541
vn 0.000086 0.292339 0.956315
vn 0.193099 0.231214 0.953547
vn -0.193052 0.231170 0.953568
vn -0.170282 0.619666 0.766171
vn 0.000134 0.632284 0.774737
vn 0.000162 0.842350 0.538930
vn -0.115411 0.840751 0.528978
vn 0.115610 0.840737 0.528958
vn 0.170414 0.619669 0.766139
vn -0.307661 0.200745 0.930079
vn -0.261894 0.625943 0.734579
vn -0.196211 0.839046 0.507447
vn -0.354014 0.256716 0.899317
vn 0.450509 0.369458 0.812737
vn 0.354111 0.256817 0.899250
vn -0.450479 0.369364 0.812797
vn -0.426468 0.702491 0.569764
vn -0.313633 0.694573 0.647458
vn -0.279858 0.840450 0.464030
vn -0.387415 0.827074 0.407256
vn 0.313708 0.694576 0.647420
vn 0.426541 0.702500 0.569698
vn 0.387537 0.827033 0.407225
vn 0.279916 0.840418 0.464053
vn -0.516550 0.398663 0.757789
vn 0.516743 0.398759 0.757607
vn -0.491282 0.793798 0.358506
vn -0.512684 0.709894 0.482913
vn 0.512862 0.709836 0.482810
vn 0.491476 0.793692 0.358476
vn -0.640301 0.366820 0.674877
vn 0.640407 0.367032 0.674660
vn -0.661133 0.633420 0.402098
vn -0.656386 0.700236 0.280761
vn 0.661225 0.633404 0.401971
vn 0.656502 0.700110 0.280804
vn -0.776685 0.262945 0.572381
vn 0.776822 0.262974 0.572182
vn 0.883969 0.120652 0.451711
vn -0.827735 0.527691 0.190778
vn -0.829562 0.470978 0.300010
vn 0.829580 0.471028 0.299882
vn 0.827773 0.527626 0.190793
vn -0.883919 0.120503 0.451848
vn 0.961221 -0.069530 0.266870
vn -0.947925 0.276557 0.157968
vn -0.929126 0.357796 0.093311
vn 0.947944 0.276593 0.157791
vn 0.929151 0.357740 0.093279
vn -0.961145 -0.069701 0.267098
vn -0.996831 0.073903 0.029434
vn -0.989309 0.142814 -0.029513
vn 0.996817 0.074079 0.029466
vn 0.989307 0.142876 -0.029294
vn -0.944800 -0.238137 0.225041
vn -0.993403 -0.111362 -0.027360
vn -0.993744 -0.071426 -0.085850
vn 0.944906 -0.238037 0.224701
vn 0.993818 -0.071343 -0.085069
vn 0.993416 -0.111297 -0.027166
vn -0.902502 -0.400267 0.158986
vn 0.902671 -0.400016 0.158655
vn -0.951312 -0.281617 -0.125292
vn -0.943395 -0.324949 -0.066443
vn 0.943449 -0.324847 -0.066165
vn 0.951412 -0.281720 -0.124297
vn -0.827418 -0.539945 0.154398
vn 0.831449 -0.534105 0.153050
vn -0.871987 -0.487603 -0.043383
vn -0.824963 -0.517159 -0.227996
vn 0.861847 -0.502597 -0.067949
vn 0.813398 -0.538017 -0.221182
vn -0.401997 -0.898600 -0.175833
vn 0.000038 -0.992258 -0.124191
vn -0.626798 -0.736781 -0.253530
vn -0.730169 -0.586990 -0.349709
vn -0.653125 -0.749054 0.111116
vn 0.715235 -0.618292 -0.325812
vn 0.618903 -0.742447 -0.256381
vn 0.661124 -0.741285 0.115809
vn -0.683941 -0.729522 -0.004696
vn 0.674024 -0.736189 -0.060973
vn -0.486263 -0.863814 0.131811
vn 0.400591 -0.900203 -0.170769
vn 0.491471 -0.861635 0.126656
vn -0.485336 -0.874059 0.021680
vn 0.496477 -0.868049 -0.001463
vn -0.219657 -0.959932 0.174015
vn 0.183839 -0.980036 -0.075717
vn 0.000033 -0.997627 -0.068854
vn 0.220198 -0.959700 0.174610
vn -0.183762 -0.980032 -0.075956
vn -0.207852 -0.970843 0.119422
vn 0.205368 -0.971349 0.119603
vn 0.000039 -0.980297 0.197529
vn 0.000081 -0.987933 0.154882
vn 0.307612 0.200815 0.930080
vn 0.261903 0.625971 0.734553
vn 0.196297 0.839014 0.507468
vn 0.391328 0.470609 0.790815
vn 0.562127 0.099386 0.821058
vn 0.000060 0.067679 0.997707
vn 0.000028 0.438430 0.898766
vn -0.391336 0.470579 0.790830
vn -0.562122 0.099367 0.821063
vn 0.000033 -0.020532 0.999789
vn -0.000011 0.017998 0.999838
vn -0.512260 0.025186 0.858461
vn -0.561783 -0.016724 0.827116
vn 0.561804 -0.016866 0.827098
vn 0.512276 0.024887 0.858460
vn 0.916876 -0.027311 0.398238
vn 0.893916 0.031742 0.447109
vn -0.893900 0.031944 0.447127
vn -0.916897 -0.027229 0.398194
vn 0.000007 0.433230 0.901284
vn -0.247469 0.465216 0.849902
vn 0.247467 0.465226 0.849897
vn -0.000001 0.241578 0.970381
vn -0.216132 0.239997 0.946408
vn 0.216139 0.239998 0.946406
vn -0.460796 0.519903 0.719283
vn -0.486100 0.238025 0.840863
vn 0.486125 0.238017 0.840851
vn 0.460791 0.519903 0.719286
vn -0.504143 0.530355 0.681589
vn -0.641492 0.133825 0.755366
vn 0.641485 0.133828 0.755373
vn 0.504144 0.530336 0.681603
vn 0.404387 -0.593570 0.695806
vn 0.058106 -0.348062 0.935669
vn -0.261216 -0.187166 0.946961
vn -0.029684 -0.335191 0.941682
vn 0.029716 -0.335238 0.941665
vn 0.261183 -0.187184 0.946967
vn -0.058091 -0.348035 0.935680
vn -0.404369 -0.593578 0.695810
vn -0.730391 -0.071216 0.679307
vn -0.711566 -0.172617 0.681085
vn -0.553514 -0.575592 0.601927
vn 0.244680 -0.617430 0.747604
vn 0.280816 -0.418520 0.863703
vn -0.647911 -0.398005 0.649464
vn 0.711558 -0.172632 0.681090
vn 0.730393 -0.071227 0.679304
vn 0.647906 -0.397974 0.649488
vn -0.280813 -0.418450 0.863738
vn -0.244683 -0.617441 0.747594
vn 0.553515 -0.575594 0.601924
vn 0.183718 -0.378442 0.907210
vn -0.643821 -0.315677 0.697025
vn 0.643801 -0.315661 0.697050
vn -0.183682 -0.378419 0.907227
vn -0.000068 -0.861763 0.507311
vn 0.000021 -0.414533 0.910034
vn -0.000000 -0.995035 -0.099524
vn -0.751768 -0.658499 -0.034974
vn 0.751656 -0.658629 -0.034953
vn 0.920235 0.145475 0.363323
vn -0.920274 0.145448 0.363236
vn 0.609947 0.653175 0.448695
vn -0.609990 0.653151 0.448671
vn -0.000023 0.039148 -0.999233
vn 0.479320 0.035061 -0.876940
vn 0.466242 -0.008381 -0.884618
vn 0.000048 -0.013180 -0.999913
vn -0.466315 -0.008184 -0.884581
vn -0.479443 0.035209 -0.876866
vn 0.000107 -0.010243 -0.999948
vn 0.000018 0.365692 -0.930736
vn -0.318515 0.417660 -0.850946
vn -0.480612 0.012429 -0.876845
vn 0.480592 0.012391 -0.876857
vn 0.318502 0.417730 -0.850916
vn -0.252022 0.402756 -0.879928
vn -0.000007 0.363875 -0.931448
vn 0.252023 0.402754 -0.879928
vn 0.477636 0.830211 0.287425
vn -0.477648 0.830204 0.287426
vn -0.826749 -0.458568 0.325887
vn 0.826791 -0.458519 0.325847
vn -0.907116 -0.340830 0.246931
vn 0.907171 -0.340760 0.246826
vn -0.815339 -0.536739 0.217104
vn 0.815340 -0.536729 0.217123
vn 0.789825 -0.396242 -0.468154
vn 0.586499 -0.809481 -0.027575
vn 0.603195 -0.580597 -0.546867
vn -0.586485 -0.809489 -0.027609
vn -0.123130 -0.937697 0.324905
vn 0.123124 -0.937693 0.324918
vn 0.383972 -0.878860 0.283144
vn -0.383991 -0.878850 0.283148
vn 0.737252 -0.674275 0.042572
vn 0.874603 -0.475429 0.095063
vn -0.874616 -0.475403 0.095076
vn -0.737237 -0.674289 0.042609
vn 0.932290 -0.339106 0.125869
vn -0.932304 -0.339083 0.125828
vn 0.950360 -0.264336 0.164139
vn -0.950357 -0.264368 0.164108
vn 0.979148 -0.091473 0.181389
vn 0.982372 0.006653 0.186819
vn -0.982372 0.006649 0.186819
vn -0.979147 -0.091476 0.181391
vn -0.603141 -0.580630 -0.546891
vn -0.192194 -0.752508 -0.629915
vn 0.250911 -0.795499 -0.551566
vn 0.192174 -0.752546 -0.629876
vn -0.251014 -0.795506 -0.551509
vn -0.789818 -0.396357 -0.468069
vn 0.459192 -0.602932 -0.652392
vn -0.459144 -0.602921 -0.652436
vn 0.568388 -0.458838 -0.682937
vn -0.568397 -0.458725 -0.683005
vn -0.206918 -0.474200 -0.855757
vn 0.206896 -0.473998 -0.855874
vn -0.786712 -0.326098 -0.524161
vn -0.121439 -0.412113 -0.903004
vn 0.786730 -0.325938 -0.524233
vn 0.121467 -0.411916 -0.903090
vn 0.624903 -0.398532 -0.671318
vn -0.624894 -0.398545 -0.671319
vn -0.115528 -0.444754 -0.888171
vn 0.115594 -0.444782 -0.888148
vn -0.819367 -0.014992 -0.573073
vn -0.779379 -0.140095 -0.610689
vn 0.688812 -0.368619 -0.624226
vn 0.779351 -0.140068 -0.610732
vn -0.688807 -0.368694 -0.624187
vn 0.010718 -0.458435 -0.888663
vn -0.010685 -0.458558 -0.888600
vn -0.766305 -0.412706 -0.492393
vn 0.766261 -0.412831 -0.492357
vn -0.487036 -0.445652 -0.751126
vn 0.486987 -0.445723 -0.751116
vn -0.683644 -0.660458 -0.310525
vn 0.000138 -0.970515 -0.241041
vn 0.683494 -0.660738 -0.310260
vn -0.484856 -0.618119 -0.618744
vn -0.194485 -0.500756 -0.843456
vn -0.129185 -0.327286 -0.936053
vn 0.484766 -0.618054 -0.618879
vn 0.129259 -0.327165 -0.936085
vn 0.194409 -0.500555 -0.843594
vn -0.057423 -0.258754 -0.964235
vn -0.000204 -0.321781 -0.946814
vn -0.000158 -0.610465 -0.792043
vn 0.057537 -0.258879 -0.964195
vn 0.000163 -0.824125 -0.566408
vn 0.364995 -0.233957 -0.901134
vn -0.364978 -0.233975 -0.901136
vn 0.127624 -0.180058 -0.975342
vn 0.819342 -0.014999 -0.573108
vn -0.127533 -0.180059 -0.975353
vn -0.496844 -0.077646 -0.864359
vn 0.496878 -0.077657 -0.864339
vn 0.145989 -0.150315 0.977800
vn 0.000030 -0.181406 0.983408
vn -0.146004 -0.150307 0.977799
vn 0.258285 -0.044064 0.965063
vn 0.000009 -0.056887 0.998381
vn -0.258285 -0.044061 0.965063
vn 0.448374 -0.055779 0.892104
vn -0.448386 -0.055790 0.892097
vn 0.594901 0.003499 0.803791
vn -0.594882 0.003485 0.803805
vn 0.764880 0.029266 0.643508
vn -0.764873 0.029252 0.643516
vn 0.835101 0.073280 0.545194
vn -0.835104 0.073263 0.545192
vn 0.978518 0.092682 0.184154
vn -0.978521 0.092672 0.184141
vn 0.982297 0.123914 0.140495
vn -0.982301 0.123908 0.140469
vn 0.841314 0.076493 -0.535107
vn -0.841321 0.076522 -0.535091
vn 0.886121 0.104976 -0.451408
vn -0.886125 0.104964 -0.451404
vn 0.553640 0.017426 -0.832574
vn -0.553574 0.017448 -0.832617
vn 0.678879 0.048907 -0.732619
vn -0.678849 0.048889 -0.732649
vn 0.291032 -0.064996 -0.954503
vn -0.291014 -0.065019 -0.954507
vn 0.423896 0.006378 -0.905688
vn -0.423898 0.006374 -0.905688
vn 0.173448 -0.107311 -0.978979
vn 0.000282 -0.154816 -0.987943
vn -0.172669 -0.107577 -0.979088
vn 0.246007 0.001728 -0.969267
vn -0.245500 0.001532 -0.969395
vn -0.000200 0.014075 -0.999901
vn -0.000001 0.129013 0.991643
vn 0.239061 0.121595 0.963361
vn 0.277938 -0.004643 0.960588
vn 0.000003 0.000168 1.000000
vn -0.239051 0.121595 0.963364
vn -0.277936 -0.004642 0.960588
vn 0.265556 0.038741 0.963317
vn 0.000002 0.048674 0.998815
vn -0.265554 0.038741 0.963317
vn 0.566069 0.082672 0.820202
vn 0.645772 0.001379 0.763529
vn -0.566061 0.082660 0.820209
vn -0.645757 0.001395 0.763542
vn 0.631316 0.014823 0.775384
vn -0.631321 0.014829 0.775380
vn 0.809328 -0.016545 0.587124
vn 0.873775 0.039883 0.484692
vn -0.809330 -0.016566 0.587120
vn -0.873779 0.039901 0.484684
vn 0.875537 0.004173 0.483133
vn -0.875537 0.004186 0.483134
vn 0.989702 0.059534 0.130178
vn -0.989703 0.059541 0.130163
vn 0.989804 0.014844 0.141662
vn -0.989804 0.014850 0.141663
vn 0.933129 0.040778 -0.357222
vn 0.963876 0.017343 -0.265785
vn -0.963875 0.017346 -0.265790
vn -0.933133 0.040777 -0.357211
vn 0.729944 -0.016380 -0.683310
vn -0.729922 -0.016384 -0.683334
vn 0.769366 0.006306 -0.638777
vn -0.769363 0.006312 -0.638781
vn 0.411620 -0.029799 -0.910868
vn -0.411618 -0.029810 -0.910869
vn -0.213327 -0.009725 -0.976933
vn 0.411881 0.008234 -0.911200
vn -0.411878 0.008236 -0.911202
vn 0.213319 -0.009722 -0.976934
vn 0.000000 0.014871 -0.999889
vn 0.201732 0.020753 -0.979221
vn -0.201731 0.020755 -0.979221
vn -0.000005 0.022408 -0.999749
vn 0.253304 0.277719 -0.926666
vn -0.000002 0.249100 -0.968478
vn -0.253310 0.277722 -0.926663
vn -0.523080 0.531277 -0.666433
vn -0.411885 0.502262 -0.760318
vn -0.416998 0.343803 -0.841375
vn 0.416937 0.343819 -0.841399
vn 0.411897 0.502265 -0.760310
vn -0.457713 0.449375 -0.767177
vn -0.462112 0.687658 -0.559981
vn 0.462087 0.687664 -0.559995
vn 0.457704 0.449414 -0.767159
vn -0.475010 0.850075 -0.227461
vn -0.736967 0.675190 -0.031608
vn 0.523060 0.531305 -0.666426
vn 0.736961 0.675196 -0.031607
vn 0.474991 0.850086 -0.227461
vn -0.686260 0.614321 -0.389433
vn 0.686259 0.614318 -0.389439
vn -0.987593 0.156918 0.005994
vn -0.767726 0.095326 -0.633647
vn -0.941120 0.067570 -0.331251
vn 0.999175 -0.036852 0.017045
vn 0.987592 0.156928 0.006028
vn 0.941127 0.067552 -0.331234
vn 0.767599 0.095320 -0.633802
vn -0.999177 -0.036832 0.016986
vn -0.767413 -0.016214 -0.640948
vn 0.767302 -0.016475 -0.641074
vn -0.940322 -0.027804 -0.339148
vn 0.940391 -0.027930 -0.338947
vn -0.760791 0.031773 -0.648218
vn -0.937799 0.028727 -0.345988
vn -0.999137 0.026473 0.031994
vn 0.760787 0.031346 -0.648244
vn 0.937947 0.028456 -0.345609
vn 0.999137 0.026430 0.032051
vn -0.957944 -0.067553 0.278892
vn -0.962344 0.007399 -0.271732
vn 0.957946 -0.067549 0.278886
vn 0.962362 0.007325 -0.271671
vn -0.632895 -0.368649 -0.680840
vn -0.721706 -0.509787 -0.468250
vn 0.721739 -0.509821 -0.468162
vn 0.633141 -0.368769 -0.680545
vn -0.760138 0.084634 -0.644226
vn 0.760113 0.084513 -0.644271
vn 0.431988 0.091920 -0.897183
vn -0.633984 0.011535 -0.773260
vn 0.633975 0.011444 -0.773269
vn -0.432041 0.091964 -0.897153
vn -0.208897 0.074167 -0.975121
vn -0.436896 0.202978 -0.876312
vn -0.503107 0.221228 -0.835429
vn 0.503086 0.221352 -0.835409
vn 0.436753 0.203019 -0.876373
vn -0.456864 0.114605 -0.882123
vn 0.456666 0.114590 -0.882227
vn -0.264654 0.188138 -0.945813
vn -0.000007 0.053760 -0.998554
vn 0.208899 0.074169 -0.975121
vn 0.264652 0.188138 -0.945814
vn -0.234490 0.120398 -0.964634
vn 0.234495 0.120402 -0.964632
vn -0.000001 0.159661 -0.987172
vn -0.000007 0.108835 -0.994060
vn -0.203868 0.172839 -0.963621
vn -0.331048 0.180588 -0.926172
vn -0.541660 0.678631 -0.496048
vn -0.370309 0.678789 -0.634126
vn 0.370296 0.678785 -0.634138
vn 0.541654 0.678610 -0.496083
vn 0.331041 0.180618 -0.926169
vn 0.203857 0.172851 -0.963621
vn -0.156104 0.042966 -0.986806
vn -0.360932 0.660139 -0.658745
vn 0.360932 0.660138 -0.658745
vn 0.156104 0.042966 -0.986806
vn -0.164529 0.093719 -0.981910
vn -0.352225 0.639877 -0.683004
vn 0.352226 0.639876 -0.683005
vn 0.164529 0.093719 -0.981910
vn -0.574117 0.799557 0.176346
vn -0.414124 0.909030 0.046540
vn 0.414099 0.909042 0.046531
vn 0.574113 0.799559 0.176349
vn -0.395826 0.917240 0.044643
vn 0.395825 0.917240 0.044642
vn -0.443944 0.896050 0.002902
vn 0.443948 0.896048 0.002901
vn -0.260012 0.735918 0.625155
vn -0.301272 0.716636 0.629021
vn 0.301272 0.716628 0.629030
vn 0.260006 0.735915 0.625161
vn -0.295255 0.727903 0.618855
vn 0.295236 0.727899 0.618870
vn -0.455015 0.609986 0.648752
vn 0.454987 0.609962 0.648794
vn -0.265739 0.253574 0.930098
vn -0.129289 0.355696 0.925616
vn 0.129233 0.355626 0.925651
vn 0.265724 0.253512 0.930119
vn -0.008937 -0.250347 0.968115
vn 0.115454 -0.245826 0.962414
vn -0.115452 -0.245782 0.962425
vn 0.008937 -0.250364 0.968111
vn -0.094588 0.401096 0.911140
vn 0.094461 0.400967 0.911209
vn 0.140269 -0.164243 0.976396
vn -0.140348 -0.164205 0.976391
vn -0.145043 0.458341 0.876861
vn 0.096597 -0.068309 0.992977
vn 0.144999 0.458194 0.876945
vn -0.096524 -0.068366 0.992980
vn 0.039989 -0.883201 0.467288
vn -0.040007 -0.883198 0.467291
vn -0.162210 0.211267 -0.963875
vn -0.382027 0.659368 -0.647525
vn 0.382022 0.659356 -0.647541
vn 0.162084 0.211247 -0.963900
vn -0.441860 0.662296 -0.605082
vn -0.219369 0.287768 -0.932238
vn 0.219390 0.287712 -0.932250
vn 0.441863 0.662283 -0.605094
vn -0.515489 0.855980 0.039611
vn 0.515503 0.855971 0.039627
vn -0.539308 0.833958 0.116880
vn 0.539304 0.833957 0.116908
vn -0.364695 0.663265 0.653511
vn 0.364691 0.663257 0.653522
vn -0.354269 0.600291 0.717039
vn 0.354267 0.600287 0.717043
vn -0.214526 0.458984 0.862156
vn 0.214540 0.458927 0.862182
vn -0.225813 0.403397 0.886724
vn 0.225775 0.403364 0.886749
vn 0.009604 -0.013504 0.999863
vn -0.009446 -0.013597 0.999863
vn -0.024303 -0.011150 0.999642
vn 0.024255 -0.011134 0.999644
vn 0.166450 0.346654 0.923106
vn 0.024877 0.001932 0.999689
vn -0.024966 0.001938 0.999686
vn -0.166606 0.346690 0.923065
vn 0.282263 0.592209 0.754729
vn -0.282464 0.592219 0.754646
vn 0.464210 0.869809 0.167158
vn -0.464280 0.869782 0.167103
vn -0.386086 0.662957 -0.641424
vn 0.386129 0.662970 -0.641386
vn -0.227635 0.316080 -0.921019
vn 0.227689 0.316057 -0.921013
vn 0.081022 -0.319293 -0.944186
vn 0.099961 -0.402808 -0.909810
vn -0.100286 -0.402816 -0.909770
vn -0.080773 -0.319482 -0.944144
vn 0.102532 -0.434510 -0.894812
vn -0.102659 -0.434332 -0.894884
vn 0.059452 -0.446300 -0.892906
vn -0.059392 -0.446111 -0.893005
vn 0.034083 -0.449872 -0.892442
vn -0.033988 -0.449730 -0.892518
vn 0.039737 -0.355111 -0.933979
vn -0.039805 -0.355110 -0.933977
vn -0.152356 -0.254257 -0.955061
vn 0.152356 -0.254093 -0.955104
vn 0.688196 0.678661 0.256525
vn 0.549057 0.474158 0.688266
vn -0.398841 0.138296 0.906532
vn -0.548787 0.460228 0.697870
vn 0.384291 -0.893690 0.231601
vn 0.237799 -0.645059 0.726189
vn 0.096795 -0.672755 0.733506
vn 0.114184 -0.934761 0.336428
vn 0.165061 -0.963108 -0.212551
vn 0.384269 -0.908886 -0.162062
vn -0.114241 -0.934787 0.336336
vn -0.096775 -0.672673 0.733584
vn -0.237743 -0.644943 0.726310
vn -0.384299 -0.893758 0.231326
vn -0.384098 -0.908946 -0.162130
vn -0.165149 -0.963024 -0.212863
vn 0.262586 -0.628903 0.731799
vn -0.272299 -0.549247 0.790051
vn -0.262493 -0.628749 0.731964
vn 0.330309 -0.941222 -0.070691
vn 0.358755 -0.879940 0.311449
vn -0.358678 -0.879992 0.311391
vn -0.330270 -0.941241 -0.070618
vn 0.272346 -0.549472 0.789879
vn 0.343001 -0.866949 0.361594
vn 0.337767 -0.940806 -0.028257
vn -0.343014 -0.866927 0.361634
vn -0.337861 -0.940773 -0.028231
vn 0.250311 -0.451192 0.856604
vn -0.250182 -0.450965 0.856761
vn 0.367724 -0.819617 0.439326
vn 0.390056 -0.916353 0.090293
vn -0.367809 -0.819580 0.439323
vn -0.390078 -0.916348 0.090254
vn 0.305793 -0.691988 0.653944
vn 0.156468 -0.361680 0.919079
vn -0.156249 -0.361600 0.919147
vn -0.305793 -0.691989 0.653943
vn 0.386767 -0.827141 0.407736
vn -0.386749 -0.827141 0.407753
vn 0.336512 -0.784200 0.521334
vn 0.383114 -0.912856 0.141129
vn 0.109395 -0.309405 0.944617
vn -0.383110 -0.912859 0.141119
vn -0.336516 -0.784190 0.521348
vn -0.109407 -0.309342 0.944636
vn 0.228572 -0.550765 0.802753
vn -0.228574 -0.550765 0.802752
vn -0.005706 -0.671493 0.740989
vn 0.050487 -0.166527 0.984744
vn 0.005768 -0.671441 0.741036
vn -0.050689 -0.166495 0.984739
vn 0.106649 -0.364611 0.925032
vn -0.106665 -0.364430 0.925102
vn -0.658795 -0.039909 0.751263
vn -0.075273 0.206223 0.975605
vn 0.658847 -0.039858 0.751221
vn 0.074895 0.206107 0.975659
vn -0.075222 0.115970 0.990400
vn 0.075670 0.116146 0.990346
vn -0.441238 0.485626 0.754637
vn -0.194299 0.547028 0.814253
vn 0.441302 0.485591 0.754622
vn 0.194092 0.546947 0.814357
vn -0.200261 0.482223 0.852852
vn 0.200778 0.482176 0.852757
vn -0.425706 0.877675 0.220140
vn -0.365554 0.921015 0.134544
vn 0.425712 0.877671 0.220143
vn 0.365590 0.920992 0.134603
vn 0.238204 0.608040 -0.757329
vn -0.354264 0.922835 0.151240
vn 0.354454 0.922759 0.151253
vn -0.400387 0.692537 -0.600069
vn -0.237930 0.607986 -0.757458
vn 0.400347 0.692576 -0.600051
vn -0.101841 0.545198 -0.832098
vn 0.101630 0.545224 -0.832107
vn -0.330657 0.050549 -0.942396
vn -0.125968 0.267918 -0.955171
vn 0.330691 0.050592 -0.942382
vn 0.126342 0.268028 -0.955091
vn -0.150121 -0.438589 -0.886061
vn 0.007292 0.123446 -0.992325
vn -0.007248 0.123367 -0.992335
vn -0.058994 -0.733571 -0.677047
vn 0.150592 -0.438542 -0.886004
vn 0.058976 -0.733596 -0.677022
vn 0.151188 -0.536153 -0.830471
vn -0.150821 -0.536162 -0.830532
vn 0.353153 -0.892039 -0.282045
vn 0.368454 -0.906429 -0.206466
vn 0.271808 -0.710202 -0.649410
vn -0.353323 -0.892005 -0.281940
vn -0.271665 -0.709651 -0.650072
vn 0.320547 -0.792204 -0.519291
vn -0.320693 -0.791663 -0.520025
vn 0.264309 -0.763487 -0.589262
vn -0.368522 -0.906502 -0.206025
vn -0.264266 -0.762738 -0.590249
vn 0.310880 -0.840948 -0.442900
vn -0.311165 -0.841221 -0.442181
vn 0.300590 -0.910204 -0.284911
vn 0.192432 -0.747827 -0.635393
vn -0.300686 -0.910332 -0.284402
vn -0.192142 -0.747246 -0.636164
vn 0.240632 -0.826283 -0.509268
vn -0.240621 -0.826495 -0.508929
vn 0.276574 -0.899005 -0.339555
vn 0.173573 -0.728902 -0.662249
vn -0.276655 -0.899122 -0.339177
vn -0.173167 -0.728512 -0.662785
vn 0.214598 -0.803156 -0.555777
vn -0.214331 -0.802971 -0.556147
vn 0.344573 -0.854777 -0.388105
vn 0.228488 -0.668239 -0.707990
vn -0.344383 -0.855112 -0.387535
vn -0.228541 -0.667961 -0.708235
vn 0.278831 -0.748753 -0.601351
vn -0.278629 -0.748736 -0.601465
vn 0.174337 -0.853938 -0.490303
vn 0.035339 -0.601470 -0.798113
vn -0.174318 -0.854115 -0.490001
vn -0.035486 -0.601389 -0.798168
vn 0.080898 -0.692395 -0.716969
vn -0.080949 -0.693337 -0.716052
vn -0.159500 -0.314858 0.935641
vn -0.310148 -0.857828 0.409805
vn 0.160207 -0.298492 0.940870
vn 0.265336 -0.863077 0.429761
vn -0.596296 0.259198 -0.759768
vn -0.572050 -0.061689 -0.817896
vn -0.711794 0.628595 -0.313397
vn -0.694802 0.673224 0.253020
vn -0.823293 0.373134 0.427738
vn 0.578238 0.266223 -0.771211
vn 0.698039 0.630835 -0.338804
vn -0.939598 0.310899 -0.143172
vn -0.801159 0.086696 0.592138
vn -0.983429 0.076503 -0.164365
vn -0.510544 -0.394395 -0.764066
vn -0.750545 -0.146967 0.644269
vn 0.590501 -0.299367 -0.749459
vn 0.449324 -0.515165 -0.729871
vn -0.965450 -0.231713 -0.119228
vn -0.369021 -0.564548 -0.738315
vn -0.245373 -0.777957 -0.578425
vn -0.724036 -0.544621 0.423273
vn 0.688223 -0.353153 0.633745
vn -0.227338 -0.950157 -0.213353
vn -0.790476 -0.581065 -0.193678
vn 0.178921 -0.960307 -0.214006
vn 0.527393 -0.077900 -0.846043
vn 0.395646 0.154973 0.905233
vn 0.905833 0.363118 -0.218203
vn 0.956160 0.182808 -0.228780
vn 0.803781 0.465504 0.370462
vn 0.986546 -0.009870 -0.163189
vn 0.776797 0.218688 0.590561
vn 0.775569 0.027603 0.630659
vn 0.780681 -0.200448 0.591911
vn 0.942470 -0.303057 -0.141091
vn 0.241542 -0.770739 -0.589592
vn 0.790124 -0.606943 -0.085587

# Mesh
g LowpolyHair:Mesh
usemtl DefaultMaterial
f 2/2/2 3/3/3 4/4/4 1/1/1
f 6/6/6 2/2/2 1/1/1 5/5/5
f 3/3/3 7/7/7 8/8/8 4/4/4
f 7/7/7 9/9/9 10/10/10 8/8/8
f 9/9/9 11/11/11 12/12/12 10/10/10
f 11/11/11 13/13/13 14/14/14 12/12/12
f 13/13/13 15/15/15 16/16/16 14/14/14
f 15/15/15 6/6/6 5/5/5 16/16/16
f 1/1/1 4/4/4 17/17/17 18/18/18
f 5/5/5 1/1/1 18/18/18 19/19/19
f 4/4/4 8/8/8 20/20/20 17/17/17
f 8/8/8 10/10/10 21/21/21 20/20/20
f 10/10/10 12/12/12 22/22/22 21/21/21
f 12/12/12 14/14/14 23/23/23 22/22/22
f 14/14/14 16/16/16 24/24/24 23/23/23
f 16/16/16 5/5/5 19/19/19 24/24/24
f 18/18/18 17/17/17 25/25/25 26/26/26
f 19/19/19 18/18/18 26/26/26 27/27/27
f 17/17/17 20/20/20 28/28/28 25/25/25
f 20/20/20 21/21/21 29/29/29 28/28/28
f 21/21/21 22/22/22 30/30/30 29/29/29
f 22/22/22 23/23/23 31/31/31 30/30/30
f 31/31/31 23/23/23 24/24/24 32/32/32
f 24/24/24 19/19/19 27/27/27 32/32/32
f 34/34/34 35/35/35 36/36/36 33/33/33
f 38/38/38 34/34/34 33/33/33 37/37/37
f 35/35/35 39/39/39 40/36/40 36/36/36
f 39/39/39 41/40/41 42/41/42 40/36/40
f 41/40/41 43/42/43 44/41/44 42/41/42
f 43/42/43 45/43/45 46/37/46 44/41/44
f 45/43/45 47/44/47 48/37/48 46/37/46
f 47/44/47 38/38/38 37/37/37 48/37/48
f 49/45/49 50/46/50 35/35/35 34/34/34
f 51/47/51 49/45/49 34/34/34 38/38/38
f 50/46/50 52/48/52 39/39/39 35/35/35
f 52/48/52 53/49/53 41/40/41 39/39/39
f 53/49/53 54/50/54 43/42/43 41/40/41
f 54/50/54 55/51/55 45/43/45 43/42/43
f 55/51/55 56/52/56 47/44/47 45/43/45
f 56/52/56 51/47/51 38/38/38 47/44/47
f 57/53/57 58/54/58 50/46/50 49/45/49
f 59/55/59 57/53/57 49/45/49 51/47/51
f 58/54/58 60/56/60 52/48/52 50/46/50
f 60/56/60 61/57/61 53/49/53 52/48/52
f 61/57/61 62/58/62 54/50/54 53/49/53
f 62/58/62 63/59/63 55/51/55 54/50/54
f 64/60/64 56/52/56 55/51/55 63/59/63
f 64/60/64 59/55/59 51/47/51 56/52/56
f 65/61/65 66/61/66 67/62/67 68/63/68
f 70/65/70 65/61/65 68/63/68 69/64/69
f 66/61/66 71/66/71 72/67/72 67/62/67
f 73/68/73 74/69/74 72/67/72 71/66/71
f 76/71/76 74/69/74 73/68/73 75/70/75
f 75/70/75 77/72/77 78/73/78 76/71/76
f 77/72/77 79/74/79 80/75/80 78/73/78
f 79/74/79 70/65/70 69/64/69 80/75/80
f 68/63/68 67/62/67 81/76/81 82/77/82
f 69/64/69 68/63/68 82/77/82 83/78/83
f 67/62/67 72/67/72 84/79/84 81/76/81
f 74/69/74 85/80/85 84/79/84 72/67/72
f 86/81/86 85/80/85 74/69/74 76/71/76
f 86/81/86 76/71/76 78/73/78 87/82/87
f 87/82/87 78/73/78 80/75/80 88/83/88
f 80/75/80 69/64/69 83/78/83 88/83/88
f 89/84/89 90/85/90 91/86/91 92/87/92
f 94/88/94 89/84/89 92/87/92 93/87/93
f 90/85/90 95/89/95 96/86/96 91/86/91
f 95/89/95 97/90/97 98/87/98 96/86/96
f 97/90/97 99/91/99 100/87/100 98/87/98
f 99/91/99 101/92/101 102/93/102 100/87/100
f 101/92/101 103/94/103 104/93/104 102/93/102
f 103/94/103 94/88/94 93/87/93 104/93/104
f 105/95/105 106/96/106 90/85/90 89/84/89
f 107/97/107 105/95/105 89/84/89 94/88/94
f 106/96/106 108/98/108 95/89/95 90/85/90
f 95/89/95 108/98/108 109/99/109 97/90/97
f 99/91/99 97/90/97 109/99/109 110/100/110
f 111/101/111 101/92/101 99/91/99 110/100/110
f 112/102/112 103/94/103 101/92/101 111/101/111
f 112/102/112 107/97/107 94/88/94 103/94/103
f 28/28/28 113/103/113 114/104/114 25/25/25
f 58/54/58 115/105/115 116/106/116 60/56/60
f 29/29/29 117/107/117 113/103/113 28/28/28
f 60/56/60 116/106/116 118/108/118 61/57/61
f 119/109/119 117/107/117 29/29/29 30/30/30
f 62/58/62 61/57/61 118/108/118 120/110/120
f 25/25/25 114/104/114 121/111/121 26/26/26
f 57/53/57 122/112/122 115/105/115 58/54/58
f 123/113/123 27/27/27 26/26/26 121/111/121
f 122/112/122 57/53/57 59/55/59 124/114/124
f 125/115/125 32/32/32 27/27/27 123/113/123
f 124/114/124 59/55/59 64/60/64 126/116/126
f 127/117/127 119/109/119 30/30/30 31/31/31
f 127/117/127 31/31/31 32/32/32 125/115/125
f 63/59/63 62/58/62 120/110/120 128/118/128
f 126/116/126 64/60/64 63/59/63 128/118/128
f 81/76/81 129/119/129 130/120/130 82/77/82
f 105/95/105 131/121/131 132/122/132 106/96/106
f 83/78/83 82/77/82 130/120/130 133/123/133
f 134/124/134 131/121/131 105/95/105 107/97/107
f 84/79/84 135/125/135 129/119/129 81/76/81
f 106/96/106 132/122/132 136/126/136 108/98/108
f 137/127/137 135/125/135 84/79/84 85/80/85
f 109/99/109 108/98/108 136/126/136 138/128/138
f 139/129/139 137/127/137 85/80/85 86/81/86
f 110/100/110 109/99/109 138/128/138 140/130/140
f 141/131/141 139/129/139 86/81/86 87/82/87
f 111/101/111 110/100/110 140/130/140 142/132/142
f 141/131/141 87/82/87 88/83/88 143/133/143
f 143/133/143 88/83/88 83/78/83 133/123/133
f 144/134/144 112/102/112 111/101/111 142/132/142
f 134/124/134 107/97/107 112/102/112 144/134/144
f 145/135/145 125/115/125 123/113/123 146/136/146
f 147/137/147 124/114/124 126/116/126 148/138/148
f 123/113/123 121/111/121 149/139/149 146/136/146
f 147/137/147 150/140/150 122/112/122 124/114/124
f 114/104/114 151/141/151 149/139/149 121/111/121
f 122/112/122 150/140/150 152/142/152 115/105/115
f 133/123/133 130/120/130 153/143/153 154/144/154
f 155/145/155 156/146/156 131/121/131 134/124/134
f 129/119/129 157/147/157 153/143/153 130/120/130
f 131/121/131 156/146/156 158/148/158 132/122/132
f 154/144/154 153/143/153 160/150/160 159/149/159
f 162/152/162 161/151/161 156/146/156 155/145/155
f 135/125/135 163/153/163 157/147/157 129/119/129
f 132/122/132 158/148/158 164/154/164 136/126/136
f 157/147/157 165/155/165 160/150/160 153/143/153
f 156/146/156 161/151/161 166/156/166 158/148/158
f 137/127/137 167/157/167 163/153/163 135/125/135
f 136/126/136 164/154/164 168/158/168 138/128/138
f 163/153/163 169/159/169 165/155/165 157/147/157
f 158/148/158 166/156/166 170/160/170 164/154/164
f 171/161/171 167/157/167 137/127/137 139/129/139
f 140/130/140 138/128/138 168/158/168 172/162/172
f 167/157/167 173/163/173 169/159/169 163/153/163
f 164/154/164 170/160/170 174/164/174 168/158/168
f 175/165/175 171/161/171 139/129/139 141/131/141
f 142/132/142 140/130/140 172/162/172 176/166/176
f 177/167/177 173/163/173 167/157/167 171/161/171
f 172/162/172 168/158/168 174/164/174 178/168/178
f 175/165/175 141/131/141 143/133/143 179/169/179
f 179/169/179 143/133/143 133/123/133 154/144/154
f 180/170/180 144/134/144 142/132/142 176/166/176
f 155/145/155 134/124/134 144/134/144 180/170/180
f 181/171/181 177/167/177 171/161/171 175/165/175
f 176/166/176 172/162/172 178/168/178 182/172/182
f 113/103/113 183/173/183 151/141/151 114/104/114
f 115/105/115 152/142/152 184/174/184 116/106/116
f 117/107/117 185/175/185 183/173/183 113/103/113
f 186/176/186 154/144/154 159/149/159 187/177/187
f 116/106/116 184/174/184 188/178/188 118/108/118
f 189/179/189 162/152/162 155/145/155 190/180/190
f 185/175/185 192/182/192 191/181/191 183/173/183
f 192/182/192 186/176/186 187/177/187 191/181/191
f 184/174/184 194/184/194 193/183/193 188/178/188
f 194/184/194 189/179/189 190/180/190 193/183/193
f 181/171/181 175/165/175 179/169/179 195/185/195
f 195/185/195 179/169/179 154/144/154 186/176/186
f 196/186/196 180/170/180 176/166/176 182/172/182
f 190/180/190 155/145/155 180/170/180 196/186/196
f 197/187/197 195/185/195 186/176/186 192/182/192
f 193/183/193 190/180/190 196/186/196 198/188/198
f 199/189/199 185/175/185 117/107/117 119/109/119
f 199/189/199 197/187/197 192/182/192 185/175/185
f 120/110/120 118/108/118 188/178/188 200/190/200
f 188/178/188 193/183/193 198/188/198 200/190/200
f 201/191/201 199/189/199 119/109/119 127/117/127
f 201/191/201 127/117/127 125/115/125 145/135/145
f 128/118/128 120/110/120 200/190/200 202/192/202
f 148/138/148 126/116/126 128/118/128 202/192/202
f 203/193/203 199/189/199 201/191/201 204/194/204
f 205/195/205 202/192/202 200/190/200 206/196/206
f 203/193/203 207/197/207 197/187/197 199/189/199
f 200/190/200 198/188/198 208/198/208 206/196/206
f 211/201/211 212/202/212 209/199/209 210/200/210
f 213/203/213 205/195/205 206/196/206 214/204/214
f 212/202/212 203/193/203 204/194/204 209/199/209
f 215/205/215 213/203/213 214/204/214 216/206/216
f 217/207/217 215/205/215 216/206/216 218/208/218
f 219/209/219 211/201/211 210/200/210 220/210/220
f 221/211/221 217/207/217 218/208/218 222/212/222
f 223/213/223 219/209/219 220/210/220 224/214/224
f 221/211/221 222/212/222 226/216/226 225/215/225
f 228/218/228 227/217/227 223/213/223 224/214/224
f 225/215/225 226/216/226 230/220/230 229/219/229
f 232/222/232 231/221/231 227/217/227 228/218/228
f 235/225/235 236/226/236 233/223/233 234/224/234
f 237/227/237 238/228/238 236/226/236 235/225/235
f 234/224/234 233/223/233 240/230/240 239/229/239
f 242/232/242 241/231/241 238/228/238 237/227/237
f 236/235/236 244/236/244 243/233/243 233/234/233
f 238/237/238 245/238/245 244/236/244 236/235/236
f 233/234/233 243/233/243 246/240/246 240/239/240
f 241/242/241 247/241/247 245/238/245 238/237/238
f 244/236/244 249/244/249 248/243/248 243/233/243
f 245/238/245 250/245/250 249/244/249 244/236/244
f 243/233/243 248/243/248 251/246/251 246/240/246
f 247/241/247 252/247/252 250/245/250 245/238/245
f 249/244/249 254/249/254 253/248/253 248/243/248
f 250/245/250 255/250/255 254/249/254 249/244/249
f 248/243/248 253/248/253 256/251/256 251/246/251
f 252/247/252 257/252/257 255/250/255 250/245/250
f 254/249/254 259/254/259 258/253/258 253/248/253
f 255/250/255 260/255/260 259/254/259 254/249/254
f 253/248/253 258/253/258 261/256/261 256/251/256
f 257/252/257 262/257/262 260/255/260 255/250/255
f 259/254/259 264/259/264 263/258/263 258/253/258
f 260/255/260 265/260/265 264/259/264 259/254/259
f 258/253/258 263/258/263 266/261/266 261/256/261
f 262/257/262 267/262/267 265/260/265 260/255/260
f 264/259/264 269/264/269 268/263/268 263/258/263
f 265/260/265 270/265/270 269/264/269 264/259/264
f 263/258/263 268/263/268 271/266/271 266/261/266
f 267/262/267 272/267/272 270/265/270 265/260/265
f 269/264/269 274/269/274 273/268/273 268/263/268
f 270/265/270 275/270/275 274/269/274 269/264/269
f 268/263/268 273/268/273 276/271/276 271/266/271
f 272/267/272 277/272/277 275/270/275 270/265/270
f 274/269/274 279/274/279 278/273/278 273/268/273
f 275/270/275 280/275/280 279/274/279 274/269/274
f 273/268/273 278/273/278 281/276/281 276/271/276
f 277/272/277 282/277/282 280/275/280 275/270/275
f 279/274/279 284/279/284 283/278/283 278/273/278
f 287/282/287 285/280/285 286/281/286 284/279/284
f 280/275/280 287/282/287 284/279/284 279/274/279
f 278/273/278 283/278/283 288/283/288 281/276/281
f 282/277/282 289/284/289 287/282/287 280/275/280
f 284/279/284 286/281/286 290/285/290 283/278/283
f 283/278/283 290/285/290 291/286/291 288/283/288
f 289/284/289 292/287/292 285/280/285 287/282/287
f 286/289/286 293/290/293 294/291/294 290/288/290
f 285/293/285 295/292/295 293/290/293 286/289/286
f 291/297/291 296/294/296 297/295/297 298/296/298
f 290/288/290 294/291/294 296/294/296 291/297/291
f 299/299/299 300/300/300 301/301/301 292/298/292
f 292/298/292 301/301/301 295/292/295 285/293/285
f 297/295/297 302/302/302 231/221/231 232/222/232
f 293/290/293 303/303/303 304/304/304 294/291/294
f 229/219/229 230/220/230 305/305/305 300/300/300
f 295/292/295 306/306/306 303/303/303 293/290/293
f 296/294/296 307/307/307 302/302/302 297/295/297
f 294/291/294 304/304/304 307/307/307 296/294/296
f 300/300/300 305/305/305 308/308/308 301/301/301
f 301/301/301 308/308/308 306/306/306 295/292/295
f 309/309/309 310/310/310 302/302/302 307/307/307
f 303/303/303 311/311/311 312/312/312 304/304/304
f 312/312/312 309/309/309 307/307/307 304/304/304
f 308/308/308 305/305/305 313/313/313 314/314/314
f 306/306/306 315/315/315 311/311/311 303/303/303
f 306/306/306 308/308/308 314/314/314 315/315/315
f 298/296/298 297/295/297 232/222/232 316/316/316
f 317/317/317 229/219/229 300/300/300 299/299/299
f 288/283/288 291/286/291 298/318/298 318/319/318
f 319/320/319 299/321/299 292/287/292 289/284/289
f 281/276/281 288/283/288 318/319/318 320/322/320
f 321/323/321 319/320/319 289/284/289 282/277/282
f 276/271/276 281/276/281 320/322/320 322/324/322
f 323/325/323 321/323/321 282/277/282 277/272/277
f 271/266/271 276/271/276 322/324/322 324/326/324
f 325/327/325 323/325/323 277/272/277 272/267/272
f 266/261/266 271/266/271 324/326/324 326/328/326
f 327/329/327 325/327/325 272/267/272 267/262/267
f 261/256/261 266/261/266 326/328/326 328/330/328
f 329/331/329 327/329/327 267/262/267 262/257/262
f 256/251/256 261/256/261 328/330/328 330/332/330
f 331/333/331 329/331/329 262/257/262 257/252/257
f 251/246/251 256/251/256 330/332/330 332/334/332
f 333/335/333 331/333/331 257/252/257 252/247/252
f 246/240/246 251/246/251 332/334/332 334/336/334
f 335/337/335 333/335/333 252/247/252 247/241/247
f 240/239/240 246/240/246 334/336/334 336/338/336
f 337/339/337 335/337/335 247/241/247 241/242/241
f 239/229/239 240/230/240 336/340/336 338/341/338
f 339/342/339 337/343/337 241/231/241 242/232/242
f 340/344/340 225/215/225 229/219/229 317/317/317
f 316/316/316 232/222/232 228/218/228 341/345/341
f 342/346/342 343/347/343 319/320/319 321/323/321
f 343/347/343 317/348/317 299/321/299 319/320/319
f 320/322/320 318/319/318 344/349/344 345/350/345
f 318/319/318 298/318/298 316/351/316 344/349/344
f 346/352/346 347/353/347 337/343/337 339/342/339
f 338/341/338 336/340/336 348/354/348 349/355/349
f 347/356/347 350/357/350 335/337/335 337/339/337
f 336/338/336 334/336/334 351/358/351 348/359/348
f 350/357/350 352/360/352 333/335/333 335/337/335
f 334/336/334 332/334/332 353/361/353 351/358/351
f 352/360/352 354/362/354 331/333/331 333/335/333
f 332/334/332 330/332/330 355/363/355 353/361/353
f 354/362/354 356/364/356 329/331/329 331/333/331
f 330/332/330 328/330/328 357/365/357 355/363/355
f 356/364/356 358/366/358 327/329/327 329/331/329
f 328/330/328 326/328/326 359/367/359 357/365/357
f 358/366/358 360/368/360 325/327/325 327/329/327
f 326/328/326 324/326/324 361/369/361 359/367/359
f 360/368/360 362/370/362 323/325/323 325/327/325
f 362/370/362 342/346/342 321/323/321 323/325/323
f 324/326/324 322/324/322 363/371/363 361/369/361
f 322/324/322 320/322/320 345/350/345 363/371/363
f 341/345/341 228/218/228 224/214/224 364/372/364
f 365/373/365 221/211/221 225/215/225 340/344/340
f 344/349/344 316/351/316 341/374/341 366/375/366
f 367/376/367 340/377/340 317/348/317 343/347/343
f 345/350/345 344/349/344 366/375/366 368/378/368
f 369/379/369 367/376/367 343/347/343 342/346/342
f 363/371/363 345/350/345 368/378/368 370/380/370
f 371/381/371 369/379/369 342/346/342 362/370/362
f 361/369/361 363/371/363 370/380/370 372/382/372
f 373/383/373 371/381/371 362/370/362 360/368/360
f 359/367/359 361/369/361 372/382/372 374/384/374
f 375/385/375 373/383/373 360/368/360 358/366/358
f 357/365/357 359/367/359 374/384/374 376/386/376
f 377/387/377 375/385/375 358/366/358 356/364/356
f 355/363/355 357/365/357 376/386/376 378/388/378
f 379/389/379 377/387/377 356/364/356 354/362/354
f 353/361/353 355/363/355 378/388/378 380/390/380
f 381/391/381 379/389/379 354/362/354 352/360/352
f 351/358/351 353/361/353 380/390/380 382/392/382
f 383/393/383 381/391/381 352/360/352 350/357/350
f 348/359/348 351/358/351 382/392/382 384/394/384
f 385/395/385 383/393/383 350/357/350 347/356/347
f 349/355/349 348/354/348 384/396/384 386/397/386
f 387/398/387 385/399/385 347/353/347 346/352/346
f 187/177/187 389/401/389 388/400/388 191/181/191
f 159/149/159 390/402/390 389/401/389 187/177/187
f 194/184/194 392/404/392 391/403/391 189/179/189
f 189/179/189 391/403/391 393/405/393 162/152/162
f 160/150/160 394/406/394 390/402/390 159/149/159
f 162/152/162 393/405/393 395/407/395 161/151/161
f 165/155/165 396/408/396 394/406/394 160/150/160
f 169/159/169 397/409/397 396/408/396 165/155/165
f 161/151/161 395/407/395 398/410/398 166/156/166
f 166/156/166 398/410/398 399/411/399 170/160/170
f 400/412/400 401/413/401 387/398/387 402/414/402
f 403/415/403 386/397/386 404/416/404 405/417/405
f 406/418/406 403/415/403 405/417/405 407/419/407
f 408/420/408 400/412/400 402/414/402 409/421/409
f 410/422/410 349/355/349 386/397/386 403/415/403
f 402/414/402 387/398/387 346/352/346 411/423/411
f 412/424/412 410/422/410 403/415/403 406/418/406
f 409/421/409 402/414/402 411/423/411 413/425/413
f 414/426/414 338/341/338 349/355/349 410/422/410
f 411/423/411 346/352/346 339/342/339 415/427/415
f 416/428/416 414/426/414 410/422/410 412/424/412
f 413/425/413 411/423/411 415/427/415 417/429/417
f 418/430/418 239/229/239 338/341/338 414/426/414
f 415/427/415 339/342/339 242/232/242 419/431/419
f 420/432/420 418/430/418 414/426/414 416/428/416
f 417/429/417 415/427/415 419/431/419 421/433/421
f 422/434/422 234/224/234 239/229/239 418/430/418
f 425/437/425 426/438/426 423/435/423 424/436/424
f 427/439/427 235/225/235 234/224/234 422/434/422
f 419/431/419 242/232/242 237/227/237 428/440/428
f 431/443/431 432/444/432 429/441/429 430/442/430
f 426/438/426 433/445/433 420/432/420 423/435/423
f 433/445/433 422/434/422 418/430/418 420/432/420
f 432/444/432 421/433/421 434/446/434 429/441/429
f 421/433/421 419/431/419 428/440/428 434/446/434
f 428/440/428 237/227/237 235/225/235 427/439/427
f 436/448/436 435/447/435 426/438/426 425/437/425
f 430/442/430 429/441/429 435/447/435 436/448/436
f 437/449/437 427/439/427 422/434/422 433/445/433
f 434/446/434 428/440/428 427/439/427 437/449/437
f 435/447/435 437/449/437 433/445/433 426/438/426
f 429/441/429 434/446/434 437/449/437 435/447/435
f 173/163/173 438/450/438 397/409/397 169/159/169
f 177/167/177 439/451/439 438/450/438 173/163/173
f 438/450/438 440/452/440 396/408/396 397/409/397
f 170/160/170 399/411/399 441/453/441 174/164/174
f 174/164/174 441/453/441 442/454/442 178/168/178
f 399/411/399 398/410/398 443/455/443 441/453/441
f 184/174/184 444/456/444 392/404/392 194/184/194
f 392/404/392 444/456/444 445/457/445 391/403/391
f 443/455/443 445/457/445 400/412/400 408/420/408
f 393/405/393 391/403/391 445/457/445 395/407/395
f 398/410/398 395/407/395 445/457/445 443/455/443
f 191/181/191 388/400/388 446/458/446 183/173/183
f 389/401/389 447/459/447 446/458/446 388/400/388
f 407/419/407 405/417/405 447/459/447 440/452/440
f 394/406/394 447/459/447 389/401/389 390/402/390
f 440/452/440 447/459/447 394/406/394 396/408/396
f 152/142/152 448/460/448 444/456/444 184/174/184
f 183/173/183 446/458/446 449/461/449 151/141/151
f 150/140/150 450/462/450 448/460/448 152/142/152
f 444/456/444 448/460/448 451/463/451 445/457/445
f 151/141/151 449/461/449 452/464/452 149/139/149
f 447/459/447 453/465/453 449/461/449 446/458/446
f 401/413/401 454/466/454 385/399/385 387/398/387
f 386/397/386 384/396/384 455/467/455 404/416/404
f 445/457/445 451/463/451 401/413/401 400/412/400
f 451/463/451 448/460/448 450/462/450
f 405/417/405 404/416/404 453/465/453 447/459/447
f 452/464/452 449/461/449 453/465/453
f 224/214/224 220/210/220 456/468/456 364/372/364
f 365/373/365 457/469/457 217/207/217 221/211/221
f 374/384/374 372/382/372 458/470/458 459/471/459
f 460/472/460 461/473/461 373/383/373 375/385/375
f 372/382/372 370/380/370 462/474/462 458/470/458
f 461/473/461 463/475/463 371/381/371 373/383/373
f 370/380/370 368/378/368 464/476/464 462/474/462
f 463/475/463 465/477/465 369/379/369 371/381/371
f 368/378/368 366/375/366 466/478/466 464/476/464
f 366/375/366 341/374/341 364/479/364 466/478/466
f 465/477/465 467/480/467 367/376/367 369/379/369
f 467/480/467 365/481/365 340/377/340 367/376/367
f 459/471/459 458/470/458 462/474/462 468/482/468
f 469/483/469 463/475/463 461/473/461 460/472/460
f 220/210/220 210/200/210 470/484/470 456/468/456
f 457/469/457 471/485/471 215/205/215 217/207/217
f 376/386/376 374/384/374 459/471/459 472/486/472
f 472/486/472 459/471/459 468/482/468 473/487/473
f 474/488/474 460/472/460 375/385/375 377/387/377
f 475/489/475 469/483/469 460/472/460 474/488/474
f 462/474/462 464/476/464 476/490/476 468/482/468
f 469/483/469 477/491/477 465/477/465 463/475/463
f 466/478/466 364/479/364 456/492/456 478/493/478
f 464/476/464 466/478/466 478/493/478 476/490/476
f 479/494/479 457/495/457 365/481/365 467/480/467
f 477/491/477 479/494/479 467/480/467 465/477/465
f 384/394/384 382/392/382 480/496/480 455/497/455
f 454/498/454 481/499/481 383/393/383 385/395/385
f 146/136/146 149/139/149 452/464/452 482/500/482
f 483/501/483 450/462/450 150/140/150 147/137/147
f 456/492/456 470/502/470 484/503/484 478/493/478
f 479/494/479 485/504/485 471/505/471 457/495/457
f 476/490/476 478/493/478 484/503/484 486/506/486
f 468/482/468 476/490/476 486/506/486 473/487/473
f 487/507/487 485/504/485 479/494/479 477/491/477
f 475/489/475 487/507/487 477/491/477 469/483/469
f 382/392/382 380/390/380 488/508/488 480/496/480
f 481/499/481 489/509/489 381/391/381 383/393/383
f 492/512/492 493/513/493 490/510/490 491/511/491
f 145/135/145 146/136/146 482/500/482 494/514/494
f 204/194/204 201/191/201 145/135/145 494/514/494
f 495/515/495 483/501/483 147/137/147 148/138/148
f 495/515/495 148/138/148 202/192/202 205/195/205
f 404/416/404 455/467/455 496/516/496 453/465/453
f 480/496/480 488/508/488 497/517/497 498/518/498
f 498/518/498 497/517/497 499/519/499 500/520/500
f 451/463/451 501/521/501 454/466/454 401/413/401
f 491/511/491 490/510/490 489/509/489 481/499/481
f 453/465/453 496/516/496 482/500/482 452/464/452
f 502/522/502 482/523/482 496/524/496
f 455/497/455 480/496/480 498/518/498 496/524/496
f 496/524/496 498/518/498 500/520/500 502/522/502
f 503/525/503 502/522/502 500/520/500 499/519/499
f 494/526/494 482/523/482 502/522/502 503/525/503
f 450/462/450 483/501/483 501/521/501 451/463/451
f 501/527/501 483/528/483 504/529/504
f 501/527/501 491/511/491 481/499/481 454/498/454
f 504/529/504 492/512/492 491/511/491 501/527/501
f 493/513/493 492/512/492 504/529/504 505/530/505
f 505/530/505 504/529/504 483/528/483 495/531/495
f 380/390/380 378/388/378 506/532/506 488/508/488
f 378/388/378 376/386/376 472/486/472 506/532/506
f 489/509/489 507/533/507 379/389/379 381/391/381
f 507/533/507 474/488/474 377/387/377 379/389/379
f 506/532/506 472/486/472 473/487/473 508/534/508
f 488/508/488 506/532/506 508/534/508 497/517/497
f 509/535/509 475/489/475 474/488/474 507/533/507
f 490/510/490 509/535/509 507/533/507 489/509/489
f 484/503/484 511/537/511 510/536/510 486/506/486
f 508/534/508 473/487/473 486/506/486 510/536/510
f 497/517/497 508/534/508 510/536/510 499/519/499
f 487/507/487 513/539/513 512/538/512 485/504/485
f 513/539/513 487/507/487 475/489/475 509/535/509
f 493/513/493 513/539/513 509/535/509 490/510/490
f 210/200/210 209/199/209 514/540/514 470/484/470
f 470/502/470 514/541/514 511/537/511 484/503/484
f 209/199/209 204/194/204 494/514/494 514/540/514
f 514/541/514 494/526/494 503/525/503 511/537/511
f 511/537/511 503/525/503 499/519/499 510/536/510
f 471/485/471 515/542/515 213/203/213 215/205/215
f 485/504/485 512/538/512 515/543/515 471/505/471
f 515/542/515 495/515/495 205/195/205 213/203/213
f 512/538/512 505/530/505 495/531/495 515/543/515
f 513/539/513 493/513/493 505/530/505 512/538/512
f 516/544/516 439/451/439 177/167/177 181/171/181
f 182/172/182 178/168/178 442/454/442 517/545/517
f 423/435/423 420/432/420 416/428/416 518/546/518
f 519/547/519 417/429/417 421/433/421 432/444/432
f 518/546/518 416/428/416 412/424/412 520/548/520
f 521/549/521 413/425/413 417/429/417 519/547/519
f 520/548/520 412/424/412 406/418/406 522/550/522
f 523/551/523 409/421/409 413/425/413 521/549/521
f 522/550/522 406/418/406 407/419/407 524/552/524
f 525/553/525 408/420/408 409/421/409 523/551/523
f 526/554/526 524/552/524 407/419/407 440/452/440
f 439/451/439 526/554/526 440/452/440 438/450/438
f 443/455/443 408/420/408 525/553/525 527/555/527
f 441/453/441 443/455/443 527/555/527 442/454/442
f 424/436/424 423/435/423 518/546/518 528/556/528
f 529/557/529 519/547/519 432/444/432 431/443/431
f 530/558/530 531/559/531 532/560/532
f 533/561/533 534/562/534 535/563/535
f 531/559/531 530/558/530 536/564/536
f 537/565/537 535/563/535 534/562/534
f 536/564/536 539/567/539 538/566/538 531/559/531
f 539/567/539 424/436/424 528/556/528 538/566/538
f 534/562/534 541/569/541 540/568/540 537/565/537
f 541/569/541 529/557/529 431/443/431 540/568/540
f 542/570/542 536/564/536 530/558/530 532/560/532
f 533/561/533 535/563/535 537/565/537 543/571/543
f 544/572/544 436/448/436 425/437/425 545/573/545
f 545/573/545 425/437/425 424/436/424 539/567/539
f 546/574/546 430/442/430 436/448/436 544/572/544
f 540/568/540 431/443/431 430/442/430 546/574/546
f 547/575/547 544/572/544 545/573/545 548/576/548
f 549/577/549 546/574/546 544/572/544 547/575/547
f 551/579/551 547/575/547 548/576/548 550/578/550
f 552/580/552 549/577/549 547/575/547 551/579/551
f 553/581/553 552/580/552 551/579/551 550/578/550
f 554/582/554 549/577/549 552/580/552 553/581/553
f 553/581/553 550/578/550 548/576/548 555/583/555
f 556/584/556 546/574/546 549/577/549 554/582/554
f 555/583/555 548/576/548 545/573/545 557/585/557
f 558/586/558 554/582/554 553/581/553 555/583/555
f 543/571/543 537/565/537 540/568/540 559/587/559
f 560/588/560 539/567/539 536/564/536 542/570/542
f 561/589/561 558/586/558 555/583/555 557/585/557
f 556/584/556 554/582/554 558/586/558 561/589/561
f 541/569/541 534/562/534 533/561/533 562/590/562
f 562/590/562 533/561/533 543/571/543 559/587/559
f 559/587/559 540/568/540 546/574/546 556/584/556
f 557/585/557 545/573/545 539/567/539 560/588/560
f 563/591/563 532/560/532 531/559/531 538/566/538
f 560/588/560 542/570/542 532/560/532 563/591/563
f 564/592/564 529/557/529 541/569/541 562/590/562
f 563/591/563 538/566/538 528/556/528 565/593/565
f 562/590/562 559/587/559 567/595/567 566/594/566
f 559/587/559 556/584/556 561/589/561 567/595/567
f 567/595/567 561/589/561 557/585/557 560/588/560
f 567/595/567 560/588/560 563/591/563 568/596/568
f 564/592/564 562/590/562 566/594/566 569/597/569
f 570/598/570 568/596/568 563/591/563 565/593/565
f 571/599/571 567/595/567 568/596/568 570/598/570
f 569/597/569 566/594/566 567/595/567 571/599/571
f 517/545/517 442/454/442 527/555/527 572/600/572
f 573/601/573 526/554/526 439/451/439 516/544/516
f 206/196/206 208/198/208 574/602/574 214/204/214
f 212/202/212 575/603/575 207/197/207 203/193/203
f 196/186/196 182/172/182 517/545/517 576/604/576
f 198/188/198 196/186/196 576/604/576 208/198/208
f 208/198/208 576/604/576 577/605/577 574/602/574
f 578/606/578 516/544/516 181/171/181 195/185/195
f 207/197/207 578/606/578 195/185/195 197/187/197
f 575/603/575 579/607/579 578/606/578 207/197/207
f 572/600/572 527/555/527 525/553/525 580/608/580
f 581/609/581 524/552/524 526/554/526 573/601/573
f 216/206/216 214/204/214 574/602/574 582/610/582
f 583/611/583 575/603/575 212/202/212 211/201/211
f 576/604/576 517/545/517 572/600/572 577/605/577
f 579/607/579 573/601/573 516/544/516 578/606/578
f 580/608/580 525/553/525 523/551/523 584/612/584
f 585/613/585 522/550/522 524/552/524 581/609/581
f 577/605/577 572/600/572 580/608/580 586/614/586
f 587/615/587 581/609/581 573/601/573 579/607/579
f 584/612/584 523/551/523 521/549/521 588/616/588
f 589/617/589 520/548/520 522/550/522 585/613/585
f 588/616/588 521/549/521 519/547/519 590/618/590
f 519/547/519 529/557/529 564/592/564 590/618/590
f 591/619/591 518/546/518 520/548/520 589/617/589
f 591/619/591 565/593/565 528/556/528 518/546/518
f 593/621/593 588/616/588 590/618/590 592/620/592
f 595/623/595 591/619/591 589/617/589 594/622/594
f 590/618/590 564/592/564 569/597/569 596/624/596
f 597/625/597 570/598/570 565/593/565 591/619/591
f 592/620/592 590/618/590 596/624/596 598/626/598
f 599/627/599 597/625/597 591/619/591 595/623/595
f 596/624/596 569/597/569 571/599/571 600/628/600
f 600/628/600 571/599/571 570/598/570 597/625/597
f 601/629/601 600/628/600 597/625/597 599/627/599
f 598/626/598 596/624/596 600/628/600 602/630/602
f 602/630/602 600/628/600 601/629/601 603/631/603
f 604/632/604 585/613/585 581/609/581 587/615/587
f 594/622/594 589/617/589 585/613/585 604/632/604
f 586/614/586 580/608/580 584/612/584 605/633/605
f 605/633/605 584/612/584 588/616/588 593/621/593
f 583/611/583 587/615/587 579/607/579 575/603/575
f 574/602/574 577/605/577 586/614/586 582/610/582
f 606/634/606 604/632/604 587/615/587 583/611/583
f 582/610/582 586/614/586 605/633/605 607/635/607
f 608/636/608 583/611/583 211/201/211 219/209/219
f 218/208/218 216/206/216 582/610/582 609/637/609
f 610/638/610 606/634/606 583/611/583 608/636/608
f 609/637/609 582/610/582 607/635/607 611/639/611
f 612/640/612 608/636/608 219/209/219 223/213/223
f 613/641/613 612/640/612 223/213/223 227/217/227
f 222/212/222 218/208/218 609/637/609 614/642/614
f 226/216/226 222/212/222 614/642/614 615/643/615
f 231/221/231 616/644/616 613/641/613 227/217/227
f 616/644/616 617/645/617 612/640/612 613/641/613
f 302/302/302 310/310/310 616/644/616 231/221/231
f 617/645/617 610/638/610 608/636/608 612/640/612
f 226/216/226 615/643/615 618/646/618 230/220/230
f 615/643/615 614/642/614 619/647/619 618/646/618
f 230/220/230 618/646/618 313/313/313 305/305/305
f 614/642/614 609/637/609 611/639/611 619/647/619

# Mesh
g LowpolyEyes1:Mesh
usemtl DefaultMaterial
f 623/651/623 620/648/620 621/649/621 622/650/622
f 625/653/625 626/654/626 627/655/627 624/652/624
f 629/657/629 630/658/630 631/659/631 628/656/628
f 635/663/635 632/660/632 633/661/633 634/662/634
f 638/666/638 639/667/639 636/664/636 637/665/637
f 642/670/642 643/671/643 640/668/640 641/669/641
f 637/665/637 636/664/636 632/660/632 635/663/635
f 628/656/628 631/659/631 643/671/643 642/670/642
f 632/660/632 645/673/645 644/672/644 633/661/633
f 639/667/639 647/675/647 646/674/646 636/664/636
f 630/658/630 649/677/649 648/676/648 631/659/631
f 643/671/643 651/679/651 650/678/650 640/668/640
f 636/664/636 646/674/646 645/673/645 632/660/632
f 631/659/631 648/676/648 651/679/651 643/671/643
f 621/649/621 653/681/653 652/680/652 622/650/622
f 625/653/625 655/683/655 654/682/654 626/654/626
f 656/684/656 623/651/623 622/650/622 657/685/657
f 622/650/622 652/680/652 658/686/658 657/685/657
f 660/688/660 656/684/656 657/685/657 659/687/659
f 661/689/661 659/687/659 657/685/657 658/686/658
f 662/690/662 625/653/625 624/652/624 663/691/663
f 662/690/662 664/692/664 655/683/655 625/653/625
f 666/694/666 662/690/662 663/691/663 665/693/665
f 664/692/664 662/690/662 666/694/666 667/695/667
f 668/696/668 669/697/669 661/689/661 658/686/658
f 670/698/670 671/699/671 669/697/669 668/696/668
f 672/700/672 668/696/668 658/686/658 652/680/652
f 655/683/655 664/692/664 674/702/674 673/701/673
f 675/703/675 670/698/670 668/696/668 672/700/672
f 676/704/676 672/700/672 652/680/652 653/681/653
f 654/682/654 655/683/655 673/701/673 677/705/677
f 678/706/678 675/703/675 672/700/672 676/704/676
f 677/705/677 673/701/673 679/707/679 680/708/680
f 682/710/682 678/706/678 676/704/676 681/709/681
f 684/712/684 677/705/677 680/708/680 683/711/683
f 685/713/685 681/709/681 676/704/676 653/681/653
f 654/682/654 677/705/677 684/712/684 686/714/686
f 687/715/687 682/710/682 681/709/681 685/713/685
f 686/714/686 684/712/684 683/711/683 688/716/688
f 689/717/689 685/713/685 653/681/653 621/649/621
f 626/654/626 654/682/654 686/714/686 690/718/690
f 691/719/691 687/715/687 685/713/685 689/717/689
f 690/718/690 686/714/686 688/716/688 692/720/692
f 693/721/693 689/717/689 621/649/621 620/648/620
f 627/655/627 626/654/626 690/718/690 694/722/694
f 695/723/695 691/719/691 689/717/689 693/721/693
f 694/722/694 690/718/690 692/720/692 696/724/696
f 697/725/697 695/723/695 693/721/693 698/726/698
f 699/727/699 694/722/694 696/724/696 700/728/700
f 701/729/701 698/726/698 693/721/693 620/648/620
f 624/652/624 627/655/627 703/731/703 702/730/702
f 627/655/627 694/722/694 699/727/699 703/731/703
f 704/732/704 697/725/697 698/726/698 701/729/701
f 703/731/703 699/727/699 700/728/700 705/733/705
f 706/734/706 701/729/701 620/648/620 623/651/623
f 707/735/707 704/732/704 701/729/701 706/734/706
f 702/730/702 703/731/703 705/733/705 708/736/708
f 709/737/709 706/734/706 623/651/623 656/684/656
f 663/691/663 624/652/624 702/730/702 710/738/710
f 711/739/711 707/735/707 706/734/706 709/737/709
f 710/738/710 702/730/702 708/736/708 712/740/712
f 714/742/714 711/739/711 709/737/709 713/741/713
f 713/741/713 709/737/709 656/684/656 660/688/660
f 716/744/716 710/738/710 712/740/712 715/743/715
f 665/693/665 663/691/663 710/738/710 716/744/716
f 646/674/646 647/675/647 717/745/717 718/746/718
f 719/747/719 720/748/720 671/699/671 670/698/670
f 721/749/721 722/750/722 650/678/650 651/679/651
f 718/746/718 717/745/717 724/752/724 723/751/723
f 723/751/723 724/752/724 720/748/720 719/747/719
f 726/754/726 725/753/725 722/750/722 721/749/721
f 727/755/727 719/747/719 670/698/670 675/703/675
f 729/757/729 718/746/718 723/751/723 728/756/728
f 645/673/645 646/674/646 718/746/718 729/757/729
f 731/759/731 726/754/726 721/749/721 730/758/730
f 730/758/730 721/749/721 651/679/651 648/676/648
f 728/756/728 723/751/723 719/747/719 727/755/727
f 732/760/732 727/755/727 675/703/675 678/706/678
f 645/673/645 729/757/729 733/761/733 644/672/644
f 683/711/683 680/708/680 734/762/734 735/763/735
f 680/708/680 679/707/679 736/764/736 734/762/734
f 649/677/649 737/765/737 730/758/730 648/676/648
f 733/761/733 729/757/729 728/756/728 738/766/738
f 738/766/738 728/756/728 727/755/727 732/760/732
f 739/767/739 731/759/731 730/758/730 737/765/737
f 734/762/734 736/764/736 731/759/731 739/767/739
f 740/768/740 732/760/732 678/706/678 682/710/682
f 741/769/741 738/766/738 732/760/732 740/768/740
f 742/770/742 733/761/733 738/766/738 741/769/741
f 735/763/735 734/762/734 739/767/739 743/771/743
f 743/771/743 739/767/739 737/765/737 744/772/744
f 746/774/746 745/773/745 687/715/687 691/719/691
f 745/773/745 740/768/740 682/710/682 687/715/687
f 644/672/644 733/761/733 742/770/742 747/775/747
f 688/716/688 683/711/683 735/763/735 748/776/748
f 749/777/749 744/772/744 737/765/737 649/677/649
f 750/778/750 741/769/741 740/768/740 745/773/745
f 747/775/747 742/770/742 741/769/741 750/778/750
f 748/776/748 735/763/735 743/771/743 751/779/751
f 751/779/751 743/771/743 744/772/744 749/777/749
f 633/661/633 644/672/644 747/775/747 752/780/752
f 753/781/753 750/778/750 745/773/745 746/774/746
f 754/782/754 749/777/749 649/677/649 630/658/630
f 756/784/756 748/776/748 751/779/751 755/783/755
f 692/720/692 688/716/688 748/776/748 756/784/756
f 752/780/752 747/775/747 750/778/750 753/781/753
f 755/783/755 751/779/751 749/777/749 754/782/754
f 757/785/757 746/774/746 691/719/691 695/723/695
f 634/662/634 633/661/633 752/780/752 758/786/758
f 696/724/696 692/720/692 756/784/756 759/787/759
f 760/788/760 754/782/754 630/658/630 629/657/629
f 761/789/761 753/781/753 746/774/746 757/785/757
f 758/786/758 752/780/752 753/781/753 761/789/761
f 759/787/759 756/784/756 755/783/755 762/790/762
f 762/790/762 755/783/755 754/782/754 760/788/760
f 763/791/763 757/785/757 695/723/695 697/725/697
f 700/728/700 696/724/696 759/787/759 764/792/764
f 766/794/766 758/786/758 761/789/761 765/793/765
f 765/793/765 761/789/761 757/785/757 763/791/763
f 768/796/768 762/790/762 760/788/760 767/795/767
f 764/792/764 759/787/759 762/790/762 768/796/768
f 769/797/769 763/791/763 697/725/697 704/732/704
f 770/798/770 766/794/766 765/793/765 771/799/771
f 770/798/770 634/662/634 758/786/758 766/794/766
f 708/736/708 705/733/705 772/800/772 773/801/773
f 705/733/705 700/728/700 764/792/764 772/800/772
f 774/802/774 768/796/768 767/795/767 775/803/775
f 767/795/767 760/788/760 629/657/629 775/803/775
f 771/799/771 765/793/765 763/791/763 769/797/769
f 772/800/772 764/792/764 768/796/768 774/802/774
f 776/804/776 769/797/769 704/732/704 707/735/707
f 777/805/777 635/663/635 634/662/634 770/798/770
f 775/803/775 629/657/629 628/656/628 778/806/778
f 779/807/779 771/799/771 769/797/769 776/804/776
f 777/805/777 770/798/770 771/799/771 779/807/779
f 773/801/773 772/800/772 774/802/774 780/808/780
f 780/808/780 774/802/774 775/803/775 778/806/778
f 781/809/781 776/804/776 707/735/707 711/739/711
f 637/665/637 635/663/635 777/805/777 782/810/782
f 712/740/712 708/736/708 773/801/773 783/811/783
f 784/812/784 778/806/778 628/656/628 642/670/642
f 785/813/785 779/807/779 776/804/776 781/809/781
f 782/810/782 777/805/777 779/807/779 785/813/785
f 783/811/783 773/801/773 780/808/780 786/814/786
f 786/814/786 780/808/780 778/806/778 784/812/784
f 638/666/638 637/665/637 782/810/782 787/815/787
f 787/815/787 782/810/782 785/813/785 788/816/788
f 788/816/788 785/813/785 781/809/781 789/817/789
f 789/817/789 781/809/781 711/739/711 714/742/714
f 790/818/790 784/812/784 642/670/642 641/669/641
f 791/819/791 786/814/786 784/812/784 790/818/790
f 792/820/792 783/811/783 786/814/786 791/819/791
f 715/743/715 712/740/712 783/811/783 792/820/792
f 736/764/736 793/821/793 726/754/726 731/759/731
f 679/707/679 794/822/794 793/821/793 736/764/736
f 673/701/673 674/702/674 794/822/794 679/707/679
f 794/822/794 795/823/795 796/824/796 793/821/793
f 793/821/793 796/824/796 725/753/725 726/754/726
f 664/692/664 667/695/667 797/825/797 674/702/674
f 674/702/674 797/825/797 795/823/795 794/822/794

# Mesh
g LowpolyFace:Mesh
usemtl DefaultMaterial
f 800/828/800 801/829/801 798/826/798 799/827/799
f 802/830/802 803/831/803 801/829/801 800/828/800
f 805/833/805 800/828/800 799/827/799 804/832/804
f 806/834/806 802/830/802 800/828/800 805/833/805
f 808/836/808 805/833/805 804/832/804 807/835/807
f 809/837/809 806/834/806 805/833/805 808/836/808
f 811/839/811 808/836/808 807/835/807 810/838/810
f 812/840/812 809/837/809 808/836/808 811/839/811
f 814/842/814 815/843/815 816/844/816 813/841/813
f 813/841/813 816/844/816 817/845/817 818/846/818
f 816/844/816 820/848/820 819/847/819 817/845/817
f 818/846/818 817/845/817 819/847/819 821/849/821
f 822/850/822 823/851/823 824/852/824 820/848/820
f 815/843/815 822/850/822 820/848/820 816/844/816
f 825/853/825 822/850/822 815/843/815 814/842/814
f 820/848/820 824/852/824 826/854/826 819/847/819
f 825/853/825 827/855/827 823/851/823 822/850/822
f 819/847/819 826/854/826 828/856/828 821/849/821
f 832/860/832 829/857/829 830/858/830 831/859/831
f 803/831/803 832/860/832 831/859/831 801/829/801
f 831/859/831 830/858/830 834/862/834 833/861/833
f 801/829/801 831/859/831 833/861/833 798/826/798
f 829/857/829 836/864/836 835/863/835 830/858/830
f 830/858/830 835/863/835 837/865/837 834/862/834
f 838/866/838 839/867/839 840/868/840 841/869/841
f 841/869/841 840/868/840 842/870/842 843/871/843
f 835/863/835 841/869/841 843/871/843 837/865/837
f 836/864/836 838/866/838 841/869/841 835/863/835
f 844/872/844 845/873/845 846/874/846 847/875/847
f 848/876/848 849/877/849 850/878/850 851/879/851
f 852/880/852 844/872/844 847/875/847 853/881/853
f 854/882/854 848/876/848 851/879/851 855/883/855
f 857/885/857 852/880/852 853/881/853 856/884/856
f 859/887/859 854/882/854 855/883/855 858/886/858
f 861/889/861 860/888/860 857/885/857 856/884/856
f 859/887/859 858/886/858 863/891/863 862/890/862
f 865/893/865 864/892/864 860/888/860 861/889/861
f 862/890/862 863/891/863 867/895/867 866/894/866
f 868/896/868 869/897/869 864/892/864 865/893/865
f 866/894/866 867/895/867 870/898/870 871/899/871
f 872/900/872 873/901/873 869/897/869 868/896/868
f 871/899/871 870/898/870 874/902/874 875/903/875
f 876/904/876 811/839/811 810/838/810 877/905/877
f 878/906/878 812/840/812 811/839/811 876/904/876
f 879/907/879 880/908/880 873/901/873 872/900/872
f 875/903/875 874/902/874 880/908/880 879/907/879
f 851/879/851 850/878/850 882/910/882 881/909/881
f 798/826/798 833/861/833 884/912/884 883/911/883
f 886/914/886 885/913/885 844/872/844 852/880/852
f 888/916/888 887/915/887 832/860/832 803/831/803
f 855/883/855 851/879/851 881/909/881 889/917/889
f 883/911/883 884/912/884 891/919/891 890/918/890
f 890/918/890 891/919/891 885/913/885 886/914/886
f 893/921/893 892/920/892 887/915/887 888/916/888
f 889/917/889 881/909/881 892/920/892 893/921/893
f 894/922/894 886/914/886 852/880/852 857/885/857
f 799/827/799 798/826/798 883/911/883 895/923/895
f 858/886/858 855/883/855 889/917/889 896/924/896
f 897/925/897 888/916/888 803/831/803 802/830/802
f 898/926/898 890/918/890 886/914/886 894/922/894
f 895/923/895 883/911/883 890/918/890 898/926/898
f 896/924/896 889/917/889 893/921/893 899/927/899
f 899/927/899 893/921/893 888/916/888 897/925/897
f 804/832/804 799/827/799 895/923/895 900/928/900
f 901/929/901 894/922/894 857/885/857 860/888/860
f 902/930/902 897/925/897 802/830/802 806/834/806
f 863/891/863 858/886/858 896/924/896 903/931/903
f 900/928/900 895/923/895 898/926/898 904/932/904
f 904/932/904 898/926/898 894/922/894 901/929/901
f 905/933/905 899/927/899 897/925/897 902/930/902
f 903/931/903 896/924/896 899/927/899 905/933/905
f 807/835/807 804/832/804 900/928/900 906/934/906
f 864/892/864 907/935/907 901/929/901 860/888/860
f 908/936/908 902/930/902 806/834/806 809/837/809
f 863/891/863 903/931/903 909/937/909 867/895/867
f 906/934/906 900/928/900 904/932/904 910/938/910
f 910/938/910 904/932/904 901/929/901 907/935/907
f 911/939/911 905/933/905 902/930/902 908/936/908
f 909/937/909 903/931/903 905/933/905 911/939/911
f 869/897/869 912/940/912 907/935/907 864/892/864
f 873/901/873 913/941/913 912/940/912 869/897/869
f 810/838/810 807/835/807 906/934/906 914/942/914
f 876/904/876 877/905/877 915/943/915 913/941/913
f 880/908/880 876/904/876 913/941/913 873/901/873
f 867/895/867 909/937/909 916/944/916 870/898/870
f 870/898/870 916/944/916 917/945/917 874/902/874
f 918/946/918 908/936/908 809/837/809 812/840/812
f 917/945/917 919/947/919 878/906/878 876/904/876
f 874/902/874 917/945/917 876/904/876 880/908/880
f 913/941/913 915/943/915 920/948/920 912/940/912
f 877/905/877 810/838/810 914/942/914 915/943/915
f 915/943/915 914/942/914 920/948/920
f 920/948/920 910/938/910 907/935/907 912/940/912
f 914/942/914 906/934/906 910/938/910 920/948/920
f 916/944/916 921/949/921 919/947/919 917/945/917
f 919/947/919 918/946/918 812/840/812 878/906/878
f 921/949/921 918/946/918 919/947/919
f 916/944/916 909/937/909 911/939/911 921/949/921
f 921/949/921 911/939/911 908/936/908 918/946/918
f 843/871/843 842/870/842 922/950/922 923/951/923
f 924/952/924 925/953/925 839/867/839 838/866/838
f 837/865/837 843/871/843 923/951/923 926/954/926
f 926/954/926 923/951/923 927/955/927
f 923/951/923 922/950/922 927/955/927
f 928/956/928 924/952/924 838/866/838 836/864/836
f 929/957/929 924/952/924 928/956/928
f 929/957/929 925/953/925 924/952/924
f 834/862/834 837/865/837 926/954/926 930/958/930
f 833/861/833 834/862/834 930/958/930 884/912/884
f 930/958/930 926/954/926 927/955/927 931/959/931
f 932/960/932 928/956/928 836/864/836 829/857/829
f 887/915/887 932/960/932 829/857/829 832/860/832
f 933/961/933 929/957/929 928/956/928 932/960/932
f 884/912/884 930/958/930 934/962/934 891/919/891
f 930/958/930 931/959/931 935/963/935 934/962/934
f 892/920/892 936/964/936 932/960/932 887/915/887
f 936/964/936 937/965/937 933/961/933 932/960/932
f 885/913/885 938/966/938 845/873/845 844/872/844
f 891/919/891 934/962/934 938/966/938 885/913/885
f 881/909/881 882/910/882 936/964/936 892/920/892
f 845/873/845 938/966/938 939/967/939
f 940/968/940 882/910/882 850/878/850
f 939/967/939 941/969/941 846/874/846 845/873/845
f 941/969/941 939/967/939 942/970/942
f 934/962/934 935/963/935 942/970/942 938/966/938
f 939/967/939 938/966/938 942/970/942
f 850/878/850 849/877/849 943/971/943 940/968/940
f 944/972/944 940/968/940 943/971/943
f 882/910/882 944/972/944 937/965/937 936/964/936
f 944/972/944 882/910/882 940/968/940
f 942/970/942 946/974/946 945/973/945 941/969/941
f 943/971/943 948/976/948 947/975/947 944/972/944
f 946/974/946 950/978/950 949/977/949 945/973/945
f 950/978/950 951/979/951 952/980/952 949/977/949
f 927/955/927 950/978/950 935/963/935 931/959/931
f 922/950/922 951/979/951 950/978/950 927/955/927
f 950/978/950 946/974/946 942/970/942 935/963/935
f 948/976/948 954/982/954 953/981/953 947/975/947
f 954/982/954 955/983/955 956/984/956 953/981/953
f 933/961/933 937/965/937 953/981/953 929/957/929
f 929/957/929 953/981/953 956/984/956 925/953/925
f 937/965/937 944/972/944 947/975/947 953/981/953
f 839/867/839 958/986/958 957/985/957 840/868/840
f 840/868/840 957/985/957 959/987/959 842/870/842
f 961/989/961 962/990/962 963/991/963 960/988/960
f 965/993/965 964/992/964 962/990/962 961/989/961
f 957/985/957 961/995/961 960/994/960 959/987/959
f 958/986/958 965/996/965 961/995/961 957/985/957
f 842/870/842 959/987/959 966/997/966 922/950/922
f 963/991/963 968/999/968 967/998/967 960/988/960
f 922/950/922 966/997/966 969/1000/969 951/979/951
f 955/983/955 970/1001/970 971/1002/971 956/984/956
f 951/979/951 969/1000/969 972/1003/972 952/980/952
f 969/1000/969 974/1005/974 973/1004/973 972/1003/972
f 975/1008/975 976/1009/976 973/1006/973 974/1007/974
f 970/1001/970 978/1011/978 977/1010/977 971/1002/971
f 977/1014/977 978/1015/978 979/1012/979 980/1013/980
f 952/980/952 972/1003/972 981/1016/981 949/977/949
f 954/982/954 982/1017/982 970/1001/970 955/983/955
f 973/1006/973 976/1009/976 983/1018/983 984/1019/984
f 972/1003/972 973/1004/973 984/1020/984 981/1016/981
f 985/1021/985 986/1022/986 979/1012/979 978/1015/978
f 982/1017/982 985/1023/985 978/1011/978 970/1001/970
f 945/973/945 949/977/949 981/1016/981 987/1024/987
f 988/1025/988 982/1017/982 954/982/954 948/976/948
f 981/1016/981 984/1020/984 989/1026/989 987/1024/987
f 984/1019/984 983/1018/983 990/1028/990 989/1027/989
f 988/1025/988 991/1029/991 985/1023/985 982/1017/982
f 991/1031/991 992/1030/992 986/1022/986 985/1021/985
f 941/969/941 945/973/945 987/1024/987 993/1032/993
f 995/1034/995 994/1033/994 943/971/943 849/877/849
f 994/1033/994 988/1025/988 948/976/948 943/971/943
f 989/1027/989 990/1028/990 996/1035/996 997/1036/997
f 987/1024/987 989/1026/989 997/1037/997 993/1032/993
f 998/1038/998 999/1039/999 992/1030/992 991/1031/991
f 994/1033/994 998/1040/998 991/1029/991 988/1025/988
f 846/874/846 941/969/941 993/1032/993 1000/1041/1000
f 1001/1042/1001 995/1034/995 849/877/849 848/876/848
f 993/1032/993 997/1037/997 1002/1043/1002 1000/1041/1000
f 997/1036/997 996/1035/996 1003/1045/1003 1002/1044/1002
f 995/1034/995 1004/1046/1004 998/1040/998 994/1033/994
f 1004/1048/1004 1005/1047/1005 999/1039/999 998/1038/998
f 847/875/847 846/874/846 1000/1041/1000 1006/1049/1006
f 1000/1041/1000 1002/1043/1002 1007/1050/1007 1006/1049/1006
f 1002/1044/1002 1003/1045/1003 1008/1052/1008 1007/1051/1007
f 1001/1042/1001 1009/1053/1009 1004/1046/1004 995/1034/995
f 1009/1055/1009 1010/1054/1010 1005/1047/1005 1004/1048/1004
f 853/881/853 847/875/847 1006/1049/1006 1011/1056/1011
f 1008/1052/1008 1013/1058/1013 1012/1057/1012 1007/1051/1007
f 1014/1059/1014 1001/1042/1001 848/876/848 854/882/854
f 1009/1055/1009 1016/1061/1016 1015/1060/1015 1010/1054/1010
f 1011/1056/1011 1006/1049/1006 1007/1050/1007 1012/1062/1012
f 1016/1063/1016 1009/1053/1009 1001/1042/1001 1014/1059/1014
f 856/884/856 853/881/853 1011/1056/1011 1017/1064/1017
f 1018/1065/1018 1014/1059/1014 854/882/854 859/887/859
f 1019/1066/1019 1020/1067/1020 1012/1057/1012 1013/1058/1013
f 1020/1068/1020 1017/1064/1017 1011/1056/1011 1012/1062/1012
f 1015/1060/1015 1016/1061/1016 1021/1069/1021 1022/1070/1022
f 1016/1063/1016 1014/1059/1014 1018/1065/1018 1021/1071/1021
f 1023/1072/1023 861/889/861 856/884/856 1017/1064/1017
f 1018/1065/1018 859/887/859 862/890/862 1024/1073/1024
f 1025/1074/1025 1023/1072/1023 1017/1064/1017 1020/1068/1020
f 1026/1076/1026 1025/1075/1025 1020/1067/1020 1019/1066/1019
f 1021/1071/1021 1018/1065/1018 1024/1073/1024 1027/1077/1027
f 1022/1070/1022 1021/1069/1021 1027/1079/1027 1028/1078/1028
f 824/852/824 1030/1081/1030 1029/1080/1029 826/854/826
f 828/856/828 1031/1082/1031 1026/1076/1026 1032/1083/1032
f 1033/1084/1033 865/893/865 861/889/861 1023/1072/1023
f 1034/1085/1034 1028/1078/1028 1035/1086/1035 827/855/827
f 1024/1073/1024 862/890/862 866/894/866 1036/1087/1036
f 1037/1088/1037 1033/1084/1033 1023/1072/1023 1025/1074/1025
f 1031/1082/1031 1037/1089/1037 1025/1075/1025 1026/1076/1026
f 1027/1077/1027 1024/1073/1024 1036/1087/1036 1038/1090/1038
f 1028/1078/1028 1027/1079/1027 1038/1091/1038 1035/1086/1035
f 826/854/826 1029/1080/1029 1031/1082/1031 828/856/828
f 1039/1092/1039 868/896/868 865/893/865 1033/1084/1033
f 827/855/827 1035/1086/1035 1040/1093/1040 823/851/823
f 823/851/823 1040/1093/1040 1030/1081/1030 824/852/824
f 1036/1087/1036 866/894/866 871/899/871 1041/1094/1041
f 1042/1095/1042 1039/1092/1039 1033/1084/1033 1037/1088/1037
f 1029/1080/1029 1042/1096/1042 1037/1089/1037 1031/1082/1031
f 1038/1090/1038 1036/1087/1036 1041/1094/1041 1043/1097/1043
f 1035/1086/1035 1038/1091/1038 1043/1098/1043 1040/1093/1040
f 1044/1099/1044 872/900/872 868/896/868 1039/1092/1039
f 1040/1093/1040 1045/1100/1045 1046/1101/1046 1030/1081/1030
f 1041/1094/1041 871/899/871 875/903/875 1047/1102/1047
f 1048/1103/1048 1049/1104/1049 1042/1096/1042 1029/1080/1029
f 1049/1105/1049 1044/1099/1044 1039/1092/1039 1042/1095/1042
f 1040/1093/1040 1043/1098/1043 1050/1106/1050 1045/1100/1045
f 1043/1097/1043 1041/1094/1041 1047/1102/1047 1050/1107/1050
f 1030/1081/1030 1046/1101/1046 1048/1103/1048 1029/1080/1029
f 1051/1108/1051 879/907/879 872/900/872 1044/1099/1044
f 1047/1102/1047 875/903/875 879/907/879 1051/1108/1051
f 1046/1101/1046 1052/1109/1052 1049/1104/1049 1048/1103/1048
f 1045/1100/1045 1050/1106/1050 1052/1109/1052 1046/1101/1046
f 1052/1110/1052 1051/1108/1051 1044/1099/1044 1049/1105/1049
f 1050/1107/1050 1047/1102/1047 1051/1108/1051 1052/1110/1052
f 925/953/925 1053/1111/1053 958/986/958 839/867/839
f 956/984/956 971/1002/971 1053/1111/1053 925/953/925
f 959/987/959 960/994/960 967/1112/967 966/997/966
f 967/1112/967 974/1005/974 969/1000/969 966/997/966
f 968/999/968 975/1008/975 974/1007/974 967/998/967
f 1053/1111/1053 1054/1113/1054 965/996/965 958/986/958
f 965/993/965 1054/1115/1054 1055/1114/1055 964/992/964
f 1053/1111/1053 971/1002/971 977/1010/977 1054/1113/1054
f 1054/1115/1054 977/1014/977 980/1013/980 1055/1114/1055

# Mesh
g LowpolyBody:Mesh
usemtl DefaultMaterial
f 1056/1116/1056 1057/1117/1057 1058/1118/1058 1059/1119/1059
f 1059/1119/1059 1058/1118/1058 1061/1121/1061 1060/1120/1060
f 1062/1122/1062 1063/1123/1063 1064/1124/1064 1065/1125/1065
f 1058/1118/1058 1062/1122/1062 1065/1125/1065 1061/1121/1061
f 1066/1126/1066 1067/1127/1067 1063/1123/1063 1062/1122/1062
f 1057/1117/1057 1066/1126/1066 1062/1122/1062 1058/1118/1058
f 1068/1128/1068 1069/1129/1069 1067/1127/1067 1066/1126/1066
f 1065/1125/1065 1064/1124/1064 1070/1130/1070 1071/1131/1071
f 1072/1132/1072 1059/1119/1059 1060/1120/1060 1073/1133/1073
f 1074/1134/1074 1056/1116/1056 1059/1119/1059 1072/1132/1072
f 1075/1135/1075 1072/1132/1072 1073/1133/1073 1076/1136/1076
f 1077/1137/1077 1074/1134/1074 1072/1132/1072 1075/1135/1075
f 1076/1136/1076 1073/1133/1073 1078/1138/1078 1079/1139/1079
f 1080/1140/1080 1081/1141/1081 1074/1134/1074 1077/1137/1077
f 1079/1139/1079 1078/1138/1078 1082/1142/1082 1083/1143/1083
f 1084/1144/1084 1085/1145/1085 1081/1141/1081 1080/1140/1080
f 1086/1146/1086 1087/1147/1087 1088/1148/1088 1089/1149/1089
f 1090/1150/1090 1091/1151/1091 1092/1152/1092 1093/1153/1093
f 1089/1149/1089 1088/1148/1088 1094/1154/1094 1095/1155/1095
f 1097/1157/1097 1098/1158/1098 1099/1159/1099 1096/1156/1096
f 1100/1160/1100 1101/1161/1101 1091/1151/1091 1090/1150/1090
f 1105/1165/1105 1102/1162/1102 1103/1163/1103 1104/1164/1104
f 1106/1166/1106 1089/1149/1089 1095/1155/1095 1107/1167/1107
f 1098/1158/1098 1106/1166/1106 1107/1167/1107 1099/1159/1099
f 1108/1168/1108 1100/1160/1100 1090/1150/1090 1109/1169/1109
f 1102/1162/1102 1108/1168/1108 1109/1169/1109 1103/1163/1103
f 1110/1170/1110 1111/1171/1111 1087/1147/1087 1086/1146/1086
f 1093/1153/1093 1092/1152/1092 1111/1171/1111 1110/1170/1110
f 1110/1170/1110 1112/1172/1112 1113/1173/1113
f 1114/1174/1114 1112/1172/1112 1110/1170/1110
f 1115/1175/1115 1068/1128/1068 1066/1126/1066 1057/1117/1057
f 1061/1121/1061 1065/1125/1065 1071/1131/1071 1116/1176/1116
f 1081/1141/1081 1117/1177/1117 1056/1116/1056 1074/1134/1074
f 1073/1133/1073 1060/1120/1060 1118/1178/1118 1078/1138/1078
f 1120/1180/1120 1121/1181/1121 1122/1182/1122 1119/1179/1119
f 1119/1179/1119 1122/1182/1122 1123/1183/1123 1124/1184/1124
f 1125/1185/1125 1126/1186/1126 1127/1187/1127 1128/1188/1128
f 1129/1189/1129 1130/1190/1130 1126/1186/1126 1125/1185/1125
f 1121/1181/1121 1129/1189/1129 1125/1185/1125 1122/1182/1122
f 1122/1182/1122 1125/1185/1125 1128/1188/1128 1123/1183/1123
f 1126/1186/1126 1132/1192/1132 1131/1191/1131 1127/1187/1127
f 1130/1190/1130 1133/1193/1133 1132/1192/1132 1126/1186/1126
f 1117/1177/1117 1115/1175/1115 1057/1117/1057 1056/1116/1056
f 1060/1120/1060 1061/1121/1061 1116/1176/1116 1118/1178/1118
f 1085/1145/1085 1134/1194/1134 1117/1177/1117 1081/1141/1081
f 1078/1138/1078 1118/1178/1118 1135/1195/1135 1082/1142/1082
f 1109/1169/1109 1090/1150/1090 1093/1153/1093 1136/1196/1136
f 1136/1196/1136 1093/1153/1093 1110/1170/1110 1113/1173/1113
f 1137/1197/1137 1086/1146/1086 1089/1149/1089 1106/1166/1106
f 1114/1174/1114 1110/1170/1110 1086/1146/1086 1137/1197/1137
f 1103/1163/1103 1109/1169/1109 1136/1196/1136 1138/1198/1138
f 1139/1199/1139 1137/1197/1137 1106/1166/1106 1098/1158/1098
f 1104/1164/1104 1103/1163/1103 1138/1198/1138 1140/1200/1140
f 1141/1201/1141 1139/1199/1139 1098/1158/1098 1097/1157/1097
f 1142/1202/1142 1141/1203/1141 1143/1204/1143 1144/1205/1144
f 1146/1207/1146 1104/1164/1104 1140/1200/1140 1145/1206/1145
f 1143/1209/1143 1141/1201/1141 1097/1157/1097 1147/1208/1147
f 1148/1210/1148 1105/1165/1105 1104/1164/1104 1146/1207/1146
f 1147/1208/1147 1097/1157/1097 1096/1156/1096 1149/1211/1149
f 1150/1212/1150 1151/1213/1151 1105/1165/1105 1148/1210/1148
f 1149/1211/1149 1096/1156/1096 1152/1214/1152 1153/1215/1153
f 1151/1213/1151 1154/1216/1154 1102/1162/1102 1105/1165/1105
f 1096/1156/1096 1099/1159/1099 1155/1217/1155 1152/1214/1152
f 1154/1216/1154 1156/1218/1156 1108/1168/1108 1102/1162/1102
f 1099/1159/1099 1107/1167/1107 1157/1219/1157 1155/1217/1155
f 1158/1220/1158 1159/1221/1159 1101/1161/1101 1100/1160/1100
f 1156/1218/1156 1158/1220/1158 1100/1160/1100 1108/1168/1108
f 1095/1155/1095 1094/1154/1094 1160/1222/1160 1161/1223/1161
f 1107/1167/1107 1095/1155/1095 1161/1223/1161 1157/1219/1157
f 1163/1227/1163 1146/1224/1146 1145/1225/1145 1162/1226/1162
f 1164/1228/1164 1148/1229/1148 1146/1224/1146 1163/1227/1163
f 1144/1205/1144 1143/1204/1143 1147/1231/1147 1165/1230/1165
f 1165/1230/1165 1147/1231/1147 1149/1232/1149 1166/1233/1166
f 1162/1226/1162 1145/1225/1145 1140/1234/1140 1167/1235/1167
f 1168/1237/1168 1150/1236/1150 1148/1229/1148 1164/1228/1164
f 1166/1233/1166 1149/1232/1149 1153/1239/1153 1169/1238/1169
f 1170/1241/1170 1151/1240/1151 1150/1236/1150 1168/1237/1168
f 1169/1238/1169 1153/1239/1153 1152/1243/1152 1171/1242/1171
f 1172/1244/1172 1163/1227/1163 1162/1226/1162 1167/1235/1167
f 1168/1237/1168 1164/1228/1164 1163/1227/1163 1172/1244/1172
f 1142/1202/1142 1144/1205/1144 1165/1230/1165 1173/1245/1173
f 1173/1245/1173 1165/1230/1165 1166/1233/1166 1169/1238/1169
f 1167/1235/1167 1140/1234/1140 1138/1246/1138 1174/1247/1174
f 1170/1241/1170 1168/1237/1168 1172/1244/1172 1175/1248/1175
f 1176/1249/1176 1139/1250/1139 1141/1203/1141 1142/1202/1142
f 1177/1251/1177 1173/1245/1173 1169/1238/1169 1171/1242/1171
f 1175/1248/1175 1172/1244/1172 1167/1235/1167 1174/1247/1174
f 1176/1249/1176 1142/1202/1142 1173/1245/1173 1177/1251/1177
f 1178/1253/1178 1154/1252/1154 1151/1240/1151 1170/1241/1170
f 1171/1242/1171 1152/1243/1152 1155/1255/1155 1179/1254/1179
f 1178/1253/1178 1170/1241/1170 1175/1248/1175 1180/1256/1180
f 1181/1257/1181 1177/1251/1177 1171/1242/1171 1179/1254/1179
f 1182/1260/1182 1183/1261/1183 1161/1258/1161 1160/1259/1160
f 1184/1263/1184 1156/1262/1156 1154/1252/1154 1178/1253/1178
f 1158/1265/1158 1156/1262/1156 1184/1263/1184 1185/1264/1185
f 1179/1254/1179 1155/1255/1155 1157/1267/1157 1186/1266/1186
f 1183/1261/1183 1186/1266/1186 1157/1267/1157 1161/1258/1161
f 1184/1263/1184 1178/1253/1178 1180/1256/1180 1187/1268/1187
f 1188/1269/1188 1181/1257/1181 1179/1254/1179 1186/1266/1186
f 1189/1271/1189 1174/1247/1174 1138/1246/1138 1136/1270/1136
f 1180/1256/1180 1175/1248/1175 1174/1247/1174 1189/1271/1189
f 1137/1273/1137 1139/1250/1139 1176/1249/1176 1190/1272/1190
f 1190/1272/1190 1176/1249/1176 1177/1251/1177 1181/1257/1181
f 1187/1268/1187 1180/1256/1180 1189/1271/1189 1191/1274/1191
f 1192/1275/1192 1190/1272/1190 1181/1257/1181 1188/1269/1188
f 1189/1271/1189 1136/1270/1136 1113/1276/1113 1193/1277/1193
f 1193/1277/1193 1113/1276/1113 1112/1278/1112 1194/1279/1194
f 1195/1280/1195 1114/1281/1114 1137/1273/1137 1190/1272/1190
f 1191/1274/1191 1189/1271/1189 1193/1277/1193 1196/1282/1196
f 1198/1284/1198 1191/1274/1191 1196/1282/1196 1197/1283/1197
f 1199/1285/1199 1195/1280/1195 1190/1272/1190 1192/1275/1192
f 1201/1287/1201 1199/1285/1199 1192/1275/1192 1200/1286/1200
f 1194/1279/1194 1112/1278/1112 1114/1281/1114 1195/1280/1195
f 1203/1289/1203 1204/1290/1204 1201/1287/1201 1202/1288/1202
f 1205/1291/1205 1197/1283/1197 1204/1290/1204 1203/1289/1203
f 1206/1292/1206 1194/1279/1194 1195/1280/1195 1199/1285/1199
f 1196/1282/1196 1193/1277/1193 1194/1279/1194 1206/1292/1206
f 1197/1283/1197 1196/1282/1196 1206/1292/1206 1204/1290/1204
f 1204/1290/1204 1206/1292/1206 1199/1285/1199 1201/1287/1201
f 1185/1264/1185 1184/1263/1184 1187/1268/1187 1207/1293/1207
f 1207/1293/1207 1187/1268/1187 1191/1274/1191 1198/1284/1198
f 1208/1294/1208 1188/1269/1188 1186/1266/1186 1183/1261/1183
f 1200/1286/1200 1192/1275/1192 1188/1269/1188 1208/1294/1208
f 1209/1295/1209 1198/1284/1198 1197/1283/1197 1205/1291/1205
f 1159/1296/1159 1158/1265/1158 1185/1264/1185 1210/1297/1210
f 1202/1288/1202 1201/1287/1201 1200/1286/1200 1211/1298/1211
f 1212/1299/1212 1208/1294/1208 1183/1261/1183 1182/1260/1182
f 1210/1297/1210 1185/1264/1185 1207/1293/1207 1213/1300/1213
f 1213/1300/1213 1207/1293/1207 1198/1284/1198 1209/1295/1209
f 1211/1298/1211 1200/1286/1200 1208/1294/1208 1212/1299/1212
f 1092/1152/1092 1214/1301/1214 1215/1302/1215 1111/1171/1111
f 1111/1171/1111 1215/1302/1215 1216/1303/1216 1087/1147/1087
f 1214/1301/1214 1217/1304/1217 1218/1305/1218 1215/1302/1215
f 1215/1302/1215 1218/1305/1218 1219/1306/1219 1216/1303/1216
f 1091/1151/1091 1220/1307/1220 1214/1301/1214 1092/1152/1092
f 1087/1147/1087 1216/1303/1216 1221/1308/1221 1088/1148/1088
f 1220/1307/1220 1222/1309/1222 1217/1304/1217 1214/1301/1214
f 1216/1303/1216 1219/1306/1219 1223/1310/1223 1221/1308/1221
f 1101/1161/1101 1224/1311/1224 1220/1307/1220 1091/1151/1091
f 1088/1148/1088 1221/1308/1221 1225/1312/1225 1094/1154/1094
f 1224/1311/1224 1226/1313/1226 1222/1309/1222 1220/1307/1220
f 1221/1308/1221 1223/1310/1223 1227/1314/1227 1225/1312/1225
f 1159/1221/1159 1228/1315/1228 1224/1311/1224 1101/1161/1101
f 1094/1154/1094 1225/1312/1225 1229/1316/1229 1160/1222/1160
f 1228/1315/1228 1230/1317/1230 1226/1313/1226 1224/1311/1224
f 1225/1312/1225 1227/1314/1227 1231/1318/1231 1229/1316/1229
f 1228/1319/1228 1159/1296/1159 1210/1297/1210 1232/1320/1232
f 1233/1321/1233 1182/1260/1182 1160/1259/1160 1229/1322/1229
f 1230/1323/1230 1228/1319/1228 1232/1320/1232 1234/1324/1234
f 1235/1325/1235 1233/1321/1233 1229/1322/1229 1231/1326/1231
f 1232/1320/1232 1210/1297/1210 1213/1300/1213 1236/1327/1236
f 1237/1328/1237 1212/1299/1212 1182/1260/1182 1233/1321/1233
f 1234/1324/1234 1232/1320/1232 1236/1327/1236 1238/1329/1238
f 1239/1330/1239 1237/1328/1237 1233/1321/1233 1235/1325/1235
f 1236/1327/1236 1213/1300/1213 1209/1295/1209 1240/1331/1240
f 1241/1332/1241 1211/1298/1211 1212/1299/1212 1237/1328/1237
f 1238/1329/1238 1236/1327/1236 1240/1331/1240 1242/1333/1242
f 1243/1334/1243 1241/1332/1241 1237/1328/1237 1239/1330/1239
f 1240/1331/1240 1209/1295/1209 1205/1291/1205 1244/1335/1244
f 1244/1335/1244 1205/1291/1205 1203/1289/1203 1245/1336/1245
f 1246/1337/1246 1202/1288/1202 1211/1298/1211 1241/1332/1241
f 1242/1333/1242 1240/1331/1240 1244/1335/1244 1247/1338/1247
f 1248/1339/1248 1246/1337/1246 1241/1332/1241 1243/1334/1243
f 1245/1336/1245 1203/1289/1203 1202/1288/1202 1246/1337/1246
f 1249/1340/1249 1245/1336/1245 1246/1337/1246 1248/1339/1248
f 1247/1338/1247 1244/1335/1244 1245/1336/1245 1249/1340/1249
f 1251/1342/1251 1077/1137/1077 1075/1135/1075 1250/1341/1250
f 1217/1304/1217 1252/1343/1252 1253/1344/1253 1218/1305/1218
f 1250/1341/1250 1075/1135/1075 1076/1136/1076 1254/1345/1254
f 1218/1305/1218 1253/1344/1253 1255/1346/1255 1219/1306/1219
f 1256/1347/1256 1251/1342/1251 1250/1341/1250 1257/1348/1257
f 1252/1343/1252 1256/1347/1256 1257/1348/1257 1253/1344/1253
f 1257/1348/1257 1250/1341/1250 1254/1345/1254 1258/1349/1258
f 1253/1344/1253 1257/1348/1257 1258/1349/1258 1255/1346/1255
f 1259/1350/1259 1080/1140/1080 1077/1137/1077 1251/1342/1251
f 1222/1309/1222 1260/1351/1260 1252/1343/1252 1217/1304/1217
f 1254/1345/1254 1076/1136/1076 1079/1139/1079 1261/1352/1261
f 1219/1306/1219 1255/1346/1255 1262/1353/1262 1223/1310/1223
f 1263/1354/1263 1259/1350/1259 1251/1342/1251 1256/1347/1256
f 1260/1351/1260 1263/1354/1263 1256/1347/1256 1252/1343/1252
f 1258/1349/1258 1254/1345/1254 1261/1352/1261 1264/1355/1264
f 1255/1346/1255 1258/1349/1258 1264/1355/1264 1262/1353/1262
f 1265/1356/1265 1084/1144/1084 1080/1140/1080 1259/1350/1259
f 1226/1313/1226 1266/1357/1266 1260/1351/1260 1222/1309/1222
f 1261/1352/1261 1079/1139/1079 1083/1143/1083 1267/1358/1267
f 1223/1310/1223 1262/1353/1262 1268/1359/1268 1227/1314/1227
f 1269/1360/1269 1265/1356/1265 1259/1350/1259 1263/1354/1263
f 1266/1357/1266 1269/1360/1269 1263/1354/1263 1260/1351/1260
f 1264/1355/1264 1261/1352/1261 1267/1358/1267 1270/1361/1270
f 1262/1353/1262 1264/1355/1264 1270/1361/1270 1268/1359/1268
f 1230/1317/1230 1271/1362/1271 1266/1357/1266 1226/1313/1226
f 1227/1314/1227 1268/1359/1268 1272/1363/1272 1231/1318/1231
f 1271/1362/1271 1273/1364/1273 1269/1360/1269 1266/1357/1266
f 1268/1359/1268 1270/1361/1270 1274/1365/1274 1272/1363/1272
f 1273/1368/1273 1271/1369/1271 1275/1366/1275 1276/1367/1276
f 1230/1323/1230 1234/1324/1234 1275/1366/1275 1271/1369/1271
f 1277/1372/1277 1278/1373/1278 1272/1370/1272 1274/1371/1274
f 1272/1370/1272 1278/1373/1278 1235/1325/1235 1231/1326/1231
f 1275/1366/1275 1234/1324/1234 1238/1329/1238 1279/1374/1279
f 1280/1375/1280 1239/1330/1239 1235/1325/1235 1278/1373/1278
f 1276/1367/1276 1275/1366/1275 1279/1374/1279 1281/1376/1281
f 1282/1377/1282 1280/1375/1280 1278/1373/1278 1277/1372/1277
f 1279/1374/1279 1238/1329/1238 1242/1333/1242 1283/1378/1283
f 1285/1380/1285 1248/1339/1248 1243/1334/1243 1284/1379/1284
f 1284/1379/1284 1243/1334/1243 1239/1330/1239 1280/1375/1280
f 1281/1376/1281 1279/1374/1279 1283/1378/1283 1286/1381/1286
f 1287/1382/1287 1284/1379/1284 1280/1375/1280 1282/1377/1282
f 1283/1378/1283 1242/1333/1242 1247/1338/1247 1288/1383/1288
f 1288/1383/1288 1247/1338/1247 1249/1340/1249 1289/1384/1289
f 1286/1381/1286 1283/1378/1283 1288/1383/1288 1290/1385/1290
f 1291/1386/1291 1285/1380/1285 1284/1379/1284 1287/1382/1287
f 1289/1384/1289 1249/1340/1249 1248/1339/1248 1285/1380/1285
f 1292/1387/1292 1289/1384/1289 1285/1380/1285 1291/1386/1291
f 1290/1385/1290 1288/1383/1288 1289/1384/1289 1292/1387/1292
f 1133/1193/1133 1293/1388/1293 1294/1389/1294 1132/1192/1132
f 1132/1192/1132 1294/1389/1294 1295/1390/1295 1131/1191/1131
f 1127/1187/1127 1131/1191/1131 1297/1392/1297 1296/1391/1296
f 1131/1191/1131 1295/1390/1295 1298/1393/1298 1297/1392/1297
f 1300/1395/1300 1299/1394/1299 1293/1388/1293 1133/1193/1133
f 1302/1397/1302 1297/1392/1297 1298/1393/1298 1301/1396/1301
f 1304/1399/1304 1299/1394/1299 1300/1395/1300 1303/1398/1303
f 1118/1178/1118 1306/1401/1306 1305/1400/1305 1135/1195/1135
f 1307/1402/1307 1300/1395/1300 1133/1193/1133 1130/1190/1130
f 1134/1194/1134 1309/1404/1309 1308/1403/1308 1117/1177/1117
f 1310/1405/1310 1296/1391/1296 1297/1392/1297 1302/1397/1302
f 1306/1407/1306 1310/1405/1310 1302/1397/1302 1305/1406/1305
f 1303/1398/1303 1300/1395/1300 1307/1402/1307 1311/1408/1311
f 1309/1410/1309 1303/1398/1303 1311/1408/1311 1308/1409/1308
f 1116/1176/1116 1312/1411/1312 1306/1401/1306 1118/1178/1118
f 1314/1413/1314 1313/1412/1313 1296/1391/1296 1310/1405/1310
f 1128/1188/1128 1127/1187/1127 1296/1391/1296 1313/1412/1313
f 1316/1415/1316 1315/1414/1315 1068/1128/1068 1115/1175/1115
f 1117/1177/1117 1308/1403/1308 1316/1415/1316 1115/1175/1115
f 1311/1408/1311 1307/1402/1307 1318/1417/1318 1317/1416/1317
f 1318/1417/1318 1307/1402/1307 1130/1190/1130 1129/1189/1129
f 1312/1418/1312 1314/1413/1314 1310/1405/1310 1306/1407/1306
f 1308/1409/1308 1311/1408/1311 1317/1416/1317 1316/1419/1316
f 1116/1176/1116 1071/1131/1071 1319/1420/1319 1312/1411/1312
f 1123/1183/1123 1128/1188/1128 1313/1412/1313 1320/1421/1320
f 1321/1422/1321 1318/1417/1318 1129/1189/1129 1121/1181/1121
f 1322/1424/1322 1314/1413/1314 1312/1418/1312 1319/1423/1319
f 1320/1421/1320 1313/1412/1313 1314/1413/1314 1322/1424/1322
f 1315/1426/1315 1316/1419/1316 1317/1416/1317 1323/1425/1323
f 1323/1425/1323 1317/1416/1317 1318/1417/1318 1321/1422/1321
f 1124/1184/1124 1123/1183/1123 1320/1421/1320 1324/1427/1324
f 1324/1427/1324 1320/1421/1320 1322/1424/1322 1325/1428/1325
f 1071/1131/1071 1070/1130/1070 1326/1429/1326 1319/1420/1319
f 1325/1428/1325 1322/1424/1322 1319/1423/1319 1326/1430/1326
f 1327/1431/1327 1321/1422/1321 1121/1181/1121 1120/1180/1120
f 1328/1432/1328 1323/1425/1323 1321/1422/1321 1327/1431/1327
f 1315/1414/1315 1329/1433/1329 1069/1129/1069 1068/1128/1068
f 1329/1434/1329 1315/1426/1315 1323/1425/1323 1328/1432/1328
f 1270/1361/1270 1267/1358/1267 1330/1435/1330 1274/1365/1274
f 1331/1437/1331 1277/1372/1277 1274/1371/1274 1330/1436/1330
f 1273/1364/1273 1332/1438/1332 1265/1356/1265 1269/1360/1269
f 1332/1440/1332 1273/1368/1273 1276/1367/1276 1333/1439/1333
f 1334/1441/1334 1331/1437/1331 1330/1436/1330 1335/1442/1335
f 1336/1443/1336 1332/1440/1332 1333/1439/1333 1337/1444/1337
f 1338/1445/1338 1282/1377/1282 1277/1372/1277 1331/1437/1331
f 1339/1446/1339 1281/1376/1281 1286/1381/1286 1340/1447/1340
f 1333/1439/1333 1276/1367/1276 1281/1376/1281 1339/1446/1339
f 1341/1448/1341 1338/1445/1338 1331/1437/1331 1334/1441/1334
f 1337/1444/1337 1333/1439/1333 1339/1446/1339 1342/1449/1342
f 1344/1451/1344 1291/1386/1291 1287/1382/1287 1343/1450/1343
f 1343/1450/1343 1287/1382/1287 1282/1377/1282 1338/1445/1338
f 1298/1393/1298 1345/1452/1345 1346/1453/1346 1301/1396/1301
f 1304/1399/1304 1347/1454/1347 1348/1455/1348 1299/1394/1299
f 1349/1456/1349 1343/1450/1343 1338/1445/1338 1341/1448/1341
f 1345/1452/1345 1349/1456/1349 1341/1448/1341 1346/1453/1346
f 1342/1449/1342 1339/1446/1339 1340/1447/1340 1350/1457/1350
f 1347/1454/1347 1342/1449/1342 1350/1457/1350 1348/1455/1348
f 1295/1390/1295 1351/1458/1351 1345/1452/1345 1298/1393/1298
f 1353/1460/1353 1290/1385/1290 1292/1387/1292 1352/1459/1352
f 1340/1447/1340 1286/1381/1286 1290/1385/1290 1353/1460/1353
f 1299/1394/1299 1348/1455/1348 1354/1461/1354 1293/1388/1293
f 1355/1462/1355 1344/1451/1344 1343/1450/1343 1349/1456/1349
f 1351/1458/1351 1355/1462/1355 1349/1456/1349 1345/1452/1345
f 1350/1457/1350 1340/1447/1340 1353/1460/1353 1356/1463/1356
f 1348/1455/1348 1350/1457/1350 1356/1463/1356 1354/1461/1354
f 1352/1459/1352 1292/1387/1292 1291/1386/1291 1344/1451/1344
f 1293/1388/1293 1354/1461/1354 1357/1464/1357 1294/1389/1294
f 1294/1389/1294 1357/1464/1357 1351/1458/1351 1295/1390/1295
f 1358/1465/1358 1352/1459/1352 1344/1451/1344 1355/1462/1355
f 1356/1463/1356 1353/1460/1353 1352/1459/1352 1358/1465/1358
f 1357/1464/1357 1358/1465/1358 1355/1462/1355 1351/1458/1351
f 1354/1461/1354 1356/1463/1356 1358/1465/1358 1357/1464/1357
f 1362/1469/1362 1359/1466/1359 1360/1467/1360 1361/1468/1361
f 1364/1471/1364 1365/1472/1365 1366/1473/1366 1363/1470/1363
f 1368/1475/1368 1367/1474/1367 1359/1466/1359 1362/1469/1362
f 1363/1470/1363 1366/1473/1366 1370/1477/1370 1369/1476/1369
f 1372/1479/1372 1371/1478/1371 1367/1474/1367 1368/1475/1368
f 1369/1476/1369 1370/1477/1370 1374/1481/1374 1373/1480/1373
f 1376/1485/1376 1362/1482/1362 1361/1483/1361 1375/1484/1375
f 1378/1487/1378 1364/1488/1364 1363/1489/1363 1377/1486/1377
f 1379/1491/1379 1368/1490/1368 1362/1482/1362 1376/1485/1376
f 1377/1486/1377 1363/1489/1363 1369/1493/1369 1380/1492/1380
f 1381/1495/1381 1372/1494/1372 1368/1490/1368 1379/1491/1379
f 1380/1492/1380 1369/1493/1369 1373/1497/1373 1382/1496/1382
f 1384/1499/1384 1381/1495/1381 1379/1491/1379 1383/1498/1383
f 1386/1501/1386 1380/1492/1380 1382/1496/1382 1385/1500/1385
f 1383/1498/1383 1379/1491/1379 1376/1485/1376 1387/1502/1387
f 1388/1503/1388 1377/1486/1377 1380/1492/1380 1386/1501/1386
f 1387/1502/1387 1376/1485/1376 1375/1484/1375 1389/1504/1389
f 1390/1505/1390 1378/1487/1378 1377/1486/1377 1388/1503/1388
f 1392/1507/1392 1387/1502/1387 1389/1504/1389 1391/1506/1391
f 1394/1509/1394 1390/1505/1390 1388/1503/1388 1393/1508/1393
f 1396/1511/1396 1392/1507/1392 1391/1506/1391 1395/1510/1395
f 1398/1513/1398 1394/1509/1394 1393/1508/1393 1397/1512/1397
f 1399/1514/1399 1383/1498/1383 1387/1502/1387 1392/1507/1392
f 1393/1508/1393 1388/1503/1388 1386/1501/1386 1400/1515/1400
f 1401/1516/1401 1399/1514/1399 1392/1507/1392 1396/1511/1396
f 1397/1512/1397 1393/1508/1393 1400/1515/1400 1402/1517/1402
f 1403/1518/1403 1384/1499/1384 1383/1498/1383 1399/1514/1399
f 1404/1519/1404 1403/1518/1403 1399/1514/1399 1401/1516/1401
f 1400/1515/1400 1386/1501/1386 1385/1500/1385 1405/1520/1405
f 1402/1517/1402 1400/1515/1400 1405/1520/1405 1406/1521/1406
f 1335/1442/1335 1330/1436/1330 1407/1522/1407
f 1408/1523/1408 1332/1440/1332 1336/1443/1336
f 1410/1525/1410 1409/1524/1409 1371/1478/1371 1372/1479/1372
f 1373/1480/1373 1374/1481/1374 1412/1527/1412 1411/1526/1411
f 1413/1528/1413 1414/1529/1414 1409/1524/1409 1410/1525/1410
f 1411/1526/1411 1412/1527/1412 1415/1530/1415 1416/1531/1416
f 1417/1533/1417 1410/1532/1410 1372/1494/1372 1381/1495/1381
f 1382/1496/1382 1373/1497/1373 1411/1535/1411 1418/1534/1418
f 1419/1536/1419 1413/1537/1413 1410/1532/1410 1417/1533/1417
f 1418/1534/1418 1411/1535/1411 1416/1538/1416 1420/1539/1420
f 1421/1540/1421 1417/1533/1417 1381/1495/1381 1384/1499/1384
f 1385/1500/1385 1382/1496/1382 1418/1534/1418 1422/1541/1422
f 1423/1542/1423 1419/1536/1419 1417/1533/1417 1421/1540/1421
f 1422/1541/1422 1418/1534/1418 1420/1539/1420 1424/1543/1424
f 1425/1544/1425 1421/1540/1421 1384/1499/1384 1403/1518/1403
f 1405/1520/1405 1385/1500/1385 1422/1541/1422 1426/1545/1426
f 1427/1546/1427 1423/1542/1423 1421/1540/1421 1425/1544/1425
f 1426/1545/1426 1422/1541/1422 1424/1543/1424 1428/1547/1428
f 1429/1548/1429 1425/1544/1425 1403/1518/1403 1404/1519/1404
f 1406/1521/1406 1405/1520/1405 1426/1545/1426 1430/1549/1430
f 1431/1550/1431 1427/1546/1427 1425/1544/1425 1429/1548/1429
f 1430/1549/1430 1426/1545/1426 1428/1547/1428 1432/1551/1432
f 1432/1551/1432 1428/1547/1428 1433/1552/1433 1434/1553/1434
f 1435/1554/1435 1436/1555/1436 1427/1546/1427 1431/1550/1431
f 1428/1547/1428 1424/1543/1424 1437/1556/1437 1433/1552/1433
f 1436/1555/1436 1438/1557/1438 1423/1542/1423 1427/1546/1427
f 1424/1543/1424 1420/1539/1420 1439/1558/1439 1437/1556/1437
f 1438/1557/1438 1440/1559/1440 1419/1536/1419 1423/1542/1423
f 1440/1559/1440 1441/1560/1441 1413/1537/1413 1419/1536/1419
f 1420/1539/1420 1416/1538/1416 1442/1561/1442 1439/1558/1439
f 1441/1562/1441 1443/1563/1443 1414/1529/1414 1413/1528/1413
f 1416/1531/1416 1415/1530/1415 1444/1564/1444 1442/1565/1442
f 1443/1563/1443 1445/1566/1445 1446/1567/1446 1414/1529/1414
f 1415/1530/1415 1447/1568/1447 1448/1569/1448 1444/1564/1444
f 1414/1529/1414 1446/1567/1446 1449/1570/1449 1409/1524/1409
f 1412/1527/1412 1450/1571/1450 1447/1568/1447 1415/1530/1415
f 1409/1524/1409 1449/1570/1449 1451/1572/1451 1371/1478/1371
f 1374/1481/1374 1452/1573/1452 1450/1571/1450 1412/1527/1412
f 1371/1478/1371 1451/1572/1451 1453/1574/1453 1367/1474/1367
f 1370/1477/1370 1454/1575/1454 1452/1573/1452 1374/1481/1374
f 1367/1474/1367 1453/1574/1453 1455/1576/1455 1359/1466/1359
f 1366/1473/1366 1456/1577/1456 1454/1575/1454 1370/1477/1370
f 1359/1466/1359 1455/1576/1455 1457/1578/1457 1360/1467/1360
f 1365/1472/1365 1458/1579/1458 1456/1577/1456 1366/1473/1366
f 1460/1581/1460 1459/1580/1459 1378/1487/1378 1390/1505/1390
f 1391/1506/1391 1389/1504/1389 1462/1583/1462 1461/1582/1461
f 1463/1584/1463 1464/1585/1464 1465/1586/1465 1466/1587/1466
f 1468/1589/1468 1463/1584/1463 1466/1587/1466 1467/1588/1467
f 1469/1590/1469 1470/1591/1470 1471/1592/1471 1472/1593/1472
f 1474/1595/1474 1469/1590/1469 1472/1593/1472 1473/1594/1473
f 1475/1596/1475 1396/1511/1396 1395/1510/1395 1464/1585/1464
f 1477/1598/1477 1397/1512/1397 1402/1517/1402 1476/1597/1476
f 1471/1592/1471 1398/1513/1398 1397/1512/1397 1477/1598/1477
f 1478/1599/1478 1479/1600/1479 1463/1584/1463 1468/1589/1468
f 1479/1600/1479 1475/1596/1475 1464/1585/1464 1463/1584/1463
f 1473/1594/1473 1472/1593/1472 1480/1601/1480 1481/1602/1481
f 1472/1593/1472 1471/1592/1471 1477/1598/1477 1480/1601/1480
f 1482/1603/1482 1401/1516/1401 1396/1511/1396 1475/1596/1475
f 1483/1604/1483 1482/1603/1482 1475/1596/1475 1479/1600/1479
f 1484/1605/1484 1483/1604/1483 1479/1600/1479 1478/1599/1478
f 1480/1601/1480 1477/1598/1477 1476/1597/1476 1485/1606/1485
f 1481/1602/1481 1480/1601/1480 1485/1606/1485 1486/1607/1486
f 1487/1608/1487 1404/1519/1404 1401/1516/1401 1482/1603/1482
f 1476/1597/1476 1402/1517/1402 1406/1521/1406 1488/1609/1488
f 1489/1610/1489 1487/1608/1487 1482/1603/1482 1483/1604/1483
f 1490/1611/1490 1489/1610/1489 1483/1604/1483 1484/1605/1484
f 1485/1606/1485 1476/1597/1476 1488/1609/1488 1491/1612/1491
f 1486/1607/1486 1485/1606/1485 1491/1612/1491 1492/1613/1492
f 1493/1614/1493 1494/1615/1494 1487/1608/1487 1489/1610/1489
f 1494/1615/1494 1429/1548/1429 1404/1519/1404 1487/1608/1487
f 1491/1612/1491 1488/1609/1488 1495/1616/1495 1496/1617/1496
f 1488/1609/1488 1406/1521/1406 1430/1549/1430 1495/1616/1495
f 1497/1618/1497 1493/1614/1493 1489/1610/1489 1490/1611/1490
f 1492/1613/1492 1491/1612/1491 1496/1617/1496 1498/1619/1498
f 1500/1621/1500 1499/1620/1499 1497/1618/1497 1490/1611/1490
f 1501/1622/1501 1431/1550/1431 1429/1548/1429 1494/1615/1494
f 1492/1613/1492 1498/1619/1498 1503/1624/1503 1502/1623/1502
f 1495/1616/1495 1430/1549/1430 1432/1551/1432 1504/1625/1504
f 1505/1626/1505 1501/1622/1501 1494/1615/1494 1493/1614/1493
f 1499/1620/1499 1505/1626/1505 1493/1614/1493 1497/1618/1497
f 1496/1617/1496 1495/1616/1495 1504/1625/1504 1506/1627/1506
f 1498/1619/1498 1496/1617/1496 1506/1627/1506 1503/1624/1503
f 1407/1628/1407 1507/1629/1507 1499/1620/1499 1500/1621/1500
f 1508/1630/1508 1435/1554/1435 1431/1550/1431 1501/1622/1501
f 1502/1623/1502 1503/1624/1503 1509/1631/1509 1408/1632/1408
f 1504/1625/1504 1432/1551/1432 1434/1553/1434 1510/1633/1510
f 1511/1634/1511 1508/1630/1508 1501/1622/1501 1505/1626/1505
f 1507/1629/1507 1511/1634/1511 1505/1626/1505 1499/1620/1499
f 1506/1627/1506 1504/1625/1504 1510/1633/1510 1512/1635/1512
f 1503/1624/1503 1506/1627/1506 1512/1635/1512 1509/1631/1509
f 1267/1358/1267 1083/1143/1083 1513/1636/1513 1330/1435/1330
f 1330/1435/1330 1513/1636/1513 1507/1629/1507 1407/1628/1407
f 1514/1637/1514 1436/1555/1436 1435/1554/1435 1508/1630/1508
f 1332/1438/1332 1515/1638/1515 1084/1144/1084 1265/1356/1265
f 1408/1632/1408 1509/1631/1509 1515/1638/1515 1332/1438/1332
f 1510/1633/1510 1434/1553/1434 1433/1552/1433 1516/1639/1516
f 1517/1640/1517 1514/1637/1514 1508/1630/1508 1511/1634/1511
f 1513/1636/1513 1517/1640/1517 1511/1634/1511 1507/1629/1507
f 1512/1635/1512 1510/1633/1510 1516/1639/1516 1518/1641/1518
f 1509/1631/1509 1512/1635/1512 1518/1641/1518 1515/1638/1515
f 1083/1143/1083 1082/1142/1082 1519/1642/1519 1513/1636/1513
f 1520/1643/1520 1438/1557/1438 1436/1555/1436 1514/1637/1514
f 1515/1638/1515 1521/1644/1521 1085/1145/1085 1084/1144/1084
f 1516/1639/1516 1433/1552/1433 1437/1556/1437 1522/1645/1522
f 1523/1646/1523 1520/1643/1520 1514/1637/1514 1517/1640/1517
f 1519/1642/1519 1523/1646/1523 1517/1640/1517 1513/1636/1513
f 1518/1641/1518 1516/1639/1516 1522/1645/1522 1524/1647/1524
f 1515/1638/1515 1518/1641/1518 1524/1647/1524 1521/1644/1521
f 1082/1142/1082 1135/1195/1135 1525/1648/1525 1519/1642/1519
f 1520/1643/1520 1526/1649/1526 1440/1559/1440 1438/1557/1438
f 1521/1644/1521 1527/1650/1527 1134/1194/1134 1085/1145/1085
f 1439/1558/1439 1442/1561/1442 1529/1652/1529 1528/1651/1528
f 1437/1556/1437 1439/1558/1439 1528/1651/1528 1522/1645/1522
f 1523/1646/1523 1530/1653/1530 1526/1649/1526 1520/1643/1520
f 1519/1642/1519 1525/1648/1525 1530/1653/1530 1523/1646/1523
f 1522/1645/1522 1528/1651/1528 1531/1654/1531 1524/1647/1524
f 1524/1647/1524 1531/1654/1531 1527/1650/1527 1521/1644/1521
f 1135/1195/1135 1305/1400/1305 1532/1655/1532 1525/1648/1525
f 1305/1406/1305 1302/1397/1302 1301/1396/1301 1532/1656/1532
f 1526/1649/1526 1533/1657/1533 1441/1560/1441 1440/1559/1440
f 1527/1650/1527 1534/1658/1534 1309/1404/1309 1134/1194/1134
f 1534/1659/1534 1304/1399/1304 1303/1398/1303 1309/1410/1309
f 1530/1653/1530 1535/1660/1535 1533/1657/1533 1526/1649/1526
f 1525/1648/1525 1532/1655/1532 1535/1660/1535 1530/1653/1530
f 1528/1651/1528 1529/1652/1529 1536/1661/1536 1531/1654/1531
f 1531/1654/1531 1536/1661/1536 1534/1658/1534 1527/1650/1527
f 1532/1656/1532 1301/1396/1301 1346/1453/1346 1537/1662/1537
f 1346/1453/1346 1341/1448/1341 1334/1441/1334 1537/1662/1537
f 1441/1562/1441 1533/1664/1533 1538/1663/1538 1443/1563/1443
f 1539/1665/1539 1347/1454/1347 1304/1399/1304 1534/1659/1534
f 1539/1665/1539 1337/1444/1337 1342/1449/1342 1347/1454/1347
f 1448/1569/1448 1541/1667/1541 1540/1666/1540 1444/1564/1444
f 1444/1564/1444 1540/1666/1540 1529/1668/1529 1442/1565/1442
f 1533/1664/1533 1535/1670/1535 1542/1669/1542 1538/1663/1538
f 1535/1670/1535 1532/1656/1532 1537/1662/1537 1542/1669/1542
f 1540/1666/1540 1543/1672/1543 1536/1671/1536 1529/1668/1529
f 1543/1672/1543 1539/1665/1539 1534/1659/1534 1536/1671/1536
f 1537/1662/1537 1334/1441/1334 1335/1442/1335 1544/1673/1544
f 1335/1442/1335 1407/1522/1407 1544/1673/1544
f 1443/1563/1443 1538/1663/1538 1545/1674/1545 1445/1566/1445
f 1546/1675/1546 1336/1443/1336 1337/1444/1337 1539/1665/1539
f 1546/1675/1546 1408/1523/1408 1336/1443/1336
f 1538/1663/1538 1542/1669/1542 1547/1676/1547 1545/1674/1545
f 1542/1669/1542 1537/1662/1537 1544/1673/1544 1547/1676/1547
f 1541/1667/1541 1548/1677/1548 1543/1672/1543 1540/1666/1540
f 1548/1677/1548 1546/1675/1546 1539/1665/1539 1543/1672/1543
f 1549/1678/1549 1500/1679/1500 1490/1680/1490 1550/1681/1550
f 1544/1673/1544 1407/1522/1407 1500/1679/1500 1549/1678/1549
f 1445/1566/1445 1545/1674/1545 1551/1682/1551 1446/1567/1446
f 1552/1684/1552 1502/1683/1502 1408/1523/1408 1546/1675/1546
f 1447/1568/1447 1553/1685/1553 1541/1667/1541 1448/1569/1448
f 1547/1676/1547 1544/1673/1544 1549/1678/1549 1554/1686/1554
f 1545/1674/1545 1547/1676/1547 1554/1686/1554 1551/1682/1551
f 1555/1687/1555 1552/1684/1552 1546/1675/1546 1548/1677/1548
f 1553/1685/1553 1555/1687/1555 1548/1677/1548 1541/1667/1541
f 1446/1567/1446 1551/1682/1551 1556/1688/1556 1449/1570/1449
f 1557/1689/1557 1492/1690/1492 1502/1683/1502 1552/1684/1552
f 1450/1571/1450 1558/1691/1558 1553/1685/1553 1447/1568/1447
f 1554/1686/1554 1549/1678/1549 1550/1681/1550 1559/1692/1559
f 1551/1682/1551 1554/1686/1554 1559/1692/1559 1556/1688/1556
f 1560/1693/1560 1557/1689/1557 1552/1684/1552 1555/1687/1555
f 1558/1691/1558 1560/1693/1560 1555/1687/1555 1553/1685/1553
f 1550/1681/1550 1490/1680/1490 1484/1695/1484 1561/1694/1561
f 1449/1570/1449 1556/1688/1556 1562/1696/1562 1451/1572/1451
f 1563/1698/1563 1486/1697/1486 1492/1690/1492 1557/1689/1557
f 1452/1573/1452 1564/1699/1564 1558/1691/1558 1450/1571/1450
f 1556/1688/1556 1559/1692/1559 1565/1700/1565 1562/1696/1562
f 1559/1692/1559 1550/1681/1550 1561/1694/1561 1565/1700/1565
f 1564/1699/1564 1566/1701/1566 1560/1693/1560 1558/1691/1558
f 1566/1701/1566 1563/1698/1563 1557/1689/1557 1560/1693/1560
f 1561/1694/1561 1484/1695/1484 1478/1703/1478 1567/1702/1567
f 1451/1572/1451 1562/1696/1562 1568/1704/1568 1453/1574/1453
f 1569/1706/1569 1481/1705/1481 1486/1697/1486 1563/1698/1563
f 1454/1575/1454 1570/1707/1570 1564/1699/1564 1452/1573/1452
f 1562/1696/1562 1565/1700/1565 1571/1708/1571 1568/1704/1568
f 1565/1700/1565 1561/1694/1561 1567/1702/1567 1571/1708/1571
f 1570/1707/1570 1572/1709/1572 1566/1701/1566 1564/1699/1564
f 1572/1709/1572 1569/1706/1569 1563/1698/1563 1566/1701/1566
f 1567/1702/1567 1478/1703/1478 1468/1711/1468 1573/1710/1573
f 1453/1574/1453 1568/1704/1568 1574/1712/1574 1455/1576/1455
f 1575/1714/1575 1473/1713/1473 1481/1705/1481 1569/1706/1569
f 1456/1577/1456 1576/1715/1576 1570/1707/1570 1454/1575/1454
f 1568/1704/1568 1571/1708/1571 1577/1716/1577 1574/1712/1574
f 1571/1708/1571 1567/1702/1567 1573/1710/1573 1577/1716/1577
f 1576/1715/1576 1578/1717/1578 1572/1709/1572 1570/1707/1570
f 1578/1717/1578 1575/1714/1575 1569/1706/1569 1572/1709/1572
f 1573/1710/1573 1468/1711/1468 1467/1719/1467 1579/1718/1579
f 1455/1576/1455 1574/1712/1574 1580/1720/1580 1457/1578/1457
f 1581/1722/1581 1474/1721/1474 1473/1713/1473 1575/1714/1575
f 1458/1579/1458 1582/1723/1582 1576/1715/1576 1456/1577/1456
f 1574/1712/1574 1577/1716/1577 1583/1724/1583 1580/1720/1580
f 1577/1716/1577 1573/1710/1573 1579/1718/1579 1583/1724/1583
f 1582/1723/1582 1584/1725/1584 1578/1717/1578 1576/1715/1576
f 1584/1725/1584 1581/1722/1581 1575/1714/1575 1578/1717/1578
f 1395/1510/1395 1391/1506/1391 1461/1582/1461 1585/1726/1585
f 1464/1585/1464 1395/1510/1395 1585/1726/1585 1465/1586/1465
f 1466/1587/1466 1465/1586/1465 1585/1726/1585 1586/1727/1586
f 1470/1591/1470 1587/1728/1587 1398/1513/1398 1471/1592/1471
f 1588/1729/1588 1587/1728/1587 1470/1591/1470 1469/1590/1469
f 1360/1467/1360 1457/1578/1457 1590/1731/1590 1589/1730/1589
f 1361/1468/1361 1360/1467/1360 1589/1730/1589 1591/1732/1591
f 1375/1484/1375 1361/1483/1361 1591/1734/1591 1592/1733/1592
f 1389/1504/1389 1375/1484/1375 1592/1733/1592 1462/1583/1462
f 1593/1735/1593 1462/1583/1462 1592/1733/1592
f 1595/1737/1595 1594/1736/1594 1365/1472/1365 1364/1471/1364
f 1459/1580/1459 1595/1738/1595 1364/1488/1364 1378/1487/1378
f 1591/1732/1591 1589/1730/1589 1596/1739/1596
f 1592/1733/1592 1591/1734/1591 1596/1740/1596 1593/1735/1593
f 1461/1582/1461 1462/1583/1462 1593/1735/1593 1597/1741/1597
f 1589/1730/1589 1590/1731/1590 1598/1742/1598 1596/1739/1596
f 1593/1735/1593 1596/1740/1596 1598/1743/1598 1597/1741/1597
f 1457/1578/1457 1580/1720/1580 1599/1744/1599 1590/1731/1590
f 1585/1726/1585 1461/1582/1461 1597/1741/1597 1600/1745/1600
f 1601/1746/1601 1602/1747/1602 1584/1725/1584 1582/1723/1582
f 1590/1731/1590 1599/1744/1599 1603/1748/1603 1598/1742/1598
f 1600/1745/1600 1597/1741/1597 1598/1743/1598 1603/1749/1603
f 1580/1720/1580 1583/1724/1583 1604/1750/1604 1599/1744/1599
f 1583/1724/1583 1579/1718/1579 1605/1751/1605 1604/1750/1604
f 1585/1726/1585 1600/1745/1600 1606/1752/1606
f 1606/1752/1606 1586/1727/1586 1585/1726/1585
f 1587/1728/1587 1588/1729/1588 1607/1753/1607
f 1579/1718/1579 1467/1719/1467 1608/1754/1608 1605/1751/1605
f 1467/1588/1467 1466/1587/1466 1586/1727/1586 1608/1755/1608
f 1605/1751/1605 1608/1754/1608 1609/1756/1609 1604/1750/1604
f 1608/1755/1608 1586/1727/1586 1606/1752/1606 1609/1757/1609
f 1599/1744/1599 1604/1750/1604 1609/1756/1609 1603/1748/1603
f 1606/1752/1606 1600/1745/1600 1603/1749/1603 1609/1757/1609
f 1610/1758/1610 1588/1729/1588 1469/1590/1469 1474/1595/1474
f 1594/1736/1594 1611/1759/1611 1458/1579/1458 1365/1472/1365
f 1587/1728/1587 1612/1760/1612 1394/1509/1394 1398/1513/1398
f 1611/1759/1611 1601/1746/1601 1582/1723/1582 1458/1579/1458
f 1613/1761/1613 1594/1736/1594 1595/1737/1595
f 1613/1761/1613 1614/1762/1614 1611/1759/1611 1594/1736/1594
f 1615/1764/1615 1613/1763/1613 1595/1738/1595 1459/1580/1459
f 1615/1764/1615 1459/1580/1459 1460/1581/1460
f 1612/1760/1612 1460/1581/1460 1390/1505/1390 1394/1509/1394
f 1614/1762/1614 1616/1765/1616 1601/1746/1601 1611/1759/1611
f 1617/1766/1617 1615/1764/1615 1460/1581/1460 1612/1760/1612
f 1617/1766/1617 1614/1767/1614 1613/1763/1613 1615/1764/1615
f 1618/1768/1618 1617/1766/1617 1612/1760/1612 1587/1728/1587
f 1616/1769/1616 1614/1767/1614 1617/1766/1617 1618/1768/1618
f 1619/1770/1619 1618/1768/1618 1587/1728/1587 1607/1753/1607
f 1620/1771/1620 1616/1769/1616 1618/1768/1618 1619/1770/1619
f 1616/1765/1616 1620/1772/1620 1602/1747/1602 1601/1746/1601
f 1621/1774/1621 1610/1773/1610 1474/1721/1474 1581/1722/1581
f 1602/1747/1602 1621/1774/1621 1581/1722/1581 1584/1725/1584
f 1622/1775/1622 1610/1773/1610 1621/1774/1621
f 1620/1772/1620 1622/1775/1622 1621/1774/1621 1602/1747/1602
f 1620/1771/1620 1619/1770/1619 1607/1753/1607 1622/1776/1622
f 1622/1776/1622 1607/1753/1607 1588/1729/1588 1610/1758/1610
