# This file uses centimeters as units for non-parametric coordinates.

g default
v -0.834552 4.499153 0.452320
v -0.816291 4.452856 0.466976
v -0.814708 4.452312 0.466293
v -0.830211 4.499441 0.456527
v -0.832201 4.497220 0.447510
v -0.814618 4.452709 0.467774
v -0.812977 4.451783 0.466297
v -0.823698 4.497990 0.458226
v -0.811186 4.451398 0.466620
v -0.817159 4.495835 0.457714
v -0.809699 4.451383 0.467252
v -0.813950 4.493757 0.453158
v -0.811234 4.451744 0.467698
v -0.819121 4.493779 0.449093
v -0.812925 4.452299 0.468087
v -0.825628 4.495159 0.447273
v -0.866093 4.580471 0.441586
v -0.873901 4.582383 0.432568
v -0.866977 4.580818 0.422366
v -0.853383 4.577158 0.444699
v -0.840388 4.573747 0.443255
v -0.833388 4.572207 0.433084
v -0.841142 4.574113 0.423127
v -0.853970 4.577462 0.420565
v -0.895009 4.674995 0.437379
v -0.902576 4.676772 0.419030
v -0.891303 4.674367 0.401662
v -0.875557 4.670493 0.444458
v -0.854953 4.665541 0.440951
v -0.843028 4.663040 0.424390
v -0.851636 4.665072 0.405410
v -0.870922 4.669649 0.397644
v 0.818521 4.454710 0.469876
v 0.840166 4.499592 0.454828
v 0.836097 4.499378 0.458348
v 0.817917 4.453678 0.469533
v 0.818055 4.453828 0.469983
v 0.838032 4.497754 0.450852
v 0.830027 4.497774 0.460034
v 0.817626 4.452894 0.470001
v 0.823709 4.495667 0.459646
v 0.817141 4.452580 0.470215
v 0.820158 4.493679 0.455488
v 0.815668 4.452120 0.470582
v 0.825450 4.493722 0.451209
v 0.817058 4.452557 0.470238
v 0.831991 4.495347 0.450042
v 0.817568 4.452789 0.470117
v 0.879387 4.583091 0.434999
v 0.871931 4.580684 0.443186
v 0.873401 4.581096 0.424900
v 0.859910 4.577195 0.447471
v 0.846686 4.573975 0.446546
v 0.840076 4.572252 0.435205
v 0.847819 4.574193 0.425148
v 0.860592 4.577390 0.422032
v 0.909606 4.676871 0.421091
v 0.901924 4.675055 0.440136
v 0.897770 4.674608 0.403978
v 0.882114 4.670523 0.447714
v 0.861260 4.665676 0.443981
v 0.849125 4.662982 0.426111
v 0.858183 4.665044 0.406708
v 0.877766 4.669899 0.399953
v -0.778645 4.604043 0.610371
v -0.778642 4.604115 0.610399
v -0.784754 4.652689 0.613497
v -0.787468 4.652881 0.610345
v -0.787145 4.651922 0.606273
v -0.778501 4.603980 0.610303
v -0.778592 4.604115 0.610485
v -0.781012 4.651727 0.614759
v -0.778499 4.604049 0.610387
v -0.778091 4.650477 0.613140
v -0.778392 4.603989 0.610278
v -0.778210 4.649695 0.609328
v -0.778337 4.604004 0.610035
v -0.780464 4.649767 0.605933
v -0.778383 4.603954 0.610162
v -0.784248 4.650624 0.604313
v -0.794841 4.722796 0.612051
v -0.801326 4.725439 0.603425
v -0.800000 4.725388 0.592859
v -0.784926 4.719052 0.615796
v -0.775946 4.716024 0.611100
v -0.775368 4.716272 0.600404
v -0.781601 4.718794 0.592004
v -0.791095 4.722385 0.587924
v 0.795719 4.652830 0.611265
v 0.789765 4.653472 0.616863
v 0.784675 4.605852 0.608577
v 0.784674 4.605811 0.608576
v 0.784662 4.605722 0.608552
v 0.793420 4.652424 0.607441
v 0.787444 4.652123 0.615715
v 0.784707 4.605816 0.608586
v 0.786337 4.651081 0.613916
v 0.784660 4.605795 0.608550
v 0.785469 4.650440 0.611234
v 0.784617 4.605744 0.608528
v 0.786572 4.650497 0.607617
v 0.784527 4.605786 0.608476
v 0.790453 4.651500 0.606698
v 0.784615 4.605688 0.608517
v 0.805602 4.725930 0.605178
v 0.800773 4.723218 0.613240
v 0.803993 4.726033 0.596394
v 0.791189 4.719482 0.616946
v 0.782107 4.716422 0.612631
v 0.782038 4.716786 0.602000
v 0.788649 4.719667 0.594591
v 0.795661 4.723748 0.591976
v -0.866070 4.771433 0.450215
v -0.895852 4.777429 0.442173
v 0.902187 4.777593 0.443727
v 0.872860 4.771481 0.452510
v -0.837764 4.771228 0.442040
v 0.844731 4.771394 0.443245
v -0.821689 4.764324 0.407986
v 0.828769 4.764363 0.409241
v -0.906475 4.779783 0.414690
v 0.912729 4.779993 0.416615
v -0.891783 4.777353 0.387334
v 0.898263 4.777596 0.389353
v -0.863479 4.771983 0.374991
v 0.870260 4.772305 0.377204
v -0.836668 4.767558 0.382436
v 0.843769 4.767675 0.383606
v -0.796387 4.818860 0.630931
v -0.811106 4.822647 0.610266
v 0.816621 4.823060 0.611192
v 0.802439 4.819221 0.632013
v -0.808161 4.820697 0.585201
v 0.813915 4.821163 0.586775
v -0.772816 4.811638 0.639136
v 0.779139 4.812008 0.640196
v -0.750558 4.804103 0.629645
v 0.756971 4.804389 0.630884
v -0.749984 4.802971 0.604532
v 0.754541 4.802681 0.604823
v -0.764143 4.806393 0.583582
v 0.770775 4.806735 0.584335
v -0.787054 4.813414 0.573940
v 0.793470 4.814042 0.575970
v -0.866929 4.865107 0.338697
v -0.906371 4.915201 0.353964
v 0.913426 4.915349 0.355382
v 0.874124 4.865260 0.339717
v -0.922833 4.939242 0.404229
v 0.929740 4.939388 0.405857
v -0.893771 4.930412 0.457580
v 0.900526 4.930573 0.459254
v -0.818981 4.889341 0.603091
v -0.811734 4.879466 0.560749
v 0.818493 4.879821 0.561657
v 0.825587 4.889695 0.604165
v -0.793055 4.891146 0.641839
v 0.799570 4.891527 0.642880
v -0.823461 4.899614 0.574440
v -0.818365 4.910255 0.606645
v 0.824581 4.910654 0.607374
v 0.829812 4.900095 0.575356
v -0.763483 4.887848 0.656336
v 0.769942 4.888389 0.656623
v -0.790787 4.916684 0.643841
v 0.798145 4.917166 0.645496
v -0.721980 4.878854 0.640497
v 0.728638 4.879250 0.641222
v -0.758314 4.916049 0.662737
v 0.764934 4.916538 0.663396
v -0.719020 4.875131 0.608340
v 0.727456 4.876158 0.609354
v -0.714200 4.912446 0.651690
v 0.721226 4.913082 0.651815
v -0.738216 4.880452 0.572011
v 0.745192 4.880803 0.572494
v -0.697133 4.919261 0.619050
v 0.704076 4.919635 0.619426
v -0.772852 4.873856 0.551486
v 0.779754 4.874206 0.552145
v -0.709948 4.924868 0.575673
v 0.717497 4.925439 0.576247
v -0.847865 4.914793 0.489147
v 0.854654 4.915004 0.490467
v -0.821278 4.892410 0.484628
v -0.803843 4.893627 0.534812
v -0.825742 4.913643 0.542060
v 0.828249 4.892606 0.485617
v 0.832551 4.914010 0.542913
v 0.810758 4.893965 0.535530
v -0.833371 4.919386 0.516865
v -0.810540 4.901840 0.506707
v 0.818091 4.899087 0.508253
v 0.840195 4.919690 0.517860
v -0.759645 4.905778 0.532719
v 0.766727 4.906072 0.533192
v -0.768508 4.920800 0.488550
v 0.774978 4.920409 0.488917
v -0.778062 4.898487 0.410490
v 0.785298 4.898649 0.411112
v -0.809499 4.868870 0.348301
v 0.816778 4.869013 0.349026
v -0.720658 4.995050 0.376150
v -0.813045 4.867025 0.288056
v 0.820441 4.867130 0.288692
v 0.728094 4.995186 0.376371
v -0.689769 5.023104 0.443736
v 0.697200 5.023246 0.443885
v -0.829948 4.785179 0.236696
v -0.824110 4.623253 0.201940
v -0.644129 4.618992 0.171158
v -0.670225 4.784976 0.241507
v 0.837413 4.785258 0.237386
v 0.677763 4.785112 0.241605
v 0.831601 4.623301 0.202739
v 0.651750 4.619045 0.171381
v 0.802922 4.444272 0.151242
v 0.642039 4.455980 0.108009
v -0.634364 4.455915 0.107811
v -0.795398 4.444228 0.150348
v 0.716765 4.199893 0.036267
v 0.583808 4.320811 0.041262
v -0.576126 4.320802 0.040844
v -0.709133 4.199902 0.035184
v 0.556580 4.089391 -0.039002
v 0.501335 4.260480 0.011135
v -0.493627 4.260492 0.010747
v -0.548838 4.089435 -0.039795
v 0.490034 4.040503 -0.189185
v 0.382577 4.186018 -0.044323
v -0.374836 4.186051 -0.044580
v -0.482050 4.040582 -0.189920
v -0.138196 5.783113 0.406706
v -0.143751 5.683979 0.725492
v 0.003168 5.686555 0.737049
v 0.003531 5.788757 0.419068
v 0.150157 5.684025 0.725921
v 0.145312 5.783092 0.407076
v -0.206423 5.673292 0.703383
v -0.197449 5.778918 0.387915
v 0.204614 5.778892 0.388426
v 0.212928 5.673177 0.703935
v -0.139063 5.824044 -0.045038
v 0.003893 5.835522 -0.037029
v 0.146836 5.824059 -0.044716
v -0.195055 5.813348 -0.049698
v 0.202826 5.813390 -0.049282
v -0.172335 5.673425 -0.444402
v 0.004125 5.687068 -0.450543
v 0.180569 5.673461 -0.444092
v -0.236502 5.660793 -0.440388
v 0.244701 5.660836 -0.440031
v -0.187723 5.406583 -0.772103
v 0.004391 5.430980 -0.778966
v 0.196551 5.406606 -0.771785
v -0.271995 5.393666 -0.753326
v 0.280784 5.393653 -0.752924
v -0.207527 5.028742 -0.988725
v 0.004785 5.053288 -1.019127
v 0.217124 5.028714 -0.988327
v -0.286961 5.019758 -0.960277
v 0.296446 5.019664 -0.959796
v -0.212485 4.789260 -1.014327
v 0.005019 4.794030 -1.051526
v 0.222433 4.789128 -1.013910
v -0.304310 4.771850 -0.977794
v 0.314005 4.771607 -0.977286
v -0.220920 4.453074 -0.892239
v 0.004990 4.458791 -0.927163
v 0.230822 4.452810 -0.891743
v -0.315105 4.437615 -0.853512
v 0.324855 4.437233 -0.852841
v -0.216255 4.217412 -0.752827
v 0.004916 4.222309 -0.779086
v 0.226143 4.217013 -0.752170
v -0.312185 4.225973 -0.735947
v 0.321972 4.225521 -0.735056
v -0.223388 3.991299 -0.600089
v 0.004732 3.977227 -0.608410
v 0.232954 3.990883 -0.599225
v -0.312922 4.014454 -0.592920
v 0.322497 4.013976 -0.591741
v -0.199747 3.929330 -0.517242
v 0.004371 3.894990 -0.497424
v 0.173173 3.951992 -0.370962
v 0.004030 3.944376 -0.353461
v 0.208745 3.929165 -0.516631
v -0.313102 3.974961 -0.514933
v 0.322243 3.974619 -0.513922
v -0.164905 3.952008 -0.371231
v -0.285144 3.985669 -0.386259
v 0.293478 3.985591 -0.385820
v 0.003881 4.073933 -0.210980
v -0.181812 4.054317 -0.225325
v 0.189649 4.054192 -0.225191
v -0.264248 4.056711 -0.224189
v -0.364489 4.052663 -0.229564
v -0.376250 4.011082 -0.405661
v 0.384850 4.010914 -0.404821
v 0.372468 4.052609 -0.229201
v 0.272104 4.056511 -0.224060
v -0.291664 4.202363 -0.062041
v 0.003853 4.264117 -0.071937
v -0.165614 4.240297 -0.069915
v 0.299392 4.202350 -0.062070
v 0.173322 4.240294 -0.069983
v -0.236664 4.221706 -0.065457
v 0.244378 4.221701 -0.065576
v -0.146936 4.489419 0.082926
v -0.229373 4.504273 0.093496
v 0.003852 4.488007 0.084202
v -0.056617 4.485590 0.081778
v 0.237071 4.504314 0.093309
v 0.154636 4.489420 0.082805
v 0.064320 4.485594 0.081725
v -0.525673 4.065777 -0.383096
v 0.534257 4.065609 -0.381844
v -0.390919 4.010291 -0.508696
v 0.400131 4.009888 -0.507413
v -0.393037 4.040678 -0.583098
v 0.402604 4.040196 -0.581668
v -0.409899 4.214268 -0.705244
v 0.419686 4.213813 -0.703974
v -0.412504 4.433969 -0.815301
v 0.422178 4.433596 -0.814368
v -0.388379 4.743462 -0.936329
v 0.397907 4.743167 -0.935702
v -0.362342 5.006463 -0.927070
v 0.371529 5.006329 -0.926576
v -0.358052 5.382243 -0.722219
v 0.366612 5.382226 -0.721803
v -0.314607 5.645601 -0.425052
v 0.322749 5.645623 -0.424661
v -0.273024 5.794754 -0.050560
v 0.280803 5.794767 -0.050127
v -0.282089 5.767513 0.371264
v 0.289320 5.767506 0.371839
v -0.305708 5.627542 0.624249
v 0.312553 5.627578 0.625030
v 0.676633 4.112329 -0.219295
v -0.668483 4.112439 -0.220734
v 0.584777 4.138126 -0.572857
v 0.547348 4.082827 -0.484321
v -0.538218 4.083179 -0.486065
v -0.575331 4.138552 -0.574788
v 0.431475 5.610289 0.535007
v 0.490503 5.707032 0.384323
v -0.483285 5.706995 0.383494
v -0.424507 5.610280 0.534150
v 0.477922 5.726414 -0.015786
v -0.470131 5.726405 -0.016441
v 0.481003 5.601366 -0.383670
v -0.472853 5.601369 -0.384199
v 0.508039 5.350612 -0.663446
v -0.499449 5.350691 -0.664005
v 0.550336 4.976640 -0.822499
v -0.541268 4.976832 -0.823263
v 0.595424 4.735797 -0.815340
v -0.586096 4.736077 -0.816389
v 0.627110 4.433501 -0.722073
v -0.617629 4.433842 -0.723619
v 0.608520 4.249629 -0.653557
v -0.598949 4.250091 -0.655362
v -0.835289 4.221060 -0.088646
v 0.843140 4.220997 -0.086776
v -0.710798 4.166500 -0.317763
v 0.719318 4.166341 -0.315766
v -0.768878 4.238323 -0.452182
v 0.777879 4.237954 -0.449786
v -0.789939 4.306310 -0.552037
v 0.799218 4.305752 -0.549715
v -0.777225 4.443717 -0.626278
v 0.786515 4.443298 -0.624323
v -0.740948 4.723561 -0.693454
v 0.750118 4.723280 -0.692001
v -0.720271 4.968079 -0.683261
v 0.729118 4.967899 -0.682190
v -0.682746 5.310930 -0.544733
v 0.691169 5.310872 -0.543962
v -0.670300 5.510849 -0.308949
v 0.678419 5.510845 -0.308195
v -0.688247 5.598549 -0.023375
v 0.696060 5.598540 -0.022499
v -0.709874 5.574989 0.354775
v 0.717046 5.574948 0.355780
v -0.663236 5.496040 0.467262
v 0.670275 5.496066 0.468292
v -0.844228 5.021630 0.536363
v -0.829337 5.043665 0.562868
v -0.821731 5.007359 0.587955
v 0.836098 5.044049 0.563667
v 0.850996 5.021966 0.537330
v 0.828453 5.007781 0.588720
v -0.803526 5.029537 0.614119
v 0.810252 5.029953 0.614806
v -0.782589 5.019557 0.644906
v -0.755100 4.985421 0.669094
v 0.789911 5.020060 0.646031
v 0.761798 4.985874 0.669654
v 0.719814 5.318393 0.524642
v 0.776106 5.398473 0.442068
v 0.595276 5.409290 0.555225
v -0.588332 5.409294 0.554284
v -0.769057 5.398395 0.440988
v -0.713217 5.318646 0.524294
v -0.554043 5.365435 0.592091
v -0.668971 5.256769 0.603704
v 0.675750 5.256620 0.603753
v 0.560386 5.365025 0.591261
v -0.422069 5.514370 0.612820
v 0.428733 5.514198 0.613539
v -0.429407 5.451961 0.648453
v 0.436641 5.452065 0.649810
v -0.332493 5.536610 0.700203
v 0.339074 5.536541 0.700983
v -0.350736 5.476271 0.725900
v 0.357296 5.476157 0.726640
v -0.219123 5.584435 0.817111
v 0.225295 5.584273 0.817541
v -0.222691 5.513631 0.852236
v 0.229162 5.513730 0.853223
v -0.146740 5.579814 0.837860
v -0.212555 5.448196 0.873880
v -0.204206 5.360499 0.892287
v -0.148170 5.362082 0.892156
v -0.148174 5.452196 0.879175
v 0.003026 5.593716 0.842667
v 0.152838 5.579795 0.838293
v 0.154474 5.452268 0.879696
v 0.154671 5.362265 0.892018
v 0.210589 5.360543 0.891533
v 0.218887 5.448103 0.873873
v -0.152913 5.530484 0.859407
v 0.159026 5.530359 0.859564
v 0.003073 5.448057 0.878552
v 0.003174 5.371245 0.883945
v 0.003020 5.551376 0.860356
v -0.697679 5.003434 0.680179
v -0.655345 5.001690 0.640959
v -0.737198 5.151245 0.640478
v 0.704710 5.004029 0.679398
v 0.662422 5.002054 0.641175
v 0.743709 5.151269 0.640491
v 0.863871 5.056414 0.511210
v 0.779536 5.204809 0.559623
v -0.857083 5.056151 0.510067
v -0.773163 5.204857 0.559317
v 0.892571 5.067425 0.469471
v -0.885715 5.067235 0.468139
v 0.928780 5.068480 0.402521
v 0.850878 5.294272 0.424859
v -0.922366 5.068342 0.401368
v -0.843331 5.293866 0.423455
v 0.827343 5.460981 0.328580
v -0.820157 5.460975 0.327394
v -0.944872 4.457323 0.055955
v 0.952439 4.457309 0.057689
v -0.929498 4.518346 -0.478744
v -0.897851 4.738871 -0.521135
v 0.906681 4.738604 -0.519357
v 0.938465 4.517906 -0.476410
v -0.950196 4.436878 -0.424158
v 0.959113 4.436393 -0.421589
v -0.939893 4.363917 -0.337271
v 0.948571 4.363523 -0.334558
v -0.899387 4.292611 -0.214233
v 0.907603 4.292450 -0.211821
v -1.012920 4.655885 -0.334315
v 1.021403 4.655624 -0.331969
v -0.972742 4.670356 0.128442
v 0.980240 4.670363 0.129942
v -0.866180 4.990882 -0.507350
v -1.031977 4.938160 -0.240121
v 0.874733 4.990745 -0.506070
v 1.040183 4.938048 -0.238197
v -1.018540 4.576844 -0.181258
v 1.026647 4.576686 -0.178779
v -0.999233 4.525524 -0.069253
v 1.007064 4.525448 -0.067097
v -0.848450 5.481900 0.017484
v 0.856200 5.481874 0.018680
v -0.934312 5.058927 0.312237
v 0.941264 5.059018 0.313680
v -1.042669 4.740273 0.014311
v 1.050359 4.740239 0.016370
v -1.072150 4.817063 -0.083442
v 1.080055 4.816999 -0.081188
v -0.816220 5.398748 -0.249385
v 0.824308 5.398709 -0.248391
v 1.009061 5.261651 -0.059945
v 0.996713 5.317184 0.047376
v 1.040051 5.166350 0.134050
v 1.067458 5.075866 0.041212
v -0.941574 4.954994 0.251781
v 0.948900 4.955061 0.253082
v -0.893947 5.327849 0.315017
v -1.001197 5.261679 -0.061420
v -0.989031 5.317215 0.045870
v -1.059822 5.075881 0.039451
v -1.032521 5.166352 0.132376
v 0.901185 5.327893 0.316387
v -0.991185 5.112711 0.218026
v -1.013566 5.012162 0.163547
v 0.998616 5.112734 0.219620
v 1.021017 5.012174 0.165262
v -0.836887 5.235460 -0.407439
v 0.845179 5.235391 -0.406409
v -1.022181 5.090217 -0.190563
v 1.030234 5.090161 -0.189013
v -1.071984 4.972703 -0.016043
v -1.032874 4.892270 0.097673
v 1.040416 4.892266 0.099633
v 1.079693 4.972675 -0.014068
v -0.957613 4.834755 0.187325
v 0.965113 4.834756 0.188798
v -0.659289 5.002463 0.581006
v 0.666480 5.002730 0.581186
v -0.353451 5.409894 0.752054
v 0.361009 5.409799 0.752931
v -0.421872 5.383460 0.656905
v 0.429060 5.383279 0.657841
v -0.494509 5.316705 0.610267
v 0.501323 5.317479 0.609119
v -0.575610 5.212035 0.607421
v 0.582933 5.212107 0.607520
v -0.619503 5.087689 0.642775
v 0.626722 5.087996 0.642862
v -0.317009 5.352187 0.822995
v 0.325210 5.351789 0.824368
v -0.278018 5.097893 0.866345
v -0.267296 5.152044 0.855952
v -0.234962 5.155930 0.826163
v 0.241841 5.156298 0.825894
v 0.271222 5.151970 0.854576
v 0.273814 5.101027 0.862862
v -0.225061 5.121294 0.875794
v 0.231842 5.121761 0.875444
v -0.269694 5.233156 0.838922
v -0.169702 5.167791 0.883861
v 0.176444 5.168211 0.883496
v 0.273593 5.233825 0.838837
v -0.212979 5.140091 0.840687
v 0.219852 5.140543 0.840293
v 0.003327 5.191395 0.888821
v -0.130064 5.160407 0.888758
v 0.136847 5.160756 0.888443
v 0.003376 5.026191 0.899917
v -0.085348 5.034169 0.863673
v 0.092225 5.034319 0.863582
v -0.038234 4.903425 0.873269
v 0.003360 4.852115 0.900682
v 0.045064 4.903454 0.873284
v 0.003506 4.924141 0.840977
v 0.076168 5.064490 0.825071
v -0.069104 5.064274 0.825289
v 0.136639 5.157884 0.858618
v -0.130396 5.156597 0.858275
v 0.003589 5.050913 0.800680
v 0.173987 5.162974 0.856342
v -0.166493 5.161342 0.856357
v 0.003576 5.146152 0.785558
v 0.246967 5.247582 0.801422
v -0.240545 5.247040 0.800305
v 0.300270 5.333027 0.773238
v -0.293331 5.333012 0.772940
v 0.173907 5.329176 0.772537
v 0.003558 5.239466 0.771391
v -0.166820 5.329108 0.772507
v 0.203478 5.358221 0.737894
v -0.196318 5.358247 0.737676
v 0.003594 5.343025 0.732908
v 0.599514 5.092151 0.580881
v -0.592608 5.092263 0.580625
v 0.600953 4.943870 0.347747
v -0.593391 4.943778 0.347715
v 0.685432 5.009717 0.521464
v 0.602460 5.073587 0.479018
v -0.678128 5.009516 0.521275
v -0.594994 5.073459 0.478968
v 0.543706 5.191020 0.575807
v -0.536339 5.190991 0.575509
v 0.507921 4.775180 0.284257
v -0.500294 4.775120 0.284250
v 0.464502 5.285311 0.594002
v -0.457145 5.285155 0.593904
v 0.524319 5.061009 0.451879
v -0.516791 5.060931 0.451829
v 0.398314 5.331631 0.637957
v -0.391057 5.331722 0.637450
v 0.314751 5.355507 0.679774
v -0.307595 5.355580 0.679337
v 0.295541 5.219319 0.581678
v 0.348363 5.190161 0.558007
v -0.340911 5.190276 0.557562
v -0.288182 5.219385 0.581345
v 0.223152 5.346197 0.670520
v -0.215836 5.346637 0.669931
v 0.218839 5.278608 0.623537
v -0.211500 5.278665 0.623276
v 0.003646 5.322361 0.685286
v -0.153285 5.251575 0.628185
v 0.160654 5.251539 0.628354
v 0.003686 5.218254 0.645425
v -0.429033 5.019202 0.458543
v 0.436579 5.019219 0.458672
v -0.410494 4.761577 0.301410
v 0.418156 4.761619 0.301388
v -0.419102 4.613890 0.177868
v 0.426775 4.613963 0.177821
v -0.347161 4.630778 0.199996
v 0.354854 4.630809 0.199965
v -0.404121 4.557066 0.131298
v -0.395116 4.478176 0.077366
v 0.411807 4.557166 0.131222
v 0.402812 4.478240 0.077355
v -0.319987 4.503457 0.093786
v -0.330938 4.574474 0.151025
v 0.327681 4.503514 0.093700
v 0.338634 4.574533 0.150956
v -0.548229 4.746751 0.673262
v -0.570071 4.788567 0.662307
v -0.594993 4.776180 0.623052
v -0.565462 4.724177 0.646771
v 0.572742 4.724274 0.647060
v 0.602317 4.776524 0.623031
v 0.577315 4.788806 0.662463
v 0.555418 4.746790 0.673659
v 0.234545 4.746720 0.753682
v 0.291784 4.760146 0.756194
v 0.282780 4.812114 0.760555
v 0.230134 4.817299 0.759785
v -0.222774 4.817191 0.759796
v -0.275564 4.811979 0.760504
v -0.284557 4.760158 0.755994
v -0.227180 4.746992 0.753324
v -0.184357 4.816966 0.756194
v -0.187669 4.738411 0.748359
v -0.162417 4.732865 0.743580
v -0.147678 4.816417 0.750664
v 0.155107 4.816210 0.750931
v 0.169803 4.732650 0.743847
v 0.195010 4.738431 0.748432
v 0.191689 4.817143 0.756108
v -0.292859 4.856742 0.758451
v -0.233475 4.874288 0.756382
v -0.204469 4.887913 0.752170
v -0.174507 4.900806 0.746098
v 0.240878 4.874154 0.756628
v 0.300131 4.856904 0.758457
v 0.181989 4.900795 0.746165
v 0.211895 4.887866 0.752303
v -0.585212 4.841153 0.640818
v -0.561606 4.835671 0.670346
v 0.568833 4.835830 0.670569
v 0.592571 4.841402 0.640843
v -0.567142 4.699937 0.625384
v -0.601260 4.771514 0.594242
v -0.595333 4.855687 0.607056
v -0.591293 4.766476 0.548150
v -0.566424 4.683549 0.597739
v -0.592622 4.865232 0.576672
v 0.608639 4.771859 0.594175
v 0.574502 4.700897 0.624739
v 0.602725 4.856140 0.606775
v 0.573823 4.683902 0.597676
v 0.598776 4.766693 0.548119
v 0.600083 4.865642 0.576359
v -0.566720 4.911530 0.626312
v -0.565292 4.924401 0.590107
v -0.501671 4.952803 0.669618
v -0.497842 4.981107 0.641949
v -0.560055 4.900183 0.651330
v 0.567432 4.900513 0.651200
v 0.574143 4.911928 0.626035
v -0.492338 4.932616 0.689381
v -0.531053 4.884181 0.684316
v 0.538287 4.884705 0.684049
v -0.484087 4.909845 0.703826
v 0.499624 4.933203 0.688931
v 0.491210 4.910341 0.703628
v -0.502832 4.872111 0.704711
v -0.467844 4.883096 0.718851
v 0.474991 4.883136 0.719187
v 0.509822 4.872307 0.704999
v -0.529290 4.836304 0.695101
v 0.536516 4.836364 0.695417
v -0.472914 4.841677 0.722962
v 0.479985 4.841755 0.723303
v -0.542595 4.806322 0.687107
v 0.549803 4.806415 0.687411
v -0.477550 4.805455 0.722070
v 0.484644 4.805413 0.722530
v -0.528689 4.767180 0.692225
v 0.535804 4.767239 0.692627
v -0.473817 4.762072 0.719168
v 0.480881 4.762191 0.719483
v -0.463967 4.723579 0.713929
v -0.510777 4.733891 0.694942
v 0.517894 4.733763 0.695508
v 0.470926 4.723812 0.714213
v -0.517355 4.700037 0.677516
v 0.526605 4.665082 0.658139
v 0.524539 4.700024 0.677938
v -0.461786 4.685863 0.701137
v 0.468967 4.685809 0.701550
v -0.519211 4.665004 0.657961
v -0.455141 4.654089 0.687036
v 0.462384 4.654145 0.687305
v -0.516382 4.645321 0.636542
v 0.523844 4.645261 0.636797
v -0.447260 4.626286 0.670348
v 0.454630 4.626003 0.670813
v -0.512173 4.627354 0.612027
v -0.439060 4.600988 0.648473
v 0.446442 4.601404 0.648355
v 0.519655 4.627339 0.612229
v -0.223299 4.962169 0.731040
v -0.252789 4.946652 0.738869
v -0.414359 4.988287 0.692364
v -0.403060 5.011972 0.675620
v 0.260236 4.946775 0.738812
v 0.230729 4.962310 0.730949
v -0.347155 4.970237 0.721723
v -0.315611 4.999784 0.708714
v 0.323049 5.000065 0.708455
v 0.354480 4.970518 0.721554
v -0.420716 4.961394 0.707534
v -0.365031 4.951372 0.727458
v -0.279698 4.933609 0.743433
v 0.287152 4.933809 0.743294
v 0.372334 4.951736 0.727208
v -0.427744 4.937877 0.716295
v -0.325103 4.904883 0.747828
v 0.437009 4.932641 0.717811
v 0.443899 4.891823 0.728307
v 0.428719 4.966747 0.706983
v 0.332198 4.904796 0.748210
v -0.379579 4.919587 0.735952
v 0.386734 4.919954 0.735808
v -0.434225 4.898893 0.727266
v -0.395216 4.881498 0.741826
v -0.359327 4.873627 0.749355
v 0.402443 4.881741 0.741818
v 0.366383 4.873606 0.749703
v -0.440611 4.845930 0.734388
v -0.440401 4.807663 0.735461
v -0.338314 4.843118 0.755611
v 0.447792 4.846117 0.734511
v 0.345474 4.843093 0.755893
v -0.392698 4.842659 0.746584
v 0.399688 4.842643 0.747000
v -0.326074 4.810852 0.757285
v -0.388268 4.810003 0.748282
v 0.333168 4.810717 0.757693
v 0.395310 4.809961 0.748681
v 0.447586 4.807570 0.735879
v -0.433907 4.760803 0.733035
v -0.332325 4.773957 0.754527
v 0.441082 4.760846 0.733314
v 0.339444 4.774141 0.754613
v -0.377816 4.768083 0.746835
v 0.384806 4.767970 0.747309
v -0.418038 4.713862 0.726732
v 0.425162 4.714104 0.726855
v -0.376128 4.729918 0.740446
v -0.339233 4.745300 0.749404
v 0.346368 4.745479 0.749502
v 0.383223 4.729796 0.740868
v -0.407671 4.676160 0.715402
v -0.308386 4.720004 0.746272
v -0.362292 4.695802 0.732930
v 0.414719 4.676269 0.715684
v 0.397970 4.642936 0.705455
v 0.369368 4.695814 0.733228
v 0.315446 4.719797 0.746731
v -0.390592 4.642876 0.705324
v -0.269646 4.692942 0.743516
v 0.276999 4.693001 0.743593
v -0.332470 4.664627 0.725689
v 0.339767 4.664598 0.725899
v -0.369194 4.614425 0.690119
v -0.239315 4.673463 0.732203
v 0.376575 4.614377 0.690335
v 0.246590 4.672687 0.732984
v -0.310696 4.640161 0.716263
v 0.318090 4.640136 0.716416
v -0.204081 4.647134 0.718660
v -0.282896 4.618995 0.705179
v -0.351540 4.589169 0.672375
v 0.211528 4.647094 0.718764
v 0.290300 4.619260 0.705095
v 0.358988 4.589317 0.672397
v 0.423107 4.985345 0.694171
v 0.510324 4.954016 0.667535
v 0.507608 4.982186 0.637302
v 0.410553 5.012175 0.675464
v 0.572782 4.924684 0.589906
v -0.088180 4.412201 0.769593
v -0.082500 4.306130 0.736450
v 0.003494 4.295299 0.739860
v 0.003517 4.404644 0.784452
v 0.089394 4.306735 0.736386
v 0.095236 4.412225 0.769821
v -0.088102 4.150829 0.687920
v 0.003093 4.126752 0.685170
v 0.094548 4.151743 0.688184
v -0.102419 4.018342 0.604798
v 0.002892 4.006508 0.609230
v 0.108279 4.018268 0.605170
v -0.074063 3.920395 0.480914
v 0.003450 3.916616 0.479890
v 0.080912 3.920362 0.481008
v 0.004517 4.184870 -0.704303
v 0.150549 4.181083 -0.683921
v 0.080785 3.972775 -0.456199
v 0.004047 3.977191 -0.469056
v -0.072639 3.972541 -0.456331
v -0.141694 4.181774 -0.684107
v -0.251360 3.940341 -0.338423
v 0.003987 3.908451 -0.346508
v -0.390724 4.177495 -0.572845
v 0.259376 3.940289 -0.338111
v 0.349396 3.914882 -0.196784
v 0.003861 3.861086 -0.228889
v 0.399407 4.177050 -0.571907
v -0.341489 3.914579 -0.197008
v 0.547516 4.147279 -0.406189
v -0.539167 4.149060 -0.407095
v 0.078735 4.602099 0.790902
v 0.003620 4.602499 0.803572
v 0.003534 4.467710 0.823996
v 0.085551 4.490464 0.799818
v -0.078511 4.490750 0.799921
v -0.071585 4.602229 0.790648
v 0.003648 4.740350 0.818737
v 0.088689 4.739697 0.809815
v -0.081538 4.739812 0.809659
v 0.102984 4.839498 0.826249
v 0.109742 4.943928 0.840987
v 0.003527 4.959774 0.848906
v 0.003675 4.848931 0.835562
v -0.102450 4.944010 0.840844
v -0.095684 4.839559 0.826165
v -0.669651 4.520058 0.590623
v -0.649818 4.671308 0.629836
v -0.745531 4.688877 0.572245
v -0.787194 4.548598 0.484071
v 0.794019 4.548306 0.485762
v 0.752460 4.689253 0.572684
v 0.656984 4.671548 0.630045
v 0.676595 4.519573 0.591088
v -0.674224 4.411479 0.535574
v -0.770989 4.434881 0.436713
v 0.777642 4.433666 0.438822
v 0.680895 4.412397 0.536141
v -0.739210 4.320940 0.380208
v -0.658037 4.302537 0.473104
v 0.664577 4.302465 0.474497
v 0.745820 4.321746 0.381796
v -0.596249 4.144668 0.375300
v -0.655042 4.135453 0.260483
v 0.661809 4.135715 0.262865
v 0.602675 4.144504 0.376846
v -0.486006 4.014160 0.316336
v -0.532487 4.014001 0.238001
v 0.539580 4.013731 0.239185
v 0.492897 4.014104 0.317310
v -0.388254 3.920216 0.205308
v -0.363101 3.924853 0.265758
v 0.370468 3.925706 0.266070
v 0.395623 3.920024 0.205877
v -0.266427 3.881977 0.235720
v -0.234905 3.888825 0.294873
v 0.242333 3.888944 0.295013
v 0.274013 3.881680 0.235752
v 0.003566 3.876320 0.380598
v -0.076044 3.898419 0.428026
v 0.083131 3.898413 0.428098
v 0.003770 3.851807 0.288081
v 0.003731 3.863504 0.336739
v 0.577639 4.493535 0.641930
v 0.547544 4.674159 0.651786
v -0.301259 4.403796 0.709099
v -0.302919 4.481602 0.727887
v -0.570631 4.494802 0.641824
v -0.561988 4.405411 0.612081
v 0.309979 4.482766 0.727828
v 0.308457 4.403895 0.709297
v 0.569092 4.406270 0.611941
v -0.424659 4.405252 0.672563
v -0.437807 4.483937 0.692746
v 0.444906 4.481971 0.693128
v 0.431698 4.406444 0.672261
v -0.550869 4.299827 0.560259
v -0.288078 4.300961 0.679666
v 0.557863 4.300415 0.560276
v 0.294877 4.301035 0.679955
v -0.410597 4.295269 0.632142
v 0.417637 4.297111 0.632211
v -0.256536 4.180492 0.645678
v -0.528041 4.156518 0.465496
v 0.263311 4.181231 0.646315
v 0.528766 4.156592 0.472250
v -0.382686 4.162511 0.575636
v 0.389576 4.163126 0.576371
v -0.208791 4.018319 0.560922
v -0.452925 4.022392 0.373655
v 0.214892 4.018882 0.561718
v 0.446317 4.021904 0.389508
v -0.319930 4.014094 0.483361
v 0.326981 4.014347 0.483467
v -0.349826 3.937611 0.318032
v -0.214155 3.902100 0.354803
v -0.155738 3.933899 0.471421
v -0.145560 3.905807 0.414217
v 0.354503 3.939929 0.328878
v 0.221518 3.902221 0.354883
v 0.162264 3.932825 0.471746
v 0.152625 3.905495 0.414338
v -0.243320 3.929712 0.401679
v 0.250482 3.930103 0.401900
v -0.217222 4.918301 0.798950
v -0.192487 4.826391 0.789555
v 0.199672 4.826128 0.789946
v 0.224469 4.918262 0.799122
v -0.211677 4.733336 0.773825
v -0.312786 4.808105 0.648677
v 0.218850 4.733450 0.773868
v 0.320283 4.808210 0.648657
v -0.295177 4.663024 0.740503
v -0.362692 4.772038 0.627211
v 0.302417 4.663099 0.740633
v 0.370259 4.772012 0.627323
v -0.429672 4.648884 0.686676
v -0.420939 4.773015 0.611592
v 0.436976 4.649008 0.686826
v 0.428483 4.772945 0.611852
v -0.540259 4.674678 0.650950
v -0.597230 4.785865 0.625946
v 0.604555 4.786045 0.626117
v -0.583090 4.900203 0.650873
v -0.448840 4.837315 0.614220
v 0.590410 4.900570 0.650753
v 0.456359 4.837632 0.613946
v -0.526526 4.956575 0.681010
v -0.403532 4.866521 0.629944
v 0.411043 4.866837 0.629656
v 0.533870 4.957150 0.680535
v -0.466873 4.974515 0.702461
v -0.362472 4.864798 0.639550
v -0.290573 4.973900 0.777989
v -0.372268 4.994120 0.747438
v 0.370024 4.865055 0.639308
v 0.474169 4.975178 0.701858
v 0.379608 4.994474 0.747168
v 0.297762 4.974096 0.777949
v 0.003488 5.191448 0.845685
v 0.139273 5.155914 0.836526
v -0.132211 5.155269 0.837343
v -0.117703 5.412335 0.744039
v 0.003517 5.416258 0.756494
v 0.003686 5.612974 0.485064
v -0.043365 5.611375 0.485172
v 0.050665 5.611296 0.485406
v 0.124740 5.412302 0.744177
v -0.242369 5.142118 0.809932
v -0.194237 5.411590 0.719956
v -0.091331 5.612411 0.469065
v -0.295318 5.153826 0.791087
v 0.366148 5.166624 0.768783
v 0.302539 5.154140 0.790823
v -0.359047 5.166656 0.768497
v -0.310145 5.419167 0.653813
v -0.242486 5.419985 0.691491
v -0.142285 5.611270 0.448275
v -0.211198 5.610211 0.400391
v 0.249505 5.419811 0.692047
v 0.317232 5.419062 0.654306
v 0.218583 5.610137 0.400772
v 0.149621 5.611219 0.448503
v -0.533914 5.146761 0.685655
v 0.541246 5.146782 0.685950
v -0.428812 5.547534 0.315732
v -0.494773 5.391555 0.528348
v 0.501984 5.391454 0.528902
v 0.436280 5.547473 0.316056
v -0.619658 5.126215 0.629407
v 0.626821 5.126408 0.629432
v -0.630746 5.312750 0.462998
v -0.612826 5.460389 0.193365
v 0.638002 5.312593 0.463664
v 0.620337 5.460314 0.193845
v -0.751462 5.042511 0.522857
v 0.758687 5.042779 0.523082
v 0.884365 4.841485 0.371496
v -0.751454 5.328937 0.133166
v -0.765689 5.205500 0.368992
v 0.773011 5.205683 0.368691
v 0.758992 5.328887 0.133172
v -0.877485 4.841090 0.370747
v 0.911892 4.698226 0.249552
v -0.888362 4.993675 0.211687
v -0.836776 5.186777 0.020224
v 0.895710 4.993674 0.212464
v 0.844334 5.186711 0.020814
v -0.904565 4.698270 0.248052
v -0.917416 4.808049 0.119425
v -0.905445 4.912632 -0.027044
v 0.924847 4.808012 0.120550
v 0.913061 4.912578 -0.026278
v -0.889859 4.549360 0.195741
v -0.910516 4.634663 0.064747
v -0.902577 4.723420 -0.096759
v 0.897089 4.549443 0.197008
v 0.910358 4.723423 -0.096009
v 0.918016 4.634719 0.065397
v -0.861819 4.433571 0.127677
v 0.869140 4.433604 0.130085
v -0.868630 4.533916 -0.137756
v -0.877198 4.479089 0.010775
v 0.884742 4.479109 0.011445
v 0.876467 4.533855 -0.136771
v -0.730616 4.176947 0.087048
v 0.738034 4.177057 0.088967
v -0.746987 4.203607 -0.029647
v -0.750077 4.240297 -0.137041
v 0.754613 4.203644 -0.028114
v 0.757970 4.240495 -0.135741
v -0.414804 3.910917 0.010993
v 0.003852 3.825057 -0.067896
v -0.653407 4.082345 -0.114203
v -0.670003 4.286640 -0.385242
v -0.599392 4.031439 0.042918
v 0.678200 4.286087 -0.384296
v 0.626868 4.075474 -0.134848
v 0.619675 4.043266 0.062330
v -0.622910 4.055834 -0.024417
v 0.630614 4.055839 -0.023627
v -0.407455 3.912713 0.119523
v 0.422430 3.910904 0.011646
v 0.416945 3.912209 0.109015
v -0.417976 3.912507 0.056975
v 0.425467 3.912523 0.057675
v -0.261185 3.863635 0.149877
v 0.238200 3.848287 0.074131
v 0.003852 3.824833 0.093085
v 0.268807 3.863477 0.149879
v -0.230584 3.847992 0.073814
v -0.240667 3.853347 0.109434
v 0.248351 3.853143 0.109330
v 0.003835 3.836665 0.187562
v 0.003846 3.830030 0.142446
v 0.249678 5.142283 0.809827
v 0.201310 5.411485 0.720274
v 0.098627 5.612352 0.469340
v 0.200675 3.656707 0.211916
v 0.177225 3.816728 0.188152
v 0.003759 3.811356 0.257127
v 0.001837 3.640562 0.279642
v -0.195786 3.655974 0.211322
v -0.169676 3.816528 0.188025
v 0.003846 3.964932 0.260543
v 0.003850 4.101650 0.260839
v -0.143439 4.101334 0.216298
v -0.159594 3.983691 0.206121
v 0.167274 3.983625 0.206125
v 0.151166 4.101554 0.216163
v 0.259905 3.984072 0.090240
v 0.250602 4.105079 0.106405
v -0.242897 4.104900 0.106730
v -0.252231 3.983755 0.090377
v -0.049468 3.448577 0.391703
v -0.336288 3.411368 0.333113
v 0.217862 3.440905 0.363660
v -0.052912 3.152628 0.501626
v -0.341620 3.109781 0.444638
v 0.221339 3.136526 0.481937
v -0.493340 3.366059 0.230217
v -0.514994 3.056133 0.331290
v 0.327266 3.108328 0.462461
v 0.357115 3.404764 0.334970
v -0.593588 3.316970 0.118348
v -0.615030 2.946598 0.201887
v 0.419224 2.998220 0.442392
v 0.460262 3.351758 0.313064
v -0.133537 0.634856 0.802110
v -0.176882 0.823989 0.976972
v -0.399553 0.855761 0.993432
v -0.394722 0.517877 0.935464
v 0.392119 0.321021 -0.278240
v 0.409403 0.580598 -0.066917
v 0.186029 0.565849 -0.071164
v 0.137469 0.477844 -0.295664
v -0.738473 0.879374 0.829478
v -0.743186 0.498400 0.835555
v -0.650735 0.125841 0.795375
v -0.428247 0.136125 0.850932
v -0.399839 0.257538 0.883301
v -0.696915 0.243528 0.812745
v 0.742785 0.336556 -0.374412
v 0.749557 0.670355 -0.203435
v 0.689643 0.132889 -0.499171
v 0.390600 0.118850 -0.436859
v 0.420150 0.022012 -0.514380
v 0.644160 0.033844 -0.562792
v -0.404117 0.388183 0.912668
v -0.722155 0.372902 0.830197
v 0.716379 0.236749 -0.432358
v 0.396094 0.220530 -0.356571
v 0.002281 0.609098 0.276718
v 0.005823 0.719717 0.522861
v 0.003241 0.631246 0.124343
v 0.135062 0.472507 -0.474441
v -0.131904 0.560433 0.659436
v 0.250495 3.817820 0.071316
v -0.242690 3.817874 0.071206
v 0.331452 3.624286 0.128480
v -0.348948 3.619227 0.099682
v 0.003858 4.143120 -0.292664
v 0.146369 4.140129 -0.253185
v 0.140698 4.009301 -0.264763
v 0.003863 4.000168 -0.301278
v -0.132977 4.009279 -0.264775
v -0.138652 4.140385 -0.253390
v 0.004060 3.827289 -0.297634
v 0.004305 3.720736 -0.298821
v -0.158421 3.700520 -0.257241
v -0.143230 3.823846 -0.252692
v 0.151460 3.824144 -0.252601
v 0.168168 3.699944 -0.256935
v -0.157117 3.416613 -0.415654
v 0.059599 3.384497 -0.445167
v 0.285433 3.393581 -0.396043
v 0.516754 3.485093 0.135236
v -0.551603 3.473446 -0.043024
v 0.181927 0.367512 -0.471447
v -0.182193 0.470860 0.738881
v 0.217623 0.259084 -0.539886
v -0.221232 0.344283 0.733022
v 0.296767 0.068559 -0.638209
v -0.301149 0.129287 0.722655
v -0.317324 0.153430 0.547854
v -0.394238 0.015086 0.651131
v -0.380522 0.073778 0.553529
v 0.392578 -0.007350 -0.746581
v 0.494804 -0.067829 -0.713796
v -0.497709 -0.027597 0.702498
v 0.573328 -0.051104 -0.727197
v -0.575712 -0.018178 0.681251
v 0.664803 0.030827 -0.764739
v 0.746458 0.147418 -0.754169
v -0.747271 0.152522 0.573596
v -0.665567 0.041031 0.611174
v 0.813626 0.304843 -0.736678
v -0.813454 0.305149 0.524561
v 0.854200 0.426429 -0.707443
v -0.851891 0.429985 0.499142
v 0.889289 0.552035 -0.669351
v 0.918149 0.951485 -0.505932
v -0.903253 0.989830 0.432759
v -0.884654 0.558821 0.471461
v 0.381212 0.086134 -0.812801
v 0.500589 0.030513 -0.843048
v 0.596673 0.032380 -0.832597
v -0.499169 0.010048 0.544488
v -0.595507 0.015424 0.550512
v 0.317153 0.162758 -0.787341
v 0.652623 0.085922 -0.838586
v -0.651120 0.061622 0.522502
v 0.717762 0.178323 -0.835804
v -0.716735 0.146342 0.489677
v 0.513042 0.120547 -0.891519
v -0.510622 0.071709 0.465433
v 0.278287 0.285813 -0.782887
v 0.533119 0.225848 -0.927317
v -0.277869 0.264537 0.500145
v -0.531114 0.149817 0.391099
v 0.785158 0.330003 -0.818060
v -0.783613 0.292260 0.440734
v 0.545470 0.345710 -0.950537
v -0.542219 0.247051 0.318346
v -0.841182 0.953480 0.263159
v -0.837472 0.533992 0.342753
v 0.828978 0.479571 -0.798292
v 0.842879 0.589494 -0.797578
v -0.825415 0.436980 0.393305
v 0.584910 0.476523 -0.966895
v -0.580320 0.355963 0.245597
v 0.240736 0.422374 -0.759636
v -0.238622 0.394298 0.458922
v 0.335561 0.588728 -0.881693
v -0.330398 0.485090 0.270575
v 0.155218 0.584183 -0.693008
v 0.003398 0.647088 -0.110614
v -0.150036 0.563911 0.431076
v 0.169788 0.692746 -0.770648
v 0.160908 0.795811 -0.804526
v 0.391492 0.703810 -0.921846
v -0.162321 0.619514 0.297843
v -0.384262 0.569279 0.181104
v -0.151539 0.692936 0.213496
v -0.170157 0.889333 -0.005539
v 0.005266 0.995569 -0.485940
v 0.005449 0.755842 -0.236507
v 0.183459 1.046423 -0.856221
v 0.004294 0.689246 -0.194151
v 0.635085 0.594411 -0.958479
v -0.629226 0.462631 0.198806
v 0.483568 0.972512 -0.910331
v 0.855765 0.999166 -0.671321
v -0.471215 0.810437 0.066093
v -0.689339 0.865215 0.124700
v 0.702530 0.988904 -0.834277
v 0.261156 0.983942 0.200392
v 0.016979 1.180681 0.645894
v -0.227747 1.369397 1.016151
v 0.297385 1.344262 0.336155
v 0.020125 1.535100 0.663232
v -0.257871 1.768395 0.931154
v 0.467061 1.001273 0.122856
v -0.436282 1.356639 0.971837
v 0.498997 1.337044 0.226474
v -0.462230 1.712652 0.863749
v 0.741194 1.034675 -0.090359
v -0.719519 1.261116 0.767175
v 0.726033 1.351225 -0.008707
v -0.696781 1.585929 0.677730
v 0.892023 1.210409 -0.397810
v -0.871981 1.260924 0.426858
v 0.848593 1.501051 -0.310325
v -0.829247 1.533519 0.353598
v 0.823714 1.275776 -0.587520
v -0.806373 1.212053 0.236638
v 0.786676 1.558729 -0.491449
v -0.773706 1.476169 0.173392
v 0.687345 1.363239 -0.692663
v -0.672871 1.229657 0.099463
v 0.671747 1.601332 -0.602802
v -0.664472 1.430817 0.056608
v 0.542290 1.454913 -0.748466
v -0.528308 1.273751 0.001969
v 0.543999 1.646430 -0.676034
v -0.539705 1.422270 -0.034659
v 0.206591 1.534812 -0.766251
v 0.002771 1.392210 -0.466180
v -0.203252 1.303192 -0.193101
v 0.205285 1.711005 -0.688124
v -0.209207 1.479312 -0.269516
v -0.000325 1.632699 -0.487321
v 0.005225 2.660026 0.592444
v 0.324079 2.640238 0.563187
v 0.313646 1.738178 0.456496
v 0.018761 1.984777 0.658409
v -0.310794 2.701019 0.520236
v -0.273842 2.136241 0.732325
v 0.319625 2.212899 0.566533
v 0.009878 2.311800 0.610240
v -0.298907 2.374309 0.570977
v 0.505535 2.630804 0.486197
v 0.508639 1.748229 0.337759
v -0.487810 2.735596 0.386926
v -0.471567 2.111712 0.651007
v 0.498504 2.228656 0.475846
v -0.477171 2.407616 0.480833
v 0.649103 2.561740 0.330519
v 0.694628 1.760121 0.089392
v -0.638763 2.651829 0.231687
v -0.668849 1.967570 0.472001
v 0.681884 2.224573 0.257714
v -0.666821 2.340644 0.289216
v 0.780786 1.880136 -0.203725
v -0.772627 1.862401 0.175144
v 0.773341 2.279216 -0.035536
v -0.768937 2.275653 0.004311
v 0.743237 1.919191 -0.385826
v 0.755005 2.307447 -0.267821
v -0.758294 2.222865 -0.221922
v -0.744978 1.771857 0.006257
v 0.645958 1.955450 -0.508147
v -0.654590 1.723893 -0.133099
v 0.683464 2.323450 -0.403183
v -0.690503 2.191596 -0.355010
v 0.531061 1.980709 -0.588367
v -0.543237 1.702454 -0.226164
v -0.226537 1.785768 -0.453129
v 0.557421 2.315783 -0.508252
v -0.567282 2.165588 -0.460206
v 0.214011 1.970396 -0.633814
v -0.004819 1.900485 -0.558491
v 0.257497 2.340387 -0.584013
v -0.264807 2.225945 -0.563612
v -0.001718 2.294559 -0.591465
v 0.299595 3.120021 -0.477260
v 0.053213 3.123865 -0.520054
v -0.156602 3.146312 -0.505064
v -0.257833 3.671200 -0.187890
v -0.344206 3.474924 -0.320374
v -0.390476 3.258554 -0.418782
v 0.575505 3.216777 -0.237092
v 0.465507 3.449108 -0.232096
v -0.492070 3.294357 -0.372326
v -0.419057 3.491652 -0.258202
v 0.518420 3.469228 -0.125128
v 0.639423 3.261236 -0.142207
v -0.479334 3.503684 -0.181642
v -0.312886 3.669830 -0.067959
v 0.274207 3.669145 -0.184115
v 0.337555 3.662801 -0.054041
v 0.530794 3.494412 -0.025438
v -0.292309 3.673821 -0.126813
v 0.314530 3.669362 -0.117862
v -0.257559 3.803612 -0.050864
v -0.219075 3.796265 -0.173824
v -0.245799 3.816048 -0.115105
v 0.282043 3.989398 -0.049084
v 0.265219 3.803555 -0.050409
v 0.253895 3.816033 -0.114887
v 0.227234 3.796381 -0.173753
v -0.274357 3.989486 -0.049095
v -0.225107 3.996084 -0.180449
v 0.232827 3.995443 -0.180684
v -0.255318 4.000257 -0.127073
v 0.263031 3.999892 -0.127269
v -0.227355 4.131891 -0.165010
v -0.254738 4.125428 -0.111623
v -0.273281 4.112952 -0.036570
v 0.235176 4.131861 -0.165208
v 0.262454 4.125666 -0.111149
v 0.280991 4.112873 -0.037096
v -0.737981 2.590161 -0.057314
v -0.689727 2.547211 -0.316638
v 0.748402 2.596899 0.055486
v 0.717564 2.629862 -0.201960
v -0.527061 2.670853 -0.404342
v -0.621044 2.599746 -0.255464
v 0.671509 2.605694 0.093581
v 0.663507 2.678263 -0.125983
v -0.636770 2.535398 -0.418543
v 0.655083 2.647251 -0.321908
v 0.562317 2.690768 -0.414519
v -0.486946 2.704630 -0.454517
v 0.628386 2.696357 -0.197467
v -0.542125 2.585574 -0.494561
v -0.252884 2.647566 -0.576421
v -0.354080 2.963024 -0.494582
v -0.480418 2.923129 -0.471870
v 0.670662 2.880497 -0.181241
v 0.562146 2.913589 -0.308092
v -0.399441 2.751530 -0.516349
v 0.548449 2.753064 -0.345496
v -0.187072 2.985414 -0.531504
v 0.002667 2.634300 -0.584956
v 0.256801 2.678727 -0.562603
v 0.283350 2.963226 -0.518006
v -0.218494 2.824831 -0.554153
v 0.268384 2.814674 -0.549228
v 0.026049 2.965874 -0.552352
v 0.018314 2.822861 -0.569810
v -1.568820 2.231376 -0.678816
v -1.707287 2.123741 -0.663150
v -1.766547 2.313278 -0.574479
v -1.621951 2.444932 -0.604387
v 1.678263 2.438749 0.408177
v 1.776816 2.322922 0.528695
v 1.771288 2.120455 0.449196
v 1.667028 2.217874 0.345454
v -1.398104 2.340431 -0.683844
v -1.407979 2.617295 -0.562903
v 1.482798 2.605979 0.299978
v 1.540155 2.305174 0.236535
v -1.127732 2.542523 -0.633281
v -1.169597 2.791107 -0.515181
v 1.264139 2.774045 0.184203
v 1.282832 2.511187 0.098781
v -1.767823 2.371395 -0.457565
v -1.649857 2.499943 -0.476307
v 1.631879 2.512714 0.520317
v 1.714851 2.395620 0.617878
v -1.429615 2.668804 -0.393406
v 1.409052 2.680899 0.444326
v -1.231127 2.834823 -0.354472
v 1.228302 2.841697 0.344397
v -1.415932 2.634432 -0.275429
v -1.245791 2.772316 -0.235811
v 1.172620 2.796445 0.458691
v 1.329730 2.661874 0.540189
v -1.626520 2.487534 -0.339681
v 1.536052 2.519145 0.619810
v -1.736243 2.363833 -0.341479
v 1.624110 2.401289 0.697425
v -1.664872 2.286604 -0.240093
v -1.563292 2.404176 -0.231242
v 1.421624 2.442312 0.690924
v 1.510554 2.330967 0.752265
v -1.601195 2.175124 -0.218305
v -1.501282 2.276101 -0.203918
v 1.353014 2.314899 0.696325
v 1.438265 2.222744 0.751095
v -1.382937 2.525044 -0.183563
v 1.245179 2.560255 0.618748
v -1.324215 2.432587 -0.148472
v 1.177022 2.476187 0.618585
v -1.220867 2.662967 -0.137576
v -1.172246 2.571515 -0.104065
v 1.093489 2.700301 0.540736
v 1.030964 2.611962 0.554038
v -0.657986 2.596283 -0.197642
v 0.685166 2.616217 0.150660
v -0.928010 2.708168 -0.578362
v -1.015846 2.946097 -0.438624
v 1.099620 2.930969 0.141244
v 1.094620 2.672760 0.010286
v -0.906676 3.091135 -0.373703
v -0.850120 2.781236 -0.553645
v 1.018816 2.744976 -0.022281
v 0.978324 3.078440 0.114652
v -1.084814 2.974563 -0.295509
v 1.079146 2.981453 0.293176
v -0.970141 3.111444 -0.243101
v 0.959852 3.118914 0.254353
v -1.088071 2.920218 -0.189580
v 1.021339 2.942049 0.389533
v -0.967769 3.050644 -0.134619
v 0.895704 3.073204 0.350629
v -1.069914 2.784033 -0.087815
v 0.944902 2.820132 0.481838
v -0.980018 2.838169 -0.046975
v 0.849530 2.875202 0.458500
v -1.054126 2.669525 -0.064143
v 0.914364 2.709242 0.508269
v -0.991785 2.715012 -0.041260
v 0.851543 2.754581 0.486492
v 0.737774 2.938197 0.431001
v 0.783094 2.796594 0.463786
v -0.924087 2.757126 -0.016411
v -0.874546 2.900072 0.000600
v 0.757088 3.201753 0.309075
v -0.835101 3.178331 -0.075024
v 0.816416 3.269162 0.194186
v -0.824146 3.262998 -0.193225
v -0.793366 3.228183 -0.326613
v 0.863089 3.215399 0.072213
v -0.766813 2.862091 -0.528526
v 0.938655 2.824652 -0.058673
v -0.777168 2.639204 -0.502346
v -0.831515 2.575380 -0.506963
v 0.969821 2.546721 0.034003
v 0.924344 2.608065 -0.000934
v -0.909899 2.499079 -0.517709
v 1.038225 2.473074 0.078770
v -1.048964 2.398001 -0.551598
v 1.169985 2.374330 0.140710
v -1.392909 2.162315 -0.599156
v 1.474177 2.150266 0.324295
v -1.502587 2.078339 -0.598586
v 1.563335 2.072858 0.396516
v -1.658780 1.954565 -0.606803
v 1.695174 1.957294 0.492483
v 1.785955 2.199214 0.720312
v 1.707723 2.185960 0.786786
v -1.810831 2.068193 -0.287716
v -1.843204 2.141026 -0.341590
v -1.532369 1.979106 -0.352730
v -1.546673 2.034512 -0.281789
v -1.694740 1.888255 -0.307019
v -1.684504 1.851689 -0.353715
v -1.656661 1.845279 -0.435400
v -1.493191 1.996912 -0.423780
v 1.574170 1.889045 0.729745
v 1.557889 1.931832 0.768853
v 1.424047 2.072275 0.688265
v 1.449808 2.007467 0.629514
v 1.456849 2.014051 0.546953
v 1.595858 1.870756 0.647929
v -1.436188 2.169539 -0.253989
v 1.111751 2.356758 0.541265
v 1.319883 2.203904 0.631968
v -1.374449 2.101514 -0.419623
v -1.419080 2.093536 -0.341039
v 1.351657 2.116460 0.561233
v 1.357963 2.111943 0.470779
v -1.221354 2.323537 -0.193225
v -1.175971 2.275858 -0.272832
v -1.099520 2.280177 -0.365483
v 1.116313 2.297254 0.456089
v 1.103978 2.285146 0.338240
v -1.078244 2.438256 -0.144466
v 0.969643 2.470051 0.487998
v -1.028843 2.401178 -0.193822
v -0.923374 2.410725 -0.291659
v 0.954798 2.425045 0.424180
v 0.921075 2.416508 0.284580
v -0.961062 2.498610 -0.127703
v -0.996184 2.544838 -0.091865
v 0.876674 2.579396 0.470675
v 0.865471 2.527305 0.428053
v -0.917430 2.477965 -0.167014
v 0.850089 2.499716 0.374352
v -0.836557 2.590861 -0.085739
v -0.758476 2.532825 -0.245366
v -0.914633 2.646106 -0.044363
v 0.763048 2.536317 0.214423
v 0.742348 2.618832 0.381035
v 0.786444 2.682492 0.450801
v -0.882539 2.612994 -0.062118
v 0.768266 2.645920 0.422955
v -0.765546 2.705101 -0.013335
v -0.847963 2.727835 -0.007659
v 0.647670 2.738459 0.385750
v 0.713807 2.765375 0.432984
v -0.815904 2.717912 -0.008848
v 0.687374 2.753978 0.415685
v -0.731672 2.848612 0.057375
v -0.807681 2.875332 0.031616
v 0.585886 2.888329 0.405434
v 0.664094 2.914876 0.422917
v -0.779247 2.863525 0.041190
v 0.634769 2.903230 0.416576
v -0.709427 3.241423 0.011210
v -0.768933 3.218516 -0.035588
v 0.607252 3.270196 0.302023
v 0.681727 3.243854 0.299482
v -0.743273 3.229424 -0.016721
v 0.650366 3.256078 0.299399
v -0.701034 3.355087 -0.150380
v -0.762317 3.310017 -0.183999
v 0.693712 3.360640 0.148847
v 0.761578 3.314214 0.161269
v 0.794421 3.267928 0.036740
v -0.735211 3.329581 -0.172085
v 0.733190 3.333951 0.153401
v -0.631692 3.345194 -0.282412
v -0.718950 3.282439 -0.310809
v 0.708437 3.330000 0.003336
v -0.675906 3.311151 -0.299741
v 0.753548 3.295917 0.018188
v -0.589235 2.888649 -0.485418
v -0.677387 2.899037 -0.511090
v 0.767872 2.848840 -0.125136
v 0.855911 2.859602 -0.098745
v 0.865424 2.600166 0.015181
v -0.638822 2.896363 -0.501043
v 0.818122 2.856548 -0.111749
v -0.699098 2.619321 -0.403698
v -0.736623 2.626866 -0.457566
v 0.804282 2.598300 0.039169
v -0.717602 2.624003 -0.432897
v 0.835931 2.599757 0.025067
v -0.780990 2.529726 -0.388916
v -0.859741 2.456031 -0.370128
v -0.797928 2.550881 -0.450887
v 0.860907 2.515099 0.109356
v 0.909995 2.528499 0.064881
v -0.788587 2.539367 -0.421463
v 0.885513 2.520610 0.085510
v -0.878347 2.471082 -0.449818
v 0.913401 2.448129 0.178305
v 0.973441 2.453089 0.120980
v -0.862280 2.464966 -0.407729
v 0.936457 2.451863 0.147541
v -1.051265 2.325516 -0.455797
v -1.051730 2.361022 -0.516926
v 1.114953 2.315796 0.231691
v 1.151655 2.342549 0.175705
v -1.050027 2.342685 -0.488952
v 1.132799 2.328265 0.201362
v -1.369770 2.124764 -0.525591
v -1.387440 2.140245 -0.570344
v 1.410698 2.120234 0.380660
v 1.453112 2.131775 0.348133
v -1.378868 2.130048 -0.546776
v 1.432345 2.123835 0.364863
v -1.481008 2.022793 -0.499172
v -1.494033 2.047340 -0.560082
v 1.488906 2.029316 0.474407
v 1.534124 2.046643 0.427939
v -1.487682 2.033227 -0.532030
v 1.512930 2.035846 0.449521
v -1.642055 1.882977 -0.523252
v -1.649552 1.927654 -0.581219
v 1.633174 1.896190 0.562251
v 1.672619 1.933321 0.512195
v -1.646767 1.901818 -0.552957
v 1.654000 1.911225 0.537626
v -1.768032 1.961879 -0.273339
v -1.827525 1.834341 -0.367927
v 1.602464 2.013047 0.826680
v 1.701094 1.877586 0.798841
v -1.853464 2.045633 -0.587175
v -1.826436 1.923658 -0.579078
v -1.879154 2.128735 -0.523938
v -1.872591 2.165201 -0.437542
v -1.905393 2.042814 -0.415536
v 1.849453 2.060451 0.602867
v 1.838173 2.152324 0.657675
v -1.904385 2.010309 -0.508457
v -1.900943 1.925249 -0.386900
v -1.886690 1.888757 -0.489240
v -1.823948 1.890037 -0.560385
v -1.866760 1.857656 -0.379023
v 1.805884 1.908013 0.630298
v 1.791743 1.887422 0.640238
v -1.861796 1.846634 -0.475565
v -1.816497 1.867979 -0.547104
v -1.809201 1.848907 -0.531813
v -1.848331 1.843716 -0.372608
v 1.721344 1.887378 0.805079
v -1.797632 1.804812 -0.444376
v -1.850153 1.833950 -0.470416
v 1.717548 1.836890 0.723447
v 1.819250 1.939110 0.611487
v 1.648965 2.118914 0.823592
v 1.847594 2.038180 0.700692
v 1.843571 1.996925 0.712083
v 1.815682 2.092191 0.747977
v 1.819039 1.919156 0.723584
v 1.798550 2.035448 0.787674
v 1.775319 1.969203 0.810885
v 1.751127 1.911248 0.808459
v 1.789570 1.877812 0.727039
v 1.776648 1.870148 0.651524
v 1.753322 1.850790 0.731820
v 0.198564 3.657589 0.212790
v 0.178874 3.815041 0.186972
v -0.002635 3.811653 0.255559
v -0.016010 3.646204 0.276664
v -0.175756 3.814042 0.186029
v -0.215707 3.653237 0.205146
v 0.003304 3.965848 0.260275
v 0.003835 4.103771 0.259412
v -0.143466 4.103105 0.214920
v -0.160283 3.984233 0.205877
v 0.167797 3.984473 0.205801
v 0.151174 4.103245 0.214884
v 0.262483 3.983906 0.090301
v 0.250882 4.105821 0.105171
v -0.243154 4.105687 0.105339
v -0.255101 3.983696 0.089639
v -0.038517 3.445845 0.392973
v -0.305088 3.429254 0.334639
v 0.222594 3.443830 0.369333
v -0.052961 3.153121 0.501046
v -0.330947 3.118137 0.413092
v 0.215894 3.119847 0.503363
v -0.473669 3.379002 0.244848
v -0.504112 3.076814 0.314731
v 0.347793 3.099251 0.472203
v 0.366420 3.408253 0.328202
v -0.580387 3.332494 0.123269
v -0.607522 2.987128 0.199770
v 0.472552 3.000470 0.435194
v 0.471763 3.359891 0.305489
v -0.133816 0.612872 0.628380
v -0.174921 0.792203 0.795149
v -0.395539 0.872170 0.976656
v -0.392499 0.515381 0.903908
v 0.393372 0.321922 -0.226393
v 0.409863 0.597934 -0.018173
v 0.189137 0.627405 0.150614
v 0.138068 0.507144 -0.098923
v -0.737195 0.891065 0.840563
v -0.742923 0.500672 0.836954
v -0.428282 0.134778 0.850205
v -0.399475 0.254407 0.882399
v -0.696759 0.242401 0.812486
v -0.650814 0.125094 0.794837
v 0.742131 0.341419 -0.370467
v 0.748902 0.678743 -0.199121
v 0.644363 0.032614 -0.565017
v 0.690184 0.129465 -0.501977
v 0.391370 0.113937 -0.439372
v 0.420446 0.020177 -0.516689
v -0.403059 0.384267 0.908440
v -0.721626 0.371782 0.830912
v 0.716767 0.234247 -0.432790
v 0.397079 0.214943 -0.351024
v 0.002272 0.607365 0.265579
v 0.005508 0.712212 0.478303
v 0.002767 0.630404 0.096025
v 0.135359 0.492661 -0.237715
v -0.132657 0.544182 0.441983
v 0.262767 3.814581 0.073093
v -0.260315 3.813288 0.067308
v 0.330545 3.624416 0.130233
v -0.354959 3.617127 0.095405
v 0.146613 4.137065 -0.254158
v 0.141540 4.008371 -0.265288
v 0.004094 4.000367 -0.301663
v 0.003893 4.139841 -0.293614
v -0.132948 4.008519 -0.265580
v -0.138709 4.137247 -0.254104
v 0.006362 3.830885 -0.298347
v 0.017299 3.727513 -0.295938
v -0.161802 3.703519 -0.255955
v -0.143564 3.826210 -0.253342
v 0.158578 3.825375 -0.251607
v 0.201490 3.697280 -0.254114
v 0.055303 3.384339 -0.443777
v -0.162037 3.416027 -0.418154
v 0.276117 3.397497 -0.396325
v 0.511151 3.502658 0.114083
v -0.534463 3.495015 -0.018105
v 0.181967 0.373373 -0.406637
v -0.182664 0.466745 0.678512
v 0.217745 0.258792 -0.531830
v -0.221234 0.343753 0.725184
v 0.296987 0.067246 -0.640857
v -0.301374 0.127459 0.721037
v -0.317301 0.153477 0.547867
v -0.394578 0.014459 0.650024
v -0.380796 0.073504 0.552751
v 0.494817 -0.067838 -0.715373
v 0.392562 -0.007123 -0.749040
v -0.497892 -0.027920 0.701912
v 0.573331 -0.051061 -0.728484
v -0.575856 -0.018361 0.680826
v 0.664761 0.031220 -0.767123
v 0.746447 0.147522 -0.754843
v -0.747344 0.152575 0.573445
v -0.665853 0.040942 0.610455
v 0.813629 0.304804 -0.736296
v -0.813462 0.304611 0.524300
v 0.854190 0.426328 -0.707210
v -0.852257 0.428597 0.498353
v 0.889099 0.551523 -0.669569
v 0.917562 0.950473 -0.507852
v -0.902917 0.986863 0.450150
v -0.883787 0.559472 0.481802
v 0.500499 0.031172 -0.844402
v 0.381130 0.086732 -0.814045
v 0.596566 0.033179 -0.834463
v -0.499406 0.009986 0.543896
v -0.595793 0.015431 0.549838
v 0.317155 0.162741 -0.787273
v 0.652403 0.087514 -0.841589
v -0.651668 0.061906 0.521334
v 0.717694 0.178797 -0.836398
v -0.717252 0.147138 0.488761
v 0.513061 0.120420 -0.891391
v -0.510659 0.071726 0.465353
v 0.278354 0.285278 -0.779456
v 0.533528 0.223101 -0.926338
v -0.277787 0.264972 0.496692
v -0.530615 0.149107 0.391830
v 0.785111 0.330298 -0.817946
v -0.783645 0.292628 0.440787
v 0.545384 0.345705 -0.944486
v -0.542263 0.247672 0.312635
v -0.841376 0.943986 0.284049
v -0.836718 0.533659 0.353878
v 0.828874 0.479758 -0.796865
v 0.842620 0.588408 -0.794753
v -0.825326 0.436508 0.394860
v 0.584585 0.477507 -0.958525
v -0.580365 0.357377 0.241056
v 0.240850 0.420498 -0.704908
v -0.238807 0.395873 0.405181
v 0.336143 0.580204 -0.823473
v -0.330719 0.489567 0.211857
v 0.156106 0.578951 -0.455190
v 0.003409 0.647069 -0.108793
v -0.150988 0.568161 0.207658
v 0.171060 0.675428 -0.543170
v 0.391828 0.693888 -0.867337
v 0.162151 0.770801 -0.585569
v -0.163673 0.634267 0.080914
v -0.152754 0.712155 0.010702
v -0.384401 0.573684 0.136283
v 0.004952 0.970516 -0.399112
v 0.004997 0.757173 -0.266832
v -0.172903 0.901298 -0.135065
v 0.184116 1.002450 -0.674421
v 0.004296 0.691820 -0.226557
v 0.634527 0.593796 -0.947587
v -0.628765 0.463445 0.203721
v 0.482987 0.955123 -0.859593
v 0.854996 0.995631 -0.674341
v -0.472049 0.803395 0.045432
v -0.689694 0.851115 0.147581
v 0.701543 0.981679 -0.833109
v 0.264112 1.051660 0.338540
v 0.014528 1.163298 0.621629
v -0.232297 1.302470 0.885447
v 0.300826 1.417219 0.437470
v 0.019067 1.538808 0.672875
v -0.262674 1.693623 0.819476
v 0.466734 1.012120 0.143064
v -0.438439 1.340238 0.944632
v 0.499750 1.356946 0.262668
v -0.464738 1.682750 0.822141
v 0.741236 1.037331 -0.090567
v -0.718359 1.269341 0.773889
v 0.725800 1.352285 -0.002215
v -0.697809 1.578498 0.667647
v 0.891859 1.210383 -0.398328
v -0.872367 1.258925 0.426952
v 0.848234 1.498961 -0.300847
v -0.829495 1.531769 0.335815
v 0.822897 1.272251 -0.588085
v -0.806994 1.208652 0.235493
v 0.786685 1.554427 -0.479793
v -0.774221 1.474186 0.153252
v 0.687443 1.361011 -0.688170
v -0.673935 1.224199 0.093980
v 0.672157 1.591788 -0.582171
v -0.664393 1.442274 0.025829
v 0.542574 1.439459 -0.704992
v -0.531108 1.270494 -0.037866
v 0.544992 1.619060 -0.618771
v -0.541312 1.442222 -0.104725
v 0.209787 1.496962 -0.663446
v 0.003376 1.407163 -0.494534
v -0.203513 1.354335 -0.295026
v 0.207391 1.670483 -0.623385
v -0.210079 1.527112 -0.358226
v -0.003063 1.625057 -0.519671
v 0.286380 2.622277 0.574018
v 0.009056 2.672591 0.567875
v 0.314718 1.821121 0.531158
v 0.016884 1.944447 0.643296
v -0.310887 2.722062 0.482254
v -0.280197 2.020124 0.681792
v 0.320907 2.258212 0.561861
v 0.011692 2.319149 0.604369
v -0.297507 2.362538 0.566915
v 0.386390 2.635768 0.507306
v 0.506775 1.768197 0.370275
v -0.481072 2.685546 0.363777
v -0.475268 2.047999 0.641331
v 0.451977 2.224740 0.483171
v -0.464299 2.395709 0.465688
v 0.549522 2.551494 0.366481
v 0.687339 1.761018 0.120415
v -0.605688 2.598094 0.195280
v -0.664460 1.943409 0.466493
v 0.637155 2.219229 0.279315
v -0.639398 2.338886 0.281224
v 0.776177 1.872036 -0.172326
v -0.763035 1.877166 0.156900
v 0.742263 2.268571 -0.013925
v -0.731047 2.267157 -0.002008
v 0.741292 1.905348 -0.356634
v 0.740828 2.314735 -0.254115
v -0.729526 2.209461 -0.213559
v -0.734890 1.806625 -0.019927
v 0.644706 1.940120 -0.484376
v -0.643124 1.770175 -0.160113
v 0.668127 2.329239 -0.385362
v -0.656208 2.178093 -0.348930
v 0.533873 1.950192 -0.542538
v -0.224637 1.810412 -0.451288
v -0.538589 1.761981 -0.266817
v 0.548975 2.330335 -0.496432
v -0.538260 2.152917 -0.446079
v 0.214314 1.945331 -0.604794
v -0.006041 1.899326 -0.564880
v 0.256112 2.323175 -0.578896
v -0.264631 2.242785 -0.563375
v -0.003618 2.288264 -0.586572
v 0.305445 3.125222 -0.471203
v 0.058092 3.125259 -0.519632
v -0.143624 3.150490 -0.509712
v -0.350441 3.483525 -0.311954
v -0.269112 3.666716 -0.192979
v -0.416662 3.275388 -0.400890
v 0.444314 3.464019 -0.242411
v 0.557130 3.246123 -0.258719
v -0.420632 3.505866 -0.240502
v -0.505131 3.304635 -0.358278
v 0.629137 3.279245 -0.160245
v 0.492836 3.490152 -0.146423
v -0.333418 3.659350 -0.078413
v -0.471749 3.523123 -0.158505
v 0.308640 3.659248 -0.176484
v 0.511756 3.514682 -0.047425
v 0.351826 3.656344 -0.049208
v -0.305039 3.667788 -0.133656
v 0.332065 3.662863 -0.113439
v -0.270503 3.800249 -0.054082
v -0.251344 3.815609 -0.116977
v -0.226956 3.795984 -0.175512
v 0.283092 3.799012 -0.047436
v 0.287754 3.987606 -0.048581
v 0.246071 3.793467 -0.171655
v 0.264224 3.814276 -0.114256
v -0.278024 3.988167 -0.050158
v -0.226767 3.994465 -0.181359
v 0.236342 3.993918 -0.180945
v -0.256012 3.999726 -0.127545
v 0.264630 3.999368 -0.127300
v -0.227451 4.131026 -0.166164
v -0.254779 4.125008 -0.112476
v -0.273672 4.112569 -0.038241
v 0.235460 4.130888 -0.166306
v 0.262563 4.124868 -0.112658
v 0.281708 4.112444 -0.038332
v -0.666633 2.550358 -0.107777
v -0.644612 2.537057 -0.340268
v 0.670815 2.558223 0.109107
v 0.694529 2.605292 -0.174391
v -0.572404 2.672624 -0.389140
v -0.677211 2.624238 -0.222601
v 0.711355 2.638006 0.060357
v 0.671788 2.691880 -0.136640
v -0.570842 2.538476 -0.440543
v 0.637818 2.618761 -0.296133
v 0.557563 2.672188 -0.406545
v -0.522872 2.708148 -0.440595
v 0.639831 2.722878 -0.218896
v -0.254882 2.627525 -0.582618
v -0.505664 2.596371 -0.500184
v -0.397485 2.972604 -0.475549
v -0.519663 2.928591 -0.457054
v 0.672533 2.906765 -0.202370
v 0.557864 2.934761 -0.333603
v -0.403182 2.756504 -0.512150
v 0.550379 2.747349 -0.365509
v -0.159538 2.988935 -0.531341
v 0.255687 2.688086 -0.555162
v -0.000020 2.597651 -0.597024
v 0.290597 2.958550 -0.513220
v -0.216471 2.825241 -0.554021
v 0.269226 2.813455 -0.548173
v 0.043935 2.971938 -0.549353
v 0.020564 2.823737 -0.569058
v -1.619353 2.448194 -0.604103
v -1.563830 2.240207 -0.683458
v -1.706736 2.125432 -0.665127
v -1.765078 2.316685 -0.577495
v 1.777208 2.324937 0.525915
v 1.771722 2.121366 0.447696
v 1.665839 2.224051 0.339177
v 1.675243 2.442962 0.405965
v -1.422157 2.607541 -0.581335
v -1.393963 2.345095 -0.682342
v 1.527922 2.318772 0.231746
v 1.505320 2.593893 0.293131
v -1.175765 2.789075 -0.527671
v -1.136119 2.537799 -0.646289
v 1.300748 2.503090 0.091535
v 1.276971 2.770209 0.176695
v -1.646772 2.503045 -0.474412
v -1.766875 2.374696 -0.461777
v 1.716269 2.397572 0.614203
v 1.627714 2.516397 0.519800
v -1.435915 2.668272 -0.409473
v 1.422856 2.678529 0.434073
v -1.232933 2.835066 -0.359836
v 1.232863 2.841238 0.340653
v -1.247283 2.774200 -0.243694
v -1.417828 2.638172 -0.288359
v 1.338911 2.664114 0.528783
v 1.177917 2.797222 0.452768
v -1.626679 2.486417 -0.337941
v 1.534621 2.517107 0.623535
v -1.738113 2.363504 -0.345874
v 1.628133 2.400167 0.694963
v -1.571771 2.391736 -0.228720
v -1.668001 2.283950 -0.243116
v 1.511635 2.330199 0.752156
v 1.425675 2.433963 0.697048
v -1.512002 2.263122 -0.206332
v -1.604394 2.172464 -0.221501
v 1.443596 2.219102 0.750418
v 1.360139 2.305864 0.700373
v -1.382065 2.528474 -0.188344
v 1.249317 2.566319 0.607538
v -1.318664 2.447273 -0.163659
v 1.179999 2.485550 0.604537
v -1.221028 2.667540 -0.147349
v -1.171312 2.577857 -0.114525
v 1.098232 2.702985 0.533060
v 1.035228 2.615959 0.545246
v -0.678372 2.608870 -0.183852
v 0.687423 2.617711 0.149321
v -1.016623 2.946007 -0.440686
v -0.930301 2.707496 -0.583176
v 1.099650 2.671293 0.007283
v 1.101495 2.930587 0.139845
v -0.906699 3.091128 -0.373854
v -0.850300 2.781191 -0.554034
v 1.019187 2.744865 -0.022513
v 0.978406 3.078414 0.114550
v -1.084939 2.974619 -0.295987
v 1.079519 2.981448 0.292800
v -0.970143 3.111461 -0.243094
v 0.959849 3.118929 0.254356
v -1.088261 2.920531 -0.190835
v 1.022122 2.942184 0.388579
v -0.967751 3.050686 -0.134682
v 0.895723 3.073240 0.350543
v -1.070038 2.784877 -0.089881
v 0.945877 2.820553 0.480418
v -0.979980 2.838287 -0.047156
v 0.849576 2.875282 0.458336
v -1.054098 2.670973 -0.067004
v 0.915574 2.710008 0.506227
v -0.991779 2.715198 -0.041599
v 0.851666 2.754670 0.486282
v 0.737765 2.938225 0.430960
v 0.783032 2.796597 0.463829
v -0.924078 2.757129 -0.016394
v -0.874520 2.900108 0.000554
v 0.757105 3.201752 0.309035
v -0.835091 3.178350 -0.075039
v 0.816419 3.269166 0.194169
v -0.824144 3.263001 -0.193231
v -0.793362 3.228190 -0.326630
v 0.863098 3.215401 0.072168
v -0.766859 2.862031 -0.528659
v 0.938719 2.824612 -0.058705
v -0.777205 2.639224 -0.502437
v -0.832244 2.575445 -0.509016
v 0.971673 2.546435 0.032595
v 0.924478 2.608039 -0.001031
v -0.914004 2.499173 -0.528952
v 1.048462 2.471431 0.071090
v -1.057850 2.396317 -0.572197
v 1.188881 2.369551 0.128591
v -1.388560 2.170497 -0.604273
v 1.473295 2.156884 0.317158
v -1.501964 2.081424 -0.603239
v 1.564980 2.074857 0.392564
v -1.658796 1.955043 -0.607824
v 1.695577 1.957526 0.491824
v 1.709774 2.185757 0.785095
v 1.787600 2.199587 0.718316
v -1.843868 2.141168 -0.343673
v -1.811230 2.068124 -0.288651
v -1.533211 1.978779 -0.354335
v -1.548882 2.033134 -0.284936
v -1.694941 1.888209 -0.307465
v -1.684549 1.851686 -0.353828
v -1.494690 1.996709 -0.427416
v -1.656814 1.845327 -0.435907
v 1.574259 1.889029 0.729679
v 1.558355 1.931716 0.768553
v 1.427718 2.070486 0.686939
v 1.451224 2.007005 0.628729
v 1.596154 1.870743 0.647667
v 1.459463 2.013545 0.545091
v -1.445303 2.159800 -0.258694
v 1.329826 2.194045 0.634351
v 1.114658 2.369155 0.523654
v -1.379358 2.098104 -0.425946
v -1.423608 2.089856 -0.345751
v 1.357396 2.112731 0.560267
v 1.364368 2.108586 0.468720
v -1.214429 2.340322 -0.208985
v -1.170763 2.289253 -0.286263
v -1.098653 2.288037 -0.379249
v 1.119306 2.306604 0.442055
v 1.111209 2.290476 0.325015
v -1.076643 2.445709 -0.155359
v 0.974389 2.475579 0.476935
v -1.027323 2.410127 -0.207793
v -0.924318 2.414769 -0.299244
v 0.961365 2.431451 0.410421
v 0.927621 2.419832 0.275436
v -0.961094 2.500751 -0.130497
v -0.996031 2.546472 -0.094671
v 0.877998 2.580492 0.468173
v 0.867726 2.529019 0.424354
v -0.918337 2.480973 -0.169011
v 0.854444 2.502537 0.368927
v -0.764388 2.536994 -0.239858
v -0.841044 2.597783 -0.079908
v -0.914693 2.646400 -0.044559
v 0.752986 2.624334 0.373103
v 0.771439 2.542811 0.206719
v 0.786761 2.682726 0.450361
v -0.883080 2.614067 -0.061212
v 0.770103 2.646879 0.421592
v -0.776888 2.729669 0.000185
v -0.848284 2.728800 -0.007095
v 0.680157 2.751478 0.367190
v 0.714953 2.765919 0.432254
v -0.817593 2.722485 -0.006301
v 0.693417 2.756624 0.411892
v -0.738649 2.887872 0.065888
v -0.807729 2.875864 0.031710
v 0.632247 2.902073 0.387303
v 0.664630 2.915128 0.422651
v -0.780518 2.871865 0.043526
v 0.644151 2.906734 0.412139
v -0.704955 3.254192 0.015809
v -0.768927 3.218579 -0.035502
v 0.614612 3.278448 0.295125
v 0.681782 3.243902 0.299388
v -0.742783 3.231274 -0.014436
v 0.651246 3.257493 0.297480
v -0.699359 3.365493 -0.137372
v -0.762313 3.310147 -0.183835
v 0.693359 3.369817 0.137501
v 0.794396 3.268062 0.036695
v 0.761590 3.314335 0.161107
v -0.735085 3.331318 -0.169880
v 0.733191 3.335527 0.151448
v -0.634334 3.355296 -0.269066
v -0.718962 3.282562 -0.310686
v 0.704820 3.340846 -0.009563
v -0.676363 3.312685 -0.297723
v 0.753147 3.297627 0.016103
v -0.605784 2.889110 -0.481236
v -0.677684 2.898989 -0.511063
v 0.770088 2.864122 -0.134271
v 0.865616 2.600469 0.014904
v 0.856000 2.859932 -0.098953
v -0.641223 2.896403 -0.500441
v 0.818482 2.859095 -0.113247
v -0.720219 2.626787 -0.390155
v -0.736869 2.626922 -0.457282
v 0.818390 2.618285 0.020256
v -0.721523 2.625306 -0.430337
v 0.838555 2.603913 0.021234
v -0.783929 2.531163 -0.386313
v -0.860831 2.457475 -0.373850
v -0.798341 2.551065 -0.452200
v 0.863911 2.518796 0.105534
v 0.911143 2.528486 0.063838
v -0.790735 2.540359 -0.419598
v 0.887456 2.523268 0.082823
v -0.881037 2.472495 -0.459936
v 0.917667 2.449875 0.173389
v 0.981437 2.452948 0.113617
v -0.863836 2.466476 -0.414511
v 0.941877 2.452392 0.141905
v -1.053748 2.328244 -0.468027
v -1.058977 2.361549 -0.537662
v 1.124683 2.316549 0.221576
v 1.168574 2.339930 0.162834
v -1.056303 2.345291 -0.511288
v 1.151177 2.327209 0.185253
v -1.370033 2.125814 -0.528550
v -1.385593 2.145110 -0.575402
v 1.414167 2.121880 0.375356
v 1.454046 2.135627 0.342596
v -1.378434 2.132348 -0.550365
v 1.433789 2.125772 0.361153
v -1.482229 2.023815 -0.504574
v -1.494148 2.048992 -0.563787
v 1.491901 2.029599 0.471237
v 1.535759 2.047554 0.425301
v -1.488293 2.034783 -0.536880
v 1.515209 2.036537 0.446537
v -1.642296 1.883316 -0.524599
v -1.649632 1.928083 -0.582311
v 1.633735 1.896285 0.561607
v 1.672980 1.933471 0.511674
v -1.646941 1.902251 -0.554314
v 1.654457 1.911353 0.537041
v -1.768303 1.961810 -0.273927
v -1.827494 1.834333 -0.367834
v 1.603412 2.012794 0.826089
v 1.701060 1.877587 0.798871
v -1.826435 1.923653 -0.579069
v -1.853461 2.045725 -0.587353
v -1.879163 2.129096 -0.524702
v -1.872969 2.166095 -0.440397
v -1.905441 2.042864 -0.415770
v 1.838467 2.152483 0.657208
v 1.849502 2.060483 0.602781
v -1.904388 2.010319 -0.508483
v -1.900918 1.925236 -0.386812
v -1.886688 1.888753 -0.489226
v -1.823956 1.890065 -0.560465
v -1.866721 1.857640 -0.378896
v 1.805873 1.908009 0.630313
v 1.791737 1.887420 0.640245
v -1.861796 1.846633 -0.475563
v -1.816501 1.867990 -0.547139
v -1.809210 1.848924 -0.531873
v -1.848316 1.843711 -0.372562
v 1.721315 1.887378 0.805105
v -1.797603 1.804793 -0.444267
v -1.850141 1.833937 -0.470360
v 1.717483 1.836887 0.723512
v 1.819165 1.939072 0.611613
v 1.650814 2.118481 0.822367
v 1.847650 2.038198 0.700618
v 1.843547 1.996918 0.712115
v 1.816001 2.092246 0.747609
v 1.819018 1.919152 0.723609
v 1.798892 2.035470 0.787326
v 1.775482 1.969202 0.810734
v 1.751143 1.911247 0.808445
v 1.789536 1.877807 0.727077
v 1.776633 1.870144 0.651543
v 1.753293 1.850788 0.731851
v -0.565429 4.724154 0.646825
v -0.548221 4.746689 0.673336
v -0.570079 4.788558 0.662314
v -0.595006 4.776213 0.623000
v 0.602339 4.776497 0.623043
v 0.577328 4.788745 0.662515
v 0.555426 4.746790 0.673653
v 0.572721 4.724363 0.646986
v 0.291774 4.760159 0.756184
v 0.282811 4.811961 0.760699
v 0.230156 4.817302 0.759779
v 0.234499 4.746854 0.753568
v -0.227188 4.746925 0.753382
v -0.222812 4.817303 0.759668
v -0.275547 4.811960 0.760534
v -0.284572 4.760183 0.755965
v -0.162410 4.732834 0.743610
v -0.147692 4.816500 0.750576
v -0.184347 4.816983 0.756182
v -0.187673 4.738402 0.748367
v 0.195036 4.738293 0.748552
v 0.191720 4.816950 0.756297
v 0.155079 4.816438 0.750703
v 0.169788 4.732718 0.743787
v -0.233502 4.874323 0.756335
v -0.292889 4.856872 0.758302
v -0.174545 4.901095 0.745757
v -0.204483 4.887946 0.752129
v 0.300125 4.856923 0.758438
v 0.240841 4.874380 0.756390
v 0.211876 4.887990 0.752170
v 0.181954 4.901111 0.745811
v -0.561575 4.835702 0.670333
v -0.585211 4.841244 0.640696
v 0.592528 4.841534 0.640709
v 0.568824 4.835941 0.670450
v -0.567166 4.700081 0.625212
v -0.601249 4.771486 0.594284
v -0.595344 4.855806 0.606879
v -0.566409 4.683362 0.597935
v -0.591304 4.766606 0.547962
v -0.592640 4.865358 0.576470
v 0.608636 4.771801 0.594240
v 0.574527 4.700337 0.625274
v 0.602729 4.856149 0.606756
v 0.598741 4.766914 0.547868
v 0.573817 4.683619 0.597961
v 0.600072 4.865704 0.576280
v -0.566725 4.911576 0.626242
v -0.565306 4.924536 0.589887
v -0.501708 4.952890 0.669468
v -0.497877 4.981234 0.641733
v -0.560061 4.900277 0.651197
v 0.574133 4.911953 0.626005
v 0.567390 4.900632 0.651069
v -0.492374 4.932744 0.689186
v -0.531086 4.884351 0.684082
v 0.538307 4.884659 0.684094
v -0.484077 4.909880 0.703794
v 0.499643 4.933133 0.689009
v 0.491258 4.910200 0.703776
v -0.467826 4.883034 0.718938
v -0.502766 4.871864 0.705056
v 0.509918 4.872096 0.705193
v 0.474960 4.883247 0.719076
v -0.529308 4.836341 0.695048
v 0.536484 4.836514 0.695269
v -0.472885 4.841563 0.723109
v 0.480010 4.841683 0.723368
v -0.542604 4.806333 0.687089
v 0.549796 4.806468 0.687359
v -0.477527 4.805358 0.722188
v 0.484655 4.805432 0.722505
v -0.528668 4.767077 0.692351
v 0.535831 4.767158 0.692695
v -0.473800 4.762002 0.719249
v 0.480911 4.762048 0.719605
v -0.463886 4.723337 0.714219
v -0.510754 4.733768 0.695079
v 0.517901 4.733833 0.695437
v 0.471004 4.723400 0.714551
v -0.517333 4.699871 0.677688
v 0.524545 4.699934 0.678017
v 0.526561 4.665301 0.657970
v -0.461761 4.685777 0.701238
v 0.468947 4.685831 0.701539
v -0.519266 4.665168 0.657758
v -0.455122 4.653960 0.687164
v 0.462401 4.654016 0.687404
v -0.516417 4.645505 0.636341
v 0.523789 4.645650 0.636487
v -0.447264 4.626119 0.670489
v 0.454621 4.626165 0.670686
v -0.439073 4.600739 0.648668
v -0.512201 4.627439 0.611918
v 0.519614 4.627557 0.612061
v 0.446472 4.600792 0.648833
v -0.223313 4.962288 0.730887
v -0.252818 4.946820 0.738651
v -0.414373 4.988335 0.692287
v -0.403096 5.012142 0.675349
v 0.260213 4.946949 0.738606
v 0.230737 4.962385 0.730856
v -0.315630 4.999984 0.708433
v -0.347123 4.970180 0.721815
v 0.354498 4.970414 0.721680
v 0.323051 5.000178 0.708304
v -0.420714 4.961398 0.707531
v -0.279778 4.933957 0.742979
v -0.365055 4.951486 0.727300
v 0.372336 4.951750 0.727190
v 0.287097 4.934100 0.742962
v -0.427718 4.937819 0.716389
v -0.325015 4.904623 0.748174
v 0.437043 4.932548 0.717911
v 0.443921 4.891768 0.728362
v 0.428727 4.966794 0.706921
v 0.332223 4.904750 0.748255
v -0.379583 4.919670 0.735853
v 0.386762 4.919890 0.735873
v -0.434211 4.898869 0.727307
v -0.395275 4.881728 0.741529
v -0.359272 4.873384 0.749653
v 0.402407 4.881884 0.741673
v 0.366408 4.873487 0.749824
v -0.440431 4.807735 0.735365
v -0.440646 4.846064 0.734218
v -0.338315 4.843133 0.755593
v 0.447768 4.846192 0.734442
v 0.345458 4.843170 0.755818
v -0.392607 4.842433 0.746884
v 0.399719 4.842493 0.747145
v -0.326014 4.810641 0.757523
v -0.388223 4.809952 0.748363
v 0.333181 4.810648 0.757756
v 0.447538 4.807782 0.735686
v 0.395330 4.809965 0.748670
v -0.433945 4.760955 0.732860
v -0.332339 4.774072 0.754408
v 0.441044 4.760990 0.733194
v 0.339463 4.774077 0.754666
v -0.377757 4.767766 0.747170
v 0.384853 4.767780 0.747470
v -0.418054 4.713906 0.726684
v 0.425177 4.713958 0.726978
v -0.339245 4.745390 0.749315
v -0.376115 4.729823 0.740537
v 0.383222 4.729852 0.740820
v 0.346376 4.745397 0.749574
v -0.407625 4.675885 0.715671
v -0.308282 4.719617 0.746665
v -0.362245 4.695552 0.733167
v 0.414814 4.675926 0.715935
v 0.397925 4.643128 0.705320
v 0.369412 4.695570 0.733419
v 0.315478 4.719591 0.746900
v -0.390654 4.643112 0.705090
v -0.269707 4.693151 0.743314
v 0.276987 4.693075 0.743535
v -0.332483 4.664678 0.725638
v 0.339753 4.664656 0.725856
v -0.369201 4.614451 0.690096
v -0.239265 4.672760 0.732802
v 0.376553 4.614469 0.690273
v 0.246612 4.672647 0.733013
v -0.310717 4.640378 0.716075
v 0.318063 4.640337 0.716265
v -0.204121 4.647171 0.718614
v -0.282919 4.619022 0.705146
v -0.351577 4.589191 0.672335
v 0.211498 4.647049 0.718804
v 0.290297 4.618963 0.705324
v 0.358968 4.589214 0.672482
v 0.423074 4.985491 0.693989
v 0.510315 4.953960 0.667612
v 0.507611 4.982220 0.637250
v 0.410515 5.012422 0.675126
v 0.572754 4.924892 0.589620
v 0.003303 4.298148 0.739719
v 0.003451 4.406014 0.783724
v -0.088171 4.411781 0.769212
v -0.082568 4.307856 0.736280
v 0.089372 4.308216 0.736382
v 0.095192 4.411977 0.769248
v 0.003140 4.126113 0.685268
v -0.088102 4.151086 0.687437
v 0.094564 4.151353 0.687654
v 0.003175 4.007618 0.609133
v -0.102025 4.018337 0.604688
v 0.108416 4.018372 0.604968
v 0.003400 3.914744 0.479474
v -0.074137 3.920061 0.480417
v 0.080848 3.919970 0.480571
v 0.150427 4.172823 -0.683772
v 0.080825 3.975134 -0.457317
v 0.004134 3.981027 -0.470637
v 0.004356 4.178597 -0.704123
v -0.072589 3.975245 -0.457463
v -0.141782 4.173005 -0.684012
v 0.004026 3.910980 -0.348891
v -0.251283 3.942939 -0.340675
v -0.390801 4.168811 -0.572123
v 0.259364 3.942915 -0.340343
v 0.349357 3.916055 -0.198823
v 0.003960 3.862589 -0.230719
v 0.399274 4.168589 -0.571527
v -0.341432 3.915943 -0.199108
v 0.547503 4.143402 -0.405235
v -0.539207 4.143375 -0.406023
v 0.085570 4.490046 0.799996
v 0.078745 4.602840 0.790909
v 0.003569 4.604462 0.803055
v 0.003516 4.468519 0.823884
v -0.071540 4.602794 0.790783
v -0.078510 4.489960 0.800045
v 0.088705 4.739945 0.809699
v 0.003604 4.741128 0.818254
v -0.081490 4.739962 0.809634
v 0.102940 4.839798 0.825978
v 0.109678 4.944137 0.840764
v 0.003574 4.959469 0.849241
v 0.003613 4.849123 0.835384
v -0.102475 4.944097 0.840742
v -0.095707 4.839809 0.825936
v -0.669673 4.520764 0.590475
v -0.649839 4.672641 0.629027
v -0.745469 4.689122 0.572333
v -0.787123 4.548828 0.484606
v 0.794074 4.548865 0.485676
v 0.752476 4.689231 0.572858
v 0.656936 4.672582 0.629390
v 0.676579 4.520795 0.590944
v -0.674163 4.411721 0.535513
v -0.770841 4.434899 0.436842
v 0.777647 4.434941 0.438246
v 0.680910 4.411851 0.536259
v -0.657968 4.303965 0.473471
v -0.739166 4.323188 0.379827
v 0.745933 4.323265 0.381459
v 0.664610 4.304001 0.474574
v -0.654853 4.135209 0.260828
v -0.596094 4.144231 0.375231
v 0.602862 4.144170 0.376406
v 0.661875 4.135239 0.262371
v -0.532413 4.014473 0.237580
v -0.485864 4.014959 0.316256
v 0.492920 4.014863 0.316985
v 0.539588 4.014389 0.238620
v -0.388227 3.919601 0.204993
v -0.363122 3.925328 0.265591
v 0.370443 3.925309 0.265940
v 0.395618 3.919501 0.205453
v -0.266490 3.881891 0.235483
v -0.234909 3.888379 0.294638
v 0.242289 3.888378 0.294793
v 0.273967 3.881831 0.235661
v 0.003574 3.875477 0.380232
v -0.076133 3.897224 0.427657
v 0.083077 3.897121 0.427764
v 0.003737 3.851751 0.287888
v 0.003677 3.863038 0.336427
v 0.547499 4.675237 0.651043
v 0.577677 4.492301 0.642520
v -0.302913 4.480505 0.728287
v -0.301348 4.404451 0.708483
v -0.562055 4.404280 0.611776
v -0.570597 4.492393 0.642319
v 0.308347 4.404954 0.708570
v 0.310033 4.480690 0.728312
v 0.569039 4.404484 0.612065
v -0.437840 4.483442 0.693013
v -0.424690 4.404863 0.672352
v 0.431721 4.405275 0.672383
v 0.444918 4.483503 0.693037
v -0.550944 4.299540 0.559925
v -0.288057 4.300088 0.680223
v 0.557768 4.299785 0.560531
v 0.294949 4.300729 0.680447
v -0.410649 4.295473 0.632257
v 0.417542 4.296132 0.632470
v -0.256561 4.179383 0.645616
v -0.528097 4.155926 0.464715
v 0.263292 4.179982 0.646029
v 0.528767 4.155979 0.471714
v -0.382751 4.162588 0.575215
v 0.389502 4.163360 0.575799
v -0.208510 4.017340 0.560645
v -0.452985 4.021996 0.372872
v 0.215150 4.017611 0.561173
v 0.446217 4.021512 0.388613
v -0.320064 4.014183 0.482332
v 0.326912 4.014607 0.482983
v -0.349770 3.937546 0.317753
v -0.214212 3.901301 0.354517
v -0.155602 3.933266 0.471161
v -0.145575 3.904751 0.414033
v 0.354420 3.940669 0.328615
v 0.221441 3.901291 0.354689
v 0.162396 3.933267 0.471445
v 0.152623 3.904654 0.414198
v -0.243358 3.929501 0.401389
v 0.250436 3.929430 0.401719
v -0.217206 4.918300 0.798960
v -0.192425 4.826158 0.789819
v 0.199685 4.826150 0.789940
v 0.224471 4.918353 0.799027
v -0.211665 4.733703 0.773639
v -0.312836 4.808681 0.648026
v 0.218912 4.733729 0.773746
v 0.320212 4.808755 0.648101
v -0.295165 4.664195 0.739977
v -0.362765 4.772913 0.626320
v 0.302430 4.664250 0.740081
v 0.370178 4.772961 0.626407
v -0.429708 4.650878 0.685662
v -0.420994 4.773701 0.610909
v 0.436973 4.650808 0.685844
v 0.428420 4.773744 0.611064
v -0.540221 4.675307 0.650771
v -0.597290 4.786618 0.625178
v 0.604534 4.786706 0.625450
v -0.583141 4.900661 0.650253
v -0.448929 4.837817 0.613561
v 0.590376 4.900907 0.650357
v 0.456321 4.837990 0.613541
v -0.403587 4.866676 0.629705
v -0.526575 4.956659 0.680858
v 0.533892 4.956950 0.680783
v 0.411008 4.866951 0.629529
v -0.362544 4.865150 0.639070
v -0.466894 4.974614 0.702313
v -0.290549 4.973795 0.778133
v -0.372305 4.994250 0.747243
v 0.474223 4.974886 0.702214
v 0.369960 4.865333 0.638996
v 0.379595 4.994479 0.747167
v 0.297835 4.973958 0.778101
v 0.139363 5.155603 0.836944
v 0.003520 5.191553 0.845547
v -0.132264 5.155538 0.836962
v 0.003531 5.416279 0.756459
v 0.003655 5.612975 0.485060
v -0.043343 5.611339 0.485320
v -0.117651 5.412327 0.744073
v 0.124740 5.412331 0.744127
v 0.050648 5.611299 0.485397
v -0.242434 5.142437 0.809462
v -0.091306 5.612393 0.469135
v -0.194178 5.411535 0.720101
v -0.295368 5.154015 0.790791
v 0.366167 5.166690 0.768681
v 0.302550 5.154157 0.790799
v -0.358992 5.166555 0.768684
v -0.242391 5.419841 0.691864
v -0.310073 5.419118 0.653975
v -0.142306 5.611274 0.448241
v -0.211236 5.610204 0.400397
v 0.317259 5.419104 0.654208
v 0.249541 5.419828 0.692011
v 0.218617 5.610153 0.400685
v 0.149639 5.611221 0.448496
v -0.533939 5.146830 0.685513
v 0.541177 5.146996 0.685638
v -0.428860 5.547523 0.315736
v -0.494722 5.391574 0.528349
v 0.501975 5.391542 0.528672
v 0.436304 5.547478 0.316028
v -0.619651 5.126338 0.629209
v 0.626846 5.126509 0.629238
v -0.630723 5.312815 0.462848
v -0.612806 5.460401 0.193362
v 0.637978 5.312816 0.463044
v 0.620328 5.460345 0.193600
v -0.751469 5.042897 0.522134
v 0.884494 4.841097 0.372175
v 0.758697 5.043071 0.522526
v -0.751462 5.328949 0.132958
v -0.765734 5.205645 0.368388
v 0.773020 5.205676 0.368707
v 0.758991 5.328887 0.133261
v -0.877379 4.841028 0.371299
v 0.911901 4.698277 0.249574
v -0.888365 4.993755 0.211306
v -0.836802 5.186749 0.019539
v 0.895724 4.993769 0.211982
v 0.844376 5.186663 0.020046
v -0.904534 4.698245 0.248380
v -0.917437 4.808094 0.118976
v -0.905442 4.912635 -0.027068
v 0.924846 4.808099 0.119925
v 0.913043 4.912591 -0.026264
v -0.889866 4.549851 0.195077
v -0.902584 4.723264 -0.097482
v -0.910558 4.634728 0.063660
v 0.897087 4.549897 0.196507
v 0.918031 4.634740 0.064816
v 0.910408 4.723224 -0.096541
v -0.861770 4.433943 0.127387
v 0.869201 4.433931 0.129109
v -0.868634 4.533443 -0.138669
v -0.877262 4.478976 0.008682
v 0.884810 4.478977 0.010140
v 0.876529 4.533399 -0.137491
v -0.730555 4.176749 0.086413
v 0.738026 4.176732 0.088027
v -0.746998 4.203337 -0.028977
v -0.750079 4.239716 -0.137169
v 0.754632 4.203379 -0.027558
v 0.758016 4.239730 -0.135926
v 0.003879 3.826260 -0.070363
v -0.414714 3.910985 0.009921
v -0.653383 4.082954 -0.115374
v -0.669992 4.282617 -0.385955
v -0.599423 4.031535 0.041773
v 0.678332 4.282723 -0.384825
v 0.626615 4.075353 -0.135378
v 0.619670 4.043337 0.061521
v -0.622923 4.055983 -0.026300
v 0.630584 4.056046 -0.025243
v -0.407385 3.912383 0.119120
v 0.422379 3.910992 0.010243
v 0.416908 3.912011 0.108426
v -0.417868 3.912427 0.056483
v 0.425435 3.912478 0.056927
v -0.261250 3.863671 0.149609
v 0.238147 3.848276 0.073777
v 0.003820 3.823751 0.091725
v 0.268789 3.863639 0.149762
v -0.230531 3.848238 0.073692
v -0.240735 3.853512 0.109270
v 0.248325 3.853513 0.109385
v 0.003788 3.834394 0.186278
v 0.003808 3.828897 0.141550
v 0.249627 5.142551 0.809469
v 0.201322 5.411560 0.720130
v 0.098626 5.612368 0.469282
vt 0.297503 0.528314
vt 0.297502 0.528349
vt 0.297439 0.528463
vt 0.297496 0.528306
vt 0.297537 0.528317
vt 0.297638 0.528230
vt 0.297521 0.528373
vt 0.297472 0.528607
vt 0.297552 0.528389
vt 0.297607 0.528616
vt 0.297583 0.528389
vt 0.297702 0.528518
vt 0.297592 0.528358
vt 0.297792 0.528399
vt 0.297567 0.528329
vt 0.297777 0.528261
vt 0.297383 0.528600
vt 0.297507 0.528237
vt 0.297866 0.528038
vt 0.297469 0.528927
vt 0.297776 0.528953
vt 0.298004 0.528713
vt 0.298198 0.528454
vt 0.298183 0.528136
vt 0.296900 0.528798
vt 0.297163 0.527870
vt 0.297994 0.527457
vt 0.297210 0.529383
vt 0.297781 0.529687
vt 0.298336 0.529072
vt 0.298770 0.528406
vt 0.298662 0.527708
vt 0.293566 0.754244
vt 0.293561 0.754232
vt 0.293571 0.754234
vt 0.293571 0.754235
vt 0.293575 0.754249
vt 0.293572 0.754235
vt 0.293563 0.754224
vt 0.293569 0.754225
vt 0.293572 0.754234
vt 0.293574 0.754230
vt 0.293579 0.754237
vt 0.293580 0.754245
vt 0.293553 0.754265
vt 0.293472 0.754048
vt 0.293777 0.754383
vt 0.293506 0.753703
vt 0.293775 0.753596
vt 0.293998 0.753787
vt 0.294172 0.753995
vt 0.294129 0.754292
vt 0.293082 0.754623
vt 0.292855 0.753769
vt 0.293877 0.754974
vt 0.293137 0.753215
vt 0.293616 0.752872
vt 0.294289 0.753278
vt 0.294681 0.754018
vt 0.294531 0.754717
vt 0.286816 0.544491
vt 0.286809 0.544497
vt 0.286813 0.544488
vt 0.286829 0.544492
vt 0.286819 0.544480
vt 0.286817 0.544495
vt 0.286791 0.544592
vt 0.286821 0.544496
vt 0.286839 0.544621
vt 0.286891 0.544614
vt 0.286826 0.544496
vt 0.286828 0.544493
vt 0.286890 0.544549
vt 0.286829 0.544491
vt 0.286835 0.544483
vt 0.286661 0.544673
vt 0.286793 0.544349
vt 0.287081 0.544157
vt 0.286721 0.544941
vt 0.286956 0.544948
vt 0.287143 0.544764
vt 0.287305 0.544548
vt 0.287318 0.544278
vt 0.284841 0.740032
vt 0.284804 0.739832
vt 0.284957 0.739973
vt 0.284958 0.739973
vt 0.284929 0.740110
vt 0.284845 0.739794
vt 0.284891 0.739817
vt 0.284949 0.739865
vt 0.284991 0.739959
vt 0.284959 0.739974
vt 0.284991 0.740064
vt 0.284781 0.740019
vt 0.284678 0.739740
vt 0.285014 0.740182
vt 0.284745 0.739478
vt 0.284976 0.739483
vt 0.285142 0.739678
vt 0.285269 0.739894
vt 0.285250 0.740089
vt 0.296098 0.530986
vt 0.295591 0.529255
vt 0.291714 0.753332
vt 0.292326 0.751790
vt 0.297457 0.531295
vt 0.293712 0.751678
vt 0.299520 0.529421
vt 0.295557 0.753278
vt 0.296330 0.526696
vt 0.292235 0.755591
vt 0.298463 0.525704
vt 0.294186 0.756516
vt 0.299739 0.526451
vt 0.295440 0.755887
vt 0.300357 0.527553
vt 0.296122 0.754940
vt 0.285956 0.544936
vt 0.286295 0.544134
vt 0.284282 0.740197
vt 0.284006 0.739431
vt 0.287018 0.543562
vt 0.284935 0.740732
vt 0.286139 0.545642
vt 0.284220 0.738763
vt 0.286788 0.545798
vt 0.284845 0.738613
vt 0.287380 0.545280
vt 0.285399 0.739133
vt 0.287917 0.544546
vt 0.285867 0.739848
vt 0.287775 0.543664
vt 0.285651 0.740651
vt 0.303426 0.522796
vt 0.298221 0.518177
vt 0.293712 0.763106
vt 0.298692 0.759147
vt 0.291606 0.521899
vt 0.287473 0.759833
vt 0.290046 0.529709
vt 0.286588 0.753013
vt 0.285941 0.543130
vt 0.287719 0.542136
vt 0.285507 0.742043
vt 0.283888 0.741140
vt 0.284984 0.544707
vt 0.283069 0.739651
vt 0.285121 0.543449
vt 0.286549 0.542212
vt 0.284408 0.741980
vt 0.283147 0.740854
vt 0.284991 0.545976
vt 0.283161 0.738460
vt 0.284151 0.545273
vt 0.282336 0.739153
vt 0.286094 0.547052
vt 0.284258 0.737442
vt 0.284468 0.546388
vt 0.282695 0.738091
vt 0.287321 0.546673
vt 0.285393 0.737787
vt 0.285160 0.547659
vt 0.283407 0.736889
vt 0.288685 0.545182
vt 0.286580 0.739167
vt 0.286177 0.548559
vt 0.284414 0.736055
vt 0.288950 0.543238
vt 0.286721 0.740996
vt 0.288202 0.547620
vt 0.286249 0.736894
vt 0.290336 0.536090
vt 0.287418 0.747404
vt 0.292750 0.537203
vt 0.289137 0.541401
vt 0.287826 0.540436
vt 0.289725 0.746345
vt 0.285467 0.743575
vt 0.286779 0.742683
vt 0.290738 0.539487
vt 0.289001 0.538633
vt 0.286387 0.745175
vt 0.288063 0.744346
vt 0.290481 0.543415
vt 0.288130 0.740754
vt 0.293990 0.541277
vt 0.291208 0.742611
vt 0.300353 0.534607
vt 0.296508 0.748560
vt 0.304788 0.527982
vt 0.300188 0.754490
vt 0.303523 0.543396
vt 0.312795 0.525763
vt 0.307297 0.756638
vt 0.299948 0.740598
vt 0.297352 0.549629
vt 0.294716 0.734919
vt 0.350895 0.555661
vt 0.327815 0.544085
vt 0.331265 0.524462
vt 0.352779 0.533547
vt 0.323592 0.758668
vt 0.322415 0.740380
vt 0.344537 0.751460
vt 0.345460 0.730298
vt 0.367838 0.738941
vt 0.363457 0.721797
vt 0.368236 0.564410
vt 0.374254 0.546884
vt 0.395779 0.724259
vt 0.379620 0.715064
vt 0.383565 0.569319
vt 0.398496 0.558734
vt 0.390130 0.706311
vt 0.408312 0.708492
vt 0.408904 0.570235
vt 0.393193 0.575538
vt 0.404733 0.691392
vt 0.423210 0.699476
vt 0.421463 0.574672
vt 0.406477 0.585158
vt 0.201664 0.653098
vt 0.166439 0.659987
vt 0.165125 0.638049
vt 0.202308 0.639610
vt 0.204742 0.665618
vt 0.171076 0.679167
vt 0.165403 0.627853
vt 0.202018 0.630517
vt 0.205901 0.673946
vt 0.173155 0.685932
vt 0.835386 0.768727
vt 0.815949 0.725531
vt 0.830954 0.716950
vt 0.853291 0.758584
vt 0.815919 0.775400
vt 0.799576 0.731069
vt 0.836572 0.713010
vt 0.859853 0.752401
vt 0.806939 0.776210
vt 0.792900 0.732659
vt 0.798252 0.686198
vt 0.814885 0.677852
vt 0.780974 0.693109
vt 0.820756 0.674283
vt 0.774409 0.695136
vt 0.782017 0.650113
vt 0.798330 0.640823
vt 0.764244 0.656159
vt 0.805896 0.637143
vt 0.756472 0.659381
vt 0.764862 0.611987
vt 0.782390 0.602500
vt 0.746137 0.618811
vt 0.789530 0.599331
vt 0.739029 0.622052
vt 0.754942 0.589939
vt 0.773888 0.581277
vt 0.735894 0.598372
vt 0.781997 0.576532
vt 0.726964 0.601293
vt 0.741030 0.559019
vt 0.763243 0.548850
vt 0.718687 0.568897
vt 0.772570 0.543325
vt 0.708366 0.572212
vt 0.729985 0.534470
vt 0.754265 0.523632
vt 0.705770 0.545451
vt 0.765487 0.520383
vt 0.695896 0.551694
vt 0.717786 0.507355
vt 0.746210 0.497550
vt 0.691594 0.522123
vt 0.758247 0.495281
vt 0.681913 0.529626
vt 0.712139 0.494805
vt 0.739736 0.488374
vt 0.689022 0.511191
vt 0.683181 0.495540
vt 0.705722 0.480541
vt 0.756840 0.486379
vt 0.676185 0.522668
vt 0.731898 0.473621
vt 0.752694 0.472418
vt 0.668486 0.510304
vt 0.451029 0.634796
vt 0.425039 0.633798
vt 0.430470 0.611046
vt 0.449446 0.612617
vt 0.451031 0.655088
vt 0.430555 0.657758
vt 0.446087 0.596708
vt 0.427210 0.599869
vt 0.427139 0.587449
vt 0.442711 0.584393
vt 0.447892 0.680790
vt 0.428848 0.683172
vt 0.427506 0.669969
vt 0.449251 0.670027
vt 0.407742 0.595935
vt 0.401711 0.631326
vt 0.406968 0.613784
vt 0.405201 0.677777
vt 0.404938 0.653249
vt 0.407997 0.603967
vt 0.405220 0.666786
vt 0.383618 0.608838
vt 0.380543 0.600620
vt 0.383285 0.627176
vt 0.384324 0.619234
vt 0.370682 0.678975
vt 0.377866 0.656494
vt 0.382845 0.637457
vt 0.434798 0.567245
vt 0.441969 0.699849
vt 0.769208 0.474785
vt 0.769259 0.485966
vt 0.667638 0.531688
vt 0.659304 0.524232
vt 0.769548 0.494472
vt 0.673811 0.537546
vt 0.776588 0.515351
vt 0.684766 0.556664
vt 0.783008 0.539245
vt 0.698389 0.577317
vt 0.789412 0.571144
vt 0.718013 0.603268
vt 0.796478 0.595959
vt 0.731897 0.625015
vt 0.814095 0.633869
vt 0.748582 0.663345
vt 0.828187 0.670314
vt 0.766510 0.698065
vt 0.844483 0.707582
vt 0.783591 0.734979
vt 0.869726 0.744048
vt 0.794139 0.778058
vt 0.167229 0.614017
vt 0.203875 0.614794
vt 0.209681 0.687395
vt 0.177034 0.695798
vt 0.426238 0.723256
vt 0.424185 0.555653
vt 0.659696 0.561030
vt 0.652658 0.551440
vt 0.642049 0.547038
vt 0.793976 0.487857
vt 0.796484 0.499486
vt 0.797719 0.476998
vt 0.213036 0.703113
vt 0.192439 0.720272
vt 0.177553 0.584169
vt 0.205232 0.596608
vt 0.763259 0.783883
vt 0.759461 0.742625
vt 0.866210 0.694595
vt 0.894566 0.724801
vt 0.749754 0.704106
vt 0.843822 0.661782
vt 0.734757 0.669340
vt 0.827752 0.627499
vt 0.714418 0.633476
vt 0.814404 0.588490
vt 0.698714 0.614639
vt 0.810722 0.564243
vt 0.678107 0.590615
vt 0.806413 0.532887
vt 0.667622 0.573138
vt 0.800287 0.513448
vt 0.409248 0.540827
vt 0.403775 0.745781
vt 0.832960 0.472404
vt 0.830969 0.484853
vt 0.625872 0.577131
vt 0.615236 0.570364
vt 0.829162 0.501575
vt 0.639585 0.586871
vt 0.827008 0.513932
vt 0.650261 0.593456
vt 0.826459 0.529665
vt 0.662399 0.603480
vt 0.829492 0.558902
vt 0.682267 0.625142
vt 0.835730 0.583519
vt 0.696552 0.646139
vt 0.847868 0.620516
vt 0.716188 0.679762
vt 0.863695 0.648233
vt 0.726433 0.709991
vt 0.884993 0.670154
vt 0.728711 0.740470
vt 0.919317 0.693409
vt 0.723350 0.781576
vt 0.200934 0.547580
vt 0.220778 0.563466
vt 0.228811 0.728530
vt 0.214429 0.744126
vt 0.281714 0.540468
vt 0.283943 0.538296
vt 0.282778 0.542391
vt 0.281688 0.745573
vt 0.279790 0.743628
vt 0.280909 0.741867
vt 0.280713 0.544500
vt 0.279122 0.739957
vt 0.280946 0.546800
vt 0.282772 0.547365
vt 0.279491 0.737840
vt 0.281175 0.737231
vt 0.251581 0.730392
vt 0.239770 0.744323
vt 0.241362 0.711378
vt 0.236606 0.580569
vt 0.234007 0.541888
vt 0.248582 0.556816
vt 0.249726 0.581421
vt 0.262438 0.561155
vt 0.263648 0.725636
vt 0.252839 0.708614
vt 0.222318 0.603512
vt 0.227457 0.693519
vt 0.235245 0.604004
vt 0.239161 0.690365
vt 0.221013 0.617059
vt 0.225038 0.681398
vt 0.230409 0.616558
vt 0.233873 0.679658
vt 0.216290 0.633699
vt 0.218741 0.666986
vt 0.224944 0.631303
vt 0.227184 0.666806
vt 0.215936 0.640105
vt 0.233135 0.639446
vt 0.227977 0.637717
vt 0.230489 0.632506
vt 0.233941 0.635562
vt 0.212683 0.651202
vt 0.217530 0.660934
vt 0.235465 0.660415
vt 0.232383 0.664188
vt 0.229391 0.659737
vt 0.234252 0.656762
vt 0.220973 0.638328
vt 0.222574 0.661141
vt 0.229791 0.648608
vt 0.224976 0.649282
vt 0.217425 0.650412
vt 0.282270 0.550245
vt 0.283742 0.552157
vt 0.273744 0.552907
vt 0.280861 0.734575
vt 0.282332 0.732805
vt 0.273333 0.732480
vt 0.279731 0.747840
vt 0.268203 0.738312
vt 0.282082 0.535780
vt 0.268481 0.546467
vt 0.277827 0.753016
vt 0.280885 0.529788
vt 0.277205 0.762068
vt 0.255819 0.749873
vt 0.282611 0.519608
vt 0.256254 0.531672
vt 0.229724 0.756554
vt 0.220492 0.528514
vt 0.383664 0.523397
vt 0.370801 0.764600
vt 0.851354 0.533079
vt 0.853598 0.556408
vt 0.664412 0.641528
vt 0.648442 0.624376
vt 0.854018 0.523472
vt 0.639486 0.619996
vt 0.857859 0.512783
vt 0.628938 0.615780
vt 0.863927 0.498580
vt 0.868948 0.482321
vt 0.614284 0.610902
vt 0.598786 0.603875
vt 0.873880 0.544638
vt 0.642151 0.648900
vt 0.355365 0.510631
vt 0.342693 0.773348
vt 0.858317 0.583471
vt 0.889593 0.576205
vt 0.681535 0.663010
vt 0.655352 0.681597
vt 0.887255 0.532706
vt 0.624351 0.650995
vt 0.906341 0.509930
vt 0.896548 0.523789
vt 0.611514 0.652036
vt 0.594646 0.650173
vt 0.901269 0.651801
vt 0.928897 0.670038
vt 0.699505 0.773244
vt 0.704181 0.740476
vt 0.288629 0.502859
vt 0.285197 0.776034
vt 0.926581 0.540314
vt 0.914488 0.551771
vt 0.620556 0.684021
vt 0.603961 0.685473
vt 0.905258 0.561907
vt 0.634262 0.683837
vt 0.878427 0.633545
vt 0.705670 0.711273
vt 0.657251 0.731173
vt 0.651373 0.716260
vt 0.676307 0.720122
vt 0.678315 0.733378
vt 0.308492 0.502983
vt 0.302474 0.776594
vt 0.242656 0.514999
vt 0.904526 0.617439
vt 0.913115 0.627735
vt 0.918174 0.596217
vt 0.925437 0.610506
vt 0.247422 0.766282
vt 0.936877 0.609008
vt 0.950122 0.606626
vt 0.938313 0.647507
vt 0.933445 0.592204
vt 0.946635 0.588080
vt 0.676397 0.765350
vt 0.637974 0.747077
vt 0.648540 0.738739
vt 0.638242 0.725025
vt 0.626408 0.732163
vt 0.866780 0.611291
vt 0.696742 0.687796
vt 0.894674 0.594293
vt 0.665518 0.697397
vt 0.926382 0.573631
vt 0.913466 0.582053
vt 0.643895 0.703341
vt 0.629027 0.707422
vt 0.329537 0.504979
vt 0.939316 0.566629
vt 0.320321 0.775958
vt 0.615207 0.712458
vt 0.286306 0.552897
vt 0.284755 0.732063
vt 0.239199 0.618559
vt 0.242180 0.675771
vt 0.248549 0.602262
vt 0.251798 0.689372
vt 0.259913 0.587348
vt 0.262329 0.701848
vt 0.270146 0.569630
vt 0.270895 0.717509
vt 0.280417 0.557224
vt 0.279563 0.728273
vt 0.239536 0.628001
vt 0.241752 0.666588
vt 0.241558 0.636962
vt 0.241170 0.636590
vt 0.242022 0.636705
vt 0.243253 0.657610
vt 0.242463 0.657824
vt 0.242781 0.657460
vt 0.241387 0.637685
vt 0.242559 0.656801
vt 0.240467 0.639135
vt 0.241271 0.633682
vt 0.242884 0.660617
vt 0.241454 0.655514
vt 0.241753 0.637880
vt 0.242874 0.656519
vt 0.236889 0.647744
vt 0.240165 0.641440
vt 0.240903 0.653316
vt 0.239662 0.647457
vt 0.240397 0.644912
vt 0.240726 0.649865
vt 0.240644 0.647371
vt 0.241101 0.646576
vt 0.241232 0.648075
vt 0.242026 0.647246
vt 0.242053 0.650101
vt 0.241701 0.644423
vt 0.242452 0.653459
vt 0.241720 0.640988
vt 0.242476 0.647222
vt 0.243024 0.655404
vt 0.242058 0.638947
vt 0.243958 0.647113
vt 0.245007 0.660117
vt 0.243471 0.633798
vt 0.246869 0.666347
vt 0.244567 0.627107
vt 0.247304 0.646753
vt 0.250152 0.658190
vt 0.248738 0.634713
vt 0.253538 0.661280
vt 0.251656 0.630796
vt 0.253706 0.646019
vt 0.282543 0.724191
vt 0.283349 0.561619
vt 0.304067 0.729518
vt 0.307112 0.555488
vt 0.288767 0.733374
vt 0.291256 0.726463
vt 0.290758 0.551371
vt 0.293032 0.558853
vt 0.275471 0.712458
vt 0.274736 0.574836
vt 0.324524 0.718112
vt 0.327921 0.568184
vt 0.267874 0.698568
vt 0.265521 0.590131
vt 0.293094 0.717856
vt 0.294243 0.568185
vt 0.261436 0.688125
vt 0.258225 0.601721
vt 0.255635 0.673989
vt 0.252506 0.617414
vt 0.276378 0.685094
vt 0.276625 0.674265
vt 0.271151 0.613112
vt 0.272730 0.602814
vt 0.258908 0.664425
vt 0.256397 0.626471
vt 0.264947 0.666694
vt 0.261755 0.623093
vt 0.258246 0.645486
vt 0.263044 0.628570
vt 0.265529 0.661100
vt 0.265083 0.644758
vt 0.295288 0.583288
vt 0.295555 0.703660
vt 0.333375 0.579244
vt 0.330625 0.707843
vt 0.354965 0.583044
vt 0.350911 0.705286
vt 0.349946 0.589845
vt 0.348211 0.697680
vt 0.367309 0.586227
vt 0.376570 0.585121
vt 0.362470 0.701642
vt 0.371791 0.700140
vt 0.376937 0.591862
vt 0.365410 0.596777
vt 0.371382 0.692709
vt 0.359458 0.695753
vt 0.293571 0.754234
vt 0.293572 0.754234
vt 0.293572 0.754235
vt 0.293572 0.754235
vt 0.286816 0.544491
vt 0.284958 0.739973
vt 0.284957 0.739973
vt 0.284958 0.739973
vt 0.284958 0.739973
vt 0.284959 0.739974
vt 0.237463 0.447696
vt 0.225127 0.461935
vt 0.207347 0.449287
vt 0.216902 0.432079
vt 0.187212 0.440879
vt 0.192777 0.422880
vt 0.198808 0.464668
vt 0.191122 0.478510
vt 0.178134 0.472288
vt 0.181785 0.459622
vt 0.212089 0.476451
vt 0.203269 0.486249
vt 0.223585 0.486110
vt 0.214085 0.495475
vt 0.164585 0.467988
vt 0.167508 0.454971
vt 0.230187 0.408159
vt 0.203676 0.394560
vt 0.255741 0.423476
vt 0.247003 0.377883
vt 0.218461 0.361389
vt 0.276090 0.393397
vt 0.187623 0.385590
vt 0.200117 0.351706
vt 0.294005 0.403853
vt 0.271839 0.432363
vt 0.174356 0.378433
vt 0.186552 0.336757
vt 0.313865 0.407469
vt 0.284926 0.439843
vt 0.383057 0.097956
vt 0.365423 0.121501
vt 0.340346 0.115649
vt 0.353412 0.080435
vt 0.443321 0.130379
vt 0.420326 0.160078
vt 0.402108 0.141880
vt 0.412781 0.114468
vt 0.300944 0.101335
vt 0.316421 0.064906
vt 0.357239 0.036300
vt 0.358288 0.050144
vt 0.328158 0.040419
vt 0.335221 0.029226
vt 0.476049 0.153578
vt 0.453299 0.185967
vt 0.496409 0.118765
vt 0.490637 0.130676
vt 0.466461 0.110233
vt 0.478769 0.103809
vt 0.355442 0.065057
vt 0.322487 0.052948
vt 0.482996 0.142109
vt 0.455304 0.120530
vt 0.397345 0.107246
vt 0.384674 0.130055
vt 0.407259 0.089399
vt 0.421131 0.097867
vt 0.392739 0.082097
vt 0.236229 0.473060
vt 0.171898 0.437337
vt 0.252643 0.458268
vt 0.175778 0.415581
vt 0.948695 0.209128
vt 0.936291 0.215948
vt 0.928057 0.203918
vt 0.941321 0.196758
vt 0.922519 0.190433
vt 0.935027 0.183806
vt 0.911331 0.212946
vt 0.900746 0.218659
vt 0.890180 0.201310
vt 0.903579 0.197103
vt 0.920320 0.228120
vt 0.909449 0.237013
vt 0.862148 0.239491
vt 0.855312 0.216408
vt 0.877692 0.257873
vt 0.275875 0.462750
vt 0.159692 0.398225
vt 0.431804 0.101851
vt 0.383719 0.075137
vt 0.446031 0.094543
vt 0.382405 0.059198
vt 0.472900 0.086009
vt 0.375452 0.031877
vt 0.497367 0.364784
vt 0.482154 0.376057
vt 0.476526 0.358527
vt 0.489366 0.356965
vt 0.502209 0.094329
vt 0.492676 0.083158
vt 0.367424 0.013581
vt 0.352902 0.011390
vt 0.508341 0.102004
vt 0.343146 0.010240
vt 0.516987 0.115003
vt 0.518447 0.132042
vt 0.312304 0.017531
vt 0.327542 0.009766
vt 0.516839 0.151929
vt 0.296269 0.029403
vt 0.513265 0.166463
vt 0.285818 0.040118
vt 0.508816 0.181109
vt 0.485573 0.222480
vt 0.252890 0.093227
vt 0.275734 0.051633
vt 0.566646 0.498361
vt 0.554744 0.510719
vt 0.550999 0.496510
vt 0.559352 0.486634
vt 0.573982 0.505207
vt 0.563109 0.515126
vt 0.466704 0.347597
vt 0.483567 0.344431
vt 0.467611 0.338185
vt 0.481871 0.334542
vt 0.539434 0.482185
vt 0.557206 0.475655
vt 0.581877 0.505213
vt 0.578270 0.514684
vt 0.476303 0.325755
vt 0.486199 0.327939
vt 0.593267 0.503758
vt 0.594606 0.513514
vt 0.486246 0.312742
vt 0.493666 0.319216
vt 0.574119 0.491196
vt 0.493659 0.342117
vt 0.535098 0.457094
vt 0.560725 0.461562
vt 0.582389 0.483843
vt 0.511078 0.369577
vt 0.500750 0.393452
vt 0.504345 0.339239
vt 0.609485 0.498427
vt 0.612575 0.507874
vt 0.500824 0.300818
vt 0.507024 0.308586
vt 0.591016 0.474644
vt 0.516769 0.337076
vt 0.571765 0.280202
vt 0.531818 0.297463
vt 0.524561 0.283949
vt 0.563838 0.261807
vt 0.623897 0.491317
vt 0.626030 0.503143
vt 0.639704 0.497288
vt 0.632390 0.483806
vt 0.512163 0.292167
vt 0.520877 0.300440
vt 0.602360 0.467250
vt 0.529176 0.331652
vt 0.564715 0.445486
vt 0.532712 0.443228
vt 0.511032 0.403055
vt 0.526707 0.375064
vt 0.589028 0.439114
vt 0.545379 0.358239
vt 0.538163 0.431156
vt 0.564651 0.422913
vt 0.537389 0.414767
vt 0.558187 0.403542
vt 0.545542 0.387508
vt 0.524114 0.405124
vt 0.580434 0.415189
vt 0.603215 0.435089
vt 0.591702 0.406816
vt 0.560665 0.378550
vt 0.573848 0.373726
vt 0.556528 0.348587
vt 0.614367 0.373222
vt 0.584395 0.389397
vt 0.602100 0.357161
vt 0.621060 0.392291
vt 0.573423 0.395316
vt 0.613802 0.462403
vt 0.539507 0.324747
vt 0.632417 0.424296
vt 0.679769 0.476608
vt 0.668743 0.459886
vt 0.581579 0.330101
vt 0.575922 0.304465
vt 0.650743 0.443095
vt 0.380048 0.194350
vt 0.356678 0.180453
vt 0.332530 0.167955
vt 0.362377 0.233884
vt 0.336042 0.217600
vt 0.308303 0.203847
vt 0.400290 0.206385
vt 0.311617 0.157128
vt 0.385224 0.241923
vt 0.289405 0.188697
vt 0.435051 0.221686
vt 0.280259 0.135701
vt 0.419034 0.252782
vt 0.262321 0.165730
vt 0.468102 0.248023
vt 0.240435 0.121556
vt 0.450167 0.276386
vt 0.225831 0.151770
vt 0.705337 0.461141
vt 0.693396 0.441135
vt 0.600970 0.269886
vt 0.590801 0.248924
vt 0.731698 0.442382
vt 0.721155 0.423227
vt 0.631175 0.256510
vt 0.620950 0.237184
vt 0.688208 0.420590
vt 0.615297 0.285500
vt 0.713475 0.406920
vt 0.640592 0.271880
vt 0.685808 0.401438
vt 0.629989 0.298016
vt 0.707904 0.391269
vt 0.650618 0.285127
vt 0.676767 0.364485
vt 0.666140 0.345566
vt 0.655918 0.325854
vt 0.698339 0.353149
vt 0.677235 0.314044
vt 0.691752 0.331456
vt 0.302651 0.350299
vt 0.271925 0.333021
vt 0.342992 0.271816
vt 0.313229 0.258669
vt 0.241019 0.316066
vt 0.286340 0.240347
vt 0.321469 0.312626
vt 0.291809 0.297227
vt 0.263063 0.280185
vt 0.321342 0.362616
vt 0.364461 0.282110
vt 0.220685 0.306708
vt 0.266257 0.227560
vt 0.339627 0.323955
vt 0.243850 0.270755
vt 0.346404 0.367449
vt 0.396098 0.292253
vt 0.203342 0.287986
vt 0.240928 0.206059
vt 0.367137 0.335537
vt 0.219482 0.253520
vt 0.425835 0.312583
vt 0.207955 0.191554
vt 0.398019 0.350410
vt 0.190538 0.235160
vt 0.808904 0.403184
vt 0.767076 0.419640
vt 0.756889 0.401493
vt 0.800013 0.379887
vt 0.710685 0.214377
vt 0.668956 0.238567
vt 0.659378 0.220092
vt 0.696092 0.194159
vt 0.749763 0.384878
vt 0.678934 0.253643
vt 0.793633 0.365156
vt 0.719498 0.227796
vt 0.743510 0.370769
vt 0.708161 0.295885
vt 0.687297 0.266614
vt 0.785011 0.350331
vt 0.727158 0.243140
vt 0.730493 0.337263
vt 0.722642 0.314785
vt 0.774067 0.318855
vt 0.747464 0.269563
vt 0.760977 0.294095
vt 0.852248 0.276154
vt 0.836584 0.253288
vt 0.826067 0.227644
vt 0.857638 0.191753
vt 0.882821 0.188491
vt 0.831063 0.190504
vt 0.899578 0.269461
vt 0.886037 0.292360
vt 0.860130 0.180741
vt 0.834510 0.178397
vt 0.898049 0.296124
vt 0.910152 0.273421
vt 0.157018 0.422527
vt 0.145848 0.408772
vt 0.916126 0.250199
vt 0.274240 0.480077
vt 0.256664 0.477863
vt 0.882250 0.180531
vt 0.881864 0.173390
vt 0.863779 0.170375
vt 0.922467 0.255045
vt 0.920819 0.276060
vt 0.928224 0.259287
vt 0.158188 0.434947
vt 0.897210 0.178435
vt 0.896944 0.186234
vt 0.245507 0.483434
vt 0.233907 0.496852
vt 0.925764 0.239631
vt 0.932430 0.243689
vt 0.894709 0.171642
vt 0.936735 0.249509
vt 0.152933 0.451891
vt 0.916814 0.178845
vt 0.942847 0.227077
vt 0.915468 0.172401
vt 0.912003 0.164449
vt 0.952240 0.239001
vt 0.947495 0.231740
vt 0.930288 0.172243
vt 0.927837 0.166496
vt 0.149745 0.464602
vt 0.924199 0.158992
vt 0.955767 0.219435
vt 0.959221 0.224642
vt 0.224806 0.506279
vt 0.963497 0.231803
vt 0.177543 0.268649
vt 0.744176 0.193889
vt 0.722196 0.173993
vt 0.376458 0.379137
vt 0.840088 0.392432
vt 0.835521 0.363138
vt 0.758149 0.184475
vt 0.736511 0.171179
vt 0.850298 0.382010
vt 0.851059 0.356625
vt 0.752741 0.205948
vt 0.830142 0.349358
vt 0.827562 0.334361
vt 0.766427 0.192345
vt 0.849025 0.345384
vt 0.781785 0.250032
vt 0.763861 0.216335
vt 0.797644 0.200558
vt 0.790864 0.182900
vt 0.870329 0.330137
vt 0.859291 0.314779
vt 0.777312 0.208651
vt 0.841367 0.327333
vt 0.810267 0.233697
vt 0.809231 0.300884
vt 0.791778 0.277471
vt 0.838517 0.286040
vt 0.795411 0.241486
vt 0.823853 0.294183
vt 0.822489 0.260895
vt 0.809316 0.268005
vt 0.751169 0.050819
vt 0.726818 0.055529
vt 0.717333 0.038694
vt 0.739722 0.031829
vt 0.968556 0.455821
vt 0.950512 0.470740
vt 0.941651 0.453577
vt 0.958964 0.435818
vt 0.764996 0.073878
vt 0.734534 0.074469
vt 0.930057 0.436735
vt 0.947274 0.411599
vt 0.780695 0.102464
vt 0.751319 0.103823
vt 0.914731 0.406594
vt 0.931989 0.382783
vt 0.045400 0.280875
vt 0.031319 0.288177
vt 0.019853 0.267417
vt 0.034327 0.264925
vt 0.455085 0.498832
vt 0.460587 0.512443
vt 0.436986 0.513645
vt 0.435750 0.497827
vt 0.068694 0.299952
vt 0.050597 0.308659
vt 0.409470 0.508074
vt 0.407310 0.488102
vt 0.088646 0.320301
vt 0.072513 0.331990
vt 0.378123 0.501781
vt 0.379527 0.481904
vt 0.097643 0.308427
vt 0.079879 0.291537
vt 0.408565 0.474157
vt 0.384863 0.467990
vt 0.058136 0.272732
vt 0.435968 0.482705
vt 0.045944 0.259038
vt 0.453986 0.485854
vt 0.068880 0.259770
vt 0.057179 0.248133
vt 0.457404 0.470558
vt 0.441359 0.466741
vt 0.074742 0.245326
vt 0.063031 0.235647
vt 0.465000 0.459027
vt 0.450591 0.454158
vt 0.089823 0.277013
vt 0.415676 0.458042
vt 0.097341 0.267758
vt 0.419591 0.446775
vt 0.106915 0.294692
vt 0.113923 0.284543
vt 0.391642 0.452860
vt 0.396574 0.441551
vt 0.730032 0.168192
vt 0.849239 0.389065
vt 0.796782 0.120912
vt 0.766721 0.128497
vt 0.902556 0.380178
vt 0.925394 0.359212
vt 0.812560 0.133280
vt 0.773702 0.138514
vt 0.898013 0.368845
vt 0.923716 0.339235
vt 0.105865 0.335505
vt 0.091695 0.346718
vt 0.355503 0.493271
vt 0.357539 0.475314
vt 0.119687 0.349813
vt 0.106671 0.359363
vt 0.336866 0.487234
vt 0.338098 0.471136
vt 0.115051 0.325681
vt 0.361030 0.462323
vt 0.129489 0.340169
vt 0.341110 0.457718
vt 0.124346 0.309010
vt 0.370283 0.445623
vt 0.135623 0.315540
vt 0.358783 0.439497
vt 0.127556 0.296265
vt 0.379416 0.436165
vt 0.135049 0.301680
vt 0.370860 0.432664
vt 0.345155 0.432413
vt 0.362132 0.428267
vt 0.143394 0.306768
vt 0.148840 0.323370
vt 0.320123 0.453979
vt 0.143754 0.356017
vt 0.315573 0.469149
vt 0.133279 0.367895
vt 0.118896 0.373667
vt 0.318270 0.484410
vt 0.827442 0.145235
vt 0.781726 0.149031
vt 0.893625 0.356365
vt 0.921891 0.320233
vt 0.756884 0.146220
vt 0.750623 0.139308
vt 0.884687 0.387702
vt 0.882342 0.378674
vt 0.743229 0.129526
vt 0.888804 0.399251
vt 0.733838 0.112765
vt 0.897662 0.416300
vt 0.713244 0.074234
vt 0.918563 0.454661
vt 0.706452 0.060360
vt 0.926428 0.467953
vt 0.697841 0.040193
vt 0.938552 0.486222
vt 0.480504 0.485317
vt 0.481557 0.496469
vt 0.032502 0.236092
vt 0.037967 0.227906
vt 0.066638 0.207804
vt 0.065912 0.218114
vt 0.046026 0.206879
vt 0.045196 0.200532
vt 0.073823 0.202180
vt 0.047398 0.191564
vt 0.504364 0.455933
vt 0.498503 0.458525
vt 0.478461 0.447409
vt 0.486879 0.441401
vt 0.510859 0.449370
vt 0.487885 0.432325
vt 0.080312 0.231697
vt 0.459284 0.442266
vt 0.425665 0.430875
vt 0.090574 0.212767
vt 0.082571 0.218418
vt 0.469416 0.433374
vt 0.469998 0.423590
vt 0.107664 0.254225
vt 0.112446 0.244108
vt 0.123451 0.236410
vt 0.431752 0.421481
vt 0.432482 0.408067
vt 0.123469 0.268400
vt 0.405263 0.424927
vt 0.128630 0.261418
vt 0.141437 0.253713
vt 0.408474 0.416859
vt 0.408251 0.401914
vt 0.136222 0.274776
vt 0.133075 0.281635
vt 0.388937 0.423755
vt 0.393105 0.417461
vt 0.140600 0.269798
vt 0.395023 0.411116
vt 0.157707 0.265685
vt 0.150525 0.285186
vt 0.143294 0.293786
vt 0.376700 0.410814
vt 0.389469 0.394415
vt 0.373214 0.421494
vt 0.146169 0.289231
vt 0.375565 0.416648
vt 0.167462 0.271401
vt 0.161457 0.300057
vt 0.152237 0.303503
vt 0.358289 0.409387
vt 0.379452 0.389150
vt 0.360234 0.419035
vt 0.155848 0.302145
vt 0.359480 0.415252
vt 0.168105 0.319733
vt 0.158029 0.321519
vt 0.338067 0.414136
vt 0.341873 0.423634
vt 0.161817 0.320629
vt 0.340627 0.419948
vt 0.159242 0.366301
vt 0.151404 0.362077
vt 0.303210 0.446263
vt 0.310937 0.450685
vt 0.154684 0.363975
vt 0.307593 0.448904
vt 0.143227 0.381428
vt 0.137131 0.375041
vt 0.298832 0.467851
vt 0.308774 0.484753
vt 0.307473 0.469652
vt 0.139545 0.377897
vt 0.303774 0.469112
vt 0.129807 0.391238
vt 0.841257 0.161337
vt 0.123623 0.381914
vt 0.297596 0.484429
vt 0.916014 0.299847
vt 0.126339 0.386513
vt 0.303437 0.484877
vt 0.785142 0.170414
vt 0.833466 0.152814
vt 0.785659 0.159549
vt 0.877624 0.341773
vt 0.875344 0.377632
vt 0.886991 0.347305
vt 0.918862 0.311037
vt 0.836901 0.157094
vt 0.785584 0.164222
vt 0.883042 0.344803
vt 0.917168 0.305817
vt 0.750526 0.159451
vt 0.753914 0.152642
vt 0.867793 0.376729
vt 0.752527 0.155964
vt 0.871806 0.376970
vt 0.739902 0.148929
vt 0.728384 0.157614
vt 0.718168 0.139505
vt 0.730531 0.140941
vt 0.745643 0.144840
vt 0.870759 0.391385
vt 0.857178 0.396247
vt 0.877329 0.388829
vt 0.742886 0.146916
vt 0.874080 0.389995
vt 0.737120 0.135280
vt 0.872292 0.403603
vt 0.866707 0.414726
vt 0.880642 0.401201
vt 0.734022 0.138868
vt 0.875942 0.401821
vt 0.708290 0.116587
vt 0.721145 0.116131
vt 0.728390 0.113506
vt 0.887879 0.425064
vt 0.880441 0.435561
vt 0.894051 0.420447
vt 0.724925 0.114826
vt 0.891045 0.422620
vt 0.691959 0.080944
vt 0.703557 0.077949
vt 0.709078 0.075000
vt 0.910139 0.460722
vt 0.901268 0.468777
vt 0.915636 0.457723
vt 0.706179 0.076326
vt 0.912936 0.459419
vt 0.684101 0.064548
vt 0.693443 0.063808
vt 0.700751 0.061327
vt 0.916408 0.476939
vt 0.910667 0.484345
vt 0.922492 0.472190
vt 0.697213 0.062375
vt 0.919674 0.474572
vt 0.674675 0.039519
vt 0.685640 0.040859
vt 0.693742 0.040667
vt 0.931313 0.496058
vt 0.926419 0.505943
vt 0.935909 0.489391
vt 0.689539 0.040545
vt 0.933709 0.492973
vt 0.041450 0.216789
vt 0.030176 0.203685
vt 0.492411 0.467581
vt 0.509543 0.470452
vt 0.695735 0.021968
vt 0.709080 0.020290
vt 0.719284 0.013941
vt 0.011680 0.240197
vt 0.022383 0.241085
vt 0.020469 0.226474
vt 0.972264 0.482737
vt 0.961352 0.487733
vt 0.487760 0.505128
vt 0.704066 0.009767
vt 0.009766 0.223324
vt 0.023056 0.213785
vt 0.688638 0.011896
vt 0.013760 0.206764
vt 0.691599 0.021646
vt 0.026333 0.206596
vt 0.950621 0.501606
vt 0.948795 0.503826
vt 0.683009 0.014650
vt 0.018109 0.201281
vt 0.688730 0.022034
vt 0.685988 0.022368
vt 0.028174 0.204952
vt 0.509399 0.472824
vt 0.675378 0.021567
vt 0.027808 0.194722
vt 0.681186 0.015927
vt 0.019843 0.199474
vt 0.518423 0.467768
vt 0.952627 0.497989
vt 0.484677 0.476306
vt 0.967172 0.497595
vt 0.964609 0.502288
vt 0.494717 0.493852
vt 0.503056 0.498121
vt 0.957176 0.509467
vt 0.499598 0.487834
vt 0.507841 0.494583
vt 0.504553 0.481805
vt 0.515312 0.486229
vt 0.508671 0.476707
vt 0.517891 0.479737
vt 0.951663 0.512666
vt 0.947002 0.505916
vt 0.941761 0.515171
vt 0.946557 0.514955
vt 0.518501 0.473444
vt 0.081916 0.021796
vt 0.084479 0.025090
vt 0.080941 0.028810
vt 0.076564 0.026301
vt 0.042721 0.060080
vt 0.040211 0.055704
vt 0.043933 0.052165
vt 0.047229 0.054725
vt 0.035513 0.023434
vt 0.029585 0.023797
vt 0.027603 0.018448
vt 0.035580 0.017068
vt 0.119572 0.033436
vt 0.118195 0.041412
vt 0.112845 0.039434
vt 0.113206 0.033505
vt 0.126874 0.033330
vt 0.126255 0.043285
vt 0.122289 0.042382
vt 0.124000 0.033394
vt 0.035620 0.012640
vt 0.026632 0.014353
vt 0.025727 0.010388
vt 0.035683 0.009766
vt 0.115368 0.047415
vt 0.109723 0.043835
vt 0.120777 0.052143
vt 0.117998 0.049773
vt 0.025185 0.026920
vt 0.021601 0.021276
vt 0.019242 0.018648
vt 0.016871 0.015870
vt 0.080832 0.033914
vt 0.076782 0.033539
vt 0.035478 0.059863
vt 0.035106 0.055815
vt 0.080860 0.018476
vt 0.073750 0.024835
vt 0.072700 0.034326
vt 0.079132 0.015381
vt 0.069168 0.022458
vt 0.069169 0.034955
vt 0.044188 0.062893
vt 0.050550 0.055778
vt 0.034690 0.063944
vt 0.046567 0.067474
vt 0.053647 0.057504
vt 0.034061 0.067473
vt 0.074866 0.041336
vt 0.071021 0.042990
vt 0.082332 0.047972
vt 0.079816 0.051584
vt 0.077780 0.040375
vt 0.027671 0.061776
vt 0.028635 0.058864
vt 0.085005 0.046040
vt 0.082809 0.039765
vt 0.029257 0.053836
vt 0.087272 0.043888
vt 0.022995 0.051633
vt 0.025148 0.049368
vt 0.090321 0.041606
vt 0.086808 0.039410
vt 0.029619 0.049836
vt 0.027429 0.046321
vt 0.084972 0.035026
vt 0.033998 0.051673
vt 0.091247 0.037222
vt 0.031808 0.045396
vt 0.084217 0.031572
vt 0.037450 0.052430
vt 0.091772 0.033370
vt 0.035658 0.044871
vt 0.086725 0.027912
vt 0.041108 0.049923
vt 0.093118 0.028915
vt 0.040111 0.043523
vt 0.094793 0.024968
vt 0.089289 0.024848
vt 0.044165 0.047362
vt 0.044065 0.041843
vt 0.088606 0.020803
vt 0.048227 0.048027
vt 0.052477 0.048443
vt 0.095352 0.020717
vt 0.048300 0.041291
vt 0.088193 0.016549
vt 0.096148 0.016991
vt 0.052028 0.040491
vt 0.087728 0.013418
vt 0.055608 0.048906
vt 0.096915 0.013465
vt 0.055554 0.039720
vt 0.097516 0.009767
vt 0.087186 0.010099
vt 0.058928 0.049445
vt 0.059253 0.039117
vt 0.113291 0.057718
vt 0.110745 0.054955
vt 0.090890 0.054707
vt 0.090406 0.058120
vt 0.014062 0.025904
vt 0.011298 0.023359
vt 0.101480 0.059254
vt 0.099582 0.054695
vt 0.014324 0.037067
vt 0.009766 0.035171
vt 0.091854 0.051380
vt 0.108401 0.052633
vt 0.098544 0.052025
vt 0.016997 0.038102
vt 0.016386 0.028246
vt 0.092329 0.048578
vt 0.104748 0.048055
vt 0.021129 0.044268
vt 0.025610 0.043252
vt 0.017212 0.045021
vt 0.020967 0.031896
vt 0.098395 0.048088
vt 0.020941 0.038246
vt 0.093374 0.044262
vt 0.098198 0.043597
vt 0.102269 0.043737
vt 0.025433 0.038442
vt 0.025288 0.034372
vt 0.095732 0.034628
vt 0.094595 0.038608
vt 0.105433 0.041109
vt 0.030422 0.042047
vt 0.027914 0.031209
vt 0.099795 0.039554
vt 0.029473 0.036846
vt 0.107637 0.037961
vt 0.101186 0.036245
vt 0.031060 0.029003
vt 0.034400 0.040909
vt 0.032780 0.035455
vt 0.097481 0.029838
vt 0.107887 0.033836
vt 0.039189 0.039160
vt 0.035185 0.028753
vt 0.103281 0.032001
vt 0.037023 0.033359
vt 0.099959 0.025079
vt 0.043944 0.036680
vt 0.107798 0.030513
vt 0.104202 0.027889
vt 0.041132 0.032437
vt 0.038507 0.028841
vt 0.101513 0.020968
vt 0.111562 0.028384
vt 0.106248 0.024345
vt 0.048052 0.035125
vt 0.051559 0.032964
vt 0.044675 0.030390
vt 0.040635 0.025077
vt 0.103673 0.017459
vt 0.116171 0.026346
vt 0.042670 0.020466
vt 0.109900 0.021409
vt 0.047609 0.026737
vt 0.106204 0.014110
vt 0.119877 0.024521
vt 0.054908 0.030431
vt 0.044494 0.016760
vt 0.112607 0.018907
vt 0.050109 0.024029
vt 0.124290 0.022143
vt 0.115990 0.016755
vt 0.108289 0.010816
vt 0.046871 0.012346
vt 0.052260 0.020646
vt 0.058201 0.028344
vt 0.014728 0.045706
vt 0.021027 0.054543
vt 0.017387 0.057368
vt 0.010897 0.046259
vt 0.026019 0.065612
vt 0.148155 0.851798
vt 0.148150 0.863841
vt 0.138568 0.864151
vt 0.139242 0.852731
vt 0.157067 0.852721
vt 0.157732 0.864142
vt 0.148155 0.833228
vt 0.138942 0.835712
vt 0.157370 0.835700
vt 0.148150 0.818813
vt 0.137569 0.819593
vt 0.158729 0.819583
vt 0.148144 0.802632
vt 0.139954 0.803330
vt 0.156335 0.803318
vt 0.545424 0.685870
vt 0.533558 0.714503
vt 0.523521 0.712100
vt 0.524358 0.681902
vt 0.513360 0.713581
vt 0.503068 0.684361
vt 0.523242 0.724351
vt 0.491630 0.728859
vt 0.466784 0.702665
vt 0.554266 0.732050
vt 0.561269 0.750162
vt 0.523030 0.734742
vt 0.580275 0.706678
vt 0.483678 0.745360
vt 0.596735 0.736914
vt 0.448283 0.731978
vt 0.156572 0.873086
vt 0.156341 0.885189
vt 0.148140 0.885500
vt 0.148147 0.871302
vt 0.139941 0.885195
vt 0.139719 0.873092
vt 0.157454 0.899724
vt 0.148134 0.900078
vt 0.138813 0.899728
vt 0.159041 0.910489
vt 0.159858 0.921727
vt 0.148125 0.923548
vt 0.148129 0.911706
vt 0.136392 0.921730
vt 0.137218 0.910493
vt 0.074800 0.866504
vt 0.075689 0.883476
vt 0.064016 0.882927
vt 0.058254 0.864856
vt 0.237999 0.864859
vt 0.232230 0.882931
vt 0.220565 0.883470
vt 0.221463 0.866492
vt 0.073958 0.853250
vt 0.059700 0.851015
vt 0.236565 0.851008
vt 0.222315 0.853229
vt 0.074763 0.839546
vt 0.062074 0.836607
vt 0.234204 0.836584
vt 0.221519 0.839512
vt 0.068599 0.810473
vt 0.079617 0.818214
vt 0.216676 0.818159
vt 0.227699 0.810410
vt 0.082997 0.796243
vt 0.091111 0.801498
vt 0.205247 0.801402
vt 0.213370 0.796142
vt 0.099334 0.783098
vt 0.104145 0.788292
vt 0.192153 0.788219
vt 0.196957 0.783018
vt 0.114997 0.780727
vt 0.119869 0.786286
vt 0.176406 0.786231
vt 0.181273 0.780664
vt 0.148138 0.791293
vt 0.139504 0.797461
vt 0.156780 0.797448
vt 0.148127 0.781259
vt 0.148134 0.786514
vt 0.209240 0.885913
vt 0.209687 0.866050
vt 0.115686 0.869330
vt 0.116035 0.860742
vt 0.087646 0.855978
vt 0.086586 0.866070
vt 0.180264 0.860712
vt 0.180605 0.869306
vt 0.208634 0.855954
vt 0.101286 0.867387
vt 0.102902 0.858881
vt 0.193390 0.858848
vt 0.194997 0.867361
vt 0.088470 0.843291
vt 0.117693 0.849346
vt 0.207816 0.843263
vt 0.178618 0.849309
vt 0.104412 0.846489
vt 0.191898 0.846439
vt 0.121232 0.836344
vt 0.089624 0.824396
vt 0.175094 0.836299
vt 0.205818 0.824771
vt 0.107304 0.830963
vt 0.189053 0.830875
vt 0.126202 0.817127
vt 0.096439 0.805944
vt 0.170086 0.817109
vt 0.198013 0.806777
vt 0.113273 0.811819
vt 0.182980 0.811804
vt 0.106998 0.793442
vt 0.123219 0.792229
vt 0.131126 0.803829
vt 0.131705 0.797170
vt 0.188783 0.794427
vt 0.173064 0.792189
vt 0.165162 0.803806
vt 0.164579 0.797146
vt 0.120671 0.798540
vt 0.175616 0.798503
vt 0.123116 0.918315
vt 0.126094 0.908224
vt 0.170164 0.908218
vt 0.173134 0.918311
vt 0.124334 0.897745
vt 0.107681 0.903823
vt 0.171932 0.897735
vt 0.188575 0.903813
vt 0.115379 0.888774
vt 0.102702 0.899673
vt 0.180892 0.888759
vt 0.193555 0.899663
vt 0.099833 0.884870
vt 0.096850 0.898878
vt 0.196435 0.884854
vt 0.199405 0.898869
vt 0.087020 0.885926
vt 0.078700 0.897120
vt 0.217548 0.897116
vt 0.078954 0.910398
vt 0.093056 0.904697
vt 0.217284 0.910400
vt 0.203193 0.904690
vt 0.097688 0.908288
vt 0.085255 0.918104
vt 0.210982 0.918104
vt 0.198561 0.908281
vt 0.101955 0.908711
vt 0.092222 0.921319
vt 0.114216 0.923839
vt 0.104055 0.925058
vt 0.204016 0.921319
vt 0.194295 0.908703
vt 0.192185 0.925056
vt 0.182028 0.923836
vt 0.163778 0.944105
vt 0.148119 0.948257
vt 0.132459 0.944106
vt 0.522182 0.958033
vt 0.521245 0.990234
vt 0.513891 0.989939
vt 0.510634 0.956406
vt 0.533471 0.957455
vt 0.528617 0.989996
vt 0.148116 0.974089
vt 0.131553 0.973762
vt 0.164678 0.973761
vt 0.119417 0.942136
vt 0.506261 0.990212
vt 0.502442 0.955546
vt 0.112873 0.942884
vt 0.191251 0.943353
vt 0.183362 0.942883
vt 0.104981 0.943353
vt 0.113372 0.974311
vt 0.103126 0.973913
vt 0.498047 0.989870
vt 0.485942 0.990225
vt 0.488467 0.953937
vt 0.496616 0.955437
vt 0.193099 0.973914
vt 0.182855 0.974310
vt 0.546981 0.955166
vt 0.555033 0.952781
vt 0.557738 0.989214
vt 0.545142 0.989457
vt 0.082745 0.938275
vt 0.213481 0.938280
vt 0.454464 0.975348
vt 0.464895 0.947232
vt 0.074406 0.968326
vt 0.578184 0.943507
vt 0.589848 0.971474
vt 0.221810 0.968333
vt 0.071485 0.933652
vt 0.224736 0.933659
vt 0.055888 0.955725
vt 0.425577 0.958156
vt 0.449441 0.934891
vt 0.240323 0.955738
vt 0.593000 0.929075
vt 0.618267 0.951672
vt 0.053362 0.920479
vt 0.260439 0.891674
vt 0.242856 0.920501
vt 0.409768 0.934462
vt 0.432936 0.919365
vt 0.036903 0.937741
vt 0.608165 0.913944
vt 0.632334 0.927709
vt 0.259302 0.937772
vt 0.035784 0.891630
vt 0.269006 0.870415
vt 0.015807 0.905438
vt 0.393594 0.911553
vt 0.416381 0.889650
vt 0.280400 0.905505
vt 0.622461 0.885294
vt 0.646722 0.905194
vt 0.027232 0.870352
vt 0.009766 0.877962
vt 0.394421 0.870629
vt 0.414520 0.864701
vt 0.286461 0.878054
vt 0.625625 0.861994
vt 0.645337 0.867500
vt 0.028898 0.850935
vt 0.397256 0.842532
vt 0.417780 0.842860
vt 0.267358 0.851000
vt 0.623526 0.841777
vt 0.643830 0.841160
vt 0.011622 0.853291
vt 0.284633 0.853399
vt 0.030122 0.834032
vt 0.266157 0.834102
vt 0.406691 0.817285
vt 0.423255 0.823377
vt 0.016310 0.831011
vt 0.618367 0.823994
vt 0.634766 0.817390
vt 0.279984 0.831132
vt 0.048991 0.802823
vt 0.247347 0.802828
vt 0.037573 0.796519
vt 0.433456 0.783167
vt 0.443446 0.792462
vt 0.258819 0.796616
vt 0.599746 0.796239
vt 0.609769 0.787047
vt 0.522769 0.747497
vt 0.482220 0.767735
vt 0.451748 0.772412
vt 0.426427 0.747061
vt 0.064746 0.783109
vt 0.617995 0.751499
vt 0.590147 0.773004
vt 0.232238 0.785866
vt 0.056888 0.779500
vt 0.459624 0.779023
vt 0.239560 0.779457
vt 0.583993 0.784475
vt 0.093792 0.775251
vt 0.561996 0.774878
vt 0.203220 0.774130
vt 0.089621 0.769727
vt 0.484121 0.772194
vt 0.206636 0.769570
vt 0.559836 0.780144
vt 0.113745 0.771376
vt 0.541905 0.768804
vt 0.522134 0.762628
vt 0.182500 0.771310
vt 0.502281 0.764809
vt 0.502030 0.767749
vt 0.115393 0.766333
vt 0.541890 0.771986
vt 0.180818 0.766278
vt 0.148109 0.770170
vt 0.521914 0.766758
vt 0.148097 0.765298
vt 0.176819 0.942134
vt 0.120778 0.973497
vt 0.175451 0.973496
vt 0.541296 0.955867
vt 0.536563 0.990153
vn -0.908274 -0.304981 0.286399
vn -0.258334 0.119955 0.958579
vn -0.418415 0.005018 0.908242
vn -0.911742 -0.387547 0.136142
vn -0.323197 -0.490700 -0.809171
vn -0.908274 -0.304981 0.286399
vn -0.911742 -0.387547 0.136142
vn -0.480291 -0.445596 -0.755490
vn -0.258334 0.119955 0.958579
vn 0.021901 0.188190 0.981889
vn 0.036584 0.191135 0.980882
vn -0.418415 0.005018 0.908242
vn 0.021901 0.188190 0.981889
vn 0.460780 0.251046 0.851268
vn 0.591644 0.308707 0.744753
vn 0.036584 0.191135 0.980882
vn 0.460780 0.251046 0.851268
vn 0.967613 -0.038831 -0.249435
vn 0.978268 0.163041 -0.128098
vn 0.591644 0.308707 0.744753
vn 0.967613 -0.038831 -0.249435
vn 0.298173 -0.331877 -0.894958
vn 0.501072 -0.160483 -0.850395
vn 0.978268 0.163041 -0.128098
vn 0.298173 -0.331877 -0.894958
vn -0.021863 -0.431827 -0.901691
vn 0.008985 -0.333956 -0.942546
vn 0.501072 -0.160483 -0.850395
vn -0.021863 -0.431827 -0.901691
vn -0.323197 -0.490700 -0.809171
vn -0.480291 -0.445596 -0.755490
vn 0.008985 -0.333956 -0.942546
vn -0.911742 -0.387547 0.136142
vn -0.418415 0.005018 0.908242
vn -0.575023 -0.123736 0.808726
vn -0.943403 -0.331624 -0.003973
vn -0.480291 -0.445596 -0.755490
vn -0.911742 -0.387547 0.136142
vn -0.943403 -0.331624 -0.003973
vn -0.556706 -0.359982 -0.748660
vn -0.418415 0.005018 0.908242
vn 0.036584 0.191135 0.980882
vn -0.024172 0.058380 0.998002
vn -0.575023 -0.123736 0.808726
vn 0.036584 0.191135 0.980882
vn 0.591644 0.308707 0.744753
vn 0.565070 0.186310 0.803732
vn -0.024172 0.058380 0.998002
vn 0.591644 0.308707 0.744753
vn 0.978268 0.163041 -0.128098
vn 0.990587 0.135159 -0.021692
vn 0.565070 0.186310 0.803732
vn 0.978268 0.163041 -0.128098
vn 0.501072 -0.160483 -0.850395
vn 0.593782 -0.106686 -0.797522
vn 0.990587 0.135159 -0.021692
vn 0.501072 -0.160483 -0.850395
vn 0.008985 -0.333956 -0.942546
vn 0.013538 -0.264205 -0.964372
vn 0.593782 -0.106686 -0.797522
vn 0.008985 -0.333956 -0.942546
vn -0.480291 -0.445596 -0.755490
vn -0.556706 -0.359982 -0.748660
vn 0.013538 -0.264205 -0.964372
vn -0.943403 -0.331624 -0.003973
vn -0.575023 -0.123736 0.808726
vn -0.672197 -0.077013 0.736356
vn -0.988063 -0.132596 -0.078423
vn -0.556706 -0.359982 -0.748660
vn -0.943403 -0.331624 -0.003973
vn -0.988063 -0.132596 -0.078423
vn -0.629756 -0.191402 -0.752843
vn -0.575023 -0.123736 0.808726
vn -0.024172 0.058380 0.998002
vn -0.051494 -0.033931 0.998097
vn -0.672197 -0.077013 0.736356
vn -0.024172 0.058380 0.998002
vn 0.565070 0.186310 0.803732
vn 0.586503 -0.025114 0.809558
vn -0.051494 -0.033931 0.998097
vn 0.565070 0.186310 0.803732
vn 0.990587 0.135159 -0.021692
vn 0.992929 -0.088667 0.078926
vn 0.586503 -0.025114 0.809558
vn 0.990587 0.135159 -0.021692
vn 0.593782 -0.106686 -0.797522
vn 0.604814 -0.208254 -0.768655
vn 0.992929 -0.088667 0.078926
vn 0.604814 -0.208254 -0.768655
vn 0.593782 -0.106686 -0.797522
vn 0.013538 -0.264205 -0.964372
vn -0.041234 -0.227167 -0.972982
vn 0.013538 -0.264205 -0.964372
vn -0.556706 -0.359982 -0.748660
vn -0.629756 -0.191402 -0.752843
vn -0.041234 -0.227167 -0.972982
vn 0.909604 -0.383727 0.159294
vn 0.455199 -0.018199 0.890204
vn 0.317749 0.114120 0.941282
vn 0.897255 -0.337240 0.284962
vn 0.538800 -0.459845 -0.705859
vn 0.909604 -0.383727 0.159294
vn 0.897255 -0.337240 0.284962
vn 0.380787 -0.504021 -0.775218
vn 0.455199 -0.018199 0.890204
vn 0.026658 0.162581 0.986335
vn -0.065091 0.237874 0.969112
vn 0.317749 0.114120 0.941282
vn 0.026658 0.162581 0.986335
vn -0.608111 0.308997 0.731247
vn -0.541201 0.292656 0.788324
vn -0.065091 0.237874 0.969112
vn -0.608111 0.308997 0.731247
vn -0.978025 0.164777 -0.127736
vn -0.980663 0.000984 -0.195700
vn -0.541201 0.292656 0.788324
vn -0.978025 0.164777 -0.127736
vn -0.519906 -0.150965 -0.840778
vn -0.427206 -0.297774 -0.853713
vn -0.980663 0.000984 -0.195700
vn -0.519906 -0.150965 -0.840778
vn 0.026009 -0.346562 -0.937666
vn -0.018841 -0.421158 -0.906791
vn -0.427206 -0.297774 -0.853713
vn 0.026009 -0.346562 -0.937666
vn 0.538800 -0.459845 -0.705859
vn 0.380787 -0.504021 -0.775218
vn -0.018841 -0.421158 -0.906791
vn 0.941507 -0.336991 -0.001335
vn 0.586531 -0.137151 0.798230
vn 0.455199 -0.018199 0.890204
vn 0.909604 -0.383727 0.159294
vn 0.571431 -0.360915 -0.737026
vn 0.941507 -0.336991 -0.001335
vn 0.909604 -0.383727 0.159294
vn 0.538800 -0.459845 -0.705859
vn 0.586531 -0.137151 0.798230
vn 0.076355 0.032605 0.996547
vn 0.026658 0.162581 0.986335
vn 0.455199 -0.018199 0.890204
vn 0.076355 0.032605 0.996547
vn -0.571171 0.175492 0.801852
vn -0.608111 0.308997 0.731247
vn 0.026658 0.162581 0.986335
vn -0.571171 0.175492 0.801852
vn -0.991005 0.130744 -0.028543
vn -0.978025 0.164777 -0.127736
vn -0.608111 0.308997 0.731247
vn -0.991005 0.130744 -0.028543
vn -0.589040 -0.110181 -0.800557
vn -0.519906 -0.150965 -0.840778
vn -0.978025 0.164777 -0.127736
vn -0.589040 -0.110181 -0.800557
vn 0.015888 -0.271572 -0.962287
vn 0.026009 -0.346562 -0.937666
vn -0.519906 -0.150965 -0.840778
vn 0.015888 -0.271572 -0.962287
vn 0.571431 -0.360915 -0.737026
vn 0.538800 -0.459845 -0.705859
vn 0.026009 -0.346562 -0.937666
vn 0.987975 -0.130837 -0.082390
vn 0.681375 -0.076316 0.727945
vn 0.586531 -0.137151 0.798230
vn 0.941507 -0.336991 -0.001335
vn 0.627847 -0.189942 -0.754805
vn 0.987975 -0.130837 -0.082390
vn 0.941507 -0.336991 -0.001335
vn 0.571431 -0.360915 -0.737026
vn 0.681375 -0.076316 0.727945
vn 0.073333 -0.036288 0.996647
vn 0.076355 0.032605 0.996547
vn 0.586531 -0.137151 0.798230
vn 0.073333 -0.036288 0.996647
vn -0.593831 -0.021807 0.804294
vn -0.571171 0.175492 0.801852
vn 0.076355 0.032605 0.996547
vn -0.593831 -0.021807 0.804294
vn -0.993881 -0.084924 0.070627
vn -0.991005 0.130744 -0.028543
vn -0.571171 0.175492 0.801852
vn -0.993881 -0.084924 0.070627
vn -0.593496 -0.205921 -0.778048
vn -0.589040 -0.110181 -0.800557
vn -0.991005 0.130744 -0.028543
vn 0.058611 -0.223501 -0.972940
vn 0.015888 -0.271572 -0.962287
vn -0.589040 -0.110181 -0.800557
vn -0.593496 -0.205921 -0.778048
vn 0.058611 -0.223501 -0.972940
vn 0.627847 -0.189942 -0.754805
vn 0.571431 -0.360915 -0.737026
vn 0.015888 -0.271572 -0.962287
vn -0.948980 -0.171500 0.264623
vn -0.595844 -0.121612 0.793839
vn -0.583844 -0.069519 0.808884
vn -0.948342 -0.155810 0.276352
vn -0.827732 -0.197384 -0.525262
vn -0.948980 -0.171500 0.264623
vn -0.948342 -0.155810 0.276352
vn -0.838371 -0.236413 -0.491164
vn -0.595844 -0.121612 0.793839
vn 0.076736 -0.081523 0.993713
vn 0.113245 -0.012252 0.993492
vn -0.583844 -0.069519 0.808884
vn 0.933869 -0.023985 0.356810
vn 0.895634 -0.016576 0.444483
vn 0.113245 -0.012252 0.993492
vn 0.076736 -0.081523 0.993713
vn 0.955537 -0.063961 -0.287851
vn 0.895634 -0.016576 0.444483
vn 0.933869 -0.023985 0.356810
vn 0.946963 -0.009439 -0.321205
vn 0.946963 -0.009439 -0.321205
vn 0.670140 -0.042398 -0.741023
vn 0.631547 -0.131724 -0.764066
vn 0.955537 -0.063961 -0.287851
vn 0.670140 -0.042398 -0.741023
vn 0.060849 -0.124261 -0.990382
vn -0.048315 -0.223392 -0.973530
vn 0.631547 -0.131724 -0.764066
vn 0.060849 -0.124261 -0.990382
vn -0.827732 -0.197384 -0.525262
vn -0.838371 -0.236413 -0.491164
vn -0.048315 -0.223392 -0.973530
vn -0.948342 -0.155810 0.276352
vn -0.583844 -0.069519 0.808884
vn -0.616037 -0.138867 0.775380
vn -0.960344 -0.124430 0.249512
vn -0.838371 -0.236413 -0.491164
vn -0.948342 -0.155810 0.276352
vn -0.960344 -0.124430 0.249512
vn -0.835721 -0.141248 -0.530678
vn -0.583844 -0.069519 0.808884
vn 0.113245 -0.012252 0.993492
vn -0.007125 -0.193578 0.981059
vn -0.616037 -0.138867 0.775380
vn 0.895634 -0.016576 0.444483
vn 0.813147 -0.250281 0.525501
vn -0.007125 -0.193578 0.981059
vn 0.113245 -0.012252 0.993492
vn 0.928273 -0.217436 -0.301714
vn 0.813147 -0.250281 0.525501
vn 0.895634 -0.016576 0.444483
vn 0.955537 -0.063961 -0.287851
vn 0.928273 -0.217436 -0.301714
vn 0.955537 -0.063961 -0.287851
vn 0.631547 -0.131724 -0.764066
vn 0.597330 -0.191062 -0.778904
vn 0.597330 -0.191062 -0.778904
vn 0.631547 -0.131724 -0.764066
vn -0.048315 -0.223392 -0.973530
vn -0.071248 -0.178503 -0.981356
vn -0.048315 -0.223392 -0.973530
vn -0.838371 -0.236413 -0.491164
vn -0.835721 -0.141248 -0.530678
vn -0.071248 -0.178503 -0.981356
vn 0.953397 -0.142748 0.265813
vn 0.544539 -0.062087 0.836434
vn 0.655479 -0.190920 0.730682
vn 0.914395 -0.190416 -0.357244
vn 0.729384 -0.193815 -0.656076
vn 0.953397 -0.142748 0.265813
vn 0.914395 -0.190416 -0.357244
vn 0.352593 -0.089575 -0.931480
vn 0.544539 -0.062087 0.836434
vn -0.312343 -0.010136 0.949915
vn -0.610240 -0.084127 0.787737
vn 0.655479 -0.190920 0.730682
vn -0.312343 -0.010136 0.949915
vn -0.913458 -0.035487 0.405384
vn -0.946728 -0.005437 0.321989
vn -0.610240 -0.084127 0.787737
vn -0.913458 -0.035487 0.405384
vn -0.971274 -0.071020 -0.227119
vn -0.964256 0.029025 -0.263378
vn -0.946728 -0.005437 0.321989
vn -0.971274 -0.071020 -0.227119
vn -0.624124 -0.118179 -0.772336
vn -0.671267 0.009194 -0.741158
vn -0.964256 0.029025 -0.263378
vn -0.624124 -0.118179 -0.772336
vn 0.058815 -0.179123 -0.982067
vn -0.198884 -0.017813 -0.979861
vn -0.671267 0.009194 -0.741158
vn 0.058815 -0.179123 -0.982067
vn 0.729384 -0.193815 -0.656076
vn 0.352593 -0.089575 -0.931480
vn -0.198884 -0.017813 -0.979861
vn 0.966814 -0.123237 0.223794
vn 0.625381 -0.133537 0.768809
vn 0.544539 -0.062087 0.836434
vn 0.953397 -0.142748 0.265813
vn 0.810848 -0.151325 -0.565354
vn 0.966814 -0.123237 0.223794
vn 0.953397 -0.142748 0.265813
vn 0.729384 -0.193815 -0.656076
vn 0.625381 -0.133537 0.768809
vn -0.007719 -0.195475 0.980678
vn -0.312343 -0.010136 0.949915
vn 0.544539 -0.062087 0.836434
vn -0.312343 -0.010136 0.949915
vn -0.007719 -0.195475 0.980678
vn -0.797877 -0.267818 0.540061
vn -0.913458 -0.035487 0.405384
vn -0.971274 -0.071020 -0.227119
vn -0.913458 -0.035487 0.405384
vn -0.797877 -0.267818 0.540061
vn -0.921361 -0.239566 -0.306108
vn -0.559277 -0.202900 -0.803766
vn -0.624124 -0.118179 -0.772336
vn -0.971274 -0.071020 -0.227119
vn -0.921361 -0.239566 -0.306108
vn 0.085665 -0.182825 -0.979406
vn 0.058815 -0.179123 -0.982067
vn -0.624124 -0.118179 -0.772336
vn -0.559277 -0.202900 -0.803766
vn 0.085665 -0.182825 -0.979406
vn 0.810848 -0.151325 -0.565354
vn 0.729384 -0.193815 -0.656076
vn 0.058815 -0.179123 -0.982067
vn -0.051494 -0.033931 0.998097
vn -0.187029 -0.143786 0.971774
vn -0.719684 -0.071788 0.690581
vn -0.672197 -0.077013 0.736356
vn 0.681375 -0.076316 0.727945
vn 0.722225 -0.069566 0.688151
vn 0.190909 -0.139798 0.971602
vn 0.073333 -0.036288 0.996647
vn 0.586503 -0.025114 0.809558
vn 0.682363 -0.251446 0.686408
vn -0.187029 -0.143786 0.971774
vn -0.051494 -0.033931 0.998097
vn 0.073333 -0.036288 0.996647
vn 0.190909 -0.139798 0.971602
vn -0.686988 -0.247938 0.683062
vn -0.593831 -0.021807 0.804294
vn 0.954071 -0.288875 0.079373
vn 0.682363 -0.251446 0.686408
vn 0.586503 -0.025114 0.809558
vn 0.992929 -0.088667 0.078926
vn -0.993881 -0.084924 0.070627
vn -0.593831 -0.021807 0.804294
vn -0.686988 -0.247938 0.683062
vn -0.954983 -0.286437 0.077213
vn -0.672197 -0.077013 0.736356
vn -0.719684 -0.071788 0.690581
vn -0.995144 -0.087649 0.044797
vn -0.988063 -0.132596 -0.078423
vn 0.987975 -0.130837 -0.082390
vn 0.995025 -0.088676 0.045402
vn 0.722225 -0.069566 0.688151
vn 0.681375 -0.076316 0.727945
vn -0.769045 -0.189312 -0.610517
vn -0.629756 -0.191402 -0.752843
vn -0.988063 -0.132596 -0.078423
vn -0.995144 -0.087649 0.044797
vn 0.995025 -0.088676 0.045402
vn 0.987975 -0.130837 -0.082390
vn 0.627847 -0.189942 -0.754805
vn 0.768359 -0.192246 -0.610463
vn -0.142549 -0.302344 -0.942480
vn -0.041234 -0.227167 -0.972982
vn -0.629756 -0.191402 -0.752843
vn -0.769045 -0.189312 -0.610517
vn 0.768359 -0.192246 -0.610463
vn 0.627847 -0.189942 -0.754805
vn 0.058611 -0.223501 -0.972940
vn 0.151276 -0.303948 -0.940601
vn 0.640872 -0.337657 -0.689399
vn 0.954071 -0.288875 0.079373
vn 0.992929 -0.088667 0.078926
vn 0.604814 -0.208254 -0.768655
vn 0.640872 -0.337657 -0.689399
vn 0.604814 -0.208254 -0.768655
vn -0.041234 -0.227167 -0.972982
vn -0.142549 -0.302344 -0.942480
vn -0.593496 -0.205921 -0.778048
vn -0.993881 -0.084924 0.070627
vn -0.954983 -0.286437 0.077213
vn -0.634293 -0.338513 -0.695041
vn 0.151276 -0.303948 -0.940601
vn 0.058611 -0.223501 -0.972940
vn -0.593496 -0.205921 -0.778048
vn -0.634293 -0.338513 -0.695041
vn -0.616037 -0.138867 0.775380
vn -0.643431 -0.111503 0.757340
vn -0.957814 -0.092517 0.272090
vn -0.960344 -0.124430 0.249512
vn 0.966814 -0.123237 0.223794
vn 0.959501 -0.101849 0.262651
vn 0.648913 -0.114965 0.752127
vn 0.625381 -0.133537 0.768809
vn -0.835721 -0.141248 -0.530678
vn -0.960344 -0.124430 0.249512
vn -0.957814 -0.092517 0.272090
vn -0.836468 -0.194730 -0.512251
vn 0.829090 -0.214762 -0.516223
vn 0.959501 -0.101849 0.262651
vn 0.966814 -0.123237 0.223794
vn 0.810848 -0.151325 -0.565354
vn -0.007125 -0.193578 0.981059
vn -0.013061 -0.215455 0.976427
vn -0.643431 -0.111503 0.757340
vn -0.616037 -0.138867 0.775380
vn 0.625381 -0.133537 0.768809
vn 0.648913 -0.114965 0.752127
vn 0.017328 -0.212993 0.976900
vn -0.007719 -0.195475 0.980678
vn 0.707999 -0.342942 0.617355
vn -0.013061 -0.215455 0.976427
vn -0.007125 -0.193578 0.981059
vn 0.813147 -0.250281 0.525501
vn -0.797877 -0.267818 0.540061
vn -0.007719 -0.195475 0.980678
vn 0.017328 -0.212993 0.976900
vn -0.704021 -0.336575 0.625357
vn 0.905399 -0.328084 -0.269468
vn 0.707999 -0.342942 0.617355
vn 0.813147 -0.250281 0.525501
vn 0.928273 -0.217436 -0.301714
vn -0.921361 -0.239566 -0.306108
vn -0.797877 -0.267818 0.540061
vn -0.704021 -0.336575 0.625357
vn -0.905346 -0.322469 -0.276338
vn 0.620833 -0.291583 -0.727699
vn 0.905399 -0.328084 -0.269468
vn 0.928273 -0.217436 -0.301714
vn 0.597330 -0.191062 -0.778904
vn -0.559277 -0.202900 -0.803766
vn -0.921361 -0.239566 -0.306108
vn -0.905346 -0.322469 -0.276338
vn -0.601830 -0.291305 -0.743601
vn 0.620833 -0.291583 -0.727699
vn 0.597330 -0.191062 -0.778904
vn -0.071248 -0.178503 -0.981356
vn -0.023933 -0.283698 -0.958615
vn -0.023933 -0.283698 -0.958615
vn -0.071248 -0.178503 -0.981356
vn -0.835721 -0.141248 -0.530678
vn -0.836468 -0.194730 -0.512251
vn 0.037002 -0.298575 -0.953669
vn 0.085665 -0.182825 -0.979406
vn -0.559277 -0.202900 -0.803766
vn -0.601830 -0.291305 -0.743601
vn 0.829090 -0.214762 -0.516223
vn 0.810848 -0.151325 -0.565354
vn 0.085665 -0.182825 -0.979406
vn 0.037002 -0.298575 -0.953669
vn -0.535003 -0.641404 -0.549884
vn -0.142549 -0.302344 -0.942480
vn -0.769045 -0.189312 -0.610517
vn -0.974113 -0.224072 -0.029912
vn 0.974275 -0.223822 -0.026312
vn 0.768359 -0.192246 -0.610463
vn 0.151276 -0.303948 -0.940601
vn 0.537270 -0.643080 -0.545700
vn -0.769045 -0.189312 -0.610517
vn -0.995144 -0.087649 0.044797
vn -0.981334 -0.065309 0.180881
vn -0.974113 -0.224072 -0.029912
vn 0.974275 -0.223822 -0.026312
vn 0.981102 -0.064244 0.182513
vn 0.995025 -0.088676 0.045402
vn 0.768359 -0.192246 -0.610463
vn -0.719684 -0.071788 0.690581
vn -0.784632 -0.051200 0.617844
vn -0.981334 -0.065309 0.180881
vn -0.995144 -0.087649 0.044797
vn 0.995025 -0.088676 0.045402
vn 0.981102 -0.064244 0.182513
vn 0.784915 -0.050697 0.617526
vn 0.722225 -0.069566 0.688151
vn -0.836468 -0.194730 -0.512251
vn -0.957814 -0.092517 0.272090
vn -0.954472 -0.102508 0.280134
vn -0.730805 -0.399971 -0.553125
vn 0.729726 -0.409212 -0.547764
vn 0.954217 -0.109146 0.278492
vn 0.959501 -0.101849 0.262651
vn 0.829090 -0.214762 -0.516223
vn -0.643431 -0.111503 0.757340
vn -0.654163 -0.068567 0.753239
vn -0.954472 -0.102508 0.280134
vn -0.957814 -0.092517 0.272090
vn 0.959501 -0.101849 0.262651
vn 0.954217 -0.109146 0.278492
vn 0.652697 -0.079535 0.753433
vn 0.648913 -0.114965 0.752127
vn -0.730805 -0.399971 -0.553125
vn -0.954472 -0.102508 0.280134
vn -0.885094 0.025420 0.464717
vn -0.983265 -0.099303 0.152741
vn 0.982572 -0.098161 0.157848
vn 0.889447 0.024193 0.456398
vn 0.954217 -0.109146 0.278492
vn 0.729726 -0.409212 -0.547764
vn -0.013061 -0.215455 0.976427
vn -0.026395 -0.207043 0.977976
vn -0.654163 -0.068567 0.753239
vn -0.643431 -0.111503 0.757340
vn 0.648913 -0.114965 0.752127
vn 0.652697 -0.079535 0.753433
vn 0.023326 -0.209748 0.977477
vn 0.017328 -0.212993 0.976900
vn -0.654163 -0.068567 0.753239
vn -0.719105 0.028063 0.694335
vn -0.885094 0.025420 0.464717
vn -0.954472 -0.102508 0.280134
vn 0.954217 -0.109146 0.278492
vn 0.889447 0.024193 0.456398
vn 0.721892 0.025276 0.691544
vn 0.652697 -0.079535 0.753433
vn 0.707999 -0.342942 0.617355
vn 0.677466 -0.369480 0.636023
vn -0.026395 -0.207043 0.977976
vn -0.013061 -0.215455 0.976427
vn 0.017328 -0.212993 0.976900
vn 0.023326 -0.209748 0.977477
vn -0.680151 -0.365329 0.635555
vn -0.704021 -0.336575 0.625357
vn -0.026395 -0.207043 0.977976
vn -0.197887 -0.147077 0.969128
vn -0.719105 0.028063 0.694335
vn -0.654163 -0.068567 0.753239
vn 0.652697 -0.079535 0.753433
vn 0.721892 0.025276 0.691544
vn 0.180868 -0.147150 0.972437
vn 0.023326 -0.209748 0.977477
vn 0.893744 -0.395621 -0.211437
vn 0.677466 -0.369480 0.636023
vn 0.707999 -0.342942 0.617355
vn 0.905399 -0.328084 -0.269468
vn -0.905346 -0.322469 -0.276338
vn -0.704021 -0.336575 0.625357
vn -0.680151 -0.365329 0.635555
vn -0.897202 -0.387581 -0.211680
vn 0.677466 -0.369480 0.636023
vn 0.487517 -0.356123 0.797185
vn -0.197887 -0.147077 0.969128
vn -0.026395 -0.207043 0.977976
vn 0.023326 -0.209748 0.977477
vn 0.180868 -0.147150 0.972437
vn -0.487813 -0.353649 0.798105
vn -0.680151 -0.365329 0.635555
vn 0.687973 -0.404671 -0.602441
vn 0.893744 -0.395621 -0.211437
vn 0.905399 -0.328084 -0.269468
vn 0.620833 -0.291583 -0.727699
vn -0.601830 -0.291305 -0.743601
vn -0.905346 -0.322469 -0.276338
vn -0.897202 -0.387581 -0.211680
vn -0.689206 -0.401092 -0.603424
vn 0.878457 -0.465153 0.109299
vn 0.487517 -0.356123 0.797185
vn 0.677466 -0.369480 0.636023
vn 0.893744 -0.395621 -0.211437
vn -0.897202 -0.387581 -0.211680
vn -0.680151 -0.365329 0.635555
vn -0.487813 -0.353649 0.798105
vn -0.876175 -0.469332 0.109751
vn 0.687973 -0.404671 -0.602441
vn 0.620833 -0.291583 -0.727699
vn -0.023933 -0.283698 -0.958615
vn 0.208520 -0.479386 -0.852472
vn 0.208520 -0.479386 -0.852472
vn -0.023933 -0.283698 -0.958615
vn -0.836468 -0.194730 -0.512251
vn -0.730805 -0.399971 -0.553125
vn -0.204741 -0.482933 -0.851385
vn 0.037002 -0.298575 -0.953669
vn -0.601830 -0.291305 -0.743601
vn -0.689206 -0.401092 -0.603424
vn 0.729726 -0.409212 -0.547764
vn 0.829090 -0.214762 -0.516223
vn 0.037002 -0.298575 -0.953669
vn -0.204741 -0.482933 -0.851385
vn 0.778616 -0.507047 -0.369675
vn 0.878457 -0.465153 0.109299
vn 0.893744 -0.395621 -0.211437
vn 0.687973 -0.404671 -0.602441
vn -0.689206 -0.401092 -0.603424
vn -0.897202 -0.387581 -0.211680
vn -0.876175 -0.469332 0.109751
vn -0.777654 -0.510835 -0.366472
vn -0.187029 -0.143786 0.971774
vn -0.594333 -0.172871 0.785420
vn -0.784632 -0.051200 0.617844
vn -0.719684 -0.071788 0.690581
vn 0.722225 -0.069566 0.688151
vn 0.784915 -0.050697 0.617526
vn 0.597697 -0.171499 0.783164
vn 0.190909 -0.139798 0.971602
vn 0.682363 -0.251446 0.686408
vn 0.555254 -0.516736 0.651672
vn -0.594333 -0.172871 0.785420
vn -0.187029 -0.143786 0.971774
vn -0.182595 -0.862432 -0.472092
vn -0.730805 -0.399971 -0.553125
vn -0.983265 -0.099303 0.152741
vn -0.963452 -0.189352 0.189490
vn 0.190909 -0.139798 0.971602
vn 0.597697 -0.171499 0.783164
vn -0.555659 -0.527633 0.642532
vn -0.686988 -0.247938 0.683062
vn 0.961657 -0.187357 0.200285
vn 0.982572 -0.098161 0.157848
vn 0.729726 -0.409212 -0.547764
vn 0.173741 -0.877124 -0.447736
vn 0.555254 -0.516736 0.651672
vn 0.163076 -0.985027 0.055929
vn -0.881153 -0.261249 0.394105
vn -0.594333 -0.172871 0.785420
vn 0.163076 -0.985027 0.055929
vn -0.182595 -0.862432 -0.472092
vn -0.963452 -0.189352 0.189490
vn -0.881153 -0.261249 0.394105
vn 0.597697 -0.171499 0.783164
vn 0.881847 -0.255529 0.396296
vn -0.150504 -0.986971 0.056897
vn -0.555659 -0.527633 0.642532
vn 0.881847 -0.255529 0.396296
vn 0.961657 -0.187357 0.200285
vn 0.173741 -0.877124 -0.447736
vn -0.150504 -0.986971 0.056897
vn 0.778616 -0.507047 -0.369675
vn 0.687973 -0.404671 -0.602441
vn 0.208520 -0.479386 -0.852472
vn 0.642185 -0.647877 -0.409700
vn 0.642185 -0.647877 -0.409700
vn 0.208520 -0.479386 -0.852472
vn -0.730805 -0.399971 -0.553125
vn -0.182595 -0.862432 -0.472092
vn -0.647854 -0.647738 -0.400900
vn -0.204741 -0.482933 -0.851385
vn -0.689206 -0.401092 -0.603424
vn -0.777654 -0.510835 -0.366472
vn 0.173741 -0.877124 -0.447736
vn 0.729726 -0.409212 -0.547764
vn -0.204741 -0.482933 -0.851385
vn -0.647854 -0.647738 -0.400900
vn 0.724340 -0.678106 -0.124515
vn 0.642185 -0.647877 -0.409700
vn -0.182595 -0.862432 -0.472092
vn 0.163076 -0.985027 0.055929
vn -0.150504 -0.986971 0.056897
vn 0.173741 -0.877124 -0.447736
vn -0.647854 -0.647738 -0.400900
vn -0.725830 -0.676243 -0.125959
vn 0.860633 -0.508618 0.024868
vn 0.555254 -0.516736 0.651672
vn 0.682363 -0.251446 0.686408
vn 0.954071 -0.288875 0.079373
vn 0.860633 -0.508618 0.024868
vn 0.724340 -0.678106 -0.124515
vn 0.163076 -0.985027 0.055929
vn 0.555254 -0.516736 0.651672
vn -0.954983 -0.286437 0.077213
vn -0.686988 -0.247938 0.683062
vn -0.555659 -0.527633 0.642532
vn -0.860502 -0.509034 0.020533
vn -0.555659 -0.527633 0.642532
vn -0.150504 -0.986971 0.056897
vn -0.725830 -0.676243 -0.125959
vn -0.860502 -0.509034 0.020533
vn 0.660557 -0.654901 -0.367109
vn 0.860633 -0.508618 0.024868
vn 0.954071 -0.288875 0.079373
vn 0.640872 -0.337657 -0.689399
vn 0.660557 -0.654901 -0.367109
vn 0.640872 -0.337657 -0.689399
vn -0.142549 -0.302344 -0.942480
vn -0.535003 -0.641404 -0.549884
vn -0.634293 -0.338513 -0.695041
vn -0.954983 -0.286437 0.077213
vn -0.860502 -0.509034 0.020533
vn -0.659288 -0.655893 -0.367619
vn 0.537270 -0.643080 -0.545700
vn 0.151276 -0.303948 -0.940601
vn -0.634293 -0.338513 -0.695041
vn -0.659288 -0.655893 -0.367619
vn 0.228227 -0.726004 0.648714
vn 0.860633 -0.508618 0.024868
vn 0.660557 -0.654901 -0.367109
vn -0.133999 -0.641405 0.755409
vn 0.132521 -0.641354 0.755714
vn -0.659288 -0.655893 -0.367619
vn -0.860502 -0.509034 0.020533
vn -0.229076 -0.726633 0.647710
vn 0.228227 -0.726004 0.648714
vn 0.399390 -0.820759 0.408462
vn 0.724340 -0.678106 -0.124515
vn 0.860633 -0.508618 0.024868
vn -0.860502 -0.509034 0.020533
vn -0.725830 -0.676243 -0.125959
vn -0.400545 -0.820267 0.408322
vn -0.229076 -0.726633 0.647710
vn 0.021860 -0.393954 0.918870
vn -0.104841 -0.433843 0.894868
vn -0.227096 -0.354840 0.906927
vn -0.207558 -0.307404 0.928667
vn 0.225630 -0.354493 0.907428
vn 0.132521 -0.641354 0.755714
vn -0.229076 -0.726633 0.647710
vn 0.104403 -0.433419 0.895124
vn -0.104841 -0.433843 0.894868
vn 0.228227 -0.726004 0.648714
vn -0.133999 -0.641405 0.755409
vn -0.227096 -0.354840 0.906927
vn 0.206316 -0.306972 0.929086
vn 0.225630 -0.354493 0.907428
vn 0.104403 -0.433419 0.895124
vn -0.022499 -0.393630 0.918994
vn 0.239526 -0.441016 0.864946
vn 0.206316 -0.306972 0.929086
vn -0.022499 -0.393630 0.918994
vn -0.162994 -0.385991 0.907989
vn 0.162449 -0.386575 0.907838
vn 0.021860 -0.393954 0.918870
vn -0.207558 -0.307404 0.928667
vn -0.240657 -0.441412 0.864430
vn 0.289883 -0.676149 0.677341
vn 0.239526 -0.441016 0.864946
vn -0.162994 -0.385991 0.907989
vn -0.208568 -0.362776 0.908236
vn 0.207880 -0.363753 0.908003
vn 0.162449 -0.386575 0.907838
vn -0.240657 -0.441412 0.864430
vn -0.291007 -0.676560 0.676448
vn 0.289883 -0.676149 0.677341
vn -0.208568 -0.362776 0.908236
vn -0.198728 -0.414386 0.888139
vn 0.081825 -0.835531 0.543317
vn -0.082710 -0.835847 0.542695
vn 0.198022 -0.415293 0.887873
vn 0.207880 -0.363753 0.908003
vn -0.291007 -0.676560 0.676448
vn 0.081825 -0.835531 0.543317
vn -0.198728 -0.414386 0.888139
vn -0.240409 -0.588445 0.771969
vn 0.100935 -0.959148 0.264288
vn -0.101506 -0.959218 0.263813
vn 0.239692 -0.588919 0.771831
vn 0.198022 -0.415293 0.887873
vn -0.082710 -0.835847 0.542695
vn -0.000544 0.902737 0.430193
vn -0.000191 0.981909 0.189356
vn -0.095450 0.978045 0.185249
vn -0.108199 0.899480 0.423354
vn 0.107738 0.899423 0.423592
vn 0.095288 0.978025 0.185440
vn -0.000191 0.981909 0.189356
vn -0.000544 0.902737 0.430193
vn -0.108199 0.899480 0.423354
vn -0.095450 0.978045 0.185249
vn -0.259071 0.946771 0.191066
vn -0.420653 0.814581 0.399385
vn 0.420093 0.814324 0.400498
vn 0.258691 0.946767 0.191601
vn 0.095288 0.978025 0.185440
vn 0.107738 0.899423 0.423592
vn -0.000191 0.981909 0.189356
vn 0.000110 0.992279 -0.124027
vn -0.095215 0.985968 -0.137120
vn -0.095450 0.978045 0.185249
vn 0.095288 0.978025 0.185440
vn 0.095369 0.985981 -0.136914
vn 0.000110 0.992279 -0.124027
vn -0.000191 0.981909 0.189356
vn -0.095450 0.978045 0.185249
vn -0.095215 0.985968 -0.137120
vn -0.190459 0.972947 -0.130764
vn -0.259071 0.946771 0.191066
vn 0.258691 0.946767 0.191601
vn 0.190613 0.972963 -0.130419
vn 0.095369 0.985981 -0.136914
vn 0.095288 0.978025 0.185440
vn 0.000110 0.992279 -0.124027
vn 0.000317 0.868465 -0.495750
vn -0.122000 0.858897 -0.497405
vn -0.095215 0.985968 -0.137120
vn 0.095369 0.985981 -0.136914
vn 0.122590 0.858928 -0.497207
vn 0.000317 0.868465 -0.495750
vn 0.000110 0.992279 -0.124027
vn -0.095215 0.985968 -0.137120
vn -0.122000 0.858897 -0.497405
vn -0.237738 0.836961 -0.492926
vn -0.190459 0.972947 -0.130764
vn 0.190613 0.972963 -0.130419
vn 0.238334 0.836981 -0.492606
vn 0.122590 0.858928 -0.497207
vn 0.095369 0.985981 -0.136914
vn 0.000317 0.868465 -0.495750
vn 0.000545 0.657843 -0.753155
vn -0.167144 0.633255 -0.755679
vn -0.122000 0.858897 -0.497405
vn 0.122590 0.858928 -0.497207
vn 0.168303 0.633274 -0.755406
vn 0.000545 0.657843 -0.753155
vn 0.000317 0.868465 -0.495750
vn -0.122000 0.858897 -0.497405
vn -0.167144 0.633255 -0.755679
vn -0.310424 0.604893 -0.733308
vn -0.237738 0.836961 -0.492926
vn 0.238334 0.836981 -0.492606
vn 0.311552 0.604884 -0.732837
vn 0.168303 0.633274 -0.755406
vn 0.122590 0.858928 -0.497207
vn 0.000545 0.657843 -0.753155
vn 0.000884 0.381825 -0.924234
vn -0.204942 0.355740 -0.911838
vn -0.167144 0.633255 -0.755679
vn 0.168303 0.633274 -0.755406
vn 0.206787 0.355722 -0.911428
vn 0.000884 0.381825 -0.924234
vn 0.000545 0.657843 -0.753155
vn -0.167144 0.633255 -0.755679
vn -0.204942 0.355740 -0.911838
vn -0.371250 0.332209 -0.867070
vn -0.310424 0.604893 -0.733308
vn 0.311552 0.604884 -0.732837
vn 0.372966 0.332143 -0.866359
vn 0.206787 0.355722 -0.911428
vn 0.168303 0.633274 -0.755406
vn 0.000884 0.381825 -0.924234
vn 0.001138 -0.160154 -0.987091
vn -0.207713 -0.162014 -0.964680
vn -0.204942 0.355740 -0.911838
vn 0.206787 0.355722 -0.911428
vn 0.209944 -0.162140 -0.964175
vn 0.001138 -0.160154 -0.987091
vn 0.000884 0.381825 -0.924234
vn -0.204942 0.355740 -0.911838
vn -0.207713 -0.162014 -0.964680
vn -0.361035 -0.158171 -0.919040
vn -0.371250 0.332209 -0.867070
vn 0.372966 0.332143 -0.866359
vn 0.363023 -0.158394 -0.918219
vn 0.209944 -0.162140 -0.964175
vn 0.206787 0.355722 -0.911428
vn 0.001138 -0.160154 -0.987091
vn 0.001171 -0.426950 -0.904274
vn -0.174478 -0.421247 -0.890005
vn -0.207713 -0.162014 -0.964680
vn 0.209944 -0.162140 -0.964175
vn 0.176774 -0.421535 -0.889415
vn 0.001171 -0.426950 -0.904274
vn 0.001138 -0.160154 -0.987091
vn -0.207713 -0.162014 -0.964680
vn -0.174478 -0.421247 -0.890005
vn -0.284385 -0.399518 -0.871499
vn -0.361035 -0.158171 -0.919040
vn 0.363023 -0.158394 -0.918219
vn 0.286550 -0.399923 -0.870604
vn 0.176774 -0.421535 -0.889415
vn 0.209944 -0.162140 -0.964175
vn 0.001171 -0.426950 -0.904274
vn 0.001216 -0.552921 -0.833233
vn -0.123440 -0.548073 -0.827272
vn -0.174478 -0.421247 -0.890005
vn 0.176774 -0.421535 -0.889415
vn 0.125957 -0.548523 -0.826594
vn 0.001216 -0.552921 -0.833233
vn 0.001171 -0.426950 -0.904274
vn -0.174478 -0.421247 -0.890005
vn -0.123440 -0.548073 -0.827272
vn -0.226205 -0.516392 -0.825936
vn -0.284385 -0.399518 -0.871499
vn 0.286550 -0.399923 -0.870604
vn 0.228603 -0.516923 -0.824943
vn 0.125957 -0.548523 -0.826594
vn 0.176774 -0.421535 -0.889415
vn 0.001216 -0.552921 -0.833233
vn 0.001161 -0.655212 -0.755444
vn -0.121004 -0.652776 -0.747825
vn -0.123440 -0.548073 -0.827272
vn 0.125957 -0.548523 -0.826594
vn 0.123458 -0.653266 -0.746995
vn 0.001161 -0.655212 -0.755444
vn 0.001216 -0.552921 -0.833233
vn -0.123440 -0.548073 -0.827272
vn -0.121004 -0.652776 -0.747825
vn -0.240874 -0.654435 -0.716725
vn -0.226205 -0.516392 -0.825936
vn 0.228603 -0.516923 -0.824943
vn 0.243211 -0.655020 -0.715400
vn 0.123458 -0.653266 -0.746995
vn 0.125957 -0.548523 -0.826594
vn 0.001161 -0.655212 -0.755444
vn 0.000116 -0.992862 -0.119266
vn -0.180004 -0.969819 -0.164465
vn -0.121004 -0.652776 -0.747825
vn 0.180390 -0.969874 -0.163721
vn 0.130034 -0.896030 0.424525
vn -0.000403 -0.879615 0.475686
vn 0.000116 -0.992862 -0.119266
vn 0.123458 -0.653266 -0.746995
vn 0.180390 -0.969874 -0.163721
vn 0.000116 -0.992862 -0.119266
vn 0.001161 -0.655212 -0.755444
vn -0.121004 -0.652776 -0.747825
vn -0.180004 -0.969819 -0.164465
vn -0.330582 -0.941222 -0.069398
vn -0.240874 -0.654435 -0.716725
vn 0.243211 -0.655020 -0.715400
vn 0.330680 -0.941298 -0.067887
vn 0.180390 -0.969874 -0.163721
vn 0.123458 -0.653266 -0.746995
vn 0.000116 -0.992862 -0.119266
vn -0.000403 -0.879615 0.475686
vn -0.130977 -0.895892 0.424527
vn -0.180004 -0.969819 -0.164465
vn -0.180004 -0.969819 -0.164465
vn -0.130977 -0.895892 0.424527
vn -0.226014 -0.925245 0.304694
vn -0.330582 -0.941222 -0.069398
vn 0.330680 -0.941298 -0.067887
vn 0.225604 -0.925280 0.304894
vn 0.130034 -0.896030 0.424525
vn 0.180390 -0.969874 -0.163721
vn -0.000403 -0.879615 0.475686
vn -0.000331 -0.689894 0.723910
vn -0.006332 -0.731541 0.681768
vn -0.130977 -0.895892 0.424527
vn 0.130034 -0.896030 0.424525
vn 0.005456 -0.731519 0.681799
vn -0.000331 -0.689894 0.723910
vn -0.000403 -0.879615 0.475686
vn -0.226014 -0.925245 0.304694
vn -0.021622 -0.817656 0.575302
vn 0.025798 -0.923826 0.381942
vn -0.234065 -0.965138 0.117140
vn -0.130977 -0.895892 0.424527
vn -0.006332 -0.731541 0.681768
vn -0.021622 -0.817656 0.575302
vn -0.226014 -0.925245 0.304694
vn 0.233919 -0.965069 0.117995
vn -0.025956 -0.923743 0.382134
vn 0.021627 -0.817553 0.575448
vn 0.225604 -0.925280 0.304894
vn 0.225604 -0.925280 0.304894
vn 0.021627 -0.817553 0.575448
vn 0.005456 -0.731519 0.681799
vn 0.130034 -0.896030 0.424525
vn 0.025798 -0.923826 0.381942
vn 0.156875 -0.603146 0.782052
vn 0.239692 -0.588919 0.771831
vn -0.101506 -0.959218 0.263813
vn -0.000331 -0.689894 0.723910
vn -0.000119 -0.593827 0.804593
vn 0.068073 -0.589399 0.804969
vn -0.006332 -0.731541 0.681768
vn 0.100935 -0.959148 0.264288
vn -0.240409 -0.588445 0.771969
vn -0.156911 -0.602755 0.782346
vn -0.025956 -0.923743 0.382134
vn 0.005456 -0.731519 0.681799
vn -0.068405 -0.589169 0.805109
vn -0.000119 -0.593827 0.804593
vn -0.000331 -0.689894 0.723910
vn -0.021622 -0.817656 0.575302
vn 0.102432 -0.587889 0.802430
vn 0.156875 -0.603146 0.782052
vn 0.025798 -0.923826 0.381942
vn -0.006332 -0.731541 0.681768
vn 0.068073 -0.589399 0.804969
vn 0.102432 -0.587889 0.802430
vn -0.021622 -0.817656 0.575302
vn -0.025956 -0.923743 0.382134
vn -0.156911 -0.602755 0.782346
vn -0.102374 -0.587489 0.802730
vn 0.021627 -0.817553 0.575448
vn 0.021627 -0.817553 0.575448
vn -0.102374 -0.587489 0.802730
vn -0.068405 -0.589169 0.805109
vn 0.005456 -0.731519 0.681799
vn 0.092921 -0.510847 0.854635
vn 0.121969 -0.466240 0.876210
vn 0.156875 -0.603146 0.782052
vn 0.102432 -0.587889 0.802430
vn -0.000119 -0.593827 0.804593
vn -0.000001 -0.561304 0.827610
vn 0.069811 -0.548434 0.833275
vn 0.068073 -0.589399 0.804969
vn 0.069811 -0.548434 0.833275
vn 0.092921 -0.510847 0.854635
vn 0.102432 -0.587889 0.802430
vn 0.068073 -0.589399 0.804969
vn -0.102374 -0.587489 0.802730
vn -0.156911 -0.602755 0.782346
vn -0.121991 -0.465901 0.876387
vn -0.092893 -0.510746 0.854698
vn -0.068405 -0.589169 0.805109
vn -0.069869 -0.548425 0.833276
vn -0.000001 -0.561304 0.827610
vn -0.000119 -0.593827 0.804593
vn -0.068405 -0.589169 0.805109
vn -0.102374 -0.587489 0.802730
vn -0.092893 -0.510746 0.854698
vn -0.069869 -0.548425 0.833276
vn -0.234065 -0.965138 0.117140
vn 0.025798 -0.923826 0.381942
vn -0.101506 -0.959218 0.263813
vn -0.364786 -0.930605 -0.030082
vn 0.364790 -0.930643 -0.028833
vn 0.100935 -0.959148 0.264288
vn -0.025956 -0.923743 0.382134
vn 0.233919 -0.965069 0.117995
vn -0.330582 -0.941222 -0.069398
vn -0.226014 -0.925245 0.304694
vn -0.234065 -0.965138 0.117140
vn -0.397031 -0.907930 -0.134278
vn 0.397391 -0.908046 -0.132412
vn 0.233919 -0.965069 0.117995
vn 0.225604 -0.925280 0.304894
vn 0.330680 -0.941298 -0.067887
vn -0.240874 -0.654435 -0.716725
vn -0.330582 -0.941222 -0.069398
vn -0.397031 -0.907930 -0.134278
vn -0.336231 -0.691459 -0.639400
vn 0.338336 -0.691971 -0.637734
vn 0.397391 -0.908046 -0.132412
vn 0.330680 -0.941298 -0.067887
vn 0.243211 -0.655020 -0.715400
vn -0.226205 -0.516392 -0.825936
vn -0.240874 -0.654435 -0.716725
vn -0.336231 -0.691459 -0.639400
vn -0.301589 -0.499142 -0.812343
vn 0.304107 -0.499664 -0.811082
vn 0.338336 -0.691971 -0.637734
vn 0.243211 -0.655020 -0.715400
vn 0.228603 -0.516923 -0.824943
vn -0.284385 -0.399518 -0.871499
vn -0.226205 -0.516392 -0.825936
vn -0.301589 -0.499142 -0.812343
vn -0.376887 -0.339655 -0.861737
vn 0.379099 -0.340052 -0.860610
vn 0.304107 -0.499664 -0.811082
vn 0.228603 -0.516923 -0.824943
vn 0.286550 -0.399923 -0.870604
vn -0.361035 -0.158171 -0.919040
vn -0.284385 -0.399518 -0.871499
vn -0.376887 -0.339655 -0.861737
vn -0.448481 -0.138080 -0.883062
vn 0.450304 -0.138361 -0.882090
vn 0.379099 -0.340052 -0.860610
vn 0.286550 -0.399923 -0.870604
vn 0.363023 -0.158394 -0.918219
vn -0.371250 0.332209 -0.867070
vn -0.361035 -0.158171 -0.919040
vn -0.448481 -0.138080 -0.883062
vn -0.469349 0.288376 -0.834596
vn 0.470761 0.288266 -0.833838
vn 0.450304 -0.138361 -0.882090
vn 0.363023 -0.158394 -0.918219
vn 0.372966 0.332143 -0.866359
vn -0.310424 0.604893 -0.733308
vn -0.371250 0.332209 -0.867070
vn -0.469349 0.288376 -0.834596
vn -0.406172 0.572452 -0.712266
vn 0.407066 0.572437 -0.711768
vn 0.470761 0.288266 -0.833838
vn 0.372966 0.332143 -0.866359
vn 0.311552 0.604884 -0.732837
vn -0.237738 0.836961 -0.492926
vn -0.310424 0.604893 -0.733308
vn -0.406172 0.572452 -0.712266
vn -0.330650 0.826550 -0.455505
vn 0.331183 0.826554 -0.455111
vn 0.407066 0.572437 -0.711768
vn 0.311552 0.604884 -0.732837
vn 0.238334 0.836981 -0.492606
vn -0.190459 0.972947 -0.130764
vn -0.237738 0.836961 -0.492926
vn -0.330650 0.826550 -0.455505
vn -0.291290 0.947342 -0.133012
vn 0.291486 0.947338 -0.132613
vn 0.331183 0.826554 -0.455111
vn 0.238334 0.836981 -0.492606
vn 0.190613 0.972963 -0.130419
vn -0.259071 0.946771 0.191066
vn -0.190459 0.972947 -0.130764
vn -0.291290 0.947342 -0.133012
vn -0.310098 0.934095 0.176936
vn 0.309726 0.934127 0.177418
vn 0.291486 0.947338 -0.132613
vn 0.190613 0.972963 -0.130419
vn 0.258691 0.946767 0.191601
vn -0.420653 0.814581 0.399385
vn -0.259071 0.946771 0.191066
vn -0.310098 0.934095 0.176936
vn -0.484894 0.750397 0.449203
vn 0.484016 0.750248 0.450396
vn 0.309726 0.934127 0.177418
vn 0.258691 0.946767 0.191601
vn 0.420093 0.814324 0.400498
vn 0.474468 -0.879839 0.027636
vn 0.081825 -0.835531 0.543317
vn 0.100935 -0.959148 0.264288
vn 0.364790 -0.930643 -0.028833
vn -0.364786 -0.930605 -0.030082
vn -0.101506 -0.959218 0.263813
vn -0.082710 -0.835847 0.542695
vn -0.474644 -0.879784 0.026340
vn 0.479573 -0.719063 -0.502949
vn 0.498095 -0.846927 -0.186052
vn 0.397391 -0.908046 -0.132412
vn 0.338336 -0.691971 -0.637734
vn 0.498095 -0.846927 -0.186052
vn 0.364790 -0.930643 -0.028833
vn 0.233919 -0.965069 0.117995
vn 0.397391 -0.908046 -0.132412
vn -0.336231 -0.691459 -0.639400
vn -0.397031 -0.907930 -0.134278
vn -0.497520 -0.846798 -0.188168
vn -0.477965 -0.718691 -0.505007
vn -0.397031 -0.907930 -0.134278
vn -0.234065 -0.965138 0.117140
vn -0.364786 -0.930605 -0.030082
vn -0.497520 -0.846798 -0.188168
vn 0.425614 0.678614 0.598611
vn 0.427372 0.878656 0.212878
vn 0.309726 0.934127 0.177418
vn 0.484016 0.750248 0.450396
vn -0.484894 0.750397 0.449203
vn -0.310098 0.934095 0.176936
vn -0.427507 0.878739 0.212263
vn -0.426242 0.678902 0.597838
vn 0.427372 0.878656 0.212878
vn 0.416671 0.902881 -0.105788
vn 0.291486 0.947338 -0.132613
vn 0.309726 0.934127 0.177418
vn -0.310098 0.934095 0.176936
vn -0.291290 0.947342 -0.133012
vn -0.416447 0.902916 -0.106368
vn -0.427507 0.878739 0.212263
vn 0.416671 0.902881 -0.105788
vn 0.433869 0.792097 -0.429348
vn 0.331183 0.826554 -0.455111
vn 0.291486 0.947338 -0.132613
vn -0.291290 0.947342 -0.133012
vn -0.330650 0.826550 -0.455505
vn -0.433382 0.792097 -0.429841
vn -0.416447 0.902916 -0.106368
vn 0.433869 0.792097 -0.429348
vn 0.498282 0.530435 -0.685823
vn 0.407066 0.572437 -0.711768
vn 0.331183 0.826554 -0.455111
vn -0.330650 0.826550 -0.455505
vn -0.406172 0.572452 -0.712266
vn -0.497332 0.530510 -0.686455
vn -0.433382 0.792097 -0.429841
vn 0.498282 0.530435 -0.685823
vn 0.548127 0.261430 -0.794488
vn 0.470761 0.288266 -0.833838
vn 0.407066 0.572437 -0.711768
vn -0.406172 0.572452 -0.712266
vn -0.469349 0.288376 -0.834596
vn -0.546729 0.261611 -0.795391
vn -0.497332 0.530510 -0.686455
vn 0.548127 0.261430 -0.794488
vn 0.536230 -0.090823 -0.839171
vn 0.450304 -0.138361 -0.882090
vn 0.470761 0.288266 -0.833838
vn -0.469349 0.288376 -0.834596
vn -0.448481 -0.138080 -0.883062
vn -0.534466 -0.090516 -0.840329
vn -0.546729 0.261611 -0.795391
vn 0.536230 -0.090823 -0.839171
vn 0.474881 -0.284599 -0.832761
vn 0.379099 -0.340052 -0.860610
vn 0.450304 -0.138361 -0.882090
vn -0.448481 -0.138080 -0.883062
vn -0.376887 -0.339655 -0.861737
vn -0.472711 -0.284179 -0.834138
vn -0.534466 -0.090516 -0.840329
vn 0.474881 -0.284599 -0.832761
vn 0.433357 -0.498796 -0.750602
vn 0.304107 -0.499664 -0.811082
vn 0.379099 -0.340052 -0.860610
vn 0.433357 -0.498796 -0.750602
vn 0.479573 -0.719063 -0.502949
vn 0.338336 -0.691971 -0.637734
vn 0.304107 -0.499664 -0.811082
vn -0.376887 -0.339655 -0.861737
vn -0.301589 -0.499142 -0.812343
vn -0.431109 -0.498278 -0.752239
vn -0.472711 -0.284179 -0.834138
vn -0.301589 -0.499142 -0.812343
vn -0.336231 -0.691459 -0.639400
vn -0.477965 -0.718691 -0.505007
vn -0.431109 -0.498278 -0.752239
vn -0.474644 -0.879784 0.026340
vn -0.082710 -0.835847 0.542695
vn -0.291007 -0.676560 0.676448
vn -0.659936 -0.701737 0.268420
vn 0.659265 -0.701711 0.270132
vn 0.289883 -0.676149 0.677341
vn 0.081825 -0.835531 0.543317
vn 0.474468 -0.879839 0.027636
vn -0.497520 -0.846798 -0.188168
vn -0.364786 -0.930605 -0.030082
vn -0.474644 -0.879784 0.026340
vn -0.582346 -0.794921 -0.170217
vn 0.582723 -0.795056 -0.168286
vn 0.474468 -0.879839 0.027636
vn 0.364790 -0.930643 -0.028833
vn 0.498095 -0.846927 -0.186052
vn -0.477965 -0.718691 -0.505007
vn -0.497520 -0.846798 -0.188168
vn -0.582346 -0.794921 -0.170217
vn -0.622400 -0.724962 -0.295039
vn 0.623187 -0.725289 -0.292564
vn 0.582723 -0.795056 -0.168286
vn 0.498095 -0.846927 -0.186052
vn 0.479573 -0.719063 -0.502949
vn -0.431109 -0.498278 -0.752239
vn -0.477965 -0.718691 -0.505007
vn -0.622400 -0.724962 -0.295039
vn -0.639444 -0.493574 -0.589488
vn 0.641120 -0.494191 -0.587146
vn 0.623187 -0.725289 -0.292564
vn 0.479573 -0.719063 -0.502949
vn 0.433357 -0.498796 -0.750602
vn -0.472711 -0.284179 -0.834138
vn -0.431109 -0.498278 -0.752239
vn -0.639444 -0.493574 -0.589488
vn -0.638088 -0.195034 -0.744852
vn 0.640042 -0.195533 -0.743043
vn 0.641120 -0.494191 -0.587146
vn 0.433357 -0.498796 -0.750602
vn 0.474881 -0.284599 -0.832761
vn -0.534466 -0.090516 -0.840329
vn -0.472711 -0.284179 -0.834138
vn -0.638088 -0.195034 -0.744852
vn -0.666798 -0.016195 -0.745063
vn 0.668454 -0.016510 -0.743570
vn 0.640042 -0.195533 -0.743043
vn 0.474881 -0.284599 -0.832761
vn 0.536230 -0.090823 -0.839171
vn -0.546729 0.261611 -0.795391
vn -0.534466 -0.090516 -0.840329
vn -0.666798 -0.016195 -0.745063
vn -0.658818 0.244920 -0.711318
vn 0.660081 0.244735 -0.710210
vn 0.668454 -0.016510 -0.743570
vn 0.536230 -0.090823 -0.839171
vn 0.548127 0.261430 -0.794488
vn -0.497332 0.530510 -0.686455
vn -0.546729 0.261611 -0.795391
vn -0.658818 0.244920 -0.711318
vn -0.608933 0.494408 -0.620291
vn 0.609756 0.494334 -0.619541
vn 0.660081 0.244735 -0.710210
vn 0.548127 0.261430 -0.794488
vn 0.498282 0.530435 -0.685823
vn -0.433382 0.792097 -0.429841
vn -0.497332 0.530510 -0.686455
vn -0.608933 0.494408 -0.620291
vn -0.559048 0.727943 -0.396945
vn 0.559548 0.727923 -0.396275
vn 0.609756 0.494334 -0.619541
vn 0.498282 0.530435 -0.685823
vn 0.433869 0.792097 -0.429348
vn -0.416447 0.902916 -0.106368
vn -0.433382 0.792097 -0.429841
vn -0.559048 0.727943 -0.396945
vn -0.556571 0.821875 -0.121453
vn 0.556862 0.821796 -0.120648
vn 0.559548 0.727923 -0.396275
vn 0.433869 0.792097 -0.429348
vn 0.416671 0.902881 -0.105788
vn -0.427507 0.878739 0.212263
vn -0.416447 0.902916 -0.106368
vn -0.556571 0.821875 -0.121453
vn -0.571841 0.794456 0.204542
vn 0.571696 0.794341 0.205390
vn 0.556862 0.821796 -0.120648
vn 0.416671 0.902881 -0.105788
vn 0.427372 0.878656 0.212878
vn -0.426242 0.678902 0.597838
vn -0.427507 0.878739 0.212263
vn -0.571841 0.794456 0.204542
vn -0.512163 0.538842 0.668833
vn 0.511418 0.538215 0.669907
vn 0.571696 0.794341 0.205390
vn 0.427372 0.878656 0.212878
vn 0.425614 0.678614 0.598611
vn -0.963452 -0.189352 0.189490
vn -0.858620 0.213250 0.466151
vn -0.891878 0.013850 0.452064
vn -0.881153 -0.261249 0.394105
vn -0.983265 -0.099303 0.152741
vn -0.936935 0.098712 0.335274
vn -0.858620 0.213250 0.466151
vn -0.963452 -0.189352 0.189490
vn 0.881847 -0.255529 0.396296
vn 0.890887 0.015332 0.453967
vn 0.856817 0.216083 0.468160
vn 0.961657 -0.187357 0.200285
vn 0.961657 -0.187357 0.200285
vn 0.856817 0.216083 0.468160
vn 0.935384 0.098112 0.339751
vn 0.982572 -0.098161 0.157848
vn -0.885094 0.025420 0.464717
vn -0.810408 0.237323 0.535645
vn -0.936935 0.098712 0.335274
vn -0.983265 -0.099303 0.152741
vn 0.982572 -0.098161 0.157848
vn 0.935384 0.098112 0.339751
vn 0.811789 0.241510 0.531669
vn 0.889447 0.024193 0.456398
vn -0.719105 0.028063 0.694335
vn -0.625589 0.201674 0.753636
vn -0.810408 0.237323 0.535645
vn -0.885094 0.025420 0.464717
vn -0.197887 -0.147077 0.969128
vn -0.314600 0.048771 0.947970
vn -0.625589 0.201674 0.753636
vn -0.719105 0.028063 0.694335
vn 0.889447 0.024193 0.456398
vn 0.811789 0.241510 0.531669
vn 0.622681 0.206484 0.754740
vn 0.721892 0.025276 0.691544
vn 0.721892 0.025276 0.691544
vn 0.622681 0.206484 0.754740
vn 0.294758 0.051407 0.954188
vn 0.180868 -0.147150 0.972437
vn 0.534668 0.437426 0.723041
vn 0.627104 0.437725 0.644311
vn 0.511418 0.538215 0.669907
vn 0.490457 0.438741 0.752966
vn -0.492040 0.441631 0.750240
vn -0.512163 0.538842 0.668833
vn -0.629277 0.437578 0.642290
vn -0.538710 0.439464 0.718793
vn -0.389344 0.284116 0.876179
vn -0.492040 0.441631 0.750240
vn -0.538710 0.439464 0.718793
vn -0.257238 0.384133 0.886719
vn 0.255308 0.385382 0.886735
vn 0.534668 0.437426 0.723041
vn 0.490457 0.438741 0.752966
vn 0.387729 0.281174 0.877842
vn -0.549383 0.480325 0.683715
vn -0.426242 0.678902 0.597838
vn -0.512163 0.538842 0.668833
vn -0.492040 0.441631 0.750240
vn 0.490457 0.438741 0.752966
vn 0.511418 0.538215 0.669907
vn 0.425614 0.678614 0.598611
vn 0.548643 0.479130 0.685146
vn -0.626467 0.269492 0.731377
vn -0.549383 0.480325 0.683715
vn -0.492040 0.441631 0.750240
vn -0.389344 0.284116 0.876179
vn 0.387729 0.281174 0.877842
vn 0.490457 0.438741 0.752966
vn 0.548643 0.479130 0.685146
vn 0.628053 0.266853 0.730985
vn -0.670371 0.518956 0.530366
vn -0.484894 0.750397 0.449203
vn -0.426242 0.678902 0.597838
vn -0.549383 0.480325 0.683715
vn 0.548643 0.479130 0.685146
vn 0.425614 0.678614 0.598611
vn 0.484016 0.750248 0.450396
vn 0.669147 0.519602 0.531277
vn -0.722432 0.294667 0.625511
vn -0.670371 0.518956 0.530366
vn -0.549383 0.480325 0.683715
vn -0.626467 0.269492 0.731377
vn 0.628053 0.266853 0.730985
vn 0.548643 0.479130 0.685146
vn 0.669147 0.519602 0.531277
vn 0.720594 0.297626 0.626230
vn -0.549751 0.587193 0.594120
vn -0.420653 0.814581 0.399385
vn -0.484894 0.750397 0.449203
vn -0.670371 0.518956 0.530366
vn 0.669147 0.519602 0.531277
vn 0.484016 0.750248 0.450396
vn 0.420093 0.814324 0.400498
vn 0.548738 0.587572 0.594681
vn -0.588480 0.316144 0.744140
vn -0.549751 0.587193 0.594120
vn -0.670371 0.518956 0.530366
vn -0.722432 0.294667 0.625511
vn 0.720594 0.297626 0.626230
vn 0.669147 0.519602 0.531277
vn 0.548738 0.587572 0.594681
vn 0.586493 0.317546 0.745111
vn -0.124546 0.652977 0.747067
vn -0.108199 0.899480 0.423354
vn -0.420653 0.814581 0.399385
vn -0.549751 0.587193 0.594120
vn 0.003420 0.036064 0.999344
vn -0.021480 0.173971 0.984517
vn -0.505545 0.242665 0.827972
vn -0.404393 0.042520 0.913596
vn -0.000811 0.669109 0.743164
vn -0.000544 0.902737 0.430193
vn -0.108199 0.899480 0.423354
vn -0.124546 0.652977 0.747067
vn 0.548738 0.587572 0.594681
vn 0.420093 0.814324 0.400498
vn 0.107738 0.899423 0.423592
vn 0.123150 0.652598 0.747630
vn 0.402736 0.043108 0.914300
vn 0.502399 0.244789 0.829261
vn 0.021177 0.173483 0.984609
vn -0.002276 0.035602 0.999363
vn -0.021480 0.173971 0.984517
vn -0.076751 0.293190 0.952969
vn -0.588480 0.316144 0.744140
vn -0.505545 0.242665 0.827972
vn -0.076751 0.293190 0.952969
vn -0.124546 0.652977 0.747067
vn -0.549751 0.587193 0.594120
vn -0.588480 0.316144 0.744140
vn 0.502399 0.244789 0.829261
vn 0.586493 0.317546 0.745111
vn 0.074386 0.294114 0.952871
vn 0.021177 0.173483 0.984609
vn 0.586493 0.317546 0.745111
vn 0.548738 0.587572 0.594681
vn 0.123150 0.652598 0.747630
vn 0.074386 0.294114 0.952871
vn 0.123150 0.652598 0.747630
vn 0.107738 0.899423 0.423592
vn -0.000544 0.902737 0.430193
vn -0.000811 0.669109 0.743164
vn -0.000835 0.038053 0.999275
vn -0.001088 0.156814 0.987628
vn -0.021480 0.173971 0.984517
vn 0.003420 0.036064 0.999344
vn -0.002276 0.035602 0.999363
vn 0.021177 0.173483 0.984609
vn -0.001088 0.156814 0.987628
vn -0.000835 0.038053 0.999275
vn -0.000863 0.278346 0.960481
vn -0.000811 0.669109 0.743164
vn -0.124546 0.652977 0.747067
vn -0.076751 0.293190 0.952969
vn 0.074386 0.294114 0.952871
vn 0.123150 0.652598 0.747630
vn -0.000811 0.669109 0.743164
vn -0.000863 0.278346 0.960481
vn -0.001088 0.156814 0.987628
vn -0.000863 0.278346 0.960481
vn -0.076751 0.293190 0.952969
vn -0.021480 0.173971 0.984517
vn 0.021177 0.173483 0.984609
vn 0.074386 0.294114 0.952871
vn -0.000863 0.278346 0.960481
vn -0.001088 0.156814 0.987628
vn 0.487517 -0.356123 0.797185
vn 0.151788 0.040366 0.987588
vn -0.314600 0.048771 0.947970
vn -0.197887 -0.147077 0.969128
vn 0.878457 -0.465153 0.109299
vn 0.734705 -0.238521 0.635073
vn 0.151788 0.040366 0.987588
vn 0.487517 -0.356123 0.797185
vn 0.151788 0.040366 0.987588
vn -0.310369 0.343588 0.886351
vn -0.625589 0.201674 0.753636
vn -0.314600 0.048771 0.947970
vn 0.180868 -0.147150 0.972437
vn 0.294758 0.051407 0.954188
vn -0.153669 0.042117 0.987224
vn -0.487813 -0.353649 0.798105
vn -0.487813 -0.353649 0.798105
vn -0.153669 0.042117 0.987224
vn -0.730270 -0.240553 0.639406
vn -0.876175 -0.469332 0.109751
vn 0.294758 0.051407 0.954188
vn 0.622681 0.206484 0.754740
vn 0.310465 0.346475 0.885193
vn -0.153669 0.042117 0.987224
vn 0.597697 -0.171499 0.783164
vn 0.787625 0.179152 0.589534
vn 0.890887 0.015332 0.453967
vn 0.881847 -0.255529 0.396296
vn 0.890887 0.015332 0.453967
vn 0.787625 0.179152 0.589534
vn 0.680455 0.379818 0.626673
vn 0.856817 0.216083 0.468160
vn 0.310465 0.346475 0.885193
vn 0.680455 0.379818 0.626673
vn 0.534668 0.437426 0.723041
vn 0.255308 0.385382 0.886735
vn 0.935384 0.098112 0.339751
vn 0.856817 0.216083 0.468160
vn 0.680455 0.379818 0.626673
vn 0.811789 0.241510 0.531669
vn 0.622681 0.206484 0.754740
vn 0.811789 0.241510 0.531669
vn 0.680455 0.379818 0.626673
vn 0.310465 0.346475 0.885193
vn -0.881153 -0.261249 0.394105
vn -0.891878 0.013850 0.452064
vn -0.791087 0.178997 0.584929
vn -0.594333 -0.172871 0.785420
vn -0.858620 0.213250 0.466151
vn -0.684010 0.379354 0.623073
vn -0.791087 0.178997 0.584929
vn -0.891878 0.013850 0.452064
vn -0.257238 0.384133 0.886719
vn -0.538710 0.439464 0.718793
vn -0.684010 0.379354 0.623073
vn -0.310369 0.343588 0.886351
vn -0.810408 0.237323 0.535645
vn -0.684010 0.379354 0.623073
vn -0.858620 0.213250 0.466151
vn -0.936935 0.098712 0.335274
vn -0.310369 0.343588 0.886351
vn -0.684010 0.379354 0.623073
vn -0.810408 0.237323 0.535645
vn -0.625589 0.201674 0.753636
vn 0.784915 -0.050697 0.617526
vn 0.806526 0.168468 0.566687
vn 0.787625 0.179152 0.589534
vn 0.597697 -0.171499 0.783164
vn -0.594333 -0.172871 0.785420
vn -0.791087 0.178997 0.584929
vn -0.808250 0.168975 0.564073
vn -0.784632 -0.051200 0.617844
vn 0.981102 -0.064244 0.182513
vn 0.939202 0.133945 0.316162
vn 0.806526 0.168468 0.566687
vn 0.784915 -0.050697 0.617526
vn 0.787625 0.179152 0.589534
vn 0.806526 0.168468 0.566687
vn 0.795923 0.323620 0.511641
vn 0.680455 0.379818 0.626673
vn -0.784632 -0.051200 0.617844
vn -0.808250 0.168975 0.564073
vn -0.938962 0.134793 0.316514
vn -0.981334 -0.065309 0.180881
vn -0.684010 0.379354 0.623073
vn -0.797784 0.323524 0.508796
vn -0.808250 0.168975 0.564073
vn -0.791087 0.178997 0.584929
vn 0.627104 0.437725 0.644311
vn 0.726568 0.649791 0.223317
vn 0.571696 0.794341 0.205390
vn 0.511418 0.538215 0.669907
vn -0.512163 0.538842 0.668833
vn -0.571841 0.794456 0.204542
vn -0.727134 0.649484 0.222367
vn -0.629277 0.437578 0.642290
vn 0.680455 0.379818 0.626673
vn 0.795923 0.323620 0.511641
vn 0.627104 0.437725 0.644311
vn 0.534668 0.437426 0.723041
vn 0.795923 0.323620 0.511641
vn 0.806526 0.168468 0.566687
vn 0.939202 0.133945 0.316162
vn -0.538710 0.439464 0.718793
vn -0.629277 0.437578 0.642290
vn -0.797784 0.323524 0.508796
vn -0.684010 0.379354 0.623073
vn -0.938962 0.134793 0.316514
vn -0.808250 0.168975 0.564073
vn -0.797784 0.323524 0.508796
vn -0.291007 -0.676560 0.676448
vn -0.240657 -0.441412 0.864430
vn -0.745801 -0.453324 0.488138
vn -0.659936 -0.701737 0.268420
vn 0.659265 -0.701711 0.270132
vn 0.744842 -0.453178 0.489734
vn 0.239526 -0.441016 0.864946
vn 0.289883 -0.676149 0.677341
vn -0.666798 -0.016195 -0.745063
vn -0.638088 -0.195034 -0.744852
vn -0.788198 -0.085994 -0.609384
vn -0.802731 0.057389 -0.593574
vn 0.804114 0.057074 -0.591729
vn 0.789919 -0.086458 -0.607085
vn 0.640042 -0.195533 -0.743043
vn 0.668454 -0.016510 -0.743570
vn -0.638088 -0.195034 -0.744852
vn -0.639444 -0.493574 -0.589488
vn -0.873225 -0.304015 -0.380859
vn -0.788198 -0.085994 -0.609384
vn 0.789919 -0.086458 -0.607085
vn 0.874368 -0.304345 -0.377961
vn 0.641120 -0.494191 -0.587146
vn 0.640042 -0.195533 -0.743043
vn -0.639444 -0.493574 -0.589488
vn -0.622400 -0.724962 -0.295039
vn -0.843431 -0.516610 -0.147441
vn -0.873225 -0.304015 -0.380859
vn 0.874368 -0.304345 -0.377961
vn 0.843853 -0.516792 -0.144354
vn 0.623187 -0.725289 -0.292564
vn 0.641120 -0.494191 -0.587146
vn -0.622400 -0.724962 -0.295039
vn -0.582346 -0.794921 -0.170217
vn -0.795416 -0.605682 -0.021507
vn -0.843431 -0.516610 -0.147441
vn -0.582346 -0.794921 -0.170217
vn -0.474644 -0.879784 0.026340
vn -0.659936 -0.701737 0.268420
vn -0.795416 -0.605682 -0.021507
vn 0.843853 -0.516792 -0.144354
vn 0.795414 -0.605768 -0.018989
vn 0.582723 -0.795056 -0.168286
vn 0.623187 -0.725289 -0.292564
vn 0.795414 -0.605768 -0.018989
vn 0.659265 -0.701711 0.270132
vn 0.474468 -0.879839 0.027636
vn 0.582723 -0.795056 -0.168286
vn -0.802731 0.057389 -0.593574
vn -0.788198 -0.085994 -0.609384
vn -0.873225 -0.304015 -0.380859
vn -0.936747 -0.021275 -0.349360
vn 0.937678 -0.021531 -0.346838
vn 0.874368 -0.304345 -0.377961
vn 0.789919 -0.086458 -0.607085
vn 0.804114 0.057074 -0.591729
vn -0.240657 -0.441412 0.864430
vn -0.207558 -0.307404 0.928667
vn -0.730217 -0.266021 0.629298
vn -0.745801 -0.453324 0.488138
vn 0.744842 -0.453178 0.489734
vn 0.729147 -0.265926 0.630578
vn 0.206316 -0.306972 0.929086
vn 0.239526 -0.441016 0.864946
vn -0.658818 0.244920 -0.711318
vn -0.666798 -0.016195 -0.745063
vn -0.802731 0.057389 -0.593574
vn -0.789279 0.218883 -0.573698
vn -0.789279 0.218883 -0.573698
vn -0.802731 0.057389 -0.593574
vn -0.936747 -0.021275 -0.349360
vn -0.912401 0.129743 -0.388189
vn 0.790293 0.218704 -0.572368
vn 0.804114 0.057074 -0.591729
vn 0.668454 -0.016510 -0.743570
vn 0.660081 0.244735 -0.710210
vn 0.913258 0.129543 -0.386235
vn 0.937678 -0.021531 -0.346838
vn 0.804114 0.057074 -0.591729
vn 0.790293 0.218704 -0.572368
vn -0.873225 -0.304015 -0.380859
vn -0.843431 -0.516610 -0.147441
vn -0.971146 -0.230073 -0.062785
vn -0.936747 -0.021275 -0.349360
vn 0.937678 -0.021531 -0.346838
vn 0.971308 -0.230116 -0.060064
vn 0.843853 -0.516792 -0.144354
vn 0.874368 -0.304345 -0.377961
vn -0.795416 -0.605682 -0.021507
vn -0.659936 -0.701737 0.268420
vn -0.745801 -0.453324 0.488138
vn -0.921568 -0.358129 0.149851
vn -0.843431 -0.516610 -0.147441
vn -0.795416 -0.605682 -0.021507
vn -0.921568 -0.358129 0.149851
vn -0.971146 -0.230073 -0.062785
vn 0.921210 -0.358103 0.152102
vn 0.744842 -0.453178 0.489734
vn 0.659265 -0.701711 0.270132
vn 0.795414 -0.605768 -0.018989
vn 0.971308 -0.230116 -0.060064
vn 0.921210 -0.358103 0.152102
vn 0.795414 -0.605768 -0.018989
vn 0.843853 -0.516792 -0.144354
vn -0.571841 0.794456 0.204542
vn -0.556571 0.821875 -0.121453
vn -0.715838 0.694850 -0.068989
vn -0.727134 0.649484 0.222367
vn 0.726568 0.649791 0.223317
vn 0.715961 0.694841 -0.067800
vn 0.556862 0.821796 -0.120648
vn 0.571696 0.794341 0.205390
vn -0.974113 -0.224072 -0.029912
vn -0.981334 -0.065309 0.180881
vn -0.938962 0.134793 0.316514
vn -0.931305 0.027360 0.363211
vn 0.930476 0.026927 0.365361
vn 0.939202 0.133945 0.316162
vn 0.981102 -0.064244 0.182513
vn 0.974275 -0.223822 -0.026312
vn -0.745801 -0.453324 0.488138
vn -0.730217 -0.266021 0.629298
vn -0.940723 -0.203422 0.271402
vn -0.921568 -0.358129 0.149851
vn 0.921210 -0.358103 0.152102
vn 0.940182 -0.203381 0.273303
vn 0.729147 -0.265926 0.630578
vn 0.744842 -0.453178 0.489734
vn -0.971146 -0.230073 -0.062785
vn -0.921568 -0.358129 0.149851
vn -0.940723 -0.203422 0.271402
vn -0.995940 -0.069062 -0.057738
vn -0.936747 -0.021275 -0.349360
vn -0.971146 -0.230073 -0.062785
vn -0.995940 -0.069062 -0.057738
vn -0.912401 0.129743 -0.388189
vn 0.996066 -0.069109 -0.055458
vn 0.940182 -0.203381 0.273303
vn 0.921210 -0.358103 0.152102
vn 0.971308 -0.230116 -0.060064
vn 0.913258 0.129543 -0.386235
vn 0.996066 -0.069109 -0.055458
vn 0.971308 -0.230116 -0.060064
vn 0.937678 -0.021531 -0.346838
vn -0.556571 0.821875 -0.121453
vn -0.559048 0.727943 -0.396945
vn -0.715321 0.588902 -0.376178
vn -0.715838 0.694850 -0.068989
vn 0.715961 0.694841 -0.067800
vn 0.715889 0.588836 -0.375200
vn 0.559548 0.727923 -0.396275
vn 0.556862 0.821796 -0.120648
vn 0.928661 0.254348 0.269992
vn 0.987718 0.151913 0.036548
vn 0.845640 0.456224 -0.277044
vn 0.852639 0.521709 0.028749
vn -0.535003 -0.641404 -0.549884
vn -0.974113 -0.224072 -0.029912
vn -0.931305 0.027360 0.363211
vn -0.794260 -0.287014 0.535513
vn -0.133999 -0.641405 0.755409
vn 0.660557 -0.654901 -0.367109
vn -0.535003 -0.641404 -0.549884
vn -0.794260 -0.287014 0.535513
vn 0.793164 -0.286423 0.537450
vn 0.930476 0.026927 0.365361
vn 0.974275 -0.223822 -0.026312
vn 0.537270 -0.643080 -0.545700
vn 0.793164 -0.286423 0.537450
vn 0.537270 -0.643080 -0.545700
vn -0.659288 -0.655893 -0.367619
vn 0.132521 -0.641354 0.755714
vn -0.629277 0.437578 0.642290
vn -0.727134 0.649484 0.222367
vn -0.844740 0.439755 0.305007
vn -0.797784 0.323524 0.508796
vn -0.715838 0.694850 -0.068989
vn -0.715321 0.588902 -0.376178
vn -0.845143 0.456295 -0.278438
vn -0.852709 0.521671 0.027336
vn -0.852709 0.521671 0.027336
vn -0.845143 0.456295 -0.278438
vn -0.987768 0.152007 0.034771
vn -0.929108 0.254243 0.268551
vn 0.795923 0.323620 0.511641
vn 0.844379 0.439762 0.305995
vn 0.726568 0.649791 0.223317
vn 0.627104 0.437725 0.644311
vn 0.852639 0.521709 0.028749
vn 0.845640 0.456224 -0.277044
vn 0.715889 0.588836 -0.375200
vn 0.715961 0.694841 -0.067800
vn -0.797784 0.323524 0.508796
vn -0.844740 0.439755 0.305007
vn -0.931305 0.027360 0.363211
vn -0.938962 0.134793 0.316514
vn -0.888534 0.135628 0.438306
vn -0.931305 0.027360 0.363211
vn -0.844740 0.439755 0.305007
vn -0.727134 0.649484 0.222367
vn -0.715838 0.694850 -0.068989
vn -0.852709 0.521671 0.027336
vn -0.844740 0.439755 0.305007
vn -0.844740 0.439755 0.305007
vn -0.852709 0.521671 0.027336
vn -0.929108 0.254243 0.268551
vn -0.888534 0.135628 0.438306
vn -0.893269 -0.103765 0.437382
vn -0.888534 0.135628 0.438306
vn -0.929108 0.254243 0.268551
vn -0.987768 0.152007 0.034771
vn -0.794260 -0.287014 0.535513
vn -0.931305 0.027360 0.363211
vn -0.888534 0.135628 0.438306
vn -0.893269 -0.103765 0.437382
vn 0.939202 0.133945 0.316162
vn 0.930476 0.026927 0.365361
vn 0.844379 0.439762 0.305995
vn 0.795923 0.323620 0.511641
vn 0.844379 0.439762 0.305995
vn 0.930476 0.026927 0.365361
vn 0.887569 0.135621 0.440259
vn 0.844379 0.439762 0.305995
vn 0.852639 0.521709 0.028749
vn 0.715961 0.694841 -0.067800
vn 0.726568 0.649791 0.223317
vn 0.887569 0.135621 0.440259
vn 0.928661 0.254348 0.269992
vn 0.852639 0.521709 0.028749
vn 0.844379 0.439762 0.305995
vn 0.987718 0.151913 0.036548
vn 0.928661 0.254348 0.269992
vn 0.887569 0.135621 0.440259
vn 0.892451 -0.103529 0.439106
vn 0.892451 -0.103529 0.439106
vn 0.887569 0.135621 0.440259
vn 0.930476 0.026927 0.365361
vn 0.793164 -0.286423 0.537450
vn -0.559048 0.727943 -0.396945
vn -0.608933 0.494408 -0.620291
vn -0.756712 0.406596 -0.511925
vn -0.715321 0.588902 -0.376178
vn -0.608933 0.494408 -0.620291
vn -0.658818 0.244920 -0.711318
vn -0.789279 0.218883 -0.573698
vn -0.756712 0.406596 -0.511925
vn 0.715889 0.588836 -0.375200
vn 0.757467 0.406494 -0.510888
vn 0.609756 0.494334 -0.619541
vn 0.559548 0.727923 -0.396275
vn 0.757467 0.406494 -0.510888
vn 0.790293 0.218704 -0.572368
vn 0.660081 0.244735 -0.710210
vn 0.609756 0.494334 -0.619541
vn -0.756712 0.406596 -0.511925
vn -0.789279 0.218883 -0.573698
vn -0.912401 0.129743 -0.388189
vn -0.875884 0.301856 -0.376443
vn -0.715321 0.588902 -0.376178
vn -0.756712 0.406596 -0.511925
vn -0.875884 0.301856 -0.376443
vn -0.845143 0.456295 -0.278438
vn 0.876568 0.301747 -0.374936
vn 0.913258 0.129543 -0.386235
vn 0.790293 0.218704 -0.572368
vn 0.757467 0.406494 -0.510888
vn 0.845640 0.456224 -0.277044
vn 0.876568 0.301747 -0.374936
vn 0.757467 0.406494 -0.510888
vn 0.715889 0.588836 -0.375200
vn -0.940723 -0.203422 0.271402
vn -0.906425 -0.118766 0.405324
vn -0.997085 0.076189 -0.004012
vn -0.995940 -0.069062 -0.057738
vn -0.875884 0.301856 -0.376443
vn -0.912401 0.129743 -0.388189
vn -0.995940 -0.069062 -0.057738
vn -0.997085 0.076189 -0.004012
vn -0.845143 0.456295 -0.278438
vn -0.875884 0.301856 -0.376443
vn -0.997085 0.076189 -0.004012
vn -0.987768 0.152007 0.034771
vn 0.996066 -0.069109 -0.055458
vn 0.997089 0.076221 -0.001932
vn 0.905713 -0.118535 0.406981
vn 0.940182 -0.203381 0.273303
vn 0.997089 0.076221 -0.001932
vn 0.996066 -0.069109 -0.055458
vn 0.913258 0.129543 -0.386235
vn 0.876568 0.301747 -0.374936
vn 0.987718 0.151913 0.036548
vn 0.997089 0.076221 -0.001932
vn 0.876568 0.301747 -0.374936
vn 0.845640 0.456224 -0.277044
vn -0.207558 -0.307404 0.928667
vn -0.227096 -0.354840 0.906927
vn -0.674325 -0.237950 0.699046
vn -0.730217 -0.266021 0.629298
vn -0.730217 -0.266021 0.629298
vn -0.674325 -0.237950 0.699046
vn -0.906425 -0.118766 0.405324
vn -0.940723 -0.203422 0.271402
vn -0.227096 -0.354840 0.906927
vn -0.133999 -0.641405 0.755409
vn -0.794260 -0.287014 0.535513
vn -0.674325 -0.237950 0.699046
vn -0.674325 -0.237950 0.699046
vn -0.794260 -0.287014 0.535513
vn -0.893269 -0.103765 0.437382
vn -0.906425 -0.118766 0.405324
vn -0.906425 -0.118766 0.405324
vn -0.893269 -0.103765 0.437382
vn -0.987768 0.152007 0.034771
vn -0.997085 0.076189 -0.004012
vn 0.729147 -0.265926 0.630578
vn 0.673165 -0.237784 0.700220
vn 0.225630 -0.354493 0.907428
vn 0.206316 -0.306972 0.929086
vn 0.940182 -0.203381 0.273303
vn 0.905713 -0.118535 0.406981
vn 0.673165 -0.237784 0.700220
vn 0.729147 -0.265926 0.630578
vn 0.673165 -0.237784 0.700220
vn 0.793164 -0.286423 0.537450
vn 0.132521 -0.641354 0.755714
vn 0.225630 -0.354493 0.907428
vn 0.905713 -0.118535 0.406981
vn 0.892451 -0.103529 0.439106
vn 0.793164 -0.286423 0.537450
vn 0.673165 -0.237784 0.700220
vn 0.997089 0.076221 -0.001932
vn 0.987718 0.151913 0.036548
vn 0.892451 -0.103529 0.439106
vn 0.905713 -0.118535 0.406981
vn 0.799151 -0.590465 -0.112735
vn 0.734705 -0.238521 0.635073
vn 0.878457 -0.465153 0.109299
vn 0.778616 -0.507047 -0.369675
vn -0.777654 -0.510835 -0.366472
vn -0.876175 -0.469332 0.109751
vn -0.730270 -0.240553 0.639406
vn -0.797506 -0.592710 -0.112601
vn -0.505545 0.242665 0.827972
vn -0.588480 0.316144 0.744140
vn -0.722432 0.294667 0.625511
vn -0.766224 -0.089546 0.636303
vn 0.765167 -0.090277 0.637471
vn 0.720594 0.297626 0.626230
vn 0.586493 0.317546 0.745111
vn 0.502399 0.244789 0.829261
vn -0.766224 -0.089546 0.636303
vn -0.722432 0.294667 0.625511
vn -0.626467 0.269492 0.731377
vn -0.483965 -0.284814 0.827441
vn 0.488308 -0.290728 0.822820
vn 0.628053 0.266853 0.730985
vn 0.720594 0.297626 0.626230
vn 0.765167 -0.090277 0.637471
vn -0.483965 -0.284814 0.827441
vn -0.626467 0.269492 0.731377
vn -0.389344 0.284116 0.876179
vn -0.126552 -0.128637 0.983584
vn 0.133494 -0.126681 0.982920
vn 0.387729 0.281174 0.877842
vn 0.628053 0.266853 0.730985
vn 0.488308 -0.290728 0.822820
vn -0.126552 -0.128637 0.983584
vn -0.389344 0.284116 0.876179
vn -0.257238 0.384133 0.886719
vn 0.203035 0.045384 0.978119
vn -0.202917 0.051993 0.977815
vn 0.255308 0.385382 0.886735
vn 0.387729 0.281174 0.877842
vn 0.133494 -0.126681 0.982920
vn 0.468006 0.014708 0.883603
vn 0.203035 0.045384 0.978119
vn -0.257238 0.384133 0.886719
vn -0.310369 0.343588 0.886351
vn 0.734705 -0.238521 0.635073
vn 0.468006 0.014708 0.883603
vn -0.310369 0.343588 0.886351
vn 0.151788 0.040366 0.987588
vn 0.310465 0.346475 0.885193
vn 0.255308 0.385382 0.886735
vn -0.202917 0.051993 0.977815
vn -0.464993 0.014995 0.885188
vn -0.153669 0.042117 0.987224
vn 0.310465 0.346475 0.885193
vn -0.464993 0.014995 0.885188
vn -0.730270 -0.240553 0.639406
vn -0.404393 0.042520 0.913596
vn -0.505545 0.242665 0.827972
vn -0.766224 -0.089546 0.636303
vn -0.742406 -0.062551 0.667024
vn 0.740094 -0.063965 0.669454
vn 0.765167 -0.090277 0.637471
vn 0.502399 0.244789 0.829261
vn 0.402736 0.043108 0.914300
vn -0.245625 -0.949066 -0.197336
vn -0.723587 0.139258 0.676039
vn -0.044547 -0.355066 -0.933779
vn 0.041742 -0.330233 -0.942976
vn 0.721935 0.124985 0.680579
vn 0.224646 -0.939481 -0.258667
vn -0.723587 0.139258 0.676039
vn -0.245625 -0.949066 -0.197336
vn -0.135993 -0.275409 0.951660
vn 0.158831 -0.234434 0.959069
vn 0.224646 -0.939481 -0.258667
vn 0.721935 0.124985 0.680579
vn -0.135993 -0.275409 0.951660
vn -0.242060 -0.124637 0.962223
vn -0.704417 -0.184871 0.685287
vn -0.723587 0.139258 0.676039
vn -0.242060 -0.124637 0.962223
vn -0.404393 0.042520 0.913596
vn -0.742406 -0.062551 0.667024
vn -0.704417 -0.184871 0.685287
vn 0.721935 0.124985 0.680579
vn 0.698009 -0.190738 0.690219
vn 0.243733 -0.128177 0.961335
vn 0.158831 -0.234434 0.959069
vn 0.698009 -0.190738 0.690219
vn 0.740094 -0.063965 0.669454
vn 0.402736 0.043108 0.914300
vn 0.243733 -0.128177 0.961335
vn 0.448141 -0.553437 -0.702052
vn -0.135993 -0.275409 0.951660
vn -0.245625 -0.949066 -0.197336
vn -0.044547 -0.355066 -0.933779
vn 0.041742 -0.330233 -0.942976
vn 0.224646 -0.939481 -0.258667
vn 0.158831 -0.234434 0.959069
vn -0.472807 -0.529317 -0.704470
vn -0.000514 -0.019249 0.999815
vn -0.000835 0.038053 0.999275
vn 0.003420 0.036064 0.999344
vn -0.122874 -0.077060 0.989426
vn -0.122874 -0.077060 0.989426
vn 0.003420 0.036064 0.999344
vn -0.404393 0.042520 0.913596
vn -0.242060 -0.124637 0.962223
vn 0.124484 -0.076423 0.989274
vn -0.002276 0.035602 0.999363
vn -0.000835 0.038053 0.999275
vn -0.000514 -0.019249 0.999815
vn 0.243733 -0.128177 0.961335
vn 0.402736 0.043108 0.914300
vn -0.002276 0.035602 0.999363
vn 0.124484 -0.076423 0.989274
vn -0.000533 -0.059938 0.998202
vn -0.000514 -0.019249 0.999815
vn -0.122874 -0.077060 0.989426
vn -0.642235 -0.254996 0.722850
vn 0.642624 -0.253915 0.722884
vn 0.124484 -0.076423 0.989274
vn -0.000514 -0.019249 0.999815
vn -0.000533 -0.059938 0.998202
vn -0.000529 -0.335210 0.942143
vn -0.000533 -0.059938 0.998202
vn -0.642235 -0.254996 0.722850
vn -0.788822 -0.360763 0.497604
vn 0.788306 -0.360742 0.498437
vn 0.642624 -0.253915 0.722884
vn -0.000533 -0.059938 0.998202
vn -0.000529 -0.335210 0.942143
vn 0.000363 -0.432104 -0.901824
vn 0.788306 -0.360742 0.498437
vn -0.000529 -0.335210 0.942143
vn -0.788822 -0.360763 0.497604
vn 0.482294 -0.204132 -0.851893
vn 0.642624 -0.253915 0.722884
vn 0.788306 -0.360742 0.498437
vn 0.000363 -0.432104 -0.901824
vn 0.000363 -0.432104 -0.901824
vn -0.788822 -0.360763 0.497604
vn -0.642235 -0.254996 0.722850
vn -0.480395 -0.207671 -0.852111
vn 0.537137 -0.305868 -0.786084
vn 0.124484 -0.076423 0.989274
vn 0.642624 -0.253915 0.722884
vn 0.482294 -0.204132 -0.851893
vn -0.480395 -0.207671 -0.852111
vn -0.642235 -0.254996 0.722850
vn -0.122874 -0.077060 0.989426
vn -0.536914 -0.305410 -0.786415
vn 0.001697 -0.173929 -0.984757
vn 0.482294 -0.204132 -0.851893
vn 0.000363 -0.432104 -0.901824
vn -0.480395 -0.207671 -0.852111
vn -0.472807 -0.529317 -0.704470
vn 0.158831 -0.234434 0.959069
vn 0.243733 -0.128177 0.961335
vn 0.066143 -0.494241 -0.866805
vn -0.064409 -0.493562 -0.867322
vn -0.242060 -0.124637 0.962223
vn -0.135993 -0.275409 0.951660
vn 0.448141 -0.553437 -0.702052
vn 0.002924 -0.183571 -0.983002
vn 0.001697 -0.173929 -0.984757
vn -0.480395 -0.207671 -0.852111
vn -0.536914 -0.305410 -0.786415
vn 0.537137 -0.305868 -0.786084
vn 0.482294 -0.204132 -0.851893
vn 0.001697 -0.173929 -0.984757
vn 0.002924 -0.183571 -0.983002
vn 0.698009 -0.190738 0.690219
vn 0.721935 0.124985 0.680579
vn 0.041742 -0.330233 -0.942976
vn 0.236368 -0.464777 -0.853295
vn 0.236368 -0.464777 -0.853295
vn 0.041742 -0.330233 -0.942976
vn -0.472807 -0.529317 -0.704470
vn 0.066143 -0.494241 -0.866805
vn 0.066143 -0.494241 -0.866805
vn 0.243733 -0.128177 0.961335
vn 0.124484 -0.076423 0.989274
vn 0.537137 -0.305868 -0.786084
vn -0.536914 -0.305410 -0.786415
vn -0.122874 -0.077060 0.989426
vn -0.242060 -0.124637 0.962223
vn -0.064409 -0.493562 -0.867322
vn -0.233202 -0.458268 -0.857676
vn -0.044547 -0.355066 -0.933779
vn -0.723587 0.139258 0.676039
vn -0.704417 -0.184871 0.685287
vn -0.064409 -0.493562 -0.867322
vn 0.448141 -0.553437 -0.702052
vn -0.044547 -0.355066 -0.933779
vn -0.233202 -0.458268 -0.857676
vn 0.498725 -0.770076 -0.397813
vn 0.740094 -0.063965 0.669454
vn 0.698009 -0.190738 0.690219
vn 0.236368 -0.464777 -0.853295
vn -0.233202 -0.458268 -0.857676
vn -0.704417 -0.184871 0.685287
vn -0.742406 -0.062551 0.667024
vn -0.503318 -0.764934 -0.401929
vn 0.236368 -0.464777 -0.853295
vn 0.066143 -0.494241 -0.866805
vn 0.001911 -0.443311 -0.896366
vn 0.119720 -0.476942 -0.870743
vn 0.066143 -0.494241 -0.866805
vn 0.537137 -0.305868 -0.786084
vn 0.002924 -0.183571 -0.983002
vn 0.001911 -0.443311 -0.896366
vn 0.001911 -0.443311 -0.896366
vn 0.002924 -0.183571 -0.983002
vn -0.536914 -0.305410 -0.786415
vn -0.064409 -0.493562 -0.867322
vn 0.001911 -0.443311 -0.896366
vn -0.064409 -0.493562 -0.867322
vn -0.233202 -0.458268 -0.857676
vn -0.116760 -0.473809 -0.872853
vn 0.498725 -0.770076 -0.397813
vn 0.236368 -0.464777 -0.853295
vn 0.119720 -0.476942 -0.870743
vn 0.071566 -0.935054 -0.347208
vn -0.071371 -0.934043 -0.349957
vn -0.116760 -0.473809 -0.872853
vn -0.233202 -0.458268 -0.857676
vn -0.503318 -0.764934 -0.401929
vn -0.000264 -0.921054 -0.389434
vn 0.001911 -0.443311 -0.896366
vn -0.116760 -0.473809 -0.872853
vn -0.071371 -0.934043 -0.349957
vn 0.071566 -0.935054 -0.347208
vn 0.119720 -0.476942 -0.870743
vn 0.001911 -0.443311 -0.896366
vn -0.000264 -0.921054 -0.389434
vn -0.797506 -0.592710 -0.112601
vn -0.730270 -0.240553 0.639406
vn -0.464993 0.014995 0.885188
vn -0.736343 -0.579097 0.349923
vn 0.736212 -0.579780 0.349067
vn 0.468006 0.014708 0.883603
vn 0.734705 -0.238521 0.635073
vn 0.799151 -0.590465 -0.112735
vn -0.229076 -0.726633 0.647710
vn -0.400545 -0.820267 0.408322
vn 0.143873 -0.593133 0.792145
vn 0.104403 -0.433419 0.895124
vn -0.104841 -0.433843 0.894868
vn -0.144054 -0.593302 0.791985
vn 0.399390 -0.820759 0.408462
vn 0.228227 -0.726004 0.648714
vn -0.647854 -0.647738 -0.400900
vn -0.777654 -0.510835 -0.366472
vn -0.797506 -0.592710 -0.112601
vn -0.659063 -0.750641 -0.046624
vn -0.725830 -0.676243 -0.125959
vn -0.647854 -0.647738 -0.400900
vn -0.659063 -0.750641 -0.046624
vn -0.400545 -0.820267 0.408322
vn -0.400545 -0.820267 0.408322
vn -0.659063 -0.750641 -0.046624
vn -0.294960 -0.770127 0.565599
vn 0.143873 -0.593133 0.792145
vn 0.658740 -0.750782 -0.048868
vn 0.799151 -0.590465 -0.112735
vn 0.778616 -0.507047 -0.369675
vn 0.642185 -0.647877 -0.409700
vn 0.399390 -0.820759 0.408462
vn 0.658740 -0.750782 -0.048868
vn 0.642185 -0.647877 -0.409700
vn 0.724340 -0.678106 -0.124515
vn -0.144054 -0.593302 0.791985
vn 0.294147 -0.769725 0.566569
vn 0.658740 -0.750782 -0.048868
vn 0.399390 -0.820759 0.408462
vn -0.736343 -0.579097 0.349923
vn -0.464993 0.014995 0.885188
vn -0.202917 0.051993 0.977815
vn -0.275442 -0.521347 0.807669
vn 0.274759 -0.524880 0.805611
vn 0.203035 0.045384 0.978119
vn 0.468006 0.014708 0.883603
vn 0.736212 -0.579780 0.349067
vn -0.022499 -0.393630 0.918994
vn 0.104403 -0.433419 0.895124
vn 0.143873 -0.593133 0.792145
vn 0.189561 -0.491054 0.850255
vn -0.189609 -0.491229 0.850142
vn -0.144054 -0.593302 0.791985
vn -0.104841 -0.433843 0.894868
vn 0.021860 -0.393954 0.918870
vn -0.659063 -0.750641 -0.046624
vn -0.797506 -0.592710 -0.112601
vn -0.736343 -0.579097 0.349923
vn -0.294960 -0.770127 0.565599
vn 0.294147 -0.769725 0.566569
vn 0.736212 -0.579780 0.349067
vn 0.799151 -0.590465 -0.112735
vn 0.658740 -0.750782 -0.048868
vn -0.275442 -0.521347 0.807669
vn -0.202917 0.051993 0.977815
vn 0.133494 -0.126681 0.982920
vn 0.042124 -0.484842 0.873587
vn -0.038093 -0.486924 0.872613
vn -0.126552 -0.128637 0.983584
vn 0.203035 0.045384 0.978119
vn 0.274759 -0.524880 0.805611
vn -0.294960 -0.770127 0.565599
vn -0.736343 -0.579097 0.349923
vn -0.275442 -0.521347 0.807669
vn 0.065645 -0.578123 0.813305
vn -0.066842 -0.578473 0.812958
vn 0.274759 -0.524880 0.805611
vn 0.736212 -0.579780 0.349067
vn 0.294147 -0.769725 0.566569
vn 0.042124 -0.484842 0.873587
vn 0.133494 -0.126681 0.982920
vn 0.488308 -0.290728 0.822820
vn 0.179944 -0.566814 0.803954
vn -0.177149 -0.566540 0.804768
vn -0.483965 -0.284814 0.827441
vn -0.126552 -0.128637 0.983584
vn -0.038093 -0.486924 0.872613
vn 0.179944 -0.566814 0.803954
vn 0.488308 -0.290728 0.822820
vn 0.765167 -0.090277 0.637471
vn 0.208142 -0.800846 0.561536
vn 0.765167 -0.090277 0.637471
vn 0.740094 -0.063965 0.669454
vn 0.498725 -0.770076 -0.397813
vn 0.208142 -0.800846 0.561536
vn -0.207870 -0.799378 0.563724
vn -0.766224 -0.089546 0.636303
vn -0.483965 -0.284814 0.827441
vn -0.177149 -0.566540 0.804768
vn -0.207870 -0.799378 0.563724
vn -0.503318 -0.764934 -0.401929
vn -0.742406 -0.062551 0.667024
vn -0.766224 -0.089546 0.636303
vn 0.136204 -0.501352 0.854456
vn 0.179944 -0.566814 0.803954
vn 0.208142 -0.800846 0.561536
vn 0.120492 -0.569891 0.812838
vn -0.121031 -0.569547 0.812999
vn -0.207870 -0.799378 0.563724
vn -0.177149 -0.566540 0.804768
vn -0.133690 -0.501812 0.854583
vn 0.208142 -0.800846 0.561536
vn 0.498725 -0.770076 -0.397813
vn 0.071566 -0.935054 -0.347208
vn 0.052928 -0.808052 0.586729
vn -0.053139 -0.807787 0.587075
vn -0.071371 -0.934043 -0.349957
vn -0.503318 -0.764934 -0.401929
vn -0.207870 -0.799378 0.563724
vn 0.120492 -0.569891 0.812838
vn 0.208142 -0.800846 0.561536
vn 0.052928 -0.808052 0.586729
vn 0.069388 -0.533777 0.842774
vn -0.069500 -0.531025 0.844501
vn -0.053139 -0.807787 0.587075
vn -0.207870 -0.799378 0.563724
vn -0.121031 -0.569547 0.812999
vn 0.052928 -0.808052 0.586729
vn 0.071566 -0.935054 -0.347208
vn -0.000264 -0.921054 -0.389434
vn -0.000688 -0.707506 0.706707
vn -0.000688 -0.707506 0.706707
vn -0.000264 -0.921054 -0.389434
vn -0.071371 -0.934043 -0.349957
vn -0.053139 -0.807787 0.587075
vn -0.110707 -0.449227 0.886532
vn -0.000688 -0.707506 0.706707
vn -0.053139 -0.807787 0.587075
vn -0.069500 -0.531025 0.844501
vn 0.069388 -0.533777 0.842774
vn 0.052928 -0.808052 0.586729
vn -0.000688 -0.707506 0.706707
vn 0.109372 -0.451808 0.885386
vn 0.109372 -0.451808 0.885386
vn -0.000688 -0.707506 0.706707
vn -0.110707 -0.449227 0.886532
vn -0.000249 -0.358778 0.933423
vn -0.170531 -0.518125 0.838132
vn -0.038093 -0.486924 0.872613
vn 0.274759 -0.524880 0.805611
vn -0.066842 -0.578473 0.812958
vn -0.133690 -0.501812 0.854583
vn -0.177149 -0.566540 0.804768
vn -0.038093 -0.486924 0.872613
vn -0.170531 -0.518125 0.838132
vn 0.065645 -0.578123 0.813305
vn -0.275442 -0.521347 0.807669
vn 0.042124 -0.484842 0.873587
vn 0.170244 -0.517838 0.838368
vn 0.170244 -0.517838 0.838368
vn 0.042124 -0.484842 0.873587
vn 0.179944 -0.566814 0.803954
vn 0.136204 -0.501352 0.854456
vn -0.189609 -0.491229 0.850142
vn -0.066842 -0.578473 0.812958
vn 0.294147 -0.769725 0.566569
vn -0.144054 -0.593302 0.791985
vn 0.143873 -0.593133 0.792145
vn -0.294960 -0.770127 0.565599
vn 0.065645 -0.578123 0.813305
vn 0.189561 -0.491054 0.850255
vn -0.226060 -0.557926 0.798508
vn -0.170531 -0.518125 0.838132
vn -0.066842 -0.578473 0.812958
vn -0.189609 -0.491229 0.850142
vn 0.189561 -0.491054 0.850255
vn 0.065645 -0.578123 0.813305
vn 0.170244 -0.517838 0.838368
vn 0.225958 -0.557878 0.798570
vn -0.024494 -0.513737 0.857598
vn -0.189609 -0.491229 0.850142
vn 0.021860 -0.393954 0.918870
vn 0.162449 -0.386575 0.907838
vn -0.162994 -0.385991 0.907989
vn -0.022499 -0.393630 0.918994
vn 0.189561 -0.491054 0.850255
vn 0.024370 -0.513538 0.857721
vn -0.141123 -0.631665 0.762288
vn -0.226060 -0.557926 0.798508
vn -0.189609 -0.491229 0.850142
vn -0.024494 -0.513737 0.857598
vn 0.024370 -0.513538 0.857721
vn 0.189561 -0.491054 0.850255
vn 0.225958 -0.557878 0.798570
vn 0.141272 -0.631605 0.762310
vn 0.096330 -0.491763 0.865384
vn -0.024494 -0.513737 0.857598
vn 0.162449 -0.386575 0.907838
vn 0.207880 -0.363753 0.908003
vn 0.122096 -0.410102 0.903830
vn 0.096330 -0.491763 0.865384
vn 0.207880 -0.363753 0.908003
vn 0.198022 -0.415293 0.887873
vn -0.208568 -0.362776 0.908236
vn -0.162994 -0.385991 0.907989
vn 0.024370 -0.513538 0.857721
vn -0.096286 -0.490929 0.865862
vn -0.198728 -0.414386 0.888139
vn -0.208568 -0.362776 0.908236
vn -0.096286 -0.490929 0.865862
vn -0.122333 -0.409018 0.904289
vn 0.239692 -0.588919 0.771831
vn 0.098743 -0.445840 0.889650
vn 0.122096 -0.410102 0.903830
vn 0.198022 -0.415293 0.887873
vn 0.098743 -0.445840 0.889650
vn -0.043884 -0.618782 0.784336
vn 0.096330 -0.491763 0.865384
vn 0.122096 -0.410102 0.903830
vn 0.156875 -0.603146 0.782052
vn 0.121969 -0.466240 0.876210
vn 0.098743 -0.445840 0.889650
vn 0.239692 -0.588919 0.771831
vn -0.043884 -0.618782 0.784336
vn -0.141123 -0.631665 0.762288
vn -0.024494 -0.513737 0.857598
vn 0.096330 -0.491763 0.865384
vn -0.198728 -0.414386 0.888139
vn -0.122333 -0.409018 0.904289
vn -0.098981 -0.445137 0.889975
vn -0.240409 -0.588445 0.771969
vn -0.122333 -0.409018 0.904289
vn -0.096286 -0.490929 0.865862
vn 0.044114 -0.618373 0.784645
vn -0.098981 -0.445137 0.889975
vn -0.240409 -0.588445 0.771969
vn -0.098981 -0.445137 0.889975
vn -0.121991 -0.465901 0.876387
vn -0.156911 -0.602755 0.782346
vn -0.096286 -0.490929 0.865862
vn 0.024370 -0.513538 0.857721
vn 0.141272 -0.631605 0.762310
vn 0.044114 -0.618373 0.784645
vn 0.309126 0.142682 0.940257
vn 0.309126 0.142682 0.940257
vn 0.309126 0.142682 0.940257
vn 0.309126 0.142682 0.940257
vn -0.058128 0.436743 0.897706
vn -0.022088 0.059335 0.997994
vn -0.572302 0.082863 0.815846
vn -0.446586 0.450702 0.772935
vn -0.002423 -0.041203 0.999148
vn -0.000169 -0.009482 0.999955
vn -0.512464 0.001701 0.858707
vn -0.562699 -0.036559 0.825853
vn -0.022088 0.059335 0.997994
vn -0.002423 -0.041203 0.999148
vn -0.562699 -0.036559 0.825853
vn -0.572302 0.082863 0.815846
vn 0.560667 -0.035882 0.827264
vn 0.512209 0.001894 0.858859
vn -0.000169 -0.009482 0.999955
vn -0.002423 -0.041203 0.999148
vn 0.551444 0.086221 0.829744
vn 0.560667 -0.035882 0.827264
vn -0.002423 -0.041203 0.999148
vn -0.022088 0.059335 0.997994
vn 0.914416 -0.038759 0.402916
vn 0.893726 0.019711 0.448180
vn 0.512209 0.001894 0.858859
vn 0.560667 -0.035882 0.827264
vn -0.562699 -0.036559 0.825853
vn -0.512464 0.001701 0.858707
vn -0.894093 0.019414 0.447461
vn -0.918486 -0.039056 0.393521
vn -0.090761 0.432412 0.897096
vn -0.058128 0.436743 0.897706
vn -0.446586 0.450702 0.772935
vn -0.376731 0.435827 0.817392
vn 0.171918 0.463069 0.869489
vn 0.359977 0.461747 0.810683
vn -0.058128 0.436743 0.897706
vn -0.090761 0.432412 0.897096
vn -0.106132 0.239958 0.964964
vn -0.090761 0.432412 0.897096
vn -0.376731 0.435827 0.817392
vn -0.366602 0.229334 0.901670
vn 0.124698 0.217400 0.968084
vn 0.171918 0.463069 0.869489
vn -0.090761 0.432412 0.897096
vn -0.106132 0.239958 0.964964
vn -0.366602 0.229334 0.901670
vn -0.376731 0.435827 0.817392
vn -0.662473 0.418806 0.621073
vn -0.679870 0.149213 0.717992
vn 0.351709 0.180669 0.918509
vn 0.393610 0.478274 0.785064
vn 0.171918 0.463069 0.869489
vn 0.124698 0.217400 0.968084
vn -0.679870 0.149213 0.717992
vn -0.662473 0.418806 0.621073
vn -0.748569 0.396877 0.531163
vn -0.804207 0.028276 0.593677
vn 0.493012 0.039825 0.869111
vn 0.424767 0.459367 0.780099
vn 0.393610 0.478274 0.785064
vn 0.351709 0.180669 0.918509
vn 0.402260 -0.545003 0.735635
vn 0.058653 -0.265371 0.962361
vn -0.263052 -0.014607 0.964671
vn -0.036821 -0.192478 0.980610
vn 0.026298 -0.592849 0.804884
vn 0.263755 -0.460990 0.847303
vn -0.058575 -0.538951 0.840298
vn -0.414710 -0.733079 0.539083
vn -0.036821 -0.192478 0.980610
vn -0.263052 -0.014607 0.964671
vn -0.732109 0.060142 0.678527
vn -0.717243 -0.053473 0.694769
vn 0.233739 -0.472273 0.849897
vn 0.269543 -0.262186 0.926609
vn -0.656841 -0.275949 0.701720
vn -0.562453 -0.456167 0.689607
vn 0.708637 -0.367957 0.602031
vn 0.731108 -0.281922 0.621291
vn 0.263755 -0.460990 0.847303
vn 0.026298 -0.592849 0.804884
vn 0.545565 -0.702584 0.456875
vn 0.640693 -0.550465 0.535257
vn -0.291382 -0.623021 0.725908
vn -0.254773 -0.777763 0.574609
vn 0.173434 -0.226225 0.958511
vn -0.036821 -0.192478 0.980610
vn -0.717243 -0.053473 0.694769
vn -0.652170 -0.191044 0.733605
vn 0.269543 -0.262186 0.926609
vn 0.173434 -0.226225 0.958511
vn -0.652170 -0.191044 0.733605
vn -0.656841 -0.275949 0.701720
vn 0.638343 -0.496847 0.587929
vn 0.708637 -0.367957 0.602031
vn 0.026298 -0.592849 0.804884
vn -0.191900 -0.612880 0.766520
vn 0.640693 -0.550465 0.535257
vn 0.638343 -0.496847 0.587929
vn -0.191900 -0.612880 0.766520
vn -0.291382 -0.623021 0.725908
vn -0.009438 -0.900025 0.435736
vn -0.003613 -0.469133 0.883120
vn 0.058653 -0.265371 0.962361
vn 0.402260 -0.545003 0.735635
vn -0.414710 -0.733079 0.539083
vn -0.058575 -0.538951 0.840298
vn -0.003613 -0.469133 0.883120
vn -0.009438 -0.900025 0.435736
vn -0.009438 -0.900025 0.435736
vn -0.008847 -0.983338 -0.181570
vn -0.760549 -0.624473 -0.177762
vn 0.750265 -0.661113 0.005656
vn -0.008847 -0.983338 -0.181570
vn -0.009438 -0.900025 0.435736
vn 0.907683 0.118126 0.402689
vn 0.914416 -0.038759 0.402916
vn 0.560667 -0.035882 0.827264
vn 0.551444 0.086221 0.829744
vn -0.572302 0.082863 0.815846
vn -0.562699 -0.036559 0.825853
vn -0.918486 -0.039056 0.393521
vn -0.936521 0.115283 0.331116
vn 0.393610 0.478274 0.785064
vn 0.602948 0.606878 0.517834
vn 0.359977 0.461747 0.810683
vn 0.171918 0.463069 0.869489
vn -0.376731 0.435827 0.817392
vn -0.446586 0.450702 0.772935
vn -0.714425 0.590968 0.374638
vn -0.662473 0.418806 0.621073
vn 0.479787 0.058465 -0.875435
vn 0.468123 0.010167 -0.883605
vn 0.001191 0.009221 -0.999957
vn 0.000228 0.066084 -0.997814
vn 0.000228 0.066084 -0.997814
vn 0.001191 0.009221 -0.999957
vn -0.464499 0.010897 -0.885507
vn -0.479242 0.059266 -0.875679
vn 0.010179 0.004212 -0.999939
vn 0.052536 0.372135 -0.926690
vn -0.272854 0.417435 -0.866775
vn -0.462694 0.020000 -0.886293
vn 0.495792 0.016929 -0.868276
vn 0.396263 0.397296 -0.827726
vn 0.052536 0.372135 -0.926690
vn 0.010179 0.004212 -0.999939
vn 0.468123 0.010167 -0.883605
vn 0.495792 0.016929 -0.868276
vn 0.010179 0.004212 -0.999939
vn 0.001191 0.009221 -0.999957
vn 0.001191 0.009221 -0.999957
vn 0.010179 0.004212 -0.999939
vn -0.462694 0.020000 -0.886293
vn -0.464499 0.010897 -0.885507
vn 0.052536 0.372135 -0.926690
vn 0.112448 0.367386 -0.923246
vn -0.155216 0.402457 -0.902184
vn -0.272854 0.417435 -0.866775
vn 0.396263 0.397296 -0.827726
vn 0.400875 0.363817 -0.840795
vn 0.112448 0.367386 -0.923246
vn 0.052536 0.372135 -0.926690
vn 0.602948 0.606878 0.517834
vn 0.907683 0.118126 0.402689
vn 0.551444 0.086221 0.829744
vn 0.359977 0.461747 0.810683
vn -0.446586 0.450702 0.772935
vn -0.572302 0.082863 0.815846
vn -0.936521 0.115283 0.331116
vn -0.714425 0.590968 0.374638
vn 0.424767 0.459367 0.780099
vn 0.539194 0.751143 0.380860
vn 0.602948 0.606878 0.517834
vn 0.393610 0.478274 0.785064
vn -0.662473 0.418806 0.621073
vn -0.714425 0.590968 0.374638
vn -0.662888 0.727725 0.176058
vn -0.748569 0.396877 0.531163
vn -0.191900 -0.612880 0.766520
vn 0.026298 -0.592849 0.804884
vn -0.414710 -0.733079 0.539083
vn -0.830940 -0.525350 0.183155
vn -0.830940 -0.525350 0.183155
vn -0.414710 -0.733079 0.539083
vn -0.009438 -0.900025 0.435736
vn -0.760549 -0.624473 -0.177762
vn 0.821151 -0.418280 0.388268
vn 0.402260 -0.545003 0.735635
vn -0.036821 -0.192478 0.980610
vn 0.173434 -0.226225 0.958511
vn 0.750265 -0.661113 0.005656
vn -0.009438 -0.900025 0.435736
vn 0.402260 -0.545003 0.735635
vn 0.821151 -0.418280 0.388268
vn -0.291382 -0.623021 0.725908
vn -0.191900 -0.612880 0.766520
vn -0.830940 -0.525350 0.183155
vn -0.909566 -0.392226 0.137289
vn 0.902398 -0.301618 0.307740
vn 0.821151 -0.418280 0.388268
vn 0.173434 -0.226225 0.958511
vn 0.269543 -0.262186 0.926609
vn -0.254773 -0.777763 0.574609
vn -0.291382 -0.623021 0.725908
vn -0.909566 -0.392226 0.137289
vn -0.817675 -0.571909 0.065779
vn 0.810422 -0.492225 0.317697
vn 0.902398 -0.301618 0.307740
vn 0.269543 -0.262186 0.926609
vn 0.233739 -0.472273 0.849897
vn 0.793258 -0.474822 -0.381163
vn 0.810422 -0.492225 0.317697
vn 0.584635 -0.801216 0.127496
vn 0.608223 -0.670546 -0.424774
vn -0.126622 -0.987216 0.096805
vn -0.254773 -0.777763 0.574609
vn -0.817675 -0.571909 0.065779
vn -0.584920 -0.778637 -0.227142
vn 0.584635 -0.801216 0.127496
vn 0.810422 -0.492225 0.317697
vn 0.233739 -0.472273 0.849897
vn 0.117136 -0.861862 0.493430
vn 0.381071 -0.921221 0.078333
vn 0.545565 -0.702584 0.456875
vn -0.254773 -0.777763 0.574609
vn -0.126622 -0.987216 0.096805
vn 0.117136 -0.861862 0.493430
vn 0.233739 -0.472273 0.849897
vn -0.562453 -0.456167 0.689607
vn -0.389208 -0.811859 0.435203
vn 0.737790 -0.666539 -0.106735
vn 0.874123 -0.485484 -0.014662
vn 0.545565 -0.702584 0.456875
vn 0.381071 -0.921221 0.078333
vn -0.389208 -0.811859 0.435203
vn -0.562453 -0.456167 0.689607
vn -0.877722 -0.448858 0.167724
vn -0.739389 -0.655054 0.155592
vn 0.874123 -0.485484 -0.014662
vn 0.931441 -0.361814 0.038849
vn 0.640693 -0.550465 0.535257
vn 0.545565 -0.702584 0.456875
vn -0.562453 -0.456167 0.689607
vn -0.656841 -0.275949 0.701720
vn -0.936042 -0.307007 0.171965
vn -0.877722 -0.448858 0.167724
vn 0.931441 -0.361814 0.038849
vn 0.949438 -0.302145 0.085301
vn 0.638343 -0.496847 0.587929
vn 0.640693 -0.550465 0.535257
vn -0.656841 -0.275949 0.701720
vn -0.652170 -0.191044 0.733605
vn -0.954376 -0.224543 0.196843
vn -0.936042 -0.307007 0.171965
vn 0.978694 -0.145150 0.145220
vn 0.982785 -0.055067 0.176354
vn 0.731108 -0.281922 0.621291
vn 0.708637 -0.367957 0.602031
vn 0.949438 -0.302145 0.085301
vn 0.978694 -0.145150 0.145220
vn 0.708637 -0.367957 0.602031
vn 0.638343 -0.496847 0.587929
vn -0.717243 -0.053473 0.694769
vn -0.732109 0.060142 0.678527
vn -0.981705 0.055282 0.182204
vn -0.980825 -0.047435 0.189029
vn -0.652170 -0.191044 0.733605
vn -0.717243 -0.053473 0.694769
vn -0.980825 -0.047435 0.189029
vn -0.954376 -0.224543 0.196843
vn -0.181244 -0.584522 -0.790876
vn -0.126622 -0.987216 0.096805
vn -0.584920 -0.778637 -0.227142
vn -0.594361 -0.432525 -0.677980
vn 0.260648 -0.644246 -0.719034
vn 0.381071 -0.921221 0.078333
vn -0.126622 -0.987216 0.096805
vn -0.181244 -0.584522 -0.790876
vn 0.608223 -0.670546 -0.424774
vn 0.584635 -0.801216 0.127496
vn 0.117136 -0.861862 0.493430
vn 0.198638 -0.855295 -0.478553
vn 0.198638 -0.855295 -0.478553
vn 0.117136 -0.861862 0.493430
vn -0.389208 -0.811859 0.435203
vn -0.245847 -0.883034 -0.399763
vn -0.594361 -0.432525 -0.677980
vn -0.584920 -0.778637 -0.227142
vn -0.817675 -0.571909 0.065779
vn -0.783387 -0.266198 -0.561644
vn 0.469134 -0.425491 -0.773867
vn 0.737790 -0.666539 -0.106735
vn 0.381071 -0.921221 0.078333
vn 0.260648 -0.644246 -0.719034
vn -0.245847 -0.883034 -0.399763
vn -0.389208 -0.811859 0.435203
vn -0.739389 -0.655054 0.155592
vn -0.453886 -0.709295 -0.539340
vn 0.576561 -0.263368 -0.773443
vn 0.874123 -0.485484 -0.014662
vn 0.737790 -0.666539 -0.106735
vn 0.469134 -0.425491 -0.773867
vn -0.453886 -0.709295 -0.539340
vn -0.739389 -0.655054 0.155592
vn -0.877722 -0.448858 0.167724
vn -0.565147 -0.565981 -0.600228
vn -0.194276 -0.252971 -0.947767
vn -0.181244 -0.584522 -0.790876
vn -0.594361 -0.432525 -0.677980
vn -0.783387 -0.266198 -0.561644
vn 0.469134 -0.425491 -0.773867
vn 0.260648 -0.644246 -0.719034
vn -0.181244 -0.584522 -0.790876
vn -0.194276 -0.252971 -0.947767
vn 0.793258 -0.474822 -0.381163
vn 0.608223 -0.670546 -0.424774
vn 0.198638 -0.855295 -0.478553
vn 0.215522 -0.620789 -0.753771
vn 0.215522 -0.620789 -0.753771
vn 0.198638 -0.855295 -0.478553
vn -0.245847 -0.883034 -0.399763
vn -0.453886 -0.709295 -0.539340
vn -0.783387 -0.266198 -0.561644
vn -0.817675 -0.571909 0.065779
vn -0.909566 -0.392226 0.137289
vn -0.781803 -0.172298 -0.599247
vn 0.576561 -0.263368 -0.773443
vn 0.469134 -0.425491 -0.773867
vn -0.194276 -0.252971 -0.947767
vn -0.110879 -0.164038 -0.980203
vn 0.788924 -0.413754 -0.454319
vn 0.902398 -0.301618 0.307740
vn 0.810422 -0.492225 0.317697
vn 0.793258 -0.474822 -0.381163
vn 0.128085 -0.562727 -0.816659
vn 0.215522 -0.620789 -0.753771
vn -0.453886 -0.709295 -0.539340
vn -0.565147 -0.565981 -0.600228
vn -0.110879 -0.164038 -0.980203
vn -0.194276 -0.252971 -0.947767
vn -0.783387 -0.266198 -0.561644
vn -0.781803 -0.172298 -0.599247
vn 0.788924 -0.413754 -0.454319
vn 0.793258 -0.474822 -0.381163
vn 0.215522 -0.620789 -0.753771
vn 0.128085 -0.562727 -0.816659
vn 0.630481 -0.191563 -0.752195
vn 0.931441 -0.361814 0.038849
vn 0.874123 -0.485484 -0.014662
vn 0.576561 -0.263368 -0.773443
vn -0.565147 -0.565981 -0.600228
vn -0.877722 -0.448858 0.167724
vn -0.936042 -0.307007 0.171965
vn -0.624656 -0.495758 -0.603349
vn 0.630481 -0.191563 -0.752195
vn 0.576561 -0.263368 -0.773443
vn -0.110879 -0.164038 -0.980203
vn -0.109100 -0.175711 -0.978378
vn 0.117518 -0.582612 -0.804209
vn 0.128085 -0.562727 -0.816659
vn -0.565147 -0.565981 -0.600228
vn -0.624656 -0.495758 -0.603349
vn -0.822726 -0.106926 -0.558291
vn -0.780790 -0.223331 -0.583516
vn -0.980825 -0.047435 0.189029
vn -0.981705 0.055282 0.182204
vn 0.691753 -0.162570 -0.703597
vn 0.949438 -0.302145 0.085301
vn 0.931441 -0.361814 0.038849
vn 0.630481 -0.191563 -0.752195
vn 0.978694 -0.145150 0.145220
vn 0.949438 -0.302145 0.085301
vn 0.691753 -0.162570 -0.703597
vn 0.780516 0.058711 -0.622373
vn -0.624656 -0.495758 -0.603349
vn -0.936042 -0.307007 0.171965
vn -0.954376 -0.224543 0.196843
vn -0.691265 -0.451905 -0.563857
vn -0.780790 -0.223331 -0.583516
vn -0.691265 -0.451905 -0.563857
vn -0.954376 -0.224543 0.196843
vn -0.980825 -0.047435 0.189029
vn 0.691753 -0.162570 -0.703597
vn 0.630481 -0.191563 -0.752195
vn -0.109100 -0.175711 -0.978378
vn 0.014457 -0.170401 -0.985269
vn -0.012421 -0.589080 -0.807980
vn 0.117518 -0.582612 -0.804209
vn -0.624656 -0.495758 -0.603349
vn -0.691265 -0.451905 -0.563857
vn -0.765669 -0.257965 -0.589240
vn -0.781803 -0.172298 -0.599247
vn -0.909566 -0.392226 0.137289
vn -0.830940 -0.525350 0.183155
vn -0.109100 -0.175711 -0.978378
vn -0.110879 -0.164038 -0.980203
vn -0.781803 -0.172298 -0.599247
vn -0.765669 -0.257965 -0.589240
vn 0.821151 -0.418280 0.388268
vn 0.902398 -0.301618 0.307740
vn 0.788924 -0.413754 -0.454319
vn 0.765965 -0.483157 -0.424096
vn 0.765965 -0.483157 -0.424096
vn 0.788924 -0.413754 -0.454319
vn 0.128085 -0.562727 -0.816659
vn 0.117518 -0.582612 -0.804209
vn 0.014457 -0.170401 -0.985269
vn -0.109100 -0.175711 -0.978378
vn -0.765669 -0.257965 -0.589240
vn -0.487412 -0.211100 -0.847270
vn 0.486406 -0.544577 -0.683260
vn 0.765965 -0.483157 -0.424096
vn 0.117518 -0.582612 -0.804209
vn -0.012421 -0.589080 -0.807980
vn -0.765669 -0.257965 -0.589240
vn -0.830940 -0.525350 0.183155
vn -0.760549 -0.624473 -0.177762
vn -0.692462 -0.566846 -0.446299
vn -0.692462 -0.566846 -0.446299
vn -0.760549 -0.624473 -0.177762
vn -0.008847 -0.983338 -0.181570
vn -0.008464 -0.946524 -0.322521
vn 0.683487 -0.678925 -0.268154
vn 0.750265 -0.661113 0.005656
vn 0.821151 -0.418280 0.388268
vn 0.765965 -0.483157 -0.424096
vn -0.487412 -0.211100 -0.847270
vn -0.765669 -0.257965 -0.589240
vn -0.692462 -0.566846 -0.446299
vn -0.493946 -0.460587 -0.737480
vn -0.128969 -0.035709 -0.991006
vn -0.487412 -0.211100 -0.847270
vn -0.493946 -0.460587 -0.737480
vn -0.200634 -0.299674 -0.932707
vn 0.485563 -0.651936 -0.582416
vn 0.683487 -0.678925 -0.268154
vn 0.765965 -0.483157 -0.424096
vn 0.486406 -0.544577 -0.683260
vn 0.192773 -0.550729 -0.812118
vn 0.485563 -0.651936 -0.582416
vn 0.486406 -0.544577 -0.683260
vn 0.127697 -0.450301 -0.883698
vn -0.008464 -0.946524 -0.322521
vn -0.008847 -0.983338 -0.181570
vn 0.750265 -0.661113 0.005656
vn 0.683487 -0.678925 -0.268154
vn -0.009524 -0.284590 -0.958602
vn -0.007176 -0.554512 -0.832145
vn 0.192773 -0.550729 -0.812118
vn -0.066786 -0.343534 -0.936763
vn 0.053711 -0.053436 -0.997126
vn -0.200634 -0.299674 -0.932707
vn -0.007176 -0.554512 -0.832145
vn -0.009524 -0.284590 -0.958602
vn -0.006972 -0.774632 -0.632374
vn -0.008464 -0.946524 -0.322521
vn 0.683487 -0.678925 -0.268154
vn 0.485563 -0.651936 -0.582416
vn -0.493946 -0.460587 -0.737480
vn -0.692462 -0.566846 -0.446299
vn -0.008464 -0.946524 -0.322521
vn -0.006972 -0.774632 -0.632374
vn -0.200634 -0.299674 -0.932707
vn -0.493946 -0.460587 -0.737480
vn -0.006972 -0.774632 -0.632374
vn -0.007176 -0.554512 -0.832145
vn -0.007176 -0.554512 -0.832145
vn -0.006972 -0.774632 -0.632374
vn 0.485563 -0.651936 -0.582416
vn 0.192773 -0.550729 -0.812118
vn 0.780516 0.058711 -0.622373
vn 0.691753 -0.162570 -0.703597
vn 0.014457 -0.170401 -0.985269
vn 0.367075 0.058014 -0.928381
vn 0.367075 0.058014 -0.928381
vn 0.014457 -0.170401 -0.985269
vn -0.487412 -0.211100 -0.847270
vn -0.128969 -0.035709 -0.991006
vn -0.366832 -0.365998 -0.855266
vn -0.012421 -0.589080 -0.807980
vn -0.691265 -0.451905 -0.563857
vn -0.780790 -0.223331 -0.583516
vn 0.127697 -0.450301 -0.883698
vn 0.486406 -0.544577 -0.683260
vn -0.012421 -0.589080 -0.807980
vn -0.366832 -0.365998 -0.855266
vn 0.126074 0.116854 -0.985114
vn -0.128969 -0.035709 -0.991006
vn -0.200634 -0.299674 -0.932707
vn 0.053711 -0.053436 -0.997126
vn 0.982785 -0.055067 0.176354
vn 0.978694 -0.145150 0.145220
vn 0.780516 0.058711 -0.622373
vn 0.818435 0.168860 -0.549227
vn -0.066786 -0.343534 -0.936763
vn 0.192773 -0.550729 -0.812118
vn 0.127697 -0.450301 -0.883698
vn -0.133761 -0.332957 -0.933407
vn -0.502494 -0.227511 -0.834110
vn -0.366832 -0.365998 -0.855266
vn -0.780790 -0.223331 -0.583516
vn -0.822726 -0.106926 -0.558291
vn 0.818435 0.168860 -0.549227
vn 0.780516 0.058711 -0.622373
vn 0.367075 0.058014 -0.928381
vn 0.495563 0.200757 -0.845053
vn 0.495563 0.200757 -0.845053
vn 0.367075 0.058014 -0.928381
vn -0.128969 -0.035709 -0.991006
vn 0.126074 0.116854 -0.985114
vn -0.133761 -0.332957 -0.933407
vn 0.127697 -0.450301 -0.883698
vn -0.366832 -0.365998 -0.855266
vn -0.502494 -0.227511 -0.834110
vn -0.058575 -0.538951 0.840298
vn 0.158775 -0.351384 0.922670
vn 0.007082 -0.222966 0.974801
vn -0.003613 -0.469133 0.883120
vn -0.003613 -0.469133 0.883120
vn 0.007082 -0.222966 0.974801
vn -0.139760 0.013785 0.990089
vn 0.058653 -0.265371 0.962361
vn 0.158775 -0.351384 0.922670
vn 0.278843 -0.222293 0.934255
vn 0.016133 -0.043013 0.998944
vn 0.007082 -0.222966 0.974801
vn 0.007082 -0.222966 0.974801
vn 0.016133 -0.043013 0.998944
vn -0.247724 0.179611 0.952036
vn -0.139760 0.013785 0.990089
vn 0.263755 -0.460990 0.847303
vn 0.456465 -0.318503 0.830780
vn 0.158775 -0.351384 0.922670
vn -0.058575 -0.538951 0.840298
vn 0.058653 -0.265371 0.962361
vn -0.139760 0.013785 0.990089
vn -0.444800 0.153718 0.882340
vn -0.263052 -0.014607 0.964671
vn 0.456465 -0.318503 0.830780
vn 0.608260 -0.207675 0.766088
vn 0.278843 -0.222293 0.934255
vn 0.158775 -0.351384 0.922670
vn -0.139760 0.013785 0.990089
vn -0.247724 0.179611 0.952036
vn -0.587068 0.235063 0.774659
vn -0.444800 0.153718 0.882340
vn 0.731108 -0.281922 0.621291
vn 0.768372 -0.177072 0.615020
vn 0.456465 -0.318503 0.830780
vn 0.263755 -0.460990 0.847303
vn -0.263052 -0.014607 0.964671
vn -0.444800 0.153718 0.882340
vn -0.762120 0.178680 0.622291
vn -0.732109 0.060142 0.678527
vn 0.768372 -0.177072 0.615020
vn 0.841072 -0.092117 0.533022
vn 0.608260 -0.207675 0.766088
vn 0.456465 -0.318503 0.830780
vn -0.444800 0.153718 0.882340
vn -0.587068 0.235063 0.774659
vn -0.828817 0.228982 0.510518
vn -0.762120 0.178680 0.622291
vn 0.982785 -0.055067 0.176354
vn 0.979857 0.029496 0.197511
vn 0.768372 -0.177072 0.615020
vn 0.731108 -0.281922 0.621291
vn -0.732109 0.060142 0.678527
vn -0.762120 0.178680 0.622291
vn -0.975867 0.144187 0.163993
vn -0.981705 0.055282 0.182204
vn 0.979857 0.029496 0.197511
vn 0.984154 0.078425 0.159027
vn 0.841072 -0.092117 0.533022
vn 0.768372 -0.177072 0.615020
vn -0.762120 0.178680 0.622291
vn -0.828817 0.228982 0.510518
vn -0.979487 0.166431 0.113608
vn -0.975867 0.144187 0.163993
vn 0.979857 0.029496 0.197511
vn 0.982785 -0.055067 0.176354
vn 0.818435 0.168860 -0.549227
vn 0.838160 0.239276 -0.490137
vn -0.849351 -0.043236 -0.526054
vn -0.822726 -0.106926 -0.558291
vn -0.981705 0.055282 0.182204
vn -0.975867 0.144187 0.163993
vn 0.984154 0.078425 0.159027
vn 0.979857 0.029496 0.197511
vn 0.838160 0.239276 -0.490137
vn 0.881712 0.229046 -0.412458
vn -0.897526 -0.029577 -0.439969
vn -0.849351 -0.043236 -0.526054
vn -0.975867 0.144187 0.163993
vn -0.979487 0.166431 0.113608
vn 0.838160 0.239276 -0.490137
vn 0.818435 0.168860 -0.549227
vn 0.495563 0.200757 -0.845053
vn 0.548344 0.271218 -0.791050
vn -0.567964 -0.180041 -0.803120
vn -0.502494 -0.227511 -0.834110
vn -0.822726 -0.106926 -0.558291
vn -0.849351 -0.043236 -0.526054
vn 0.881712 0.229046 -0.412458
vn 0.838160 0.239276 -0.490137
vn 0.548344 0.271218 -0.791050
vn 0.671981 0.247312 -0.698054
vn -0.699755 -0.168569 -0.694210
vn -0.567964 -0.180041 -0.803120
vn -0.849351 -0.043236 -0.526054
vn -0.897526 -0.029577 -0.439969
vn 0.548344 0.271218 -0.791050
vn 0.495563 0.200757 -0.845053
vn 0.126074 0.116854 -0.985114
vn 0.285634 0.200874 -0.937050
vn -0.309262 -0.280015 -0.908817
vn -0.133761 -0.332957 -0.933407
vn -0.502494 -0.227511 -0.834110
vn -0.567964 -0.180041 -0.803120
vn 0.671981 0.247312 -0.698054
vn 0.548344 0.271218 -0.791050
vn 0.285634 0.200874 -0.937050
vn 0.417442 0.217305 -0.882338
vn -0.451489 -0.239631 -0.859497
vn -0.309262 -0.280015 -0.908817
vn -0.567964 -0.180041 -0.803120
vn -0.699755 -0.168569 -0.694210
vn 0.285634 0.200874 -0.937050
vn 0.126074 0.116854 -0.985114
vn 0.053711 -0.053436 -0.997126
vn 0.168026 0.058671 -0.984035
vn 0.168026 0.058671 -0.984035
vn 0.053711 -0.053436 -0.997126
vn -0.009524 -0.284590 -0.958602
vn -0.015025 -0.163488 -0.986431
vn -0.194352 -0.251315 -0.948192
vn -0.066786 -0.343534 -0.936763
vn -0.133761 -0.332957 -0.933407
vn -0.309262 -0.280015 -0.908817
vn 0.417442 0.217305 -0.882338
vn 0.285634 0.200874 -0.937050
vn 0.168026 0.058671 -0.984035
vn 0.240131 0.119021 -0.963416
vn -0.275043 -0.170732 -0.946151
vn -0.194352 -0.251315 -0.948192
vn -0.309262 -0.280015 -0.908817
vn -0.451489 -0.239631 -0.859497
vn -0.015025 -0.163488 -0.986431
vn -0.009524 -0.284590 -0.958602
vn -0.066786 -0.343534 -0.936763
vn -0.194352 -0.251315 -0.948192
vn -0.017977 -0.022717 -0.999580
vn -0.015025 -0.163488 -0.986431
vn -0.194352 -0.251315 -0.948192
vn -0.275043 -0.170732 -0.946151
vn 0.240131 0.119021 -0.963416
vn 0.168026 0.058671 -0.984035
vn -0.015025 -0.163488 -0.986431
vn -0.017977 -0.022717 -0.999580
vn 0.217157 0.041570 0.975251
vn 0.124698 0.217400 0.968084
vn -0.106132 0.239958 0.964964
vn 0.010494 0.154798 0.987890
vn 0.278843 -0.222293 0.934255
vn 0.302294 -0.117206 0.945982
vn 0.018760 0.043752 0.998866
vn 0.016133 -0.043013 0.998944
vn 0.010494 0.154798 0.987890
vn -0.106132 0.239958 0.964964
vn -0.366602 0.229334 0.901670
vn -0.277500 0.232051 0.932280
vn 0.016133 -0.043013 0.998944
vn 0.018760 0.043752 0.998866
vn -0.267930 0.189065 0.944705
vn -0.247724 0.179611 0.952036
vn 0.285613 -0.006012 0.958326
vn 0.217157 0.041570 0.975251
vn 0.010494 0.154798 0.987890
vn 0.014789 0.090634 0.995774
vn 0.302294 -0.117206 0.945982
vn 0.285613 -0.006012 0.958326
vn 0.014789 0.090634 0.995774
vn 0.018760 0.043752 0.998866
vn 0.014789 0.090634 0.995774
vn 0.010494 0.154798 0.987890
vn -0.277500 0.232051 0.932280
vn -0.257220 0.170400 0.951211
vn 0.018760 0.043752 0.998866
vn 0.014789 0.090634 0.995774
vn -0.257220 0.170400 0.951211
vn -0.267930 0.189065 0.944705
vn 0.479788 -0.006564 0.877360
vn 0.351709 0.180669 0.918509
vn 0.124698 0.217400 0.968084
vn 0.217157 0.041570 0.975251
vn 0.608260 -0.207675 0.766088
vn 0.661902 -0.163038 0.731645
vn 0.302294 -0.117206 0.945982
vn 0.278843 -0.222293 0.934255
vn -0.277500 0.232051 0.932280
vn -0.366602 0.229334 0.901670
vn -0.679870 0.149213 0.717992
vn -0.672441 0.096397 0.733846
vn -0.247724 0.179611 0.952036
vn -0.267930 0.189065 0.944705
vn -0.636573 0.229943 0.736139
vn -0.587068 0.235063 0.774659
vn 0.616845 -0.106180 0.779890
vn 0.479788 -0.006564 0.877360
vn 0.217157 0.041570 0.975251
vn 0.285613 -0.006012 0.958326
vn 0.661902 -0.163038 0.731645
vn 0.616845 -0.106180 0.779890
vn 0.285613 -0.006012 0.958326
vn 0.302294 -0.117206 0.945982
vn -0.257220 0.170400 0.951211
vn -0.277500 0.232051 0.932280
vn -0.672441 0.096397 0.733846
vn -0.656969 0.167637 0.735044
vn -0.267930 0.189065 0.944705
vn -0.257220 0.170400 0.951211
vn -0.656969 0.167637 0.735044
vn -0.636573 0.229943 0.736139
vn 0.739806 -0.127384 0.660651
vn 0.493012 0.039825 0.869111
vn 0.351709 0.180669 0.918509
vn 0.479788 -0.006564 0.877360
vn 0.841072 -0.092117 0.533022
vn 0.879751 -0.081973 0.468314
vn 0.661902 -0.163038 0.731645
vn 0.608260 -0.207675 0.766088
vn -0.672441 0.096397 0.733846
vn -0.679870 0.149213 0.717992
vn -0.804207 0.028276 0.593677
vn -0.872758 -0.020959 0.487703
vn -0.587068 0.235063 0.774659
vn -0.636573 0.229943 0.736139
vn -0.868502 0.189655 0.457968
vn -0.828817 0.228982 0.510518
vn 0.864045 -0.099226 0.493539
vn 0.739806 -0.127384 0.660651
vn 0.479788 -0.006564 0.877360
vn 0.616845 -0.106180 0.779890
vn 0.879751 -0.081973 0.468314
vn 0.864045 -0.099226 0.493539
vn 0.616845 -0.106180 0.779890
vn 0.661902 -0.163038 0.731645
vn -0.656969 0.167637 0.735044
vn -0.672441 0.096397 0.733846
vn -0.872758 -0.020959 0.487703
vn -0.891785 0.096337 0.442084
vn -0.636573 0.229943 0.736139
vn -0.656969 0.167637 0.735044
vn -0.891785 0.096337 0.442084
vn -0.868502 0.189655 0.457968
vn 0.984154 0.078425 0.159027
vn 0.991260 0.024610 0.129604
vn 0.879751 -0.081973 0.468314
vn 0.841072 -0.092117 0.533022
vn -0.828817 0.228982 0.510518
vn -0.868502 0.189655 0.457968
vn -0.987730 0.097577 0.121936
vn -0.979487 0.166431 0.113608
vn 0.991260 0.024610 0.129604
vn 0.986449 -0.033982 0.160510
vn 0.864045 -0.099226 0.493539
vn 0.879751 -0.081973 0.468314
vn -0.868502 0.189655 0.457968
vn -0.891785 0.096337 0.442084
vn -0.993237 0.023302 0.113743
vn -0.987730 0.097577 0.121936
vn 0.986449 -0.033982 0.160510
vn 0.991260 0.024610 0.129604
vn 0.930223 0.120254 -0.346732
vn 0.966718 0.048077 -0.251287
vn 0.984154 0.078425 0.159027
vn 0.881712 0.229046 -0.412458
vn 0.930223 0.120254 -0.346732
vn 0.991260 0.024610 0.129604
vn -0.964677 -0.068478 -0.254379
vn -0.942572 -0.072673 -0.326000
vn -0.987730 0.097577 0.121936
vn -0.993237 0.023302 0.113743
vn -0.987730 0.097577 0.121936
vn -0.942572 -0.072673 -0.326000
vn -0.897526 -0.029577 -0.439969
vn -0.979487 0.166431 0.113608
vn 0.930223 0.120254 -0.346732
vn 0.881712 0.229046 -0.412458
vn 0.671981 0.247312 -0.698054
vn 0.725147 0.134607 -0.675309
vn -0.749731 -0.226273 -0.621855
vn -0.699755 -0.168569 -0.694210
vn -0.897526 -0.029577 -0.439969
vn -0.942572 -0.072673 -0.326000
vn 0.966718 0.048077 -0.251287
vn 0.930223 0.120254 -0.346732
vn 0.725147 0.134607 -0.675309
vn 0.781780 0.089264 -0.617133
vn -0.772758 -0.167184 -0.612286
vn -0.749731 -0.226273 -0.621855
vn -0.942572 -0.072673 -0.326000
vn -0.964677 -0.068478 -0.254379
vn 0.725147 0.134607 -0.675309
vn 0.671981 0.247312 -0.698054
vn 0.417442 0.217305 -0.882338
vn 0.404274 0.137876 -0.904186
vn -0.239930 -0.186403 -0.952726
vn -0.275043 -0.170732 -0.946151
vn -0.451489 -0.239631 -0.859497
vn -0.441492 -0.281775 -0.851873
vn -0.441492 -0.281775 -0.851873
vn -0.451489 -0.239631 -0.859497
vn -0.699755 -0.168569 -0.694210
vn -0.749731 -0.226273 -0.621855
vn 0.781780 0.089264 -0.617133
vn 0.725147 0.134607 -0.675309
vn 0.404274 0.137876 -0.904186
vn 0.420934 0.133236 -0.897253
vn -0.419960 -0.209102 -0.883125
vn -0.441492 -0.281775 -0.851873
vn -0.749731 -0.226273 -0.621855
vn -0.772758 -0.167184 -0.612286
vn 0.404274 0.137876 -0.904186
vn 0.417442 0.217305 -0.882338
vn 0.240131 0.119021 -0.963416
vn 0.204662 0.076993 -0.975800
vn 0.204662 0.076993 -0.975800
vn 0.240131 0.119021 -0.963416
vn -0.017977 -0.022717 -0.999580
vn -0.015456 -0.032383 -0.999356
vn 0.420934 0.133236 -0.897253
vn 0.404274 0.137876 -0.904186
vn 0.204662 0.076993 -0.975800
vn 0.194811 0.053507 -0.979380
vn -0.220686 -0.084658 -0.971664
vn -0.239930 -0.186403 -0.952726
vn -0.441492 -0.281775 -0.851873
vn -0.419960 -0.209102 -0.883125
vn -0.015456 -0.032383 -0.999356
vn -0.017977 -0.022717 -0.999580
vn -0.275043 -0.170732 -0.946151
vn -0.239930 -0.186403 -0.952726
vn -0.010953 -0.010135 -0.999889
vn -0.015456 -0.032383 -0.999356
vn -0.239930 -0.186403 -0.952726
vn -0.220686 -0.084658 -0.971664
vn 0.194811 0.053507 -0.979380
vn 0.204662 0.076993 -0.975800
vn -0.015456 -0.032383 -0.999356
vn -0.010953 -0.010135 -0.999889
vn 0.400875 0.363817 -0.840795
vn 0.422642 0.231479 -0.876237
vn 0.105066 0.250163 -0.962486
vn 0.112448 0.367386 -0.923246
vn 0.112448 0.367386 -0.923246
vn 0.105066 0.250163 -0.962486
vn -0.118590 0.279805 -0.952704
vn -0.155216 0.402457 -0.902184
vn -0.272854 0.417435 -0.866775
vn -0.155216 0.402457 -0.902184
vn -0.331784 0.475241 -0.814902
vn -0.488221 0.507466 -0.710013
vn -0.155216 0.402457 -0.902184
vn -0.118590 0.279805 -0.952704
vn -0.271086 0.315672 -0.909320
vn -0.331784 0.475241 -0.814902
vn 0.595176 0.422375 -0.683641
vn 0.632652 0.237485 -0.737125
vn 0.422642 0.231479 -0.876237
vn 0.400875 0.363817 -0.840795
vn -0.439917 0.636516 -0.633498
vn -0.331784 0.475241 -0.814902
vn -0.271086 0.315672 -0.909320
vn -0.331538 0.396478 -0.856089
vn 0.705613 0.314138 -0.635159
vn 0.632652 0.237485 -0.737125
vn 0.595176 0.422375 -0.683641
vn 0.657623 0.593210 -0.464364
vn -0.714425 0.590968 0.374638
vn -0.779681 0.616336 -0.110574
vn -0.544249 0.776629 -0.317239
vn -0.662888 0.727725 0.176058
vn 0.626025 0.481544 -0.613358
vn 0.595176 0.422375 -0.683641
vn 0.400875 0.363817 -0.840795
vn 0.396263 0.397296 -0.827726
vn 0.539194 0.751143 0.380860
vn 0.640232 0.757645 -0.126795
vn 0.790656 0.609797 0.054866
vn 0.602948 0.606878 0.517834
vn -0.684455 0.577533 -0.444947
vn -0.488221 0.507466 -0.710013
vn -0.331784 0.475241 -0.814902
vn -0.439917 0.636516 -0.633498
vn -0.779681 0.616336 -0.110574
vn -0.684455 0.577533 -0.444947
vn -0.439917 0.636516 -0.633498
vn -0.544249 0.776629 -0.317239
vn 0.657623 0.593210 -0.464364
vn 0.595176 0.422375 -0.683641
vn 0.626025 0.481544 -0.613358
vn 0.761884 0.561298 -0.323230
vn 0.640232 0.757645 -0.126795
vn 0.657623 0.593210 -0.464364
vn 0.761884 0.561298 -0.323230
vn 0.790656 0.609797 0.054866
vn -0.936521 0.115283 0.331116
vn -0.990998 0.130687 -0.029042
vn -0.779681 0.616336 -0.110574
vn -0.714425 0.590968 0.374638
vn -0.935794 0.060950 -0.347239
vn -0.746150 0.086393 -0.660149
vn -0.488221 0.507466 -0.710013
vn -0.684455 0.577533 -0.444947
vn -0.462694 0.020000 -0.886293
vn -0.272854 0.417435 -0.866775
vn -0.488221 0.507466 -0.710013
vn -0.746150 0.086393 -0.660149
vn 0.990887 0.125094 0.049935
vn 0.998651 -0.044816 0.026236
vn 0.914416 -0.038759 0.402916
vn 0.907683 0.118126 0.402689
vn 0.602948 0.606878 0.517834
vn 0.790656 0.609797 0.054866
vn 0.990887 0.125094 0.049935
vn 0.907683 0.118126 0.402689
vn 0.761884 0.561298 -0.323230
vn 0.626025 0.481544 -0.613358
vn 0.792172 0.074694 -0.605710
vn 0.948897 0.054500 -0.310845
vn 0.792172 0.074694 -0.605710
vn 0.626025 0.481544 -0.613358
vn 0.396263 0.397296 -0.827726
vn 0.495792 0.016929 -0.868276
vn -0.990998 0.130687 -0.029042
vn -0.935794 0.060950 -0.347239
vn -0.684455 0.577533 -0.444947
vn -0.779681 0.616336 -0.110574
vn 0.790656 0.609797 0.054866
vn 0.761884 0.561298 -0.323230
vn 0.948897 0.054500 -0.310845
vn 0.990887 0.125094 0.049935
vn -0.936521 0.115283 0.331116
vn -0.918486 -0.039056 0.393521
vn -0.999051 -0.042607 0.009101
vn -0.990998 0.130687 -0.029042
vn -0.464499 0.010897 -0.885507
vn -0.462694 0.020000 -0.886293
vn -0.746150 0.086393 -0.660149
vn -0.764710 -0.004970 -0.644355
vn 0.770273 -0.007573 -0.637670
vn 0.792172 0.074694 -0.605710
vn 0.495792 0.016929 -0.868276
vn 0.468123 0.010167 -0.883605
vn -0.939781 -0.020499 -0.341161
vn -0.935794 0.060950 -0.347239
vn -0.990998 0.130687 -0.029042
vn -0.999051 -0.042607 0.009101
vn -0.764710 -0.004970 -0.644355
vn -0.746150 0.086393 -0.660149
vn -0.935794 0.060950 -0.347239
vn -0.939781 -0.020499 -0.341161
vn 0.998651 -0.044816 0.026236
vn 0.990887 0.125094 0.049935
vn 0.948897 0.054500 -0.310845
vn 0.941156 -0.022012 -0.337255
vn 0.941156 -0.022012 -0.337255
vn 0.948897 0.054500 -0.310845
vn 0.792172 0.074694 -0.605710
vn 0.770273 -0.007573 -0.637670
vn -0.479242 0.059266 -0.875679
vn -0.464499 0.010897 -0.885507
vn -0.764710 -0.004970 -0.644355
vn -0.760673 0.050102 -0.647198
vn -0.760673 0.050102 -0.647198
vn -0.764710 -0.004970 -0.644355
vn -0.939781 -0.020499 -0.341161
vn -0.937782 0.038974 -0.345032
vn -0.918486 -0.039056 0.393521
vn -0.894093 0.019414 0.447461
vn -0.999170 0.025123 0.032049
vn -0.999051 -0.042607 0.009101
vn -0.937782 0.038974 -0.345032
vn -0.939781 -0.020499 -0.341161
vn -0.999051 -0.042607 0.009101
vn -0.999170 0.025123 0.032049
vn 0.761163 0.048859 -0.646717
vn 0.770273 -0.007573 -0.637670
vn 0.468123 0.010167 -0.883605
vn 0.479787 0.058465 -0.875435
vn 0.938044 0.038211 -0.344402
vn 0.941156 -0.022012 -0.337255
vn 0.770273 -0.007573 -0.637670
vn 0.761163 0.048859 -0.646717
vn 0.998651 -0.044816 0.026236
vn 0.999122 0.024780 0.033774
vn 0.893726 0.019711 0.448180
vn 0.914416 -0.038759 0.402916
vn 0.999122 0.024780 0.033774
vn 0.998651 -0.044816 0.026236
vn 0.941156 -0.022012 -0.337255
vn 0.938044 0.038211 -0.344402
vn -0.891785 0.096337 0.442084
vn -0.872758 -0.020959 0.487703
vn -0.978215 -0.151680 0.141738
vn -0.993237 0.023302 0.113743
vn -0.931256 -0.106100 -0.348576
vn -0.964677 -0.068478 -0.254379
vn -0.993237 0.023302 0.113743
vn -0.978215 -0.151680 0.141738
vn 0.986449 -0.033982 0.160510
vn 0.899659 -0.185967 0.395007
vn 0.739806 -0.127384 0.660651
vn 0.864045 -0.099226 0.493539
vn 0.899659 -0.185967 0.395007
vn 0.986449 -0.033982 0.160510
vn 0.966718 0.048077 -0.251287
vn 0.981145 -0.039986 -0.189092
vn -0.427820 -0.483636 -0.763588
vn -0.931256 -0.106100 -0.348576
vn -0.978215 -0.151680 0.141738
vn -0.529778 -0.632313 -0.565257
vn 0.708065 -0.608077 -0.359007
vn 0.899659 -0.185967 0.395007
vn 0.981145 -0.039986 -0.189092
vn 0.679960 -0.454812 -0.575153
vn -0.707676 -0.057529 -0.704191
vn -0.772758 -0.167184 -0.612286
vn -0.964677 -0.068478 -0.254379
vn -0.931256 -0.106100 -0.348576
vn 0.819196 0.072039 -0.568971
vn 0.781780 0.089264 -0.617133
vn 0.420934 0.133236 -0.897253
vn 0.485007 0.117740 -0.866548
vn 0.981145 -0.039986 -0.189092
vn 0.966718 0.048077 -0.251287
vn 0.781780 0.089264 -0.617133
vn 0.819196 0.072039 -0.568971
vn -0.478632 -0.098476 -0.872476
vn -0.707676 -0.057529 -0.704191
vn -0.931256 -0.106100 -0.348576
vn -0.427820 -0.483636 -0.763588
vn 0.679960 -0.454812 -0.575153
vn 0.981145 -0.039986 -0.189092
vn 0.819196 0.072039 -0.568971
vn 0.754364 -0.080154 -0.651545
vn -0.218266 0.010050 -0.975838
vn -0.220686 -0.084658 -0.971664
vn -0.419960 -0.209102 -0.883125
vn -0.393097 -0.022352 -0.919226
vn -0.393097 -0.022352 -0.919226
vn -0.419960 -0.209102 -0.883125
vn -0.772758 -0.167184 -0.612286
vn -0.707676 -0.057529 -0.704191
vn -0.271086 0.315672 -0.909320
vn -0.276277 0.176982 -0.944642
vn -0.321937 0.155850 -0.933845
vn -0.331538 0.396478 -0.856089
vn 0.705613 0.314138 -0.635159
vn 0.713423 0.089855 -0.694949
vn 0.624271 0.092726 -0.775685
vn 0.632652 0.237485 -0.737125
vn -0.309480 0.047043 -0.949742
vn -0.393097 -0.022352 -0.919226
vn -0.707676 -0.057529 -0.704191
vn -0.478632 -0.098476 -0.872476
vn -0.276277 0.176982 -0.944642
vn -0.309480 0.047043 -0.949742
vn -0.478632 -0.098476 -0.872476
vn -0.321937 0.155850 -0.933845
vn 0.754364 -0.080154 -0.651545
vn 0.819196 0.072039 -0.568971
vn 0.485007 0.117740 -0.866548
vn 0.609033 0.015376 -0.792996
vn 0.713423 0.089855 -0.694949
vn 0.754364 -0.080154 -0.651545
vn 0.609033 0.015376 -0.792996
vn 0.624271 0.092726 -0.775685
vn -0.118590 0.279805 -0.952704
vn -0.159355 0.191240 -0.968521
vn -0.276277 0.176982 -0.944642
vn -0.271086 0.315672 -0.909320
vn 0.205585 0.108784 -0.972574
vn 0.194811 0.053507 -0.979380
vn -0.010953 -0.010135 -0.999889
vn -0.005840 0.004925 -0.999971
vn 0.485007 0.117740 -0.866548
vn 0.420934 0.133236 -0.897253
vn 0.194811 0.053507 -0.979380
vn 0.205585 0.108784 -0.972574
vn 0.632652 0.237485 -0.737125
vn 0.624271 0.092726 -0.775685
vn 0.394329 0.134926 -0.909010
vn 0.422642 0.231479 -0.876237
vn -0.195766 0.123308 -0.972867
vn -0.218266 0.010050 -0.975838
vn -0.393097 -0.022352 -0.919226
vn -0.309480 0.047043 -0.949742
vn -0.159355 0.191240 -0.968521
vn -0.195766 0.123308 -0.972867
vn -0.309480 0.047043 -0.949742
vn -0.276277 0.176982 -0.944642
vn 0.609033 0.015376 -0.792996
vn 0.485007 0.117740 -0.866548
vn 0.205585 0.108784 -0.972574
vn 0.277101 0.102776 -0.955328
vn 0.624271 0.092726 -0.775685
vn 0.609033 0.015376 -0.792996
vn 0.277101 0.102776 -0.955328
vn 0.394329 0.134926 -0.909010
vn -0.005840 0.004925 -0.999971
vn -0.010953 -0.010135 -0.999889
vn -0.220686 -0.084658 -0.971664
vn -0.218266 0.010050 -0.975838
vn 0.422642 0.231479 -0.876237
vn 0.394329 0.134926 -0.909010
vn 0.074665 0.160659 -0.984182
vn 0.105066 0.250163 -0.962486
vn 0.105066 0.250163 -0.962486
vn 0.074665 0.160659 -0.984182
vn -0.159355 0.191240 -0.968521
vn -0.118590 0.279805 -0.952704
vn 0.016538 0.113696 -0.993378
vn -0.005840 0.004925 -0.999971
vn -0.218266 0.010050 -0.975838
vn -0.195766 0.123308 -0.972867
vn 0.277101 0.102776 -0.955328
vn 0.205585 0.108784 -0.972574
vn -0.005840 0.004925 -0.999971
vn 0.016538 0.113696 -0.993378
vn 0.074665 0.160659 -0.984182
vn 0.016538 0.113696 -0.993378
vn -0.195766 0.123308 -0.972867
vn -0.159355 0.191240 -0.968521
vn 0.394329 0.134926 -0.909010
vn 0.277101 0.102776 -0.955328
vn 0.016538 0.113696 -0.993378
vn 0.074665 0.160659 -0.984182
vn -0.429542 0.505582 -0.748252
vn -0.065885 0.029558 -0.997389
vn -0.216183 -0.028873 -0.975926
vn -0.643971 0.424198 -0.636676
vn 0.900931 0.368965 -0.228448
vn 0.718482 -0.143627 -0.680555
vn 0.609602 -0.101420 -0.786193
vn 0.790763 0.418501 -0.446711
vn -0.355707 0.549098 -0.756283
vn 0.068224 -0.021103 -0.997447
vn -0.065885 0.029558 -0.997389
vn -0.429542 0.505582 -0.748252
vn 0.790763 0.418501 -0.446711
vn 0.609602 -0.101420 -0.786193
vn 0.498217 -0.162636 -0.851663
vn 0.737368 0.454897 -0.499357
vn -0.292568 0.575958 -0.763332
vn 0.091568 0.091016 -0.991631
vn 0.068224 -0.021103 -0.997447
vn -0.355707 0.549098 -0.756283
vn 0.737368 0.454897 -0.499357
vn 0.498217 -0.162636 -0.851663
vn 0.477717 -0.050722 -0.877048
vn 0.688095 0.479296 -0.544795
vn -0.661014 0.742907 -0.105590
vn -0.429542 0.505582 -0.748252
vn -0.643971 0.424198 -0.636676
vn -0.812769 0.582585 0.000610
vn 0.695050 0.618443 0.366651
vn 0.900931 0.368965 -0.228448
vn 0.790763 0.418501 -0.446711
vn 0.634488 0.753050 0.174182
vn -0.618076 0.781120 -0.088507
vn -0.355707 0.549098 -0.756283
vn -0.429542 0.505582 -0.748252
vn -0.661014 0.742907 -0.105590
vn 0.634488 0.753050 0.174182
vn 0.790763 0.418501 -0.446711
vn 0.737368 0.454897 -0.499357
vn 0.592477 0.789417 0.160598
vn -0.630079 0.764906 -0.133863
vn -0.292568 0.575958 -0.763332
vn -0.355707 0.549098 -0.756283
vn -0.618076 0.781120 -0.088507
vn 0.592477 0.789417 0.160598
vn 0.737368 0.454897 -0.499357
vn 0.688095 0.479296 -0.544795
vn 0.627501 0.767205 0.132810
vn -0.636087 0.583237 0.505200
vn -0.630079 0.764906 -0.133863
vn -0.618076 0.781120 -0.088507
vn -0.598571 0.619715 0.507608
vn 0.240438 0.708946 0.663012
vn 0.592477 0.789417 0.160598
vn 0.627501 0.767205 0.132810
vn 0.272538 0.673814 0.686803
vn -0.598571 0.619715 0.507608
vn -0.618076 0.781120 -0.088507
vn -0.661014 0.742907 -0.105590
vn -0.620802 0.618158 0.482168
vn 0.271312 0.706268 0.653892
vn 0.634488 0.753050 0.174182
vn 0.592477 0.789417 0.160598
vn 0.240438 0.708946 0.663012
vn -0.620802 0.618158 0.482168
vn -0.661014 0.742907 -0.105590
vn -0.812769 0.582585 0.000610
vn -0.729031 0.477838 0.490087
vn 0.351844 0.574640 0.738914
vn 0.695050 0.618443 0.366651
vn 0.634488 0.753050 0.174182
vn 0.271312 0.706268 0.653892
vn -0.421888 0.339899 0.840523
vn -0.620802 0.618158 0.482168
vn -0.729031 0.477838 0.490087
vn -0.493786 0.235819 0.836998
vn -0.040881 0.363818 0.930573
vn 0.351844 0.574640 0.738914
vn 0.271312 0.706268 0.653892
vn -0.100434 0.463970 0.880139
vn -0.011421 -0.148994 0.988772
vn -0.421888 0.339899 0.840523
vn -0.493786 0.235819 0.836998
vn -0.096344 -0.151657 0.983727
vn -0.463524 -0.022559 0.885797
vn -0.040881 0.363818 0.930573
vn -0.100434 0.463970 0.880139
vn -0.536585 -0.024237 0.843498
vn -0.429860 0.343102 0.835166
vn -0.598571 0.619715 0.507608
vn -0.620802 0.618158 0.482168
vn -0.421888 0.339899 0.840523
vn -0.100434 0.463970 0.880139
vn 0.271312 0.706268 0.653892
vn 0.240438 0.708946 0.663012
vn -0.090546 0.468385 0.878872
vn -0.069293 -0.132274 0.988788
vn -0.429860 0.343102 0.835166
vn -0.421888 0.339899 0.840523
vn -0.011421 -0.148994 0.988772
vn -0.536585 -0.024237 0.843498
vn -0.100434 0.463970 0.880139
vn -0.090546 0.468385 0.878872
vn -0.489865 -0.001249 0.871797
vn -0.498551 0.357497 0.789710
vn -0.636087 0.583237 0.505200
vn -0.598571 0.619715 0.507608
vn -0.429860 0.343102 0.835166
vn -0.174115 -0.097068 0.979930
vn -0.498551 0.357497 0.789710
vn -0.429860 0.343102 0.835166
vn -0.069293 -0.132274 0.988788
vn -0.090546 0.468385 0.878872
vn 0.240438 0.708946 0.663012
vn 0.272538 0.673814 0.686803
vn -0.007277 0.481128 0.876620
vn -0.489865 -0.001249 0.871797
vn -0.090546 0.468385 0.878872
vn -0.007277 0.481128 0.876620
vn -0.398071 0.040694 0.916452
vn -0.529778 -0.632313 -0.565257
vn -0.978215 -0.151680 0.141738
vn 0.101714 -0.863549 0.493900
vn -0.311383 -0.852433 0.419999
vn 0.899659 -0.185967 0.395007
vn 0.708065 -0.608077 -0.359007
vn -0.321292 0.598882 -0.733561
vn 0.080527 0.233274 -0.969071
vn 0.091568 0.091016 -0.991631
vn -0.292568 0.575958 -0.763332
vn 0.688095 0.479296 -0.544795
vn 0.477717 -0.050722 -0.877048
vn 0.477176 0.096386 -0.873506
vn 0.695212 0.508351 -0.508192
vn -0.388164 0.586512 -0.710867
vn 0.004346 0.297760 -0.954631
vn 0.080527 0.233274 -0.969071
vn -0.321292 0.598882 -0.733561
vn 0.695212 0.508351 -0.508192
vn 0.477176 0.096386 -0.873506
vn 0.534498 0.166198 -0.828668
vn 0.737792 0.502243 -0.451015
vn -0.694417 0.709571 -0.119556
vn -0.321292 0.598882 -0.733561
vn -0.292568 0.575958 -0.763332
vn -0.630079 0.764906 -0.133863
vn 0.627501 0.767205 0.132810
vn 0.688095 0.479296 -0.544795
vn 0.695212 0.508351 -0.508192
vn 0.671145 0.717163 0.187725
vn -0.733893 0.677173 -0.053268
vn -0.388164 0.586512 -0.710867
vn -0.321292 0.598882 -0.733561
vn -0.694417 0.709571 -0.119556
vn 0.671145 0.717163 0.187725
vn 0.695212 0.508351 -0.508192
vn 0.737792 0.502243 -0.451015
vn 0.666212 0.695759 0.268478
vn -0.690514 0.512050 0.510876
vn -0.694417 0.709571 -0.119556
vn -0.630079 0.764906 -0.133863
vn -0.636087 0.583237 0.505200
vn 0.272538 0.673814 0.686803
vn 0.627501 0.767205 0.132810
vn 0.671145 0.717163 0.187725
vn 0.312397 0.606289 0.731315
vn -0.684874 0.448141 0.574559
vn -0.733893 0.677173 -0.053268
vn -0.694417 0.709571 -0.119556
vn -0.690514 0.512050 0.510876
vn 0.312397 0.606289 0.731315
vn 0.671145 0.717163 0.187725
vn 0.666212 0.695759 0.268478
vn 0.270206 0.551294 0.789344
vn -0.563748 0.333933 0.755431
vn -0.690514 0.512050 0.510876
vn -0.636087 0.583237 0.505200
vn -0.498551 0.357497 0.789710
vn -0.007277 0.481128 0.876620
vn 0.272538 0.673814 0.686803
vn 0.312397 0.606289 0.731315
vn 0.065198 0.456927 0.887111
vn -0.569041 0.274007 0.775314
vn -0.684874 0.448141 0.574559
vn -0.690514 0.512050 0.510876
vn -0.563748 0.333933 0.755431
vn 0.065198 0.456927 0.887111
vn 0.312397 0.606289 0.731315
vn 0.270206 0.551294 0.789344
vn 0.056316 0.400727 0.914465
vn -0.282053 -0.081386 0.955941
vn -0.563748 0.333933 0.755431
vn -0.498551 0.357497 0.789710
vn -0.174115 -0.097068 0.979930
vn -0.398071 0.040694 0.916452
vn -0.007277 0.481128 0.876620
vn 0.065198 0.456927 0.887111
vn -0.295203 0.059649 0.953571
vn -0.316212 -0.090142 0.944396
vn -0.569041 0.274007 0.775314
vn -0.563748 0.333933 0.755431
vn -0.282053 -0.081386 0.955941
vn -0.295203 0.059649 0.953571
vn 0.065198 0.456927 0.887111
vn 0.056316 0.400727 0.914465
vn -0.261228 0.051703 0.963892
vn -0.261228 0.051703 0.963892
vn 0.056316 0.400727 0.914465
vn -0.022397 0.361417 0.932135
vn -0.257270 0.063888 0.964225
vn -0.320316 -0.078059 0.944089
vn -0.511557 0.229684 0.827982
vn -0.569041 0.274007 0.775314
vn -0.316212 -0.090142 0.944396
vn 0.056316 0.400727 0.914465
vn 0.270206 0.551294 0.789344
vn 0.190723 0.562360 0.804596
vn -0.022397 0.361417 0.932135
vn -0.511557 0.229684 0.827982
vn -0.627707 0.453997 0.632354
vn -0.684874 0.448141 0.574559
vn -0.569041 0.274007 0.775314
vn 0.270206 0.551294 0.789344
vn 0.666212 0.695759 0.268478
vn 0.590705 0.751077 0.294874
vn 0.190723 0.562360 0.804596
vn -0.627707 0.453997 0.632354
vn -0.688055 0.725447 0.017539
vn -0.733893 0.677173 -0.053268
vn -0.684874 0.448141 0.574559
vn -0.688055 0.725447 0.017539
vn -0.325939 0.602693 -0.728371
vn -0.388164 0.586512 -0.710867
vn -0.733893 0.677173 -0.053268
vn 0.666212 0.695759 0.268478
vn 0.737792 0.502243 -0.451015
vn 0.696255 0.513153 -0.501900
vn 0.590705 0.751077 0.294874
vn -0.325939 0.602693 -0.728371
vn -0.013053 0.322996 -0.946310
vn 0.004346 0.297760 -0.954631
vn -0.388164 0.586512 -0.710867
vn 0.737792 0.502243 -0.451015
vn 0.534498 0.166198 -0.828668
vn 0.545345 0.193110 -0.815663
vn 0.696255 0.513153 -0.501900
vn -0.013053 0.322996 -0.946310
vn 0.431849 -0.221538 -0.874316
vn 0.458108 -0.302828 -0.835723
vn 0.004346 0.297760 -0.954631
vn 0.534498 0.166198 -0.828668
vn 0.068084 -0.432520 -0.899050
vn 0.114609 -0.356161 -0.927369
vn 0.545345 0.193110 -0.815663
vn 0.004346 0.297760 -0.954631
vn 0.458108 -0.302828 -0.835723
vn 0.457413 -0.345555 -0.819368
vn 0.080527 0.233274 -0.969071
vn 0.477176 0.096386 -0.873506
vn 0.059215 -0.473616 -0.878739
vn 0.068084 -0.432520 -0.899050
vn 0.534498 0.166198 -0.828668
vn 0.080527 0.233274 -0.969071
vn 0.457413 -0.345555 -0.819368
vn 0.405256 -0.394761 -0.824579
vn 0.091568 0.091016 -0.991631
vn 0.477717 -0.050722 -0.877048
vn 0.105631 -0.522702 -0.845946
vn 0.059215 -0.473616 -0.878739
vn 0.477176 0.096386 -0.873506
vn 0.091568 0.091016 -0.991631
vn 0.405256 -0.394761 -0.824579
vn 0.354659 -0.455101 -0.816762
vn 0.068224 -0.021103 -0.997447
vn 0.498217 -0.162636 -0.851663
vn 0.142997 -0.578591 -0.802985
vn 0.105631 -0.522702 -0.845946
vn 0.477717 -0.050722 -0.877048
vn 0.068224 -0.021103 -0.997447
vn 0.354659 -0.455101 -0.816762
vn 0.317364 -0.402728 -0.858540
vn -0.065885 0.029558 -0.997389
vn 0.609602 -0.101420 -0.786193
vn 0.198907 -0.528031 -0.825602
vn 0.142997 -0.578591 -0.802985
vn 0.498217 -0.162636 -0.851663
vn -0.065885 0.029558 -0.997389
vn 0.317364 -0.402728 -0.858540
vn 0.100747 -0.387201 -0.916474
vn -0.216183 -0.028873 -0.975926
vn 0.718482 -0.143627 -0.680555
vn 0.411803 -0.506698 -0.757414
vn 0.198907 -0.528031 -0.825602
vn 0.609602 -0.101420 -0.786193
vn 0.359185 0.440503 0.822766
vn 0.715511 0.489850 0.498087
vn 0.695050 0.618443 0.366651
vn 0.351844 0.574640 0.738914
vn -0.493786 0.235819 0.836998
vn -0.729031 0.477838 0.490087
vn -0.771148 0.321954 0.549251
vn -0.567129 0.094563 0.818182
vn 0.613568 -0.689576 0.384732
vn 0.313625 -0.466725 0.826926
vn 0.195842 -0.530140 0.824983
vn 0.363406 -0.806388 0.466556
vn 0.675232 -0.737597 0.003535
vn 0.613568 -0.689576 0.384732
vn 0.363406 -0.806388 0.466556
vn 0.503589 -0.861915 -0.059164
vn -0.581420 -0.757627 0.296566
vn -0.631667 -0.429473 0.645407
vn -0.728970 -0.372992 0.574003
vn -0.742297 -0.665752 0.075954
vn -0.410584 -0.888257 -0.205961
vn -0.581420 -0.757627 0.296566
vn -0.742297 -0.665752 0.075954
vn -0.586038 -0.765606 -0.265342
vn 0.301036 -0.477401 0.825510
vn -0.011421 -0.148994 0.988772
vn -0.096344 -0.151657 0.983727
vn 0.313625 -0.466725 0.826926
vn -0.718283 -0.382639 0.581082
vn -0.536585 -0.024237 0.843498
vn -0.489865 -0.001249 0.871797
vn -0.666203 -0.357106 0.654712
vn -0.728970 -0.372992 0.574003
vn -0.463524 -0.022559 0.885797
vn -0.536585 -0.024237 0.843498
vn -0.718283 -0.382639 0.581082
vn 0.607410 -0.790650 0.076974
vn 0.558770 -0.694845 0.452733
vn 0.613568 -0.689576 0.384732
vn 0.675232 -0.737597 0.003535
vn 0.558770 -0.694845 0.452733
vn 0.301036 -0.477401 0.825510
vn 0.313625 -0.466725 0.826926
vn 0.613568 -0.689576 0.384732
vn -0.586038 -0.765606 -0.265342
vn -0.742297 -0.665752 0.075954
vn -0.735484 -0.657819 0.162290
vn -0.574193 -0.802779 -0.160777
vn -0.742297 -0.665752 0.075954
vn -0.728970 -0.372992 0.574003
vn -0.718283 -0.382639 0.581082
vn -0.735484 -0.657819 0.162290
vn 0.213285 -0.463614 0.859984
vn -0.069293 -0.132274 0.988788
vn -0.011421 -0.148994 0.988772
vn 0.301036 -0.477401 0.825510
vn 0.485338 -0.731324 0.479179
vn 0.213285 -0.463614 0.859984
vn 0.301036 -0.477401 0.825510
vn 0.558770 -0.694845 0.452733
vn 0.574376 -0.812984 0.095652
vn 0.485338 -0.731324 0.479179
vn 0.558770 -0.694845 0.452733
vn 0.607410 -0.790650 0.076974
vn -0.735484 -0.657819 0.162290
vn -0.718283 -0.382639 0.581082
vn -0.666203 -0.357106 0.654712
vn -0.693318 -0.683628 0.227955
vn -0.574193 -0.802779 -0.160777
vn -0.735484 -0.657819 0.162290
vn -0.693318 -0.683628 0.227955
vn -0.560912 -0.818264 -0.125789
vn 0.105427 -0.422855 0.900044
vn -0.174115 -0.097068 0.979930
vn -0.069293 -0.132274 0.988788
vn 0.213285 -0.463614 0.859984
vn -0.666203 -0.357106 0.654712
vn -0.489865 -0.001249 0.871797
vn -0.398071 0.040694 0.916452
vn -0.598934 -0.303913 0.740888
vn 0.428679 -0.724945 0.539156
vn 0.105427 -0.422855 0.900044
vn 0.213285 -0.463614 0.859984
vn 0.485338 -0.731324 0.479179
vn 0.561881 -0.800378 0.209008
vn 0.428679 -0.724945 0.539156
vn 0.485338 -0.731324 0.479179
vn 0.574376 -0.812984 0.095652
vn -0.693318 -0.683628 0.227955
vn -0.666203 -0.357106 0.654712
vn -0.598934 -0.303913 0.740888
vn -0.681269 -0.664749 0.306563
vn -0.560912 -0.818264 -0.125789
vn -0.693318 -0.683628 0.227955
vn -0.681269 -0.664749 0.306563
vn -0.612740 -0.789756 -0.028898
vn 0.259609 -0.646122 0.717725
vn -0.037322 -0.379075 0.924613
vn 0.105427 -0.422855 0.900044
vn 0.428679 -0.724945 0.539156
vn -0.037322 -0.379075 0.924613
vn -0.282053 -0.081386 0.955941
vn -0.174115 -0.097068 0.979930
vn 0.105427 -0.422855 0.900044
vn -0.681269 -0.664749 0.306563
vn -0.598934 -0.303913 0.740888
vn -0.492719 -0.249888 0.833537
vn -0.635772 -0.555196 0.536238
vn -0.598934 -0.303913 0.740888
vn -0.398071 0.040694 0.916452
vn -0.295203 0.059649 0.953571
vn -0.492719 -0.249888 0.833537
vn 0.439149 -0.741019 0.507975
vn 0.259609 -0.646122 0.717725
vn 0.428679 -0.724945 0.539156
vn 0.561881 -0.800378 0.209008
vn -0.612740 -0.789756 -0.028898
vn -0.681269 -0.664749 0.306563
vn -0.635772 -0.555196 0.536238
vn -0.671395 -0.687380 0.277016
vn 0.528065 -0.810395 0.253786
vn 0.345591 -0.720034 0.601763
vn 0.439149 -0.741019 0.507975
vn 0.561881 -0.800378 0.209008
vn -0.104268 -0.344834 0.932855
vn -0.316212 -0.090142 0.944396
vn -0.282053 -0.081386 0.955941
vn -0.037322 -0.379075 0.924613
vn -0.612740 -0.789756 -0.028898
vn -0.671395 -0.687380 0.277016
vn -0.632481 -0.661498 0.402974
vn -0.603163 -0.797269 0.023579
vn -0.492719 -0.249888 0.833537
vn -0.295203 0.059649 0.953571
vn -0.261228 0.051703 0.963892
vn -0.440529 -0.211467 0.872477
vn 0.106358 -0.540809 0.834394
vn -0.104268 -0.344834 0.932855
vn -0.037322 -0.379075 0.924613
vn 0.259609 -0.646122 0.717725
vn 0.345591 -0.720034 0.601763
vn 0.106358 -0.540809 0.834394
vn 0.259609 -0.646122 0.717725
vn 0.439149 -0.741019 0.507975
vn -0.635772 -0.555196 0.536238
vn -0.492719 -0.249888 0.833537
vn -0.440529 -0.211467 0.872477
vn -0.566190 -0.430955 0.702642
vn -0.671395 -0.687380 0.277016
vn -0.635772 -0.555196 0.536238
vn -0.566190 -0.430955 0.702642
vn -0.632481 -0.661498 0.402974
vn 0.101714 -0.863549 0.493900
vn -0.053422 -0.680511 0.730788
vn 0.345591 -0.720034 0.601763
vn 0.528065 -0.810395 0.253786
vn -0.204348 -0.221901 0.953416
vn -0.320316 -0.078059 0.944089
vn -0.316212 -0.090142 0.944396
vn -0.104268 -0.344834 0.932855
vn -0.603163 -0.797269 0.023579
vn -0.632481 -0.661498 0.402974
vn -0.307528 -0.636482 0.707331
vn -0.311383 -0.852433 0.419999
vn -0.440529 -0.211467 0.872477
vn -0.261228 0.051703 0.963892
vn -0.257270 0.063888 0.964225
vn -0.361433 -0.084999 0.928516
vn -0.083307 -0.392743 0.915867
vn -0.204348 -0.221901 0.953416
vn -0.104268 -0.344834 0.932855
vn 0.106358 -0.540809 0.834394
vn -0.053422 -0.680511 0.730788
vn -0.083307 -0.392743 0.915867
vn 0.106358 -0.540809 0.834394
vn 0.345591 -0.720034 0.601763
vn -0.566190 -0.430955 0.702642
vn -0.440529 -0.211467 0.872477
vn -0.361433 -0.084999 0.928516
vn -0.436464 -0.274247 0.856906
vn -0.632481 -0.661498 0.402974
vn -0.566190 -0.430955 0.702642
vn -0.436464 -0.274247 0.856906
vn -0.307528 -0.636482 0.707331
vn -0.872758 -0.020959 0.487703
vn -0.804207 0.028276 0.593677
vn -0.799254 -0.159216 0.579519
vn -0.978215 -0.151680 0.141738
vn -0.978215 -0.151680 0.141738
vn -0.799254 -0.159216 0.579519
vn -0.053422 -0.680511 0.730788
vn 0.101714 -0.863549 0.493900
vn -0.407994 0.111396 0.906163
vn -0.511557 0.229684 0.827982
vn -0.320316 -0.078059 0.944089
vn -0.204348 -0.221901 0.953416
vn 0.899659 -0.185967 0.395007
vn 0.465936 -0.141494 0.873432
vn 0.493012 0.039825 0.869111
vn 0.739806 -0.127384 0.660651
vn -0.311383 -0.852433 0.419999
vn -0.307528 -0.636482 0.707331
vn 0.465936 -0.141494 0.873432
vn 0.899659 -0.185967 0.395007
vn -0.361433 -0.084999 0.928516
vn -0.257270 0.063888 0.964225
vn -0.022397 0.361417 0.932135
vn -0.154847 0.248683 0.956127
vn -0.377825 0.036639 0.925152
vn -0.407994 0.111396 0.906163
vn -0.204348 -0.221901 0.953416
vn -0.083307 -0.392743 0.915867
vn -0.799254 -0.159216 0.579519
vn -0.377825 0.036639 0.925152
vn -0.083307 -0.392743 0.915867
vn -0.053422 -0.680511 0.730788
vn -0.436464 -0.274247 0.856906
vn -0.361433 -0.084999 0.928516
vn -0.154847 0.248683 0.956127
vn -0.167033 0.153673 0.973902
vn -0.307528 -0.636482 0.707331
vn -0.436464 -0.274247 0.856906
vn -0.167033 0.153673 0.973902
vn 0.465936 -0.141494 0.873432
vn -0.804207 0.028276 0.593677
vn -0.748569 0.396877 0.531163
vn -0.722176 0.343470 0.600408
vn -0.799254 -0.159216 0.579519
vn -0.552752 0.426122 0.716160
vn -0.627707 0.453997 0.632354
vn -0.511557 0.229684 0.827982
vn -0.407994 0.111396 0.906163
vn 0.465936 -0.141494 0.873432
vn 0.328106 0.424204 0.844037
vn 0.424767 0.459367 0.780099
vn 0.493012 0.039825 0.869111
vn -0.154847 0.248683 0.956127
vn -0.022397 0.361417 0.932135
vn 0.190723 0.562360 0.804596
vn 0.081199 0.542577 0.836072
vn -0.550013 0.360997 0.753105
vn -0.552752 0.426122 0.716160
vn -0.407994 0.111396 0.906163
vn -0.377825 0.036639 0.925152
vn -0.722176 0.343470 0.600408
vn -0.550013 0.360997 0.753105
vn -0.377825 0.036639 0.925152
vn -0.799254 -0.159216 0.579519
vn -0.167033 0.153673 0.973902
vn -0.154847 0.248683 0.956127
vn 0.081199 0.542577 0.836072
vn 0.063030 0.480871 0.874523
vn 0.465936 -0.141494 0.873432
vn -0.167033 0.153673 0.973902
vn 0.063030 0.480871 0.874523
vn 0.328106 0.424204 0.844037
vn -0.748569 0.396877 0.531163
vn -0.662888 0.727725 0.176058
vn -0.651750 0.752814 0.092154
vn -0.722176 0.343470 0.600408
vn -0.552752 0.426122 0.716160
vn -0.599271 0.800369 0.016860
vn -0.688055 0.725447 0.017539
vn -0.627707 0.453997 0.632354
vn 0.328106 0.424204 0.844037
vn 0.533409 0.780542 0.325928
vn 0.539194 0.751143 0.380860
vn 0.424767 0.459367 0.780099
vn 0.590705 0.751077 0.294874
vn 0.696255 0.513153 -0.501900
vn 0.578054 0.485651 -0.655742
vn 0.520102 0.821111 0.235099
vn 0.190723 0.562360 0.804596
vn 0.590705 0.751077 0.294874
vn 0.520102 0.821111 0.235099
vn 0.081199 0.542577 0.836072
vn -0.550013 0.360997 0.753105
vn -0.591504 0.805422 0.037659
vn -0.599271 0.800369 0.016860
vn -0.552752 0.426122 0.716160
vn -0.722176 0.343470 0.600408
vn -0.651750 0.752814 0.092154
vn -0.591504 0.805422 0.037659
vn -0.550013 0.360997 0.753105
vn 0.081199 0.542577 0.836072
vn 0.520102 0.821111 0.235099
vn 0.503844 0.827805 0.246739
vn 0.063030 0.480871 0.874523
vn 0.063030 0.480871 0.874523
vn 0.503844 0.827805 0.246739
vn 0.533409 0.780542 0.325928
vn 0.328106 0.424204 0.844037
vn -0.662888 0.727725 0.176058
vn -0.544249 0.776629 -0.317239
vn -0.362859 0.631697 -0.685050
vn -0.651750 0.752814 0.092154
vn -0.544249 0.776629 -0.317239
vn -0.439917 0.636516 -0.633498
vn -0.331538 0.396478 -0.856089
vn -0.362859 0.631697 -0.685050
vn -0.599271 0.800369 0.016860
vn -0.141469 0.591847 -0.793539
vn -0.325939 0.602693 -0.728371
vn -0.688055 0.725447 0.017539
vn 0.533409 0.780542 0.325928
vn 0.681617 0.557859 -0.473488
vn 0.640232 0.757645 -0.126795
vn 0.539194 0.751143 0.380860
vn 0.681617 0.557859 -0.473488
vn 0.705613 0.314138 -0.635159
vn 0.657623 0.593210 -0.464364
vn 0.640232 0.757645 -0.126795
vn -0.591504 0.805422 0.037659
vn 0.020012 0.567287 -0.823277
vn -0.141469 0.591847 -0.793539
vn -0.599271 0.800369 0.016860
vn -0.651750 0.752814 0.092154
vn -0.362859 0.631697 -0.685050
vn 0.020012 0.567287 -0.823277
vn -0.591504 0.805422 0.037659
vn 0.520102 0.821111 0.235099
vn 0.578054 0.485651 -0.655742
vn 0.453353 0.451812 -0.768334
vn 0.503844 0.827805 0.246739
vn 0.503844 0.827805 0.246739
vn 0.453353 0.451812 -0.768334
vn 0.681617 0.557859 -0.473488
vn 0.533409 0.780542 0.325928
vn -0.362859 0.631697 -0.685050
vn -0.331538 0.396478 -0.856089
vn -0.321937 0.155850 -0.933845
vn -0.063367 0.027408 -0.997614
vn -0.321937 0.155850 -0.933845
vn -0.478632 -0.098476 -0.872476
vn -0.427820 -0.483636 -0.763588
vn -0.063367 0.027408 -0.997614
vn -0.325939 0.602693 -0.728371
vn -0.141469 0.591847 -0.793539
vn 0.102349 0.301800 -0.947861
vn -0.013053 0.322996 -0.946310
vn 0.564883 -0.067577 -0.822399
vn 0.713423 0.089855 -0.694949
vn 0.705613 0.314138 -0.635159
vn 0.681617 0.557859 -0.473488
vn 0.564883 -0.067577 -0.822399
vn 0.679960 -0.454812 -0.575153
vn 0.754364 -0.080154 -0.651545
vn 0.713423 0.089855 -0.694949
vn 0.114609 -0.356161 -0.927369
vn 0.005126 -0.451745 -0.892132
vn 0.448683 0.167640 -0.877827
vn 0.545345 0.193110 -0.815663
vn 0.545345 0.193110 -0.815663
vn 0.448683 0.167640 -0.877827
vn 0.578054 0.485651 -0.655742
vn 0.696255 0.513153 -0.501900
vn -0.141469 0.591847 -0.793539
vn 0.020012 0.567287 -0.823277
vn 0.268505 0.191774 -0.943996
vn 0.102349 0.301800 -0.947861
vn 0.020012 0.567287 -0.823277
vn -0.362859 0.631697 -0.685050
vn -0.063367 0.027408 -0.997614
vn 0.268505 0.191774 -0.943996
vn 0.448683 0.167640 -0.877827
vn 0.297019 0.057186 -0.953158
vn 0.453353 0.451812 -0.768334
vn 0.578054 0.485651 -0.655742
vn 0.297019 0.057186 -0.953158
vn 0.564883 -0.067577 -0.822399
vn 0.681617 0.557859 -0.473488
vn 0.453353 0.451812 -0.768334
vn -0.063367 0.027408 -0.997614
vn -0.427820 -0.483636 -0.763588
vn -0.529778 -0.632313 -0.565257
vn 0.290395 -0.698986 -0.653520
vn -0.529778 -0.632313 -0.565257
vn 0.101714 -0.863549 0.493900
vn 0.290395 -0.698986 -0.653520
vn -0.013053 0.322996 -0.946310
vn 0.102349 0.301800 -0.947861
vn 0.507351 -0.325859 -0.797754
vn 0.431849 -0.221538 -0.874316
vn 0.068863 -0.758226 -0.648345
vn 0.708065 -0.608077 -0.359007
vn 0.679960 -0.454812 -0.575153
vn 0.564883 -0.067577 -0.822399
vn 0.068863 -0.758226 -0.648345
vn -0.311383 -0.852433 0.419999
vn 0.708065 -0.608077 -0.359007
vn 0.102349 0.301800 -0.947861
vn 0.268505 0.191774 -0.943996
vn 0.510082 -0.429658 -0.745125
vn 0.507351 -0.325859 -0.797754
vn 0.268505 0.191774 -0.943996
vn -0.063367 0.027408 -0.997614
vn 0.290395 -0.698986 -0.653520
vn 0.510082 -0.429658 -0.745125
vn 0.005126 -0.451745 -0.892132
vn -0.036848 -0.540353 -0.840631
vn 0.297019 0.057186 -0.953158
vn 0.448683 0.167640 -0.877827
vn -0.036848 -0.540353 -0.840631
vn 0.068863 -0.758226 -0.648345
vn 0.564883 -0.067577 -0.822399
vn 0.297019 0.057186 -0.953158
vn 0.621924 -0.766553 -0.160021
vn 0.528065 -0.810395 0.253786
vn 0.561881 -0.800378 0.209008
vn 0.621369 -0.779126 -0.082848
vn 0.290395 -0.698986 -0.653520
vn 0.101714 -0.863549 0.493900
vn 0.528065 -0.810395 0.253786
vn 0.621924 -0.766553 -0.160021
vn 0.431849 -0.221538 -0.874316
vn 0.507351 -0.325859 -0.797754
vn 0.614481 -0.579656 -0.535175
vn 0.458108 -0.302828 -0.835723
vn -0.458694 -0.806467 -0.373109
vn -0.603163 -0.797269 0.023579
vn -0.311383 -0.852433 0.419999
vn 0.068863 -0.758226 -0.648345
vn 0.068084 -0.432520 -0.899050
vn -0.237890 -0.672581 -0.700745
vn 0.005126 -0.451745 -0.892132
vn 0.114609 -0.356161 -0.927369
vn 0.510082 -0.429658 -0.745125
vn 0.290395 -0.698986 -0.653520
vn 0.621924 -0.766553 -0.160021
vn 0.638713 -0.659456 -0.396438
vn 0.507351 -0.325859 -0.797754
vn 0.510082 -0.429658 -0.745125
vn 0.638713 -0.659456 -0.396438
vn 0.614481 -0.579656 -0.535175
vn -0.339455 -0.731410 -0.591447
vn -0.458694 -0.806467 -0.373109
vn 0.068863 -0.758226 -0.648345
vn -0.036848 -0.540353 -0.840631
vn -0.237890 -0.672581 -0.700745
vn -0.339455 -0.731410 -0.591447
vn -0.036848 -0.540353 -0.840631
vn 0.005126 -0.451745 -0.892132
vn 0.458108 -0.302828 -0.835723
vn 0.614481 -0.579656 -0.535175
vn 0.601594 -0.640961 -0.476712
vn 0.457413 -0.345555 -0.819368
vn -0.501008 -0.810239 -0.304143
vn -0.612740 -0.789756 -0.028898
vn -0.603163 -0.797269 0.023579
vn -0.458694 -0.806467 -0.373109
vn 0.059215 -0.473616 -0.878739
vn -0.261122 -0.725217 -0.637084
vn -0.237890 -0.672581 -0.700745
vn 0.068084 -0.432520 -0.899050
vn 0.638713 -0.659456 -0.396438
vn 0.621924 -0.766553 -0.160021
vn 0.621369 -0.779126 -0.082848
vn 0.621640 -0.713044 -0.324240
vn 0.614481 -0.579656 -0.535175
vn 0.638713 -0.659456 -0.396438
vn 0.621640 -0.713044 -0.324240
vn 0.601594 -0.640961 -0.476712
vn -0.366058 -0.777491 -0.511379
vn -0.501008 -0.810239 -0.304143
vn -0.458694 -0.806467 -0.373109
vn -0.339455 -0.731410 -0.591447
vn -0.261122 -0.725217 -0.637084
vn -0.366058 -0.777491 -0.511379
vn -0.339455 -0.731410 -0.591447
vn -0.237890 -0.672581 -0.700745
vn 0.621369 -0.779126 -0.082848
vn 0.561881 -0.800378 0.209008
vn 0.574376 -0.812984 0.095652
vn 0.589647 -0.790076 -0.167620
vn 0.457413 -0.345555 -0.819368
vn 0.601594 -0.640961 -0.476712
vn 0.540072 -0.654445 -0.529173
vn 0.405256 -0.394761 -0.824579
vn -0.428070 -0.831659 -0.353695
vn -0.560912 -0.818264 -0.125789
vn -0.612740 -0.789756 -0.028898
vn -0.501008 -0.810239 -0.304143
vn 0.105631 -0.522702 -0.845946
vn -0.179825 -0.744396 -0.643069
vn -0.261122 -0.725217 -0.637084
vn 0.059215 -0.473616 -0.878739
vn 0.601594 -0.640961 -0.476712
vn 0.621640 -0.713044 -0.324240
vn 0.573190 -0.720080 -0.391072
vn 0.540072 -0.654445 -0.529173
vn 0.621640 -0.713044 -0.324240
vn 0.621369 -0.779126 -0.082848
vn 0.589647 -0.790076 -0.167620
vn 0.573190 -0.720080 -0.391072
vn -0.179825 -0.744396 -0.643069
vn -0.286926 -0.792895 -0.537579
vn -0.366058 -0.777491 -0.511379
vn -0.261122 -0.725217 -0.637084
vn -0.286926 -0.792895 -0.537579
vn -0.428070 -0.831659 -0.353695
vn -0.501008 -0.810239 -0.304143
vn -0.366058 -0.777491 -0.511379
vn 0.589647 -0.790076 -0.167620
vn 0.574376 -0.812984 0.095652
vn 0.607410 -0.790650 0.076974
vn 0.592979 -0.780154 -0.199336
vn 0.405256 -0.394761 -0.824579
vn 0.540072 -0.654445 -0.529173
vn 0.514017 -0.669035 -0.536823
vn 0.354659 -0.455101 -0.816762
vn -0.410351 -0.828398 -0.381272
vn -0.574193 -0.802779 -0.160777
vn -0.560912 -0.818264 -0.125789
vn -0.428070 -0.831659 -0.353695
vn 0.142997 -0.578591 -0.802985
vn -0.151715 -0.759979 -0.631993
vn -0.179825 -0.744396 -0.643069
vn 0.105631 -0.522702 -0.845946
vn 0.540072 -0.654445 -0.529173
vn 0.573190 -0.720080 -0.391072
vn 0.552108 -0.722022 -0.416966
vn 0.514017 -0.669035 -0.536823
vn 0.573190 -0.720080 -0.391072
vn 0.589647 -0.790076 -0.167620
vn 0.592979 -0.780154 -0.199336
vn 0.552108 -0.722022 -0.416966
vn -0.151715 -0.759979 -0.631993
vn -0.251709 -0.798949 -0.546189
vn -0.286926 -0.792895 -0.537579
vn -0.179825 -0.744396 -0.643069
vn -0.251709 -0.798949 -0.546189
vn -0.410351 -0.828398 -0.381272
vn -0.428070 -0.831659 -0.353695
vn -0.286926 -0.792895 -0.537579
vn 0.592979 -0.780154 -0.199336
vn 0.607410 -0.790650 0.076974
vn 0.675232 -0.737597 0.003535
vn 0.657088 -0.719170 -0.225898
vn 0.354659 -0.455101 -0.816762
vn 0.514017 -0.669035 -0.536823
vn 0.547308 -0.613315 -0.569472
vn 0.317364 -0.402728 -0.858540
vn -0.444696 -0.776491 -0.446438
vn -0.586038 -0.765606 -0.265342
vn -0.574193 -0.802779 -0.160777
vn -0.410351 -0.828398 -0.381272
vn 0.198907 -0.528031 -0.825602
vn -0.159064 -0.710829 -0.685143
vn -0.151715 -0.759979 -0.631993
vn 0.142997 -0.578591 -0.802985
vn 0.514017 -0.669035 -0.536823
vn 0.552108 -0.722022 -0.416966
vn 0.600433 -0.660423 -0.450911
vn 0.547308 -0.613315 -0.569472
vn 0.552108 -0.722022 -0.416966
vn 0.592979 -0.780154 -0.199336
vn 0.657088 -0.719170 -0.225898
vn 0.600433 -0.660423 -0.450911
vn -0.159064 -0.710829 -0.685143
vn -0.270527 -0.745285 -0.609397
vn -0.251709 -0.798949 -0.546189
vn -0.151715 -0.759979 -0.631993
vn -0.270527 -0.745285 -0.609397
vn -0.444696 -0.776491 -0.446438
vn -0.410351 -0.828398 -0.381272
vn -0.251709 -0.798949 -0.546189
vn 0.657088 -0.719170 -0.225898
vn 0.675232 -0.737597 0.003535
vn 0.503589 -0.861915 -0.059164
vn 0.519950 -0.783835 -0.339492
vn 0.317364 -0.402728 -0.858540
vn 0.547308 -0.613315 -0.569472
vn 0.361996 -0.629714 -0.687328
vn 0.100747 -0.387201 -0.916474
vn -0.268080 -0.848436 -0.456388
vn -0.410584 -0.888257 -0.205961
vn -0.586038 -0.765606 -0.265342
vn -0.444696 -0.776491 -0.446438
vn 0.411803 -0.506698 -0.757414
vn 0.060484 -0.732101 -0.678505
vn -0.159064 -0.710829 -0.685143
vn 0.198907 -0.528031 -0.825602
vn 0.547308 -0.613315 -0.569472
vn 0.600433 -0.660423 -0.450911
vn 0.419691 -0.689376 -0.590441
vn 0.361996 -0.629714 -0.687328
vn 0.600433 -0.660423 -0.450911
vn 0.657088 -0.719170 -0.225898
vn 0.519950 -0.783835 -0.339492
vn 0.419691 -0.689376 -0.590441
vn 0.060484 -0.732101 -0.678505
vn -0.043620 -0.782658 -0.620922
vn -0.270527 -0.745285 -0.609397
vn -0.159064 -0.710829 -0.685143
vn -0.043620 -0.782658 -0.620922
vn -0.268080 -0.848436 -0.456388
vn -0.444696 -0.776491 -0.446438
vn -0.270527 -0.745285 -0.609397
vn -0.096344 -0.151657 0.983727
vn -0.493786 0.235819 0.836998
vn -0.567129 0.094563 0.818182
vn -0.200838 -0.252590 0.946500
vn 0.313625 -0.466725 0.826926
vn -0.096344 -0.151657 0.983727
vn -0.200838 -0.252590 0.946500
vn 0.195842 -0.530140 0.824983
vn 0.363406 -0.806388 0.466556
vn 0.195842 -0.530140 0.824983
vn -0.200838 -0.252590 0.946500
vn -0.072048 -0.870990 0.485990
vn -0.631667 -0.429473 0.645407
vn -0.355594 -0.102744 0.928976
vn -0.463524 -0.022559 0.885797
vn -0.728970 -0.372992 0.574003
vn -0.278026 -0.782991 0.556441
vn -0.355594 -0.102744 0.928976
vn -0.631667 -0.429473 0.645407
vn -0.581420 -0.757627 0.296566
vn -0.216183 -0.028873 -0.975926
vn 0.100747 -0.387201 -0.916474
vn -0.384439 -0.332073 -0.861356
vn -0.525234 -0.028691 -0.850474
vn -0.643971 0.424198 -0.636676
vn -0.216183 -0.028873 -0.975926
vn -0.525234 -0.028691 -0.850474
vn -0.821216 0.328162 -0.466813
vn -0.812769 0.582585 0.000610
vn -0.643971 0.424198 -0.636676
vn -0.821216 0.328162 -0.466813
vn -0.900047 0.428822 0.077637
vn -0.729031 0.477838 0.490087
vn -0.812769 0.582585 0.000610
vn -0.900047 0.428822 0.077637
vn -0.771148 0.321954 0.549251
vn -0.953225 0.127933 0.273853
vn -0.771148 0.321954 0.549251
vn -0.900047 0.428822 0.077637
vn 0.951231 0.308350 -0.008923
vn 0.898124 -0.100388 -0.428130
vn 0.718482 -0.143627 -0.680555
vn 0.900931 0.368965 -0.228448
vn 0.715511 0.489850 0.498087
vn 0.951231 0.308350 -0.008923
vn 0.900931 0.368965 -0.228448
vn 0.695050 0.618443 0.366651
vn -0.821216 0.328162 -0.466813
vn -0.525234 -0.028691 -0.850474
vn -0.958657 -0.026260 -0.283350
vn -0.900047 0.428822 0.077637
vn -0.821216 0.328162 -0.466813
vn -0.958657 -0.026260 -0.283350
vn -0.953225 0.127933 0.273853
vn -0.567129 0.094563 0.818182
vn -0.771148 0.321954 0.549251
vn -0.953225 0.127933 0.273853
vn -0.871641 -0.114655 0.476547
vn -0.525234 -0.028691 -0.850474
vn -0.384439 -0.332073 -0.861356
vn -0.923291 -0.264185 -0.278818
vn -0.958657 -0.026260 -0.283350
vn -0.953225 0.127933 0.273853
vn -0.958657 -0.026260 -0.283350
vn -0.923291 -0.264185 -0.278818
vn -0.871641 -0.114655 0.476547
vn 0.100747 -0.387201 -0.916474
vn 0.361996 -0.629714 -0.687328
vn -0.221875 -0.619614 -0.752895
vn -0.384439 -0.332073 -0.861356
vn -0.200838 -0.252590 0.946500
vn -0.567129 0.094563 0.818182
vn -0.871641 -0.114655 0.476547
vn -0.760957 -0.313664 0.567943
vn 0.683098 -0.630062 -0.369322
vn 0.472001 -0.783645 -0.403876
vn -0.043620 -0.782658 -0.620922
vn 0.060484 -0.732101 -0.678505
vn -0.384439 -0.332073 -0.861356
vn -0.221875 -0.619614 -0.752895
vn -0.814592 -0.547378 -0.191878
vn -0.923291 -0.264185 -0.278818
vn -0.760957 -0.313664 0.567943
vn -0.871641 -0.114655 0.476547
vn -0.923291 -0.264185 -0.278818
vn -0.814592 -0.547378 -0.191878
vn 0.361996 -0.629714 -0.687328
vn 0.419691 -0.689376 -0.590441
vn -0.035426 -0.727650 -0.685033
vn -0.221875 -0.619614 -0.752895
vn 0.419691 -0.689376 -0.590441
vn 0.519950 -0.783835 -0.339492
vn 0.124572 -0.866323 -0.483701
vn -0.035426 -0.727650 -0.685033
vn -0.200838 -0.252590 0.946500
vn -0.760957 -0.313664 0.567943
vn -0.571916 -0.709200 0.412248
vn -0.571916 -0.709200 0.412248
vn -0.072048 -0.870990 0.485990
vn -0.200838 -0.252590 0.946500
vn -0.355594 -0.102744 0.928976
vn -0.278026 -0.782991 0.556441
vn 0.188944 -0.377053 0.906714
vn 0.519950 -0.783835 -0.339492
vn 0.503589 -0.861915 -0.059164
vn 0.138924 -0.984784 -0.104403
vn 0.124572 -0.866323 -0.483701
vn 0.503589 -0.861915 -0.059164
vn 0.363406 -0.806388 0.466556
vn -0.072048 -0.870990 0.485990
vn 0.138924 -0.984784 -0.104403
vn 0.124572 -0.866323 -0.483701
vn 0.138924 -0.984784 -0.104403
vn -0.519787 -0.830848 -0.198781
vn -0.035426 -0.727650 -0.685033
vn 0.138924 -0.984784 -0.104403
vn -0.072048 -0.870990 0.485990
vn -0.571916 -0.709200 0.412248
vn -0.519787 -0.830848 -0.198781
vn -0.221875 -0.619614 -0.752895
vn -0.035426 -0.727650 -0.685033
vn -0.519787 -0.830848 -0.198781
vn -0.814592 -0.547378 -0.191878
vn -0.571916 -0.709200 0.412248
vn -0.760957 -0.313664 0.567943
vn -0.814592 -0.547378 -0.191878
vn -0.519787 -0.830848 -0.198781
vn -0.127768 -0.990609 -0.048663
vn -0.278026 -0.782991 0.556441
vn -0.581420 -0.757627 0.296566
vn -0.410584 -0.888257 -0.205961
vn 0.898124 -0.100388 -0.428130
vn 0.754183 -0.427520 -0.498432
vn 0.411803 -0.506698 -0.757414
vn 0.718482 -0.143627 -0.680555
vn -0.355594 -0.102744 0.928976
vn 0.030168 0.243034 0.969549
vn -0.040881 0.363818 0.930573
vn -0.463524 -0.022559 0.885797
vn 0.754183 -0.427520 -0.498432
vn 0.683098 -0.630062 -0.369322
vn 0.060484 -0.732101 -0.678505
vn 0.411803 -0.506698 -0.757414
vn 0.977230 0.028841 0.210215
vn 0.898124 -0.100388 -0.428130
vn 0.951231 0.308350 -0.008923
vn 0.977230 0.028841 0.210215
vn 0.959142 -0.156315 0.235822
vn 0.754183 -0.427520 -0.498432
vn 0.898124 -0.100388 -0.428130
vn 0.688366 0.288871 0.665361
vn 0.977230 0.028841 0.210215
vn 0.951231 0.308350 -0.008923
vn 0.715511 0.489850 0.498087
vn 0.688366 0.288871 0.665361
vn 0.715511 0.489850 0.498087
vn 0.359185 0.440503 0.822766
vn 0.030168 0.243034 0.969549
vn 0.359185 0.440503 0.822766
vn 0.351844 0.574640 0.738914
vn -0.040881 0.363818 0.930573
vn 0.959142 -0.156315 0.235822
vn 0.887942 -0.330293 0.320104
vn 0.683098 -0.630062 -0.369322
vn 0.754183 -0.427520 -0.498432
vn 0.490653 0.121700 0.862814
vn 0.688366 0.288871 0.665361
vn 0.359185 0.440503 0.822766
vn 0.030168 0.243034 0.969549
vn 0.490653 0.121700 0.862814
vn 0.959142 -0.156315 0.235822
vn 0.977230 0.028841 0.210215
vn 0.688366 0.288871 0.665361
vn 0.404407 -0.045214 0.913461
vn 0.490653 0.121700 0.862814
vn 0.030168 0.243034 0.969549
vn -0.355594 -0.102744 0.928976
vn 0.887942 -0.330293 0.320104
vn 0.959142 -0.156315 0.235822
vn 0.490653 0.121700 0.862814
vn 0.404407 -0.045214 0.913461
vn 0.340162 -0.269292 0.900984
vn 0.404407 -0.045214 0.913461
vn -0.355594 -0.102744 0.928976
vn 0.188944 -0.377053 0.906714
vn 0.733890 -0.589513 0.337461
vn 0.887942 -0.330293 0.320104
vn 0.404407 -0.045214 0.913461
vn 0.340162 -0.269292 0.900984
vn 0.887942 -0.330293 0.320104
vn 0.733890 -0.589513 0.337461
vn 0.472001 -0.783645 -0.403876
vn 0.683098 -0.630062 -0.369322
vn 0.144113 -0.921956 -0.359483
vn -0.127768 -0.990609 -0.048663
vn -0.410584 -0.888257 -0.205961
vn -0.268080 -0.848436 -0.456388
vn 0.472001 -0.783645 -0.403876
vn 0.144113 -0.921956 -0.359483
vn -0.268080 -0.848436 -0.456388
vn -0.043620 -0.782658 -0.620922
vn 0.467789 -0.818771 0.332849
vn -0.127768 -0.990609 -0.048663
vn 0.144113 -0.921956 -0.359483
vn 0.733890 -0.589513 0.337461
vn 0.467789 -0.818771 0.332849
vn 0.144113 -0.921956 -0.359483
vn 0.472001 -0.783645 -0.403876
vn 0.733890 -0.589513 0.337461
vn 0.340162 -0.269292 0.900984
vn 0.188944 -0.377053 0.906714
vn 0.467789 -0.818771 0.332849
vn 0.467789 -0.818771 0.332849
vn 0.188944 -0.377053 0.906714
vn -0.278026 -0.782991 0.556441
vn -0.127768 -0.990609 -0.048663
vn -0.773446 -0.200458 0.601330
vn -0.773446 -0.200458 0.601330
vn -0.773446 -0.200458 0.601330
vn -0.773446 -0.200458 0.601330
vn 0.905246 -0.116120 0.408711
vn 0.757498 -0.086340 0.647103
vn 0.667923 -0.239325 0.704700
vn 0.775334 -0.332857 0.536715
vn 0.014376 -0.128485 0.991607
vn 0.001654 -0.019615 0.999806
vn -0.059749 -0.013988 0.998115
vn -0.061327 -0.165598 0.984285
vn 0.060810 -0.165501 0.984333
vn 0.059267 -0.013986 0.998144
vn -0.002238 -0.019620 0.999805
vn -0.015033 -0.128445 0.991603
vn 0.140046 -0.223702 0.964544
vn 0.155369 -0.000850 0.987856
vn 0.129735 -0.003548 0.991542
vn 0.122259 -0.211502 0.969701
vn -0.122694 -0.211650 0.969614
vn -0.130165 -0.003596 0.991486
vn -0.155766 -0.000940 0.987794
vn -0.140452 -0.223863 0.964447
vn 0.122259 -0.211502 0.969701
vn 0.129735 -0.003548 0.991542
vn 0.059267 -0.013986 0.998144
vn 0.060810 -0.165501 0.984333
vn -0.061327 -0.165598 0.984285
vn -0.059749 -0.013988 0.998115
vn -0.130165 -0.003596 0.991486
vn -0.122694 -0.211650 0.969614
vn 0.059267 -0.013986 0.998144
vn 0.031006 0.149390 0.988292
vn -0.029088 0.125911 0.991615
vn -0.002238 -0.019620 0.999805
vn 0.155369 -0.000850 0.987856
vn 0.122837 0.195280 0.973025
vn 0.098839 0.187206 0.977335
vn 0.129735 -0.003548 0.991542
vn 0.001654 -0.019615 0.999806
vn 0.028474 0.125978 0.991624
vn -0.031483 0.149463 0.988266
vn -0.059749 -0.013988 0.998115
vn -0.130165 -0.003596 0.991486
vn -0.099243 0.187261 0.977284
vn -0.123221 0.195299 0.972972
vn -0.155766 -0.000940 0.987794
vn 0.129735 -0.003548 0.991542
vn 0.098839 0.187206 0.977335
vn 0.031006 0.149390 0.988292
vn 0.059267 -0.013986 0.998144
vn -0.059749 -0.013988 0.998115
vn -0.031483 0.149463 0.988266
vn -0.099243 0.187261 0.977284
vn -0.130165 -0.003596 0.991486
vn -0.757960 -0.086528 0.646536
vn -0.715988 0.115767 0.688447
vn -0.867606 0.134848 0.478620
vn -0.905503 -0.116303 0.408090
vn 0.905246 -0.116120 0.408711
vn 0.867297 0.135063 0.479119
vn 0.715502 0.116026 0.688909
vn 0.757498 -0.086340 0.647103
vn -0.855912 -0.455453 0.244902
vn -0.775688 -0.333027 0.536099
vn -0.905503 -0.116303 0.408090
vn -0.988839 -0.146244 0.028470
vn -0.905503 -0.116303 0.408090
vn -0.867606 0.134848 0.478620
vn -0.977157 0.191916 0.091278
vn -0.988839 -0.146244 0.028470
vn -0.865278 -0.483312 0.133058
vn -0.855912 -0.455453 0.244902
vn -0.988839 -0.146244 0.028470
vn -0.982923 -0.157417 -0.095297
vn -0.975675 0.211014 -0.059427
vn -0.982923 -0.157417 -0.095297
vn -0.988839 -0.146244 0.028470
vn -0.977157 0.191916 0.091278
vn 0.988820 -0.146243 0.029126
vn 0.905246 -0.116120 0.408711
vn 0.775334 -0.332857 0.536715
vn 0.855768 -0.455356 0.245587
vn 0.988820 -0.146243 0.029126
vn 0.977108 0.191946 0.091739
vn 0.867297 0.135063 0.479119
vn 0.905246 -0.116120 0.408711
vn 0.982973 -0.157489 -0.094662
vn 0.988820 -0.146243 0.029126
vn 0.855768 -0.455356 0.245587
vn 0.865204 -0.483255 0.133737
vn 0.977108 0.191946 0.091739
vn 0.988820 -0.146243 0.029126
vn 0.982973 -0.157489 -0.094662
vn 0.975713 0.210949 -0.059033
vn -0.794394 0.503321 0.340010
vn -0.803373 0.545077 0.239757
vn -0.975675 0.211014 -0.059427
vn -0.977157 0.191916 0.091278
vn -0.573757 0.599024 0.558545
vn -0.575306 0.651376 0.494704
vn -0.803373 0.545077 0.239757
vn -0.794394 0.503321 0.340010
vn -0.723488 0.361512 0.588110
vn -0.794394 0.503321 0.340010
vn -0.977157 0.191916 0.091278
vn -0.867606 0.134848 0.478620
vn 0.867297 0.135063 0.479119
vn 0.977108 0.191946 0.091739
vn 0.795544 0.501400 0.340159
vn 0.722653 0.361728 0.589004
vn -0.497768 0.463763 0.732906
vn -0.573757 0.599024 0.558545
vn -0.794394 0.503321 0.340010
vn -0.723488 0.361512 0.588110
vn -0.601057 0.269470 0.752407
vn -0.723488 0.361512 0.588110
vn -0.867606 0.134848 0.478620
vn -0.715988 0.115767 0.688447
vn 0.715502 0.116026 0.688909
vn 0.867297 0.135063 0.479119
vn 0.722653 0.361728 0.589004
vn 0.600518 0.269818 0.752712
vn -0.449968 0.343939 0.824157
vn -0.497768 0.463763 0.732906
vn -0.723488 0.361512 0.588110
vn -0.601057 0.269470 0.752407
vn 0.600518 0.269818 0.752712
vn 0.722653 0.361728 0.589004
vn 0.504379 0.461298 0.729936
vn 0.448437 0.337019 0.827842
vn -0.380000 0.207802 0.901343
vn -0.449968 0.343939 0.824157
vn -0.601057 0.269470 0.752407
vn -0.476471 0.173773 0.861846
vn 0.475792 0.174062 0.862163
vn 0.600518 0.269818 0.752712
vn 0.448437 0.337019 0.827842
vn 0.383598 0.206820 0.900043
vn -0.523865 0.077695 0.848251
vn -0.476471 0.173773 0.861846
vn -0.601057 0.269470 0.752407
vn -0.715988 0.115767 0.688447
vn 0.715502 0.116026 0.688909
vn 0.600518 0.269818 0.752712
vn 0.475792 0.174062 0.862163
vn 0.523211 0.077924 0.848633
vn -0.397647 0.071347 0.914760
vn -0.380000 0.207802 0.901343
vn -0.476471 0.173773 0.861846
vn -0.523865 0.077695 0.848251
vn 0.523211 0.077924 0.848633
vn 0.475792 0.174062 0.862163
vn 0.383598 0.206820 0.900043
vn 0.399788 0.068629 0.914035
vn -0.553909 -0.035058 0.831839
vn -0.523865 0.077695 0.848251
vn -0.715988 0.115767 0.688447
vn -0.757960 -0.086528 0.646536
vn 0.757498 -0.086340 0.647103
vn 0.715502 0.116026 0.688909
vn 0.523211 0.077924 0.848633
vn 0.553278 -0.034891 0.832266
vn -0.415625 -0.037679 0.908755
vn -0.397647 0.071347 0.914760
vn -0.523865 0.077695 0.848251
vn -0.553909 -0.035058 0.831839
vn 0.553278 -0.034891 0.832266
vn 0.523211 0.077924 0.848633
vn 0.399788 0.068629 0.914035
vn 0.414892 -0.037585 0.909094
vn -0.515666 -0.131824 0.846588
vn -0.553909 -0.035058 0.831839
vn -0.757960 -0.086528 0.646536
vn -0.668457 -0.239435 0.704156
vn 0.667923 -0.239325 0.704700
vn 0.757498 -0.086340 0.647103
vn 0.553278 -0.034891 0.832266
vn 0.514996 -0.131721 0.847012
vn -0.394513 -0.135289 0.908877
vn -0.415625 -0.037679 0.908755
vn -0.553909 -0.035058 0.831839
vn -0.515666 -0.131824 0.846588
vn 0.514996 -0.131721 0.847012
vn 0.553278 -0.034891 0.832266
vn 0.414892 -0.037585 0.909094
vn 0.393759 -0.135230 0.909212
vn -0.368308 -0.271931 0.889046
vn -0.394513 -0.135289 0.908877
vn -0.515666 -0.131824 0.846588
vn -0.468929 -0.258928 0.844430
vn 0.468249 -0.258848 0.844832
vn 0.514996 -0.131721 0.847012
vn 0.393759 -0.135230 0.909212
vn 0.367577 -0.271850 0.889373
vn -0.525617 -0.365934 0.767997
vn -0.468929 -0.258928 0.844430
vn -0.515666 -0.131824 0.846588
vn -0.668457 -0.239435 0.704156
vn 0.775334 -0.332857 0.536715
vn 0.667923 -0.239325 0.704700
vn 0.525048 -0.365862 0.768421
vn 0.564714 -0.503528 0.653879
vn 0.667923 -0.239325 0.704700
vn 0.514996 -0.131721 0.847012
vn 0.468249 -0.258848 0.844832
vn 0.525048 -0.365862 0.768421
vn -0.379900 -0.388128 0.839662
vn -0.368308 -0.271931 0.889046
vn -0.468929 -0.258928 0.844430
vn -0.525617 -0.365934 0.767997
vn 0.525048 -0.365862 0.768421
vn 0.468249 -0.258848 0.844832
vn 0.367577 -0.271850 0.889373
vn 0.379272 -0.388065 0.839975
vn -0.565131 -0.503658 0.653418
vn -0.525617 -0.365934 0.767997
vn -0.668457 -0.239435 0.704156
vn -0.775688 -0.333027 0.536099
vn -0.379757 -0.522844 0.763164
vn -0.379900 -0.388128 0.839662
vn -0.525617 -0.365934 0.767997
vn -0.565131 -0.503658 0.653418
vn 0.564714 -0.503528 0.653879
vn 0.525048 -0.365862 0.768421
vn 0.379272 -0.388065 0.839975
vn 0.379274 -0.522788 0.763442
vn -0.595488 -0.630138 0.498317
vn -0.565131 -0.503658 0.653418
vn -0.775688 -0.333027 0.536099
vn -0.855912 -0.455453 0.244902
vn 0.855768 -0.455356 0.245587
vn 0.775334 -0.332857 0.536715
vn 0.564714 -0.503528 0.653879
vn 0.595213 -0.630029 0.498784
vn -0.379021 -0.650344 0.658328
vn -0.379757 -0.522844 0.763164
vn -0.565131 -0.503658 0.653418
vn -0.595488 -0.630138 0.498317
vn 0.595213 -0.630029 0.498784
vn 0.564714 -0.503528 0.653879
vn 0.379274 -0.522788 0.763442
vn 0.378667 -0.650304 0.658571
vn -0.371119 -0.690672 0.620680
vn -0.379021 -0.650344 0.658328
vn -0.595488 -0.630138 0.498317
vn -0.589156 -0.667762 0.454960
vn -0.589156 -0.667762 0.454960
vn -0.595488 -0.630138 0.498317
vn -0.855912 -0.455453 0.244902
vn -0.865278 -0.483312 0.133058
vn 0.588926 -0.667679 0.455381
vn 0.595213 -0.630029 0.498784
vn 0.378667 -0.650304 0.658571
vn 0.370815 -0.690623 0.620916
vn 0.865204 -0.483255 0.133737
vn 0.855768 -0.455356 0.245587
vn 0.595213 -0.630029 0.498784
vn 0.588926 -0.667679 0.455381
vn 0.098839 0.187206 0.977335
vn 0.122837 0.195280 0.973025
vn 0.032836 0.369462 0.928666
vn 0.003074 0.372400 0.928067
vn -0.333687 0.602345 0.725144
vn -0.305794 0.630635 0.713295
vn -0.575306 0.651376 0.494704
vn -0.573757 0.599024 0.558545
vn -0.003461 0.372568 0.927998
vn -0.033197 0.369596 0.928599
vn -0.123221 0.195299 0.972972
vn -0.099243 0.187261 0.977284
vn 0.003074 0.372400 0.928067
vn 0.032836 0.369462 0.928666
vn -0.091684 0.512544 0.853752
vn -0.132494 0.505426 0.852637
vn -0.132494 0.505426 0.852637
vn -0.091684 0.512544 0.853752
vn -0.305794 0.630635 0.713295
vn -0.333687 0.602345 0.725144
vn 0.128410 0.511363 0.849717
vn 0.093511 0.513903 0.852737
vn -0.033197 0.369596 0.928599
vn -0.003461 0.372568 0.927998
vn -0.323344 0.476615 0.817489
vn -0.333687 0.602345 0.725144
vn -0.573757 0.599024 0.558545
vn -0.497768 0.463763 0.732906
vn -0.038145 0.288119 0.956835
vn 0.003074 0.372400 0.928067
vn -0.132494 0.505426 0.852637
vn -0.161339 0.400463 0.901997
vn 0.031006 0.149390 0.988292
vn 0.098839 0.187206 0.977335
vn 0.003074 0.372400 0.928067
vn -0.038145 0.288119 0.956835
vn 0.153184 0.395885 0.905434
vn 0.128410 0.511363 0.849717
vn -0.003461 0.372568 0.927998
vn 0.037653 0.288304 0.956798
vn 0.037653 0.288304 0.956798
vn -0.003461 0.372568 0.927998
vn -0.099243 0.187261 0.977284
vn -0.031483 0.149463 0.988266
vn -0.161339 0.400463 0.901997
vn -0.132494 0.505426 0.852637
vn -0.333687 0.602345 0.725144
vn -0.323344 0.476615 0.817489
vn -0.309299 0.356520 0.881605
vn -0.323344 0.476615 0.817489
vn -0.497768 0.463763 0.732906
vn -0.449968 0.343939 0.824157
vn 0.031006 0.149390 0.988292
vn -0.038145 0.288119 0.956835
vn -0.082147 0.239674 0.967372
vn -0.029088 0.125911 0.991615
vn 0.383598 0.206820 0.900043
vn 0.448437 0.337019 0.827842
vn 0.308073 0.334882 0.890474
vn 0.294621 0.222664 0.929311
vn 0.448437 0.337019 0.827842
vn 0.504379 0.461298 0.729936
vn 0.325374 0.480113 0.814631
vn 0.308073 0.334882 0.890474
vn 0.028474 0.125978 0.991624
vn 0.081510 0.239848 0.967383
vn 0.037653 0.288304 0.956798
vn -0.031483 0.149463 0.988266
vn -0.082147 0.239674 0.967372
vn -0.038145 0.288119 0.956835
vn -0.161339 0.400463 0.901997
vn -0.183539 0.300837 0.935847
vn -0.183539 0.300837 0.935847
vn -0.161339 0.400463 0.901997
vn -0.323344 0.476615 0.817489
vn -0.309299 0.356520 0.881605
vn 0.184878 0.296582 0.936941
vn 0.153184 0.395885 0.905434
vn 0.037653 0.288304 0.956798
vn 0.081510 0.239848 0.967383
vn 0.308073 0.334882 0.890474
vn 0.325374 0.480113 0.814631
vn 0.153184 0.395885 0.905434
vn 0.184878 0.296582 0.936941
vn -0.296226 0.237543 0.925107
vn -0.309299 0.356520 0.881605
vn -0.449968 0.343939 0.824157
vn -0.380000 0.207802 0.901343
vn -0.222798 0.187485 0.956666
vn -0.183539 0.300837 0.935847
vn -0.309299 0.356520 0.881605
vn -0.296226 0.237543 0.925107
vn -0.142975 0.157911 0.977048
vn -0.082147 0.239674 0.967372
vn -0.183539 0.300837 0.935847
vn -0.222798 0.187485 0.956666
vn 0.294621 0.222664 0.929311
vn 0.308073 0.334882 0.890474
vn 0.184878 0.296582 0.936941
vn 0.220292 0.188181 0.957110
vn 0.220292 0.188181 0.957110
vn 0.184878 0.296582 0.936941
vn 0.081510 0.239848 0.967383
vn 0.142240 0.158054 0.977132
vn -0.281897 -0.038006 0.958692
vn -0.288597 0.094036 0.952821
vn -0.397647 0.071347 0.914760
vn -0.415625 -0.037679 0.908755
vn -0.288597 0.094036 0.952821
vn -0.296226 0.237543 0.925107
vn -0.380000 0.207802 0.901343
vn -0.397647 0.071347 0.914760
vn -0.029088 0.125911 0.991615
vn -0.082147 0.239674 0.967372
vn -0.142975 0.157911 0.977048
vn -0.112123 0.073867 0.990945
vn 0.399788 0.068629 0.914035
vn 0.383598 0.206820 0.900043
vn 0.294621 0.222664 0.929311
vn 0.287566 0.088070 0.953703
vn 0.111392 0.073908 0.991024
vn 0.142240 0.158054 0.977132
vn 0.081510 0.239848 0.967383
vn 0.028474 0.125978 0.991624
vn -0.212985 0.070386 0.974517
vn -0.222798 0.187485 0.956666
vn -0.296226 0.237543 0.925107
vn -0.288597 0.094036 0.952821
vn -0.112123 0.073867 0.990945
vn -0.142975 0.157911 0.977048
vn -0.222798 0.187485 0.956666
vn -0.212985 0.070386 0.974517
vn 0.287566 0.088070 0.953703
vn 0.294621 0.222664 0.929311
vn 0.220292 0.188181 0.957110
vn 0.210146 0.067652 0.975326
vn 0.210146 0.067652 0.975326
vn 0.220292 0.188181 0.957110
vn 0.142240 0.158054 0.977132
vn 0.111392 0.073908 0.991024
vn -0.002238 -0.019620 0.999805
vn -0.029088 0.125911 0.991615
vn -0.112123 0.073867 0.990945
vn -0.093858 -0.022128 0.995340
vn -0.198923 -0.030434 0.979542
vn -0.212985 0.070386 0.974517
vn -0.288597 0.094036 0.952821
vn -0.281897 -0.038006 0.958692
vn 0.093157 -0.022117 0.995406
vn 0.111392 0.073908 0.991024
vn 0.028474 0.125978 0.991624
vn 0.001654 -0.019615 0.999806
vn 0.281120 -0.037949 0.958922
vn 0.287566 0.088070 0.953703
vn 0.210146 0.067652 0.975326
vn 0.198148 -0.030423 0.979700
vn 0.414892 -0.037585 0.909094
vn 0.399788 0.068629 0.914035
vn 0.287566 0.088070 0.953703
vn 0.281120 -0.037949 0.958922
vn -0.093858 -0.022128 0.995340
vn -0.112123 0.073867 0.990945
vn -0.212985 0.070386 0.974517
vn -0.198923 -0.030434 0.979542
vn 0.198148 -0.030423 0.979700
vn 0.210146 0.067652 0.975326
vn 0.111392 0.073908 0.991024
vn 0.093157 -0.022117 0.995406
vn -0.273626 -0.143670 0.951046
vn -0.281897 -0.038006 0.958692
vn -0.415625 -0.037679 0.908755
vn -0.394513 -0.135289 0.908877
vn -0.015033 -0.128445 0.991603
vn -0.002238 -0.019620 0.999805
vn -0.093858 -0.022128 0.995340
vn -0.100572 -0.099348 0.989957
vn 0.393759 -0.135230 0.909212
vn 0.414892 -0.037585 0.909094
vn 0.281120 -0.037949 0.958922
vn 0.272844 -0.143623 0.951277
vn 0.099823 -0.099341 0.990034
vn 0.093157 -0.022117 0.995406
vn 0.001654 -0.019615 0.999806
vn 0.014376 -0.128485 0.991607
vn -0.194202 -0.116153 0.974061
vn -0.198923 -0.030434 0.979542
vn -0.281897 -0.038006 0.958692
vn -0.273626 -0.143670 0.951046
vn -0.100572 -0.099348 0.989957
vn -0.093858 -0.022128 0.995340
vn -0.198923 -0.030434 0.979542
vn -0.194202 -0.116153 0.974061
vn 0.272844 -0.143623 0.951277
vn 0.281120 -0.037949 0.958922
vn 0.198148 -0.030423 0.979700
vn 0.193425 -0.116131 0.974218
vn 0.193425 -0.116131 0.974218
vn 0.198148 -0.030423 0.979700
vn 0.093157 -0.022117 0.995406
vn 0.099823 -0.099341 0.990034
vn -0.261785 -0.268980 0.926887
vn -0.273626 -0.143670 0.951046
vn -0.394513 -0.135289 0.908877
vn -0.368308 -0.271931 0.889046
vn 0.367577 -0.271850 0.889373
vn 0.393759 -0.135230 0.909212
vn 0.272844 -0.143623 0.951277
vn 0.261046 -0.268914 0.927114
vn -0.112723 -0.196727 0.973957
vn -0.100572 -0.099348 0.989957
vn -0.194202 -0.116153 0.974061
vn -0.186998 -0.230333 0.954976
vn -0.186998 -0.230333 0.954976
vn -0.194202 -0.116153 0.974061
vn -0.273626 -0.143670 0.951046
vn -0.261785 -0.268980 0.926887
vn 0.186234 -0.230304 0.955132
vn 0.193425 -0.116131 0.974218
vn 0.099823 -0.099341 0.990034
vn 0.111984 -0.196737 0.974040
vn 0.261046 -0.268914 0.927114
vn 0.272844 -0.143623 0.951277
vn 0.193425 -0.116131 0.974218
vn 0.186234 -0.230304 0.955132
vn -0.252095 -0.380067 0.889942
vn -0.261785 -0.268980 0.926887
vn -0.368308 -0.271931 0.889046
vn -0.379900 -0.388128 0.839662
vn -0.074489 -0.241715 0.967484
vn -0.112723 -0.196727 0.973957
vn -0.186998 -0.230333 0.954976
vn -0.156836 -0.323961 0.932980
vn -0.074489 -0.241715 0.967484
vn -0.015033 -0.128445 0.991603
vn -0.100572 -0.099348 0.989957
vn -0.112723 -0.196727 0.973957
vn 0.379274 -0.522788 0.763442
vn 0.379272 -0.388065 0.839975
vn 0.251447 -0.380019 0.890146
vn 0.228987 -0.495468 0.837900
vn 0.379272 -0.388065 0.839975
vn 0.367577 -0.271850 0.889373
vn 0.261046 -0.268914 0.927114
vn 0.251447 -0.380019 0.890146
vn 0.156152 -0.323944 0.933101
vn 0.186234 -0.230304 0.955132
vn 0.111984 -0.196737 0.974040
vn 0.073841 -0.241763 0.967522
vn 0.111984 -0.196737 0.974040
vn 0.099823 -0.099341 0.990034
vn 0.014376 -0.128485 0.991607
vn 0.073841 -0.241763 0.967522
vn -0.156836 -0.323961 0.932980
vn -0.186998 -0.230333 0.954976
vn -0.261785 -0.268980 0.926887
vn -0.252095 -0.380067 0.889942
vn 0.251447 -0.380019 0.890146
vn 0.261046 -0.268914 0.927114
vn 0.186234 -0.230304 0.955132
vn 0.156152 -0.323944 0.933101
vn -0.229509 -0.495483 0.837748
vn -0.252095 -0.380067 0.889942
vn -0.379900 -0.388128 0.839662
vn -0.379757 -0.522844 0.763164
vn -0.005726 -0.308911 0.951074
vn 0.060810 -0.165501 0.984333
vn -0.015033 -0.128445 0.991603
vn -0.074489 -0.241715 0.967484
vn 0.073841 -0.241763 0.967522
vn 0.014376 -0.128485 0.991607
vn -0.061327 -0.165598 0.984285
vn 0.005189 -0.309016 0.951043
vn -0.111597 -0.410617 0.904953
vn -0.156836 -0.323961 0.932980
vn -0.252095 -0.380067 0.889942
vn -0.229509 -0.495483 0.837748
vn -0.005726 -0.308911 0.951074
vn -0.074489 -0.241715 0.967484
vn -0.156836 -0.323961 0.932980
vn -0.111597 -0.410617 0.904953
vn 0.228987 -0.495468 0.837900
vn 0.251447 -0.380019 0.890146
vn 0.156152 -0.323944 0.933101
vn 0.111060 -0.410644 0.905007
vn 0.111060 -0.410644 0.905007
vn 0.156152 -0.323944 0.933101
vn 0.073841 -0.241763 0.967522
vn 0.005189 -0.309016 0.951043
vn -0.201643 -0.604663 0.770534
vn -0.229509 -0.495483 0.837748
vn -0.379757 -0.522844 0.763164
vn -0.379021 -0.650344 0.658328
vn 0.122259 -0.211502 0.969701
vn 0.060810 -0.165501 0.984333
vn -0.005726 -0.308911 0.951074
vn 0.057914 -0.378030 0.923980
vn 0.378667 -0.650304 0.658571
vn 0.379274 -0.522788 0.763442
vn 0.228987 -0.495468 0.837900
vn 0.201245 -0.604645 0.770652
vn -0.058364 -0.378184 0.923889
vn 0.005189 -0.309016 0.951043
vn -0.061327 -0.165598 0.984285
vn -0.122694 -0.211650 0.969614
vn -0.065856 -0.507511 0.859125
vn -0.111597 -0.410617 0.904953
vn -0.229509 -0.495483 0.837748
vn -0.201643 -0.604663 0.770534
vn 0.057914 -0.378030 0.923980
vn -0.005726 -0.308911 0.951074
vn -0.111597 -0.410617 0.904953
vn -0.065856 -0.507511 0.859125
vn 0.201245 -0.604645 0.770652
vn 0.228987 -0.495468 0.837900
vn 0.111060 -0.410644 0.905007
vn 0.065428 -0.507563 0.859127
vn 0.065428 -0.507563 0.859127
vn 0.111060 -0.410644 0.905007
vn 0.005189 -0.309016 0.951043
vn -0.058364 -0.378184 0.923889
vn 0.140046 -0.223702 0.964544
vn 0.122259 -0.211502 0.969701
vn 0.057914 -0.378030 0.923980
vn 0.075911 -0.387172 0.918877
vn 0.075911 -0.387172 0.918877
vn 0.057914 -0.378030 0.923980
vn -0.065856 -0.507511 0.859125
vn -0.031250 -0.511043 0.858987
vn -0.031250 -0.511043 0.858987
vn -0.065856 -0.507511 0.859125
vn -0.201643 -0.604663 0.770534
vn -0.181810 -0.634009 0.751650
vn -0.181810 -0.634009 0.751650
vn -0.201643 -0.604663 0.770534
vn -0.379021 -0.650344 0.658328
vn -0.371119 -0.690672 0.620680
vn -0.076330 -0.387343 0.918770
vn -0.058364 -0.378184 0.923889
vn -0.122694 -0.211650 0.969614
vn -0.140452 -0.223863 0.964447
vn 0.030850 -0.511123 0.858953
vn 0.065428 -0.507563 0.859127
vn -0.058364 -0.378184 0.923889
vn -0.076330 -0.387343 0.918770
vn 0.181458 -0.633983 0.751757
vn 0.201245 -0.604645 0.770652
vn 0.065428 -0.507563 0.859127
vn 0.030850 -0.511123 0.858953
vn 0.370815 -0.690623 0.620916
vn 0.378667 -0.650304 0.658571
vn 0.201245 -0.604645 0.770652
vn 0.181458 -0.633983 0.751757
vn 0.325374 0.480113 0.814631
vn 0.338148 0.618572 0.709242
vn 0.128410 0.511363 0.849717
vn 0.153184 0.395885 0.905434
vn 0.504379 0.461298 0.729936
vn 0.576703 0.607786 0.545902
vn 0.338148 0.618572 0.709242
vn 0.325374 0.480113 0.814631
vn 0.722653 0.361728 0.589004
vn 0.795544 0.501400 0.340159
vn 0.576703 0.607786 0.545902
vn 0.504379 0.461298 0.729936
vn 0.576703 0.607786 0.545902
vn 0.576640 0.654336 0.489215
vn 0.312763 0.635548 0.705874
vn 0.338148 0.618572 0.709242
vn 0.338148 0.618572 0.709242
vn 0.312763 0.635548 0.705874
vn 0.093511 0.513903 0.852737
vn 0.128410 0.511363 0.849717
vn 0.977108 0.191946 0.091739
vn 0.975713 0.210949 -0.059033
vn 0.804159 0.544423 0.238604
vn 0.795544 0.501400 0.340159
vn 0.795544 0.501400 0.340159
vn 0.804159 0.544423 0.238604
vn 0.576640 0.654336 0.489215
vn 0.576703 0.607786 0.545902
vn -0.124007 -0.341627 0.931619
vn -0.124007 -0.341627 0.931619
vn -0.124007 -0.341627 0.931619
vn -0.124007 -0.341627 0.931619
vn 0.199346 -0.294286 0.934696
vn 0.238023 -0.297865 0.924457
vn -0.000589 -0.361751 0.932275
vn -0.000825 -0.303175 0.952935
vn -0.000896 -0.424806 0.905284
vn -0.000825 -0.303175 0.952935
vn -0.200451 -0.294710 0.934326
vn -0.210579 -0.389168 0.896775
vn 0.209061 -0.388891 0.897250
vn 0.199346 -0.294286 0.934696
vn -0.000825 -0.303175 0.952935
vn -0.000896 -0.424806 0.905284
vn -0.000705 -0.672137 0.740426
vn -0.000896 -0.424806 0.905284
vn -0.210579 -0.389168 0.896775
vn -0.216058 -0.614385 0.758848
vn 0.214628 -0.614367 0.759269
vn 0.209061 -0.388891 0.897250
vn -0.000896 -0.424806 0.905284
vn -0.000705 -0.672137 0.740426
vn -0.000410 -0.841795 0.539797
vn -0.000705 -0.672137 0.740426
vn -0.216058 -0.614385 0.758848
vn -0.137420 -0.823877 0.549856
vn 0.136605 -0.823985 0.549898
vn 0.214628 -0.614367 0.759269
vn -0.000705 -0.672137 0.740426
vn -0.000410 -0.841795 0.539797
vn 0.197087 -0.769248 -0.607794
vn 0.180858 -0.801263 -0.570322
vn 0.000454 -0.814121 -0.580695
vn 0.000550 -0.765149 -0.643853
vn 0.000550 -0.765149 -0.643853
vn 0.000454 -0.814121 -0.580695
vn -0.179954 -0.801146 -0.570773
vn -0.196020 -0.769108 -0.608317
vn 0.000454 -0.814121 -0.580695
vn 0.000292 -0.930930 -0.365197
vn -0.295056 -0.830219 -0.472947
vn -0.179954 -0.801146 -0.570773
vn -0.196020 -0.769108 -0.608317
vn -0.179954 -0.801146 -0.570773
vn -0.295056 -0.830219 -0.472947
vn -0.328525 -0.774514 -0.540554
vn 0.295810 -0.830271 -0.472384
vn 0.366804 -0.885844 -0.284139
vn 0.000166 -0.976878 -0.213795
vn 0.000292 -0.930930 -0.365197
vn 0.180858 -0.801263 -0.570322
vn 0.295810 -0.830271 -0.472384
vn 0.000292 -0.930930 -0.365197
vn 0.000454 -0.814121 -0.580695
vn 0.329480 -0.774716 -0.539683
vn 0.295810 -0.830271 -0.472384
vn 0.180858 -0.801263 -0.570322
vn 0.197087 -0.769248 -0.607794
vn 0.000292 -0.930930 -0.365197
vn 0.000166 -0.976878 -0.213795
vn -0.368077 -0.884337 -0.287172
vn -0.295056 -0.830219 -0.472947
vn 0.329480 -0.774716 -0.539683
vn 0.548123 -0.741890 -0.386212
vn 0.366804 -0.885844 -0.284139
vn 0.295810 -0.830271 -0.472384
vn -0.295056 -0.830219 -0.472947
vn -0.368077 -0.884337 -0.287172
vn -0.542120 -0.743800 -0.390983
vn -0.328525 -0.774514 -0.540554
vn 0.259467 -0.072559 0.963023
vn 0.236420 -0.024458 0.971343
vn -0.000591 -0.000394 1.000000
vn -0.000464 -0.133362 0.991067
vn 0.238023 -0.297865 0.924457
vn 0.259467 -0.072559 0.963023
vn -0.000464 -0.133362 0.991067
vn -0.000589 -0.361751 0.932275
vn -0.000464 -0.133362 0.991067
vn -0.000591 -0.000394 1.000000
vn -0.236986 -0.024240 0.971211
vn -0.260046 -0.072416 0.962877
vn -0.000589 -0.361751 0.932275
vn -0.000464 -0.133362 0.991067
vn -0.260046 -0.072416 0.962877
vn -0.238763 -0.298523 0.924054
vn 0.236420 -0.024458 0.971343
vn 0.204511 -0.141686 0.968556
vn -0.000429 -0.136864 0.990590
vn -0.000591 -0.000394 1.000000
vn -0.000591 -0.000394 1.000000
vn -0.000429 -0.136864 0.990590
vn -0.205121 -0.142062 0.968372
vn -0.236986 -0.024240 0.971211
vn 0.198454 -0.149650 0.968618
vn 0.181693 -0.055017 0.981815
vn -0.000262 -0.023862 0.999715
vn -0.000199 -0.142478 0.989798
vn -0.000199 -0.142478 0.989798
vn -0.000262 -0.023862 0.999715
vn -0.182268 -0.055073 0.981705
vn -0.198994 -0.149620 0.968512
vn -0.000429 -0.136864 0.990590
vn -0.000199 -0.142478 0.989798
vn -0.198994 -0.149620 0.968512
vn -0.205121 -0.142062 0.968372
vn 0.204511 -0.141686 0.968556
vn 0.198454 -0.149650 0.968618
vn -0.000199 -0.142478 0.989798
vn -0.000429 -0.136864 0.990590
vn -0.555453 -0.219419 0.802077
vn -0.428049 -0.073318 0.900776
vn -0.745903 -0.019821 0.665759
vn -0.859884 -0.189675 0.473944
vn 0.859086 -0.189562 0.475433
vn 0.745163 -0.019661 0.666592
vn 0.427481 -0.073526 0.901029
vn 0.554411 -0.219363 0.802813
vn -0.633676 -0.385360 0.670785
vn -0.555453 -0.219419 0.802077
vn -0.859884 -0.189675 0.473944
vn -0.857391 -0.330712 0.394349
vn 0.856520 -0.330709 0.396238
vn 0.859086 -0.189562 0.475433
vn 0.554411 -0.219363 0.802813
vn 0.632441 -0.385212 0.672034
vn -0.647404 -0.509975 0.566387
vn -0.633676 -0.385360 0.670785
vn -0.857391 -0.330712 0.394349
vn -0.824934 -0.469597 0.314581
vn 0.824041 -0.469545 0.316991
vn 0.856520 -0.330709 0.396238
vn 0.632441 -0.385212 0.672034
vn 0.645386 -0.510453 0.568256
vn -0.767208 -0.588968 0.253985
vn -0.637761 -0.606928 0.474236
vn -0.647404 -0.509975 0.566387
vn -0.824934 -0.469597 0.314581
vn 0.824041 -0.469545 0.316991
vn 0.645386 -0.510453 0.568256
vn 0.633435 -0.608302 0.478256
vn 0.768740 -0.583172 0.262583
vn -0.615290 -0.757273 0.218990
vn -0.553932 -0.739629 0.382241
vn -0.637761 -0.606928 0.474236
vn -0.767208 -0.588968 0.253985
vn 0.768740 -0.583172 0.262583
vn 0.633435 -0.608302 0.478256
vn 0.550989 -0.737282 0.390930
vn 0.608645 -0.760992 0.224595
vn -0.470769 -0.861563 0.189961
vn -0.419750 -0.857481 0.297551
vn -0.553932 -0.739629 0.382241
vn -0.615290 -0.757273 0.218990
vn 0.608645 -0.760992 0.224595
vn 0.550989 -0.737282 0.390930
vn 0.420099 -0.855262 0.303387
vn 0.470000 -0.862565 0.187302
vn -0.217153 -0.955903 0.197721
vn -0.210596 -0.944951 0.250434
vn -0.419750 -0.857481 0.297551
vn -0.470769 -0.861563 0.189961
vn 0.470000 -0.862565 0.187302
vn 0.420099 -0.855262 0.303387
vn 0.213834 -0.943456 0.253310
vn 0.219050 -0.955754 0.196345
vn -0.000074 -0.957387 0.288810
vn -0.000410 -0.841795 0.539797
vn -0.137420 -0.823877 0.549856
vn -0.120444 -0.940519 0.317676
vn 0.120230 -0.940605 0.317502
vn 0.136605 -0.823985 0.549898
vn -0.000410 -0.841795 0.539797
vn -0.000074 -0.957387 0.288810
vn -0.000055 -0.980596 0.196040
vn -0.000024 -0.970029 0.242990
vn -0.210596 -0.944951 0.250434
vn -0.217153 -0.955903 0.197721
vn 0.219050 -0.955754 0.196345
vn 0.213834 -0.943456 0.253310
vn -0.000024 -0.970029 0.242990
vn -0.000055 -0.980596 0.196040
vn 0.554411 -0.219363 0.802813
vn 0.427481 -0.073526 0.901029
vn 0.228962 0.095441 0.968745
vn 0.390054 -0.139892 0.910104
vn -0.238763 -0.298523 0.924054
vn -0.260046 -0.072416 0.962877
vn -0.281342 -0.082586 0.956047
vn -0.267737 -0.279616 0.922026
vn -0.464709 -0.371430 0.803795
vn -0.390635 -0.139739 0.909878
vn -0.555453 -0.219419 0.802077
vn -0.633676 -0.385360 0.670785
vn 0.267106 -0.278684 0.922491
vn 0.280769 -0.082487 0.956224
vn 0.259467 -0.072559 0.963023
vn 0.238023 -0.297865 0.924457
vn 0.632441 -0.385212 0.672034
vn 0.554411 -0.219363 0.802813
vn 0.390054 -0.139892 0.910104
vn 0.463879 -0.370976 0.804483
vn -0.267737 -0.279616 0.922026
vn -0.281342 -0.082586 0.956047
vn -0.327158 -0.078225 0.941726
vn -0.342886 -0.322616 0.882240
vn -0.342886 -0.322616 0.882240
vn -0.327158 -0.078225 0.941726
vn -0.390635 -0.139739 0.909878
vn -0.464709 -0.371430 0.803795
vn 0.342042 -0.321990 0.882796
vn 0.326387 -0.078267 0.941990
vn 0.280769 -0.082487 0.956224
vn 0.267106 -0.278684 0.922491
vn 0.463879 -0.370976 0.804483
vn 0.390054 -0.139892 0.910104
vn 0.326387 -0.078267 0.941990
vn 0.342042 -0.321990 0.882796
vn -0.502940 -0.468568 0.726289
vn -0.464709 -0.371430 0.803795
vn -0.633676 -0.385360 0.670785
vn -0.647404 -0.509975 0.566387
vn -0.200451 -0.294710 0.934326
vn -0.238763 -0.298523 0.924054
vn -0.267737 -0.279616 0.922026
vn -0.290029 -0.315506 0.903515
vn 0.645386 -0.510453 0.568256
vn 0.632441 -0.385212 0.672034
vn 0.463879 -0.370976 0.804483
vn 0.502990 -0.468141 0.726530
vn 0.289279 -0.314685 0.904042
vn 0.267106 -0.278684 0.922491
vn 0.238023 -0.297865 0.924457
vn 0.199346 -0.294286 0.934696
vn -0.401233 -0.408020 0.820080
vn -0.342886 -0.322616 0.882240
vn -0.464709 -0.371430 0.803795
vn -0.502940 -0.468568 0.726289
vn -0.290029 -0.315506 0.903515
vn -0.267737 -0.279616 0.922026
vn -0.342886 -0.322616 0.882240
vn -0.401233 -0.408020 0.820080
vn 0.502990 -0.468141 0.726530
vn 0.463879 -0.370976 0.804483
vn 0.342042 -0.321990 0.882796
vn 0.398461 -0.405092 0.822879
vn 0.398461 -0.405092 0.822879
vn 0.342042 -0.321990 0.882796
vn 0.267106 -0.278684 0.922491
vn 0.289279 -0.314685 0.904042
vn -0.210579 -0.389168 0.896775
vn -0.200451 -0.294710 0.934326
vn -0.290029 -0.315506 0.903515
vn -0.330543 -0.420422 0.844977
vn -0.525648 -0.575196 0.626773
vn -0.502940 -0.468568 0.726289
vn -0.647404 -0.509975 0.566387
vn -0.637761 -0.606928 0.474236
vn 0.329537 -0.419664 0.845747
vn 0.289279 -0.314685 0.904042
vn 0.199346 -0.294286 0.934696
vn 0.209061 -0.388891 0.897250
vn 0.633435 -0.608302 0.478256
vn 0.645386 -0.510453 0.568256
vn 0.502990 -0.468141 0.726530
vn 0.524982 -0.574397 0.628062
vn -0.330543 -0.420422 0.844977
vn -0.290029 -0.315506 0.903515
vn -0.401233 -0.408020 0.820080
vn -0.443995 -0.529676 0.722712
vn -0.443995 -0.529676 0.722712
vn -0.401233 -0.408020 0.820080
vn -0.502940 -0.468568 0.726289
vn -0.525648 -0.575196 0.626773
vn 0.439007 -0.523957 0.729892
vn 0.398461 -0.405092 0.822879
vn 0.289279 -0.314685 0.904042
vn 0.329537 -0.419664 0.845747
vn 0.524982 -0.574397 0.628062
vn 0.502990 -0.468141 0.726530
vn 0.398461 -0.405092 0.822879
vn 0.439007 -0.523957 0.729892
vn -0.216058 -0.614385 0.758848
vn -0.210579 -0.389168 0.896775
vn -0.330543 -0.420422 0.844977
vn -0.342023 -0.620742 0.705478
vn -0.553932 -0.739629 0.382241
vn -0.493121 -0.696627 0.521097
vn -0.525648 -0.575196 0.626773
vn -0.637761 -0.606928 0.474236
vn 0.340900 -0.620417 0.706307
vn 0.329537 -0.419664 0.845747
vn 0.209061 -0.388891 0.897250
vn 0.214628 -0.614367 0.759269
vn 0.633435 -0.608302 0.478256
vn 0.524982 -0.574397 0.628062
vn 0.490886 -0.696452 0.523436
vn 0.550989 -0.737282 0.390930
vn -0.342023 -0.620742 0.705478
vn -0.330543 -0.420422 0.844977
vn -0.443995 -0.529676 0.722712
vn -0.431720 -0.674628 0.598745
vn -0.431720 -0.674628 0.598745
vn -0.443995 -0.529676 0.722712
vn -0.525648 -0.575196 0.626773
vn -0.493121 -0.696627 0.521097
vn 0.426029 -0.670728 0.607144
vn 0.439007 -0.523957 0.729892
vn 0.329537 -0.419664 0.845747
vn 0.340900 -0.620417 0.706307
vn 0.490886 -0.696452 0.523436
vn 0.524982 -0.574397 0.628062
vn 0.439007 -0.523957 0.729892
vn 0.426029 -0.670728 0.607144
vn -0.419750 -0.857481 0.297551
vn -0.409115 -0.820732 0.398779
vn -0.493121 -0.696627 0.521097
vn -0.553932 -0.739629 0.382241
vn -0.210596 -0.944951 0.250434
vn -0.229774 -0.925980 0.299609
vn -0.409115 -0.820732 0.398779
vn -0.419750 -0.857481 0.297551
vn -0.137420 -0.823877 0.549856
vn -0.216058 -0.614385 0.758848
vn -0.342023 -0.620742 0.705478
vn -0.280751 -0.793844 0.539435
vn -0.000074 -0.957387 0.288810
vn -0.120444 -0.940519 0.317676
vn -0.190574 -0.934036 0.302088
vn -0.229774 -0.925980 0.299609
vn -0.000024 -0.970029 0.242990
vn -0.000074 -0.957387 0.288810
vn -0.229774 -0.925980 0.299609
vn -0.210596 -0.944951 0.250434
vn 0.550989 -0.737282 0.390930
vn 0.490886 -0.696452 0.523436
vn 0.408294 -0.821635 0.397758
vn 0.420099 -0.855262 0.303387
vn 0.420099 -0.855262 0.303387
vn 0.408294 -0.821635 0.397758
vn 0.230690 -0.925846 0.299318
vn 0.213834 -0.943456 0.253310
vn 0.279922 -0.793928 0.539743
vn 0.340900 -0.620417 0.706307
vn 0.214628 -0.614367 0.759269
vn 0.136605 -0.823985 0.549898
vn 0.230690 -0.925846 0.299318
vn 0.189817 -0.934329 0.301659
vn 0.120230 -0.940605 0.317502
vn -0.000074 -0.957387 0.288810
vn 0.213834 -0.943456 0.253310
vn 0.230690 -0.925846 0.299318
vn -0.000074 -0.957387 0.288810
vn -0.000024 -0.970029 0.242990
vn -0.229774 -0.925980 0.299609
vn -0.190574 -0.934036 0.302088
vn -0.369138 -0.809851 0.455937
vn -0.409115 -0.820732 0.398779
vn -0.120444 -0.940519 0.317676
vn -0.137420 -0.823877 0.549856
vn -0.280751 -0.793844 0.539435
vn -0.190574 -0.934036 0.302088
vn -0.190574 -0.934036 0.302088
vn -0.280751 -0.793844 0.539435
vn -0.369138 -0.809851 0.455937
vn -0.369138 -0.809851 0.455937
vn -0.431720 -0.674628 0.598745
vn -0.493121 -0.696627 0.521097
vn -0.409115 -0.820732 0.398779
vn -0.280751 -0.793844 0.539435
vn -0.342023 -0.620742 0.705478
vn -0.431720 -0.674628 0.598745
vn -0.369138 -0.809851 0.455937
vn 0.408294 -0.821635 0.397758
vn 0.363372 -0.810870 0.458748
vn 0.189817 -0.934329 0.301659
vn 0.230690 -0.925846 0.299318
vn 0.189817 -0.934329 0.301659
vn 0.279922 -0.793928 0.539743
vn 0.136605 -0.823985 0.549898
vn 0.120230 -0.940605 0.317502
vn 0.363372 -0.810870 0.458748
vn 0.279922 -0.793928 0.539743
vn 0.189817 -0.934329 0.301659
vn 0.408294 -0.821635 0.397758
vn 0.490886 -0.696452 0.523436
vn 0.426029 -0.670728 0.607144
vn 0.363372 -0.810870 0.458748
vn 0.363372 -0.810870 0.458748
vn 0.426029 -0.670728 0.607144
vn 0.340900 -0.620417 0.706307
vn 0.279922 -0.793928 0.539743
vn -0.198994 -0.149620 0.968512
vn -0.182268 -0.055073 0.981705
vn -0.422999 -0.192117 0.885530
vn -0.481480 -0.148362 0.863809
vn 0.480928 -0.148361 0.864117
vn 0.422471 -0.192048 0.885796
vn 0.181693 -0.055017 0.981815
vn 0.198454 -0.149650 0.968618
vn -0.205121 -0.142062 0.968372
vn -0.198994 -0.149620 0.968512
vn -0.481480 -0.148362 0.863809
vn -0.407484 -0.022847 0.912926
vn -0.407484 -0.022847 0.912926
vn -0.481480 -0.148362 0.863809
vn -0.626752 -0.033151 0.778513
vn -0.481480 -0.148362 0.863809
vn -0.422999 -0.192117 0.885530
vn -0.626752 -0.033151 0.778513
vn 0.407050 -0.022415 0.913131
vn 0.480928 -0.148361 0.864117
vn 0.198454 -0.149650 0.968618
vn 0.204511 -0.141686 0.968556
vn 0.626353 -0.033034 0.778839
vn 0.480928 -0.148361 0.864117
vn 0.407050 -0.022415 0.913131
vn 0.626353 -0.033034 0.778839
vn 0.422471 -0.192048 0.885796
vn 0.480928 -0.148361 0.864117
vn -0.236986 -0.024240 0.971211
vn -0.205121 -0.142062 0.968372
vn -0.407484 -0.022847 0.912926
vn -0.351632 0.113569 0.929224
vn -0.260046 -0.072416 0.962877
vn -0.236986 -0.024240 0.971211
vn -0.351632 0.113569 0.929224
vn -0.281342 -0.082586 0.956047
vn -0.351632 0.113569 0.929224
vn -0.407484 -0.022847 0.912926
vn -0.626752 -0.033151 0.778513
vn -0.417235 0.377730 0.826580
vn 0.351218 0.113383 0.929403
vn 0.407050 -0.022415 0.913131
vn 0.204511 -0.141686 0.968556
vn 0.236420 -0.024458 0.971343
vn 0.280769 -0.082487 0.956224
vn 0.351218 0.113383 0.929403
vn 0.236420 -0.024458 0.971343
vn 0.259467 -0.072559 0.963023
vn 0.416697 0.377786 0.826826
vn 0.626353 -0.033034 0.778839
vn 0.407050 -0.022415 0.913131
vn 0.351218 0.113383 0.929403
vn -0.281342 -0.082586 0.956047
vn -0.351632 0.113569 0.929224
vn -0.284866 0.177650 0.941962
vn -0.327158 -0.078225 0.941726
vn -0.351632 0.113569 0.929224
vn -0.417235 0.377730 0.826580
vn -0.148220 0.372087 0.916287
vn -0.284866 0.177650 0.941962
vn 0.326387 -0.078267 0.941990
vn 0.284346 0.177294 0.942186
vn 0.351218 0.113383 0.929403
vn 0.280769 -0.082487 0.956224
vn 0.284346 0.177294 0.942186
vn 0.147904 0.372155 0.916311
vn 0.416697 0.377786 0.826826
vn 0.351218 0.113383 0.929403
vn -0.390635 -0.139739 0.909878
vn -0.229285 0.095770 0.968636
vn -0.428049 -0.073318 0.900776
vn -0.555453 -0.219419 0.802077
vn -0.327158 -0.078225 0.941726
vn -0.284866 0.177650 0.941962
vn -0.229285 0.095770 0.968636
vn -0.390635 -0.139739 0.909878
vn 0.390054 -0.139892 0.910104
vn 0.228962 0.095441 0.968745
vn 0.284346 0.177294 0.942186
vn 0.326387 -0.078267 0.941990
vn -0.428049 -0.073318 0.900776
vn -0.229285 0.095770 0.968636
vn -0.195030 0.039403 0.980005
vn 0.194631 0.039389 0.980085
vn 0.228962 0.095441 0.968745
vn 0.427481 -0.073526 0.901029
vn -0.195030 0.039403 0.980005
vn -0.577974 -0.000419 0.816055
vn -0.745903 -0.019821 0.665759
vn -0.428049 -0.073318 0.900776
vn -0.577974 -0.000419 0.816055
vn -0.195030 0.039403 0.980005
vn -0.001298 -0.132285 0.991211
vn -0.284866 0.177650 0.941962
vn -0.148220 0.372087 0.916287
vn -0.001298 -0.132285 0.991211
vn -0.229285 0.095770 0.968636
vn -0.195030 0.039403 0.980005
vn -0.229285 0.095770 0.968636
vn -0.001298 -0.132285 0.991211
vn 0.427481 -0.073526 0.901029
vn 0.745163 -0.019661 0.666592
vn 0.577443 -0.000227 0.816431
vn 0.194631 0.039389 0.980085
vn 0.000831 -0.131958 0.991255
vn 0.194631 0.039389 0.980085
vn 0.577443 -0.000227 0.816431
vn 0.228962 0.095441 0.968745
vn 0.000831 -0.131958 0.991255
vn 0.147904 0.372155 0.916311
vn 0.284346 0.177294 0.942186
vn 0.000831 -0.131958 0.991255
vn 0.228962 0.095441 0.968745
vn 0.194631 0.039389 0.980085
vn -0.001298 -0.132285 0.991211
vn -0.113510 -0.465562 0.877706
vn -0.436435 -0.153939 0.886469
vn -0.577974 -0.000419 0.816055
vn 0.577443 -0.000227 0.816431
vn 0.435937 -0.153410 0.886806
vn 0.113135 -0.465131 0.877983
vn 0.000831 -0.131958 0.991255
vn -0.113510 -0.465562 0.877706
vn -0.415716 -0.478668 0.773342
vn -0.386280 -0.259742 0.885055
vn -0.436435 -0.153939 0.886469
vn -0.415716 -0.478668 0.773342
vn -0.429513 -0.306419 0.849486
vn -0.382859 -0.294015 0.875771
vn -0.386280 -0.259742 0.885055
vn -0.626752 -0.033151 0.778513
vn -0.415716 -0.478668 0.773342
vn -0.148220 0.372087 0.916287
vn -0.417235 0.377730 0.826580
vn -0.422999 -0.192117 0.885530
vn -0.429513 -0.306419 0.849486
vn -0.415716 -0.478668 0.773342
vn -0.626752 -0.033151 0.778513
vn -0.415716 -0.478668 0.773342
vn -0.113510 -0.465562 0.877706
vn -0.001298 -0.132285 0.991211
vn -0.148220 0.372087 0.916287
vn 0.435937 -0.153410 0.886806
vn 0.385830 -0.259392 0.885354
vn 0.415373 -0.478430 0.773673
vn 0.113135 -0.465131 0.877983
vn 0.385830 -0.259392 0.885354
vn 0.382349 -0.293704 0.876098
vn 0.429109 -0.306222 0.849761
vn 0.415373 -0.478430 0.773673
vn 0.416697 0.377786 0.826826
vn 0.147904 0.372155 0.916311
vn 0.415373 -0.478430 0.773673
vn 0.626353 -0.033034 0.778839
vn 0.626353 -0.033034 0.778839
vn 0.415373 -0.478430 0.773673
vn 0.429109 -0.306222 0.849761
vn 0.422471 -0.192048 0.885796
vn 0.147904 0.372155 0.916311
vn 0.000831 -0.131958 0.991255
vn 0.113135 -0.465131 0.877983
vn 0.415373 -0.478430 0.773673
vn 0.181693 -0.055017 0.981815
vn 0.192792 0.169641 0.966464
vn -0.000296 0.230416 0.973092
vn -0.000262 -0.023862 0.999715
vn -0.000262 -0.023862 0.999715
vn -0.000296 0.230416 0.973092
vn -0.193437 0.169513 0.966358
vn -0.182268 -0.055073 0.981705
vn -0.000213 0.581275 0.813707
vn -0.000088 0.806036 0.591866
vn -0.115691 0.805082 0.581772
vn -0.170657 0.569214 0.804283
vn 0.170131 0.569235 0.804380
vn 0.115404 0.805046 0.581878
vn -0.000088 0.806036 0.591866
vn -0.000213 0.581275 0.813707
vn -0.000296 0.230416 0.973092
vn -0.000213 0.581275 0.813707
vn -0.170657 0.569214 0.804283
vn -0.193437 0.169513 0.966358
vn 0.192792 0.169641 0.966464
vn 0.170131 0.569235 0.804380
vn -0.000213 0.581275 0.813707
vn -0.000296 0.230416 0.973092
vn -0.182268 -0.055073 0.981705
vn -0.193437 0.169513 0.966358
vn -0.308017 0.140590 0.940936
vn -0.422999 -0.192117 0.885530
vn -0.115691 0.805082 0.581772
vn -0.196503 0.804743 0.560157
vn -0.262253 0.577451 0.773159
vn -0.170657 0.569214 0.804283
vn -0.422999 -0.192117 0.885530
vn -0.308017 0.140590 0.940936
vn -0.354385 0.198303 0.913831
vn -0.429513 -0.306419 0.849486
vn 0.382349 -0.293704 0.876098
vn 0.450305 0.316515 0.834892
vn 0.353867 0.198579 0.913972
vn 0.429109 -0.306222 0.849761
vn -0.429513 -0.306419 0.849486
vn -0.354385 0.198303 0.913831
vn -0.450849 0.316247 0.834699
vn -0.382859 -0.294015 0.875771
vn -0.354385 0.198303 0.913831
vn -0.313987 0.651522 0.690602
vn -0.426814 0.664388 0.613529
vn -0.450849 0.316247 0.834699
vn -0.280155 0.808912 0.516889
vn -0.387706 0.799174 0.459353
vn -0.426814 0.664388 0.613529
vn -0.313987 0.651522 0.690602
vn 0.450305 0.316515 0.834892
vn 0.426415 0.664392 0.613802
vn 0.313529 0.651531 0.690802
vn 0.353867 0.198579 0.913972
vn 0.313529 0.651531 0.690802
vn 0.426415 0.664392 0.613802
vn 0.387468 0.799088 0.459703
vn 0.279801 0.808823 0.517220
vn -0.382859 -0.294015 0.875771
vn -0.450849 0.316247 0.834699
vn -0.516918 0.349038 0.781645
vn -0.386280 -0.259742 0.885055
vn 0.385830 -0.259392 0.885354
vn 0.516556 0.349338 0.781750
vn 0.450305 0.316515 0.834892
vn 0.382349 -0.293704 0.876098
vn -0.426814 0.664388 0.613529
vn -0.387706 0.799174 0.459353
vn -0.491565 0.769064 0.408540
vn -0.513008 0.677334 0.527296
vn -0.450849 0.316247 0.834699
vn -0.426814 0.664388 0.613529
vn -0.513008 0.677334 0.527296
vn -0.516918 0.349038 0.781645
vn 0.512777 0.677285 0.527584
vn 0.491438 0.768958 0.408891
vn 0.387468 0.799088 0.459703
vn 0.426415 0.664392 0.613802
vn 0.516556 0.349338 0.781750
vn 0.512777 0.677285 0.527584
vn 0.426415 0.664392 0.613802
vn 0.450305 0.316515 0.834892
vn -0.436435 -0.153939 0.886469
vn -0.386280 -0.259742 0.885055
vn -0.516918 0.349038 0.781645
vn -0.640655 0.322738 0.696708
vn 0.640224 0.323223 0.696879
vn 0.516556 0.349338 0.781750
vn 0.385830 -0.259392 0.885354
vn 0.435937 -0.153410 0.886806
vn -0.516918 0.349038 0.781645
vn -0.513008 0.677334 0.527296
vn -0.661428 0.606224 0.441595
vn -0.640655 0.322738 0.696708
vn -0.513008 0.677334 0.527296
vn -0.491565 0.769064 0.408540
vn -0.656640 0.680660 0.324849
vn -0.661428 0.606224 0.441595
vn 0.640224 0.323223 0.696879
vn 0.661157 0.606293 0.441904
vn 0.512777 0.677285 0.527584
vn 0.516556 0.349338 0.781750
vn 0.661157 0.606293 0.441904
vn 0.656488 0.680578 0.325327
vn 0.491438 0.768958 0.408891
vn 0.512777 0.677285 0.527584
vn -0.577974 -0.000419 0.816055
vn -0.436435 -0.153939 0.886469
vn -0.640655 0.322738 0.696708
vn -0.777048 0.226087 0.587436
vn 0.883706 0.092579 0.458795
vn 0.776600 0.226334 0.587934
vn 0.577443 -0.000227 0.816431
vn 0.745163 -0.019661 0.666592
vn 0.776600 0.226334 0.587934
vn 0.640224 0.323223 0.696879
vn 0.435937 -0.153410 0.886806
vn 0.577443 -0.000227 0.816431
vn -0.661428 0.606224 0.441595
vn -0.656640 0.680660 0.324849
vn -0.827921 0.514238 0.223845
vn -0.829797 0.450703 0.329095
vn -0.640655 0.322738 0.696708
vn -0.661428 0.606224 0.441595
vn -0.829797 0.450703 0.329095
vn -0.777048 0.226087 0.587436
vn 0.829508 0.450848 0.329624
vn 0.827762 0.514219 0.224472
vn 0.656488 0.680578 0.325327
vn 0.661157 0.606293 0.441904
vn 0.776600 0.226334 0.587934
vn 0.829508 0.450848 0.329624
vn 0.661157 0.606293 0.441904
vn 0.640224 0.323223 0.696879
vn -0.745903 -0.019821 0.665759
vn -0.577974 -0.000419 0.816055
vn -0.777048 0.226087 0.587436
vn -0.884256 0.092312 0.457788
vn 0.961016 -0.085654 0.262892
vn 0.883706 0.092579 0.458795
vn 0.745163 -0.019661 0.666592
vn 0.859086 -0.189562 0.475433
vn -0.777048 0.226087 0.587436
vn -0.829797 0.450703 0.329095
vn -0.948062 0.265881 0.174603
vn -0.884256 0.092312 0.457788
vn -0.829797 0.450703 0.329095
vn -0.827921 0.514238 0.223845
vn -0.929235 0.350976 0.115493
vn -0.948062 0.265881 0.174603
vn 0.883706 0.092579 0.458795
vn 0.947891 0.265967 0.175396
vn 0.829508 0.450848 0.329624
vn 0.776600 0.226334 0.587934
vn 0.947891 0.265967 0.175396
vn 0.929151 0.350940 0.116277
vn 0.827762 0.514219 0.224472
vn 0.829508 0.450848 0.329624
vn -0.859884 -0.189675 0.473944
vn -0.745903 -0.019821 0.665759
vn -0.884256 0.092312 0.457788
vn -0.961326 -0.085874 0.261683
vn -0.884256 0.092312 0.457788
vn -0.948062 0.265881 0.174603
vn -0.996860 0.071791 0.033414
vn -0.961326 -0.085874 0.261683
vn -0.948062 0.265881 0.174603
vn -0.929235 0.350976 0.115493
vn -0.989318 0.144261 -0.020925
vn -0.996860 0.071791 0.033414
vn 0.961016 -0.085654 0.262892
vn 0.996806 0.071958 0.034648
vn 0.947891 0.265967 0.175396
vn 0.883706 0.092579 0.458795
vn 0.996806 0.071958 0.034648
vn 0.989339 0.144292 -0.019686
vn 0.929151 0.350940 0.116277
vn 0.947891 0.265967 0.175396
vn -0.857391 -0.330712 0.394349
vn -0.859884 -0.189675 0.473944
vn -0.961326 -0.085874 0.261683
vn -0.944943 -0.250819 0.210171
vn -0.989318 0.144261 -0.020925
vn -0.993694 -0.066055 -0.090609
vn -0.993370 -0.109611 -0.034659
vn -0.996860 0.071791 0.033414
vn 0.944667 -0.250701 0.211550
vn 0.961016 -0.085654 0.262892
vn 0.859086 -0.189562 0.475433
vn 0.856520 -0.330709 0.396238
vn 0.996806 0.071958 0.034648
vn 0.993425 -0.109594 -0.033098
vn 0.993865 -0.066056 -0.088702
vn 0.989339 0.144292 -0.019686
vn -0.944943 -0.250819 0.210171
vn -0.961326 -0.085874 0.261683
vn -0.996860 0.071791 0.033414
vn -0.993370 -0.109611 -0.034659
vn 0.993425 -0.109594 -0.033098
vn 0.996806 0.071958 0.034648
vn 0.961016 -0.085654 0.262892
vn 0.944667 -0.250701 0.211550
vn -0.824934 -0.469597 0.314581
vn -0.857391 -0.330712 0.394349
vn -0.944943 -0.250819 0.210171
vn -0.902574 -0.408019 0.137404
vn 0.902399 -0.407803 0.139188
vn 0.944667 -0.250701 0.211550
vn 0.856520 -0.330709 0.396238
vn 0.824041 -0.469545 0.316991
vn -0.951213 -0.273791 -0.142241
vn -0.943301 -0.320816 -0.085202
vn -0.993370 -0.109611 -0.034659
vn -0.993694 -0.066055 -0.090609
vn -0.943301 -0.320816 -0.085202
vn -0.902574 -0.408019 0.137404
vn -0.944943 -0.250819 0.210171
vn -0.993370 -0.109611 -0.034659
vn 0.993865 -0.066056 -0.088702
vn 0.993425 -0.109594 -0.033098
vn 0.943476 -0.320811 -0.083266
vn 0.951489 -0.274012 -0.139952
vn 0.993425 -0.109594 -0.033098
vn 0.944667 -0.250701 0.211550
vn 0.902399 -0.407803 0.139188
vn 0.943476 -0.320811 -0.083266
vn -0.827450 -0.545996 0.131206
vn -0.767208 -0.588968 0.253985
vn -0.824934 -0.469597 0.314581
vn -0.902574 -0.408019 0.137404
vn 0.902399 -0.407803 0.139188
vn 0.824041 -0.469545 0.316991
vn 0.768740 -0.583172 0.262583
vn 0.831074 -0.540196 0.132301
vn -0.871867 -0.485215 -0.066444
vn -0.827450 -0.545996 0.131206
vn -0.902574 -0.408019 0.137404
vn -0.943301 -0.320816 -0.085202
vn -0.824749 -0.505142 -0.254204
vn -0.871867 -0.485215 -0.066444
vn -0.943301 -0.320816 -0.085202
vn -0.951213 -0.273791 -0.142241
vn 0.943476 -0.320811 -0.083266
vn 0.902399 -0.407803 0.139188
vn 0.831074 -0.540196 0.132301
vn 0.861831 -0.499167 -0.089888
vn 0.951489 -0.274012 -0.139952
vn 0.943476 -0.320811 -0.083266
vn 0.861831 -0.499167 -0.089888
vn 0.813575 -0.526321 -0.247147
vn 0.000166 -0.976878 -0.213795
vn 0.000091 -0.989706 -0.143117
vn -0.401769 -0.893984 -0.198429
vn -0.368077 -0.884337 -0.287172
vn -0.542120 -0.743800 -0.390983
vn -0.626528 -0.726588 -0.282014
vn -0.824749 -0.505142 -0.254204
vn -0.729862 -0.570977 -0.375881
vn -0.653050 -0.752330 0.086750
vn -0.615290 -0.757273 0.218990
vn -0.767208 -0.588968 0.253985
vn -0.827450 -0.545996 0.131206
vn 0.715533 -0.603306 -0.352186
vn 0.813575 -0.526321 -0.247147
vn 0.619067 -0.732121 -0.284175
vn 0.548123 -0.741890 -0.386212
vn 0.831074 -0.540196 0.132301
vn 0.768740 -0.583172 0.262583
vn 0.608645 -0.760992 0.224595
vn 0.660716 -0.744851 0.093014
vn -0.683802 -0.729039 -0.030274
vn -0.653050 -0.752330 0.086750
vn -0.827450 -0.545996 0.131206
vn -0.871867 -0.485215 -0.066444
vn -0.626528 -0.726588 -0.282014
vn -0.683802 -0.729039 -0.030274
vn -0.871867 -0.485215 -0.066444
vn -0.824749 -0.505142 -0.254204
vn 0.861831 -0.499167 -0.089888
vn 0.831074 -0.540196 0.132301
vn 0.660716 -0.744851 0.093014
vn 0.673899 -0.733859 -0.085511
vn 0.813575 -0.526321 -0.247147
vn 0.861831 -0.499167 -0.089888
vn 0.673899 -0.733859 -0.085511
vn 0.619067 -0.732121 -0.284175
vn -0.368077 -0.884337 -0.287172
vn -0.401769 -0.893984 -0.198429
vn -0.626528 -0.726588 -0.282014
vn -0.542120 -0.743800 -0.390983
vn -0.486197 -0.866839 0.110466
vn -0.470769 -0.861563 0.189961
vn -0.615290 -0.757273 0.218990
vn -0.653050 -0.752330 0.086750
vn 0.548123 -0.741890 -0.386212
vn 0.619067 -0.732121 -0.284175
vn 0.400568 -0.895660 -0.193232
vn 0.366804 -0.885844 -0.284139
vn 0.366804 -0.885844 -0.284139
vn 0.400568 -0.895660 -0.193232
vn 0.000091 -0.989706 -0.143117
vn 0.000166 -0.976878 -0.213795
vn 0.660716 -0.744851 0.093014
vn 0.608645 -0.760992 0.224595
vn 0.470000 -0.862565 0.187302
vn 0.491104 -0.864669 0.105660
vn -0.485200 -0.874403 0.000454
vn -0.486197 -0.866839 0.110466
vn -0.653050 -0.752330 0.086750
vn -0.683802 -0.729039 -0.030274
vn -0.401769 -0.893984 -0.198429
vn -0.485200 -0.874403 0.000454
vn -0.683802 -0.729039 -0.030274
vn -0.626528 -0.726588 -0.282014
vn 0.673899 -0.733859 -0.085511
vn 0.660716 -0.744851 0.093014
vn 0.491104 -0.864669 0.105660
vn 0.496259 -0.867893 -0.022132
vn 0.619067 -0.732121 -0.284175
vn 0.673899 -0.733859 -0.085511
vn 0.496259 -0.867893 -0.022132
vn 0.400568 -0.895660 -0.193232
vn -0.219628 -0.963323 0.154181
vn -0.217153 -0.955903 0.197721
vn -0.470769 -0.861563 0.189961
vn -0.486197 -0.866839 0.110466
vn 0.400568 -0.895660 -0.193232
vn 0.183757 -0.978602 -0.092583
vn 0.000048 -0.996576 -0.082677
vn 0.000091 -0.989706 -0.143117
vn 0.491104 -0.864669 0.105660
vn 0.470000 -0.862565 0.187302
vn 0.219050 -0.955754 0.196345
vn 0.219902 -0.963217 0.154455
vn -0.183644 -0.978605 -0.092770
vn -0.207803 -0.972910 0.101308
vn -0.485200 -0.874403 0.000454
vn -0.401769 -0.893984 -0.198429
vn -0.207803 -0.972910 0.101308
vn -0.219628 -0.963323 0.154181
vn -0.486197 -0.866839 0.110466
vn -0.485200 -0.874403 0.000454
vn 0.400568 -0.895660 -0.193232
vn 0.496259 -0.867893 -0.022132
vn 0.205143 -0.973479 0.101267
vn 0.183757 -0.978602 -0.092583
vn 0.496259 -0.867893 -0.022132
vn 0.491104 -0.864669 0.105660
vn 0.219902 -0.963217 0.154455
vn 0.205143 -0.973479 0.101267
vn 0.000091 -0.989706 -0.143117
vn 0.000048 -0.996576 -0.082677
vn -0.183644 -0.978605 -0.092770
vn -0.401769 -0.893984 -0.198429
vn -0.000059 -0.983744 0.179577
vn -0.000055 -0.980596 0.196040
vn -0.217153 -0.955903 0.197721
vn -0.219628 -0.963323 0.154181
vn 0.219902 -0.963217 0.154455
vn 0.219050 -0.955754 0.196345
vn -0.000055 -0.980596 0.196040
vn -0.000059 -0.983744 0.179577
vn 0.000048 -0.996576 -0.082677
vn 0.000018 -0.990160 0.139940
vn -0.207803 -0.972910 0.101308
vn -0.183644 -0.978605 -0.092770
vn 0.183757 -0.978602 -0.092583
vn 0.205143 -0.973479 0.101267
vn 0.000018 -0.990160 0.139940
vn 0.000048 -0.996576 -0.082677
vn 0.000018 -0.990160 0.139940
vn -0.000059 -0.983744 0.179577
vn -0.219628 -0.963323 0.154181
vn -0.207803 -0.972910 0.101308
vn 0.205143 -0.973479 0.101267
vn 0.219902 -0.963217 0.154455
vn -0.000059 -0.983744 0.179577
vn 0.000018 -0.990160 0.139940
vn 0.422471 -0.192048 0.885796
vn 0.307368 0.140798 0.941117
vn 0.192792 0.169641 0.966464
vn 0.181693 -0.055017 0.981815
vn 0.429109 -0.306222 0.849761
vn 0.353867 0.198579 0.913972
vn 0.307368 0.140798 0.941117
vn 0.422471 -0.192048 0.885796
vn -0.193437 0.169513 0.966358
vn -0.170657 0.569214 0.804283
vn -0.262253 0.577451 0.773159
vn -0.308017 0.140590 0.940936
vn -0.262253 0.577451 0.773159
vn -0.313987 0.651522 0.690602
vn -0.354385 0.198303 0.913831
vn -0.308017 0.140590 0.940936
vn -0.196503 0.804743 0.560157
vn -0.280155 0.808912 0.516889
vn -0.313987 0.651522 0.690602
vn -0.262253 0.577451 0.773159
vn 0.307368 0.140798 0.941117
vn 0.261676 0.577531 0.773294
vn 0.170131 0.569235 0.804380
vn 0.192792 0.169641 0.966464
vn 0.170131 0.569235 0.804380
vn 0.261676 0.577531 0.773294
vn 0.196136 0.804677 0.560380
vn 0.115404 0.805046 0.581878
vn 0.307368 0.140798 0.941117
vn 0.353867 0.198579 0.913972
vn 0.313529 0.651531 0.690802
vn 0.261676 0.577531 0.773294
vn 0.261676 0.577531 0.773294
vn 0.313529 0.651531 0.690802
vn 0.279801 0.808823 0.517220
vn 0.196136 0.804677 0.560380
s off
g Character:Mesh4 Character_Model
f 2/1/1 3/2/2 4/3/3 1/4/4
f 6/5/5 2/1/6 1/4/7 5/6/8
f 3/2/9 7/7/10 8/8/11 4/3/12
f 7/7/13 9/9/14 10/10/15 8/8/16
f 9/9/17 11/11/18 12/12/19 10/10/20
f 11/11/21 13/13/22 14/14/23 12/12/24
f 13/13/25 15/15/26 16/16/27 14/14/28
f 15/15/29 6/5/30 5/6/31 16/16/32
f 1/4/33 4/3/34 17/17/35 18/18/36
f 5/6/37 1/4/38 18/18/39 19/19/40
f 4/3/41 8/8/42 20/20/43 17/17/44
f 8/8/45 10/10/46 21/21/47 20/20/48
f 10/10/49 12/12/50 22/22/51 21/21/52
f 12/12/53 14/14/54 23/23/55 22/22/56
f 14/14/57 16/16/58 24/24/59 23/23/60
f 16/16/61 5/6/62 19/19/63 24/24/64
f 18/18/65 17/17/66 25/25/67 26/26/68
f 19/19/69 18/18/70 26/26/71 27/27/72
f 17/17/73 20/20/74 28/28/75 25/25/76
f 20/20/77 21/21/78 29/29/79 28/28/80
f 21/21/81 22/22/82 30/30/83 29/29/84
f 22/22/85 23/23/86 31/31/87 30/30/88
f 31/31/89 23/23/90 24/24/91 32/32/92
f 24/24/93 19/19/94 27/27/95 32/32/96
f 34/33/97 35/34/98 36/35/99 33/36/100
f 38/37/101 34/33/102 33/36/103 37/38/104
f 35/34/105 39/39/106 40/648/107 36/35/108
f 39/39/109 41/40/110 42/41/111 40/648/112
f 41/40/113 43/42/114 44/649/115 42/41/116
f 43/42/117 45/43/118 46/650/119 44/649/120
f 45/43/121 47/44/122 48/651/123 46/650/124
f 47/44/125 38/37/126 37/38/127 48/651/128
f 49/45/129 50/46/130 35/34/131 34/33/132
f 51/47/133 49/45/134 34/33/135 38/37/136
f 50/46/137 52/48/138 39/39/139 35/34/140
f 52/48/141 53/49/142 41/40/143 39/39/144
f 53/49/145 54/50/146 43/42/147 41/40/148
f 54/50/149 55/51/150 45/43/151 43/42/152
f 55/51/153 56/52/154 47/44/155 45/43/156
f 56/52/157 51/47/158 38/37/159 47/44/160
f 57/53/161 58/54/162 50/46/163 49/45/164
f 59/55/165 57/53/166 49/45/167 51/47/168
f 58/54/169 60/56/170 52/48/171 50/46/172
f 60/56/173 61/57/174 53/49/175 52/48/176
f 61/57/177 62/58/178 54/50/179 53/49/180
f 62/58/181 63/59/182 55/51/183 54/50/184
f 64/60/185 56/52/186 55/51/187 63/59/188
f 64/60/189 59/55/190 51/47/191 56/52/192
f 65/61/193 66/652/194 67/62/195 68/63/196
f 70/64/197 65/61/198 68/63/199 69/65/200
f 66/652/201 71/66/202 72/67/203 67/62/204
f 73/68/205 74/69/206 72/67/207 71/66/208
f 76/70/209 74/69/210 73/68/211 75/71/212
f 75/71/213 77/72/214 78/73/215 76/70/216
f 77/72/217 79/74/218 80/75/219 78/73/220
f 79/74/221 70/64/222 69/65/223 80/75/224
f 68/63/225 67/62/226 81/76/227 82/77/228
f 69/65/229 68/63/230 82/77/231 83/78/232
f 67/62/233 72/67/234 84/79/235 81/76/236
f 74/69/237 85/80/238 84/79/239 72/67/240
f 86/81/241 85/80/242 74/69/243 76/70/244
f 86/81/245 76/70/246 78/73/247 87/82/248
f 87/82/249 78/73/250 80/75/251 88/83/252
f 80/75/253 69/65/254 83/78/255 88/83/256
f 89/84/257 90/85/258 91/86/259 92/87/260
f 94/88/261 89/84/262 92/87/263 93/653/264
f 90/85/265 95/89/266 96/654/267 91/86/268
f 95/89/269 97/90/270 98/655/271 96/654/272
f 97/90/273 99/91/274 100/656/275 98/655/276
f 99/91/277 101/92/278 102/93/279 100/656/280
f 101/92/281 103/94/282 104/657/283 102/93/284
f 103/94/285 94/88/286 93/653/287 104/657/288
f 105/95/289 106/96/290 90/85/291 89/84/292
f 107/97/293 105/95/294 89/84/295 94/88/296
f 106/96/297 108/98/298 95/89/299 90/85/300
f 95/89/301 108/98/302 109/99/303 97/90/304
f 99/91/305 97/90/306 109/99/307 110/100/308
f 111/101/309 101/92/310 99/91/311 110/100/312
f 112/102/313 103/94/314 101/92/315 111/101/316
f 112/102/317 107/97/318 94/88/319 103/94/320
f 28/28/321 113/103/322 114/104/323 25/25/324
f 58/54/325 115/105/326 116/106/327 60/56/328
f 29/29/329 117/107/330 113/103/331 28/28/332
f 60/56/333 116/106/334 118/108/335 61/57/336
f 119/109/337 117/107/338 29/29/339 30/30/340
f 62/58/341 61/57/342 118/108/343 120/110/344
f 25/25/345 114/104/346 121/111/347 26/26/348
f 57/53/349 122/112/350 115/105/351 58/54/352
f 123/113/353 27/27/354 26/26/355 121/111/356
f 122/112/357 57/53/358 59/55/359 124/114/360
f 125/115/361 32/32/362 27/27/363 123/113/364
f 124/114/365 59/55/366 64/60/367 126/116/368
f 127/117/369 119/109/370 30/30/371 31/31/372
f 127/117/373 31/31/374 32/32/375 125/115/376
f 63/59/377 62/58/378 120/110/379 128/118/380
f 126/116/381 64/60/382 63/59/383 128/118/384
f 81/76/385 129/119/386 130/120/387 82/77/388
f 105/95/389 131/121/390 132/122/391 106/96/392
f 83/78/393 82/77/394 130/120/395 133/123/396
f 134/124/397 131/121/398 105/95/399 107/97/400
f 84/79/401 135/125/402 129/119/403 81/76/404
f 106/96/405 132/122/406 136/126/407 108/98/408
f 137/127/409 135/125/410 84/79/411 85/80/412
f 109/99/413 108/98/414 136/126/415 138/128/416
f 139/129/417 137/127/418 85/80/419 86/81/420
f 110/100/421 109/99/422 138/128/423 140/130/424
f 141/131/425 139/129/426 86/81/427 87/82/428
f 111/101/429 110/100/430 140/130/431 142/132/432
f 141/131/433 87/82/434 88/83/435 143/133/436
f 143/133/437 88/83/438 83/78/439 133/123/440
f 144/134/441 112/102/442 111/101/443 142/132/444
f 134/124/445 107/97/446 112/102/447 144/134/448
f 145/135/449 125/115/450 123/113/451 146/136/452
f 147/137/453 124/114/454 126/116/455 148/138/456
f 123/113/457 121/111/458 149/139/459 146/136/460
f 147/137/461 150/140/462 122/112/463 124/114/464
f 114/104/465 151/141/466 149/139/467 121/111/468
f 122/112/469 150/140/470 152/142/471 115/105/472
f 133/123/473 130/120/474 153/143/475 154/144/476
f 155/145/477 156/146/478 131/121/479 134/124/480
f 129/119/481 157/147/482 153/143/483 130/120/484
f 131/121/485 156/146/486 158/148/487 132/122/488
f 154/144/489 153/143/490 160/149/491 159/150/492
f 162/151/493 161/152/494 156/146/495 155/145/496
f 135/125/497 163/153/498 157/147/499 129/119/500
f 132/122/501 158/148/502 164/154/503 136/126/504
f 157/147/505 165/155/506 160/149/507 153/143/508
f 156/146/509 161/152/510 166/156/511 158/148/512
f 137/127/513 167/157/514 163/153/515 135/125/516
f 136/126/517 164/154/518 168/158/519 138/128/520
f 163/153/521 169/159/522 165/155/523 157/147/524
f 158/148/525 166/156/526 170/160/527 164/154/528
f 171/161/529 167/157/530 137/127/531 139/129/532
f 140/130/533 138/128/534 168/158/535 172/162/536
f 167/157/537 173/163/538 169/159/539 163/153/540
f 164/154/541 170/160/542 174/164/543 168/158/544
f 175/165/545 171/161/546 139/129/547 141/131/548
f 142/132/549 140/130/550 172/162/551 176/166/552
f 177/167/553 173/163/554 167/157/555 171/161/556
f 172/162/557 168/158/558 174/164/559 178/168/560
f 175/165/561 141/131/562 143/133/563 179/169/564
f 179/169/565 143/133/566 133/123/567 154/144/568
f 180/170/569 144/134/570 142/132/571 176/166/572
f 155/145/573 134/124/574 144/134/575 180/170/576
f 181/171/577 177/167/578 171/161/579 175/165/580
f 176/166/581 172/162/582 178/168/583 182/172/584
f 113/103/585 183/173/586 151/141/587 114/104/588
f 115/105/589 152/142/590 184/174/591 116/106/592
f 117/107/593 185/175/594 183/173/595 113/103/596
f 186/176/597 154/144/598 159/150/599 187/177/600
f 116/106/601 184/174/602 188/178/603 118/108/604
f 189/179/605 162/151/606 155/145/607 190/180/608
f 185/175/609 192/181/610 191/182/611 183/173/612
f 192/181/613 186/176/614 187/177/615 191/182/616
f 184/174/617 194/183/618 193/184/619 188/178/620
f 194/183/621 189/179/622 190/180/623 193/184/624
f 181/171/625 175/165/626 179/169/627 195/185/628
f 195/185/629 179/169/630 154/144/631 186/176/632
f 196/186/633 180/170/634 176/166/635 182/172/636
f 190/180/637 155/145/638 180/170/639 196/186/640
f 197/187/641 195/185/642 186/176/643 192/181/644
f 193/184/645 190/180/646 196/186/647 198/188/648
f 199/189/649 185/175/650 117/107/651 119/109/652
f 199/189/653 197/187/654 192/181/655 185/175/656
f 120/110/657 118/108/658 188/178/659 200/190/660
f 188/178/661 193/184/662 198/188/663 200/190/664
f 201/191/665 199/189/666 119/109/667 127/117/668
f 201/191/669 127/117/670 125/115/671 145/135/672
f 128/118/673 120/110/674 200/190/675 202/192/676
f 148/138/677 126/116/678 128/118/679 202/192/680
f 203/193/681 199/189/682 201/191/683 204/194/684
f 205/195/685 202/192/686 200/190/687 206/196/688
f 203/193/689 207/197/690 197/187/691 199/189/692
f 200/190/693 198/188/694 208/198/695 206/196/696
f 211/199/697 212/200/698 209/201/699 210/202/700
f 213/203/701 205/195/702 206/196/703 214/204/704
f 212/200/705 203/193/706 204/194/707 209/201/708
f 215/205/709 213/203/710 214/204/711 216/206/712
f 217/207/713 215/205/714 216/206/715 218/208/716
f 219/209/717 211/199/718 210/202/719 220/210/720
f 221/211/721 217/207/722 218/208/723 222/212/724
f 223/213/725 219/209/726 220/210/727 224/214/728
f 221/211/729 222/212/730 226/215/731 225/216/732
f 228/217/733 227/218/734 223/213/735 224/214/736
f 225/216/737 226/215/738 230/219/739 229/220/740
f 232/221/741 231/222/742 227/218/743 228/217/744
f 235/223/745 236/224/746 233/225/747 234/226/748
f 237/227/749 238/228/750 236/224/751 235/223/752
f 234/226/753 233/225/754 240/229/755 239/230/756
f 242/231/757 241/232/758 238/228/759 237/227/760
f 236/233/761 244/234/762 243/235/763 233/236/764
f 238/237/765 245/238/766 244/234/767 236/233/768
f 233/236/769 243/235/770 246/239/771 240/240/772
f 241/241/773 247/242/774 245/238/775 238/237/776
f 244/234/777 249/243/778 248/244/779 243/235/780
f 245/238/781 250/245/782 249/243/783 244/234/784
f 243/235/785 248/244/786 251/246/787 246/239/788
f 247/242/789 252/247/790 250/245/791 245/238/792
f 249/243/793 254/248/794 253/249/795 248/244/796
f 250/245/797 255/250/798 254/248/799 249/243/800
f 248/244/801 253/249/802 256/251/803 251/246/804
f 252/247/805 257/252/806 255/250/807 250/245/808
f 254/248/809 259/253/810 258/254/811 253/249/812
f 255/250/813 260/255/814 259/253/815 254/248/816
f 253/249/817 258/254/818 261/256/819 256/251/820
f 257/252/821 262/257/822 260/255/823 255/250/824
f 259/253/825 264/258/826 263/259/827 258/254/828
f 260/255/829 265/260/830 264/258/831 259/253/832
f 258/254/833 263/259/834 266/261/835 261/256/836
f 262/257/837 267/262/838 265/260/839 260/255/840
f 264/258/841 269/263/842 268/264/843 263/259/844
f 265/260/845 270/265/846 269/263/847 264/258/848
f 263/259/849 268/264/850 271/266/851 266/261/852
f 267/262/853 272/267/854 270/265/855 265/260/856
f 269/263/857 274/268/858 273/269/859 268/264/860
f 270/265/861 275/270/862 274/268/863 269/263/864
f 268/264/865 273/269/866 276/271/867 271/266/868
f 272/267/869 277/272/870 275/270/871 270/265/872
f 274/268/873 279/273/874 278/274/875 273/269/876
f 275/270/877 280/275/878 279/273/879 274/268/880
f 273/269/881 278/274/882 281/276/883 276/271/884
f 277/272/885 282/277/886 280/275/887 275/270/888
f 279/273/889 284/278/890 283/279/891 278/274/892
f 287/280/893 285/281/894 286/282/895 284/278/896
f 280/275/897 287/280/898 284/278/899 279/273/900
f 278/274/901 283/279/902 288/283/903 281/276/904
f 282/277/905 289/284/906 287/280/907 280/275/908
f 284/278/909 286/282/910 290/285/911 283/279/912
f 283/279/913 290/285/914 291/286/915 288/283/916
f 289/284/917 292/287/918 285/281/919 287/280/920
f 286/288/921 293/289/922 294/290/923 290/291/924
f 285/292/925 295/293/926 293/289/927 286/288/928
f 291/294/929 296/295/930 297/296/931 298/297/932
f 290/291/933 294/290/934 296/295/935 291/294/936
f 299/298/937 300/299/938 301/300/939 292/301/940
f 292/301/941 301/300/942 295/293/943 285/292/944
f 297/296/945 302/302/946 231/222/947 232/221/948
f 293/289/949 303/303/950 304/304/951 294/290/952
f 229/220/953 230/219/954 305/305/955 300/299/956
f 295/293/957 306/306/958 303/303/959 293/289/960
f 296/295/961 307/307/962 302/302/963 297/296/964
f 294/290/965 304/304/966 307/307/967 296/295/968
f 300/299/969 305/305/970 308/308/971 301/300/972
f 301/300/973 308/308/974 306/306/975 295/293/976
f 309/309/977 310/310/978 302/302/979 307/307/980
f 303/303/981 311/311/982 312/312/983 304/304/984
f 312/312/985 309/309/986 307/307/987 304/304/988
f 308/308/989 305/305/990 313/313/991 314/314/992
f 306/306/993 315/315/994 311/311/995 303/303/996
f 306/306/997 308/308/998 314/314/999 315/315/1000
f 298/297/1001 297/296/1002 232/221/1003 316/316/1004
f 317/317/1005 229/220/1006 300/299/1007 299/298/1008
f 288/283/1009 291/286/1010 298/318/1011 318/319/1012
f 319/320/1013 299/321/1014 292/287/1015 289/284/1016
f 281/276/1017 288/283/1018 318/319/1019 320/322/1020
f 321/323/1021 319/320/1022 289/284/1023 282/277/1024
f 276/271/1025 281/276/1026 320/322/1027 322/324/1028
f 323/325/1029 321/323/1030 282/277/1031 277/272/1032
f 271/266/1033 276/271/1034 322/324/1035 324/326/1036
f 325/327/1037 323/325/1038 277/272/1039 272/267/1040
f 266/261/1041 271/266/1042 324/326/1043 326/328/1044
f 327/329/1045 325/327/1046 272/267/1047 267/262/1048
f 261/256/1049 266/261/1050 326/328/1051 328/330/1052
f 329/331/1053 327/329/1054 267/262/1055 262/257/1056
f 256/251/1057 261/256/1058 328/330/1059 330/332/1060
f 331/333/1061 329/331/1062 262/257/1063 257/252/1064
f 251/246/1065 256/251/1066 330/332/1067 332/334/1068
f 333/335/1069 331/333/1070 257/252/1071 252/247/1072
f 246/239/1073 251/246/1074 332/334/1075 334/336/1076
f 335/337/1077 333/335/1078 252/247/1079 247/242/1080
f 240/240/1081 246/239/1082 334/336/1083 336/338/1084
f 337/339/1085 335/337/1086 247/242/1087 241/241/1088
f 239/230/1089 240/229/1090 336/340/1091 338/341/1092
f 339/342/1093 337/343/1094 241/232/1095 242/231/1096
f 340/344/1097 225/216/1098 229/220/1099 317/317/1100
f 316/316/1101 232/221/1102 228/217/1103 341/345/1104
f 342/346/1105 343/347/1106 319/320/1107 321/323/1108
f 343/347/1109 317/348/1110 299/321/1111 319/320/1112
f 320/322/1113 318/319/1114 344/349/1115 345/350/1116
f 318/319/1117 298/318/1118 316/351/1119 344/349/1120
f 346/352/1121 347/353/1122 337/343/1123 339/342/1124
f 338/341/1125 336/340/1126 348/354/1127 349/355/1128
f 347/356/1129 350/357/1130 335/337/1131 337/339/1132
f 336/338/1133 334/336/1134 351/358/1135 348/359/1136
f 350/357/1137 352/360/1138 333/335/1139 335/337/1140
f 334/336/1141 332/334/1142 353/361/1143 351/358/1144
f 352/360/1145 354/362/1146 331/333/1147 333/335/1148
f 332/334/1149 330/332/1150 355/363/1151 353/361/1152
f 354/362/1153 356/364/1154 329/331/1155 331/333/1156
f 330/332/1157 328/330/1158 357/365/1159 355/363/1160
f 356/364/1161 358/366/1162 327/329/1163 329/331/1164
f 328/330/1165 326/328/1166 359/367/1167 357/365/1168
f 358/366/1169 360/368/1170 325/327/1171 327/329/1172
f 326/328/1173 324/326/1174 361/369/1175 359/367/1176
f 360/368/1177 362/370/1178 323/325/1179 325/327/1180
f 362/370/1181 342/346/1182 321/323/1183 323/325/1184
f 324/326/1185 322/324/1186 363/371/1187 361/369/1188
f 322/324/1189 320/322/1190 345/350/1191 363/371/1192
f 341/345/1193 228/217/1194 224/214/1195 364/372/1196
f 365/373/1197 221/211/1198 225/216/1199 340/344/1200
f 344/349/1201 316/351/1202 341/374/1203 366/375/1204
f 367/376/1205 340/377/1206 317/348/1207 343/347/1208
f 345/350/1209 344/349/1210 366/375/1211 368/378/1212
f 369/379/1213 367/376/1214 343/347/1215 342/346/1216
f 363/371/1217 345/350/1218 368/378/1219 370/380/1220
f 371/381/1221 369/379/1222 342/346/1223 362/370/1224
f 361/369/1225 363/371/1226 370/380/1227 372/382/1228
f 373/383/1229 371/381/1230 362/370/1231 360/368/1232
f 359/367/1233 361/369/1234 372/382/1235 374/384/1236
f 375/385/1237 373/383/1238 360/368/1239 358/366/1240
f 357/365/1241 359/367/1242 374/384/1243 376/386/1244
f 377/387/1245 375/385/1246 358/366/1247 356/364/1248
f 355/363/1249 357/365/1250 376/386/1251 378/388/1252
f 379/389/1253 377/387/1254 356/364/1255 354/362/1256
f 353/361/1257 355/363/1258 378/388/1259 380/390/1260
f 381/391/1261 379/389/1262 354/362/1263 352/360/1264
f 351/358/1265 353/361/1266 380/390/1267 382/392/1268
f 383/393/1269 381/391/1270 352/360/1271 350/357/1272
f 348/359/1273 351/358/1274 382/392/1275 384/394/1276
f 385/395/1277 383/393/1278 350/357/1279 347/356/1280
f 349/355/1281 348/354/1282 384/396/1283 386/397/1284
f 387/398/1285 385/399/1286 347/353/1287 346/352/1288
f 187/177/1289 389/400/1290 388/401/1291 191/182/1292
f 159/150/1293 390/402/1294 389/400/1295 187/177/1296
f 194/183/1297 392/403/1298 391/404/1299 189/179/1300
f 189/179/1301 391/404/1302 393/405/1303 162/151/1304
f 160/149/1305 394/406/1306 390/402/1307 159/150/1308
f 162/151/1309 393/405/1310 395/407/1311 161/152/1312
f 165/155/1313 396/408/1314 394/406/1315 160/149/1316
f 169/159/1317 397/409/1318 396/408/1319 165/155/1320
f 161/152/1321 395/407/1322 398/410/1323 166/156/1324
f 166/156/1325 398/410/1326 399/411/1327 170/160/1328
f 400/412/1329 401/413/1330 387/398/1331 402/414/1332
f 403/415/1333 386/397/1334 404/416/1335 405/417/1336
f 406/418/1337 403/415/1338 405/417/1339 407/419/1340
f 408/420/1341 400/412/1342 402/414/1343 409/421/1344
f 410/422/1345 349/355/1346 386/397/1347 403/415/1348
f 402/414/1349 387/398/1350 346/352/1351 411/423/1352
f 412/424/1353 410/422/1354 403/415/1355 406/418/1356
f 409/421/1357 402/414/1358 411/423/1359 413/425/1360
f 414/426/1361 338/341/1362 349/355/1363 410/422/1364
f 411/423/1365 346/352/1366 339/342/1367 415/427/1368
f 416/428/1369 414/426/1370 410/422/1371 412/424/1372
f 413/425/1373 411/423/1374 415/427/1375 417/429/1376
f 418/430/1377 239/230/1378 338/341/1379 414/426/1380
f 415/427/1381 339/342/1382 242/231/1383 419/431/1384
f 420/432/1385 418/430/1386 414/426/1387 416/428/1388
f 417/429/1389 415/427/1390 419/431/1391 421/433/1392
f 422/434/1393 234/226/1394 239/230/1395 418/430/1396
f 425/435/1397 426/436/1398 423/437/1399 424/438/1400
f 427/439/1401 235/223/1402 234/226/1403 422/434/1404
f 419/431/1405 242/231/1406 237/227/1407 428/440/1408
f 431/441/1409 432/442/1410 429/443/1411 430/444/1412
f 426/436/1413 433/445/1414 420/432/1415 423/437/1416
f 433/445/1417 422/434/1418 418/430/1419 420/432/1420
f 432/442/1421 421/433/1422 434/446/1423 429/443/1424
f 421/433/1425 419/431/1426 428/440/1427 434/446/1428
f 428/440/1429 237/227/1430 235/223/1431 427/439/1432
f 436/447/1433 435/448/1434 426/436/1435 425/435/1436
f 430/444/1437 429/443/1438 435/448/1439 436/447/1440
f 437/449/1441 427/439/1442 422/434/1443 433/445/1444
f 434/446/1445 428/440/1446 427/439/1447 437/449/1448
f 435/448/1449 437/449/1450 433/445/1451 426/436/1452
f 429/443/1453 434/446/1454 437/449/1455 435/448/1456
f 173/163/1457 438/450/1458 397/409/1459 169/159/1460
f 177/167/1461 439/451/1462 438/450/1463 173/163/1464
f 438/450/1465 440/452/1466 396/408/1467 397/409/1468
f 170/160/1469 399/411/1470 441/453/1471 174/164/1472
f 174/164/1473 441/453/1474 442/454/1475 178/168/1476
f 399/411/1477 398/410/1478 443/455/1479 441/453/1480
f 184/174/1481 444/456/1482 392/403/1483 194/183/1484
f 392/403/1485 444/456/1486 445/457/1487 391/404/1488
f 443/455/1489 445/457/1490 400/412/1491 408/420/1492
f 393/405/1493 391/404/1494 445/457/1495 395/407/1496
f 398/410/1497 395/407/1498 445/457/1499 443/455/1500
f 191/182/1501 388/401/1502 446/458/1503 183/173/1504
f 389/400/1505 447/459/1506 446/458/1507 388/401/1508
f 407/419/1509 405/417/1510 447/459/1511 440/452/1512
f 394/406/1513 447/459/1514 389/400/1515 390/402/1516
f 440/452/1517 447/459/1518 394/406/1519 396/408/1520
f 152/142/1521 448/460/1522 444/456/1523 184/174/1524
f 183/173/1525 446/458/1526 449/461/1527 151/141/1528
f 150/140/1529 450/462/1530 448/460/1531 152/142/1532
f 444/456/1533 448/460/1534 451/463/1535 445/457/1536
f 151/141/1537 449/461/1538 452/464/1539 149/139/1540
f 447/459/1541 453/465/1542 449/461/1543 446/458/1544
f 401/413/1545 454/466/1546 385/399/1547 387/398/1548
f 386/397/1549 384/396/1550 455/467/1551 404/416/1552
f 445/457/1553 451/463/1554 401/413/1555 400/412/1556
f 451/463/1557 448/460/1558 450/462/1559
f 405/417/1560 404/416/1561 453/465/1562 447/459/1563
f 452/464/1564 449/461/1565 453/465/1566
f 224/214/1567 220/210/1568 456/468/1569 364/372/1570
f 365/373/1571 457/469/1572 217/207/1573 221/211/1574
f 374/384/1575 372/382/1576 458/470/1577 459/471/1578
f 460/472/1579 461/473/1580 373/383/1581 375/385/1582
f 372/382/1583 370/380/1584 462/474/1585 458/470/1586
f 461/473/1587 463/475/1588 371/381/1589 373/383/1590
f 370/380/1591 368/378/1592 464/476/1593 462/474/1594
f 463/475/1595 465/477/1596 369/379/1597 371/381/1598
f 368/378/1599 366/375/1600 466/478/1601 464/476/1602
f 366/375/1603 341/374/1604 364/479/1605 466/478/1606
f 465/477/1607 467/480/1608 367/376/1609 369/379/1610
f 467/480/1611 365/481/1612 340/377/1613 367/376/1614
f 459/471/1615 458/470/1616 462/474/1617 468/482/1618
f 469/483/1619 463/475/1620 461/473/1621 460/472/1622
f 220/210/1623 210/202/1624 470/484/1625 456/468/1626
f 457/469/1627 471/485/1628 215/205/1629 217/207/1630
f 376/386/1631 374/384/1632 459/471/1633 472/486/1634
f 472/486/1635 459/471/1636 468/482/1637 473/487/1638
f 474/488/1639 460/472/1640 375/385/1641 377/387/1642
f 475/489/1643 469/483/1644 460/472/1645 474/488/1646
f 462/474/1647 464/476/1648 476/490/1649 468/482/1650
f 469/483/1651 477/491/1652 465/477/1653 463/475/1654
f 466/478/1655 364/479/1656 456/492/1657 478/493/1658
f 464/476/1659 466/478/1660 478/493/1661 476/490/1662
f 479/494/1663 457/495/1664 365/481/1665 467/480/1666
f 477/491/1667 479/494/1668 467/480/1669 465/477/1670
f 384/394/1671 382/392/1672 480/496/1673 455/497/1674
f 454/498/1675 481/499/1676 383/393/1677 385/395/1678
f 146/136/1679 149/139/1680 452/464/1681 482/500/1682
f 483/501/1683 450/462/1684 150/140/1685 147/137/1686
f 456/492/1687 470/502/1688 484/503/1689 478/493/1690
f 479/494/1691 485/504/1692 471/505/1693 457/495/1694
f 476/490/1695 478/493/1696 484/503/1697 486/506/1698
f 468/482/1699 476/490/1700 486/506/1701 473/487/1702
f 487/507/1703 485/504/1704 479/494/1705 477/491/1706
f 475/489/1707 487/507/1708 477/491/1709 469/483/1710
f 382/392/1711 380/390/1712 488/508/1713 480/496/1714
f 481/499/1715 489/509/1716 381/391/1717 383/393/1718
f 492/510/1719 493/511/1720 490/512/1721 491/513/1722
f 145/135/1723 146/136/1724 482/500/1725 494/514/1726
f 204/194/1727 201/191/1728 145/135/1729 494/514/1730
f 495/515/1731 483/501/1732 147/137/1733 148/138/1734
f 495/515/1735 148/138/1736 202/192/1737 205/195/1738
f 404/416/1739 455/467/1740 496/516/1741 453/465/1742
f 480/496/1743 488/508/1744 497/517/1745 498/518/1746
f 498/518/1747 497/517/1748 499/519/1749 500/520/1750
f 451/463/1751 501/521/1752 454/466/1753 401/413/1754
f 491/513/1755 490/512/1756 489/509/1757 481/499/1758
f 453/465/1759 496/516/1760 482/500/1761 452/464/1762
f 502/522/1763 482/523/1764 496/524/1765
f 455/497/1766 480/496/1767 498/518/1768 496/524/1769
f 496/524/1770 498/518/1771 500/520/1772 502/522/1773
f 503/525/1774 502/522/1775 500/520/1776 499/519/1777
f 494/526/1778 482/523/1779 502/522/1780 503/525/1781
f 450/462/1782 483/501/1783 501/521/1784 451/463/1785
f 501/527/1786 483/528/1787 504/529/1788
f 501/527/1789 491/513/1790 481/499/1791 454/498/1792
f 504/529/1793 492/510/1794 491/513/1795 501/527/1796
f 493/511/1797 492/510/1798 504/529/1799 505/530/1800
f 505/530/1801 504/529/1802 483/528/1803 495/531/1804
f 380/390/1805 378/388/1806 506/532/1807 488/508/1808
f 378/388/1809 376/386/1810 472/486/1811 506/532/1812
f 489/509/1813 507/533/1814 379/389/1815 381/391/1816
f 507/533/1817 474/488/1818 377/387/1819 379/389/1820
f 506/532/1821 472/486/1822 473/487/1823 508/534/1824
f 488/508/1825 506/532/1826 508/534/1827 497/517/1828
f 509/535/1829 475/489/1830 474/488/1831 507/533/1832
f 490/512/1833 509/535/1834 507/533/1835 489/509/1836
f 484/503/1837 511/536/1838 510/537/1839 486/506/1840
f 508/534/1841 473/487/1842 486/506/1843 510/537/1844
f 497/517/1845 508/534/1846 510/537/1847 499/519/1848
f 487/507/1849 513/538/1850 512/539/1851 485/504/1852
f 513/538/1853 487/507/1854 475/489/1855 509/535/1856
f 493/511/1857 513/538/1858 509/535/1859 490/512/1860
f 210/202/1861 209/201/1862 514/540/1863 470/484/1864
f 470/502/1865 514/541/1866 511/536/1867 484/503/1868
f 209/201/1869 204/194/1870 494/514/1871 514/540/1872
f 514/541/1873 494/526/1874 503/525/1875 511/536/1876
f 511/536/1877 503/525/1878 499/519/1879 510/537/1880
f 471/485/1881 515/542/1882 213/203/1883 215/205/1884
f 485/504/1885 512/539/1886 515/543/1887 471/505/1888
f 515/542/1889 495/515/1890 205/195/1891 213/203/1892
f 512/539/1893 505/530/1894 495/531/1895 515/543/1896
f 513/538/1897 493/511/1898 505/530/1899 512/539/1900
f 516/544/1901 439/451/1902 177/167/1903 181/171/1904
f 182/172/1905 178/168/1906 442/454/1907 517/545/1908
f 423/437/1909 420/432/1910 416/428/1911 518/546/1912
f 519/547/1913 417/429/1914 421/433/1915 432/442/1916
f 518/546/1917 416/428/1918 412/424/1919 520/548/1920
f 521/549/1921 413/425/1922 417/429/1923 519/547/1924
f 520/548/1925 412/424/1926 406/418/1927 522/550/1928
f 523/551/1929 409/421/1930 413/425/1931 521/549/1932
f 522/550/1933 406/418/1934 407/419/1935 524/552/1936
f 525/553/1937 408/420/1938 409/421/1939 523/551/1940
f 526/554/1941 524/552/1942 407/419/1943 440/452/1944
f 439/451/1945 526/554/1946 440/452/1947 438/450/1948
f 443/455/1949 408/420/1950 525/553/1951 527/555/1952
f 441/453/1953 443/455/1954 527/555/1955 442/454/1956
f 424/438/1957 423/437/1958 518/546/1959 528/556/1960
f 529/557/1961 519/547/1962 432/442/1963 431/441/1964
f 530/558/1965 531/559/1966 532/560/1967
f 533/561/1968 534/562/1969 535/563/1970
f 531/559/1971 530/558/1972 536/564/1973
f 537/565/1974 535/563/1975 534/562/1976
f 536/564/1977 539/566/1978 538/567/1979 531/559/1980
f 539/566/1981 424/438/1982 528/556/1983 538/567/1984
f 534/562/1985 541/568/1986 540/569/1987 537/565/1988
f 541/568/1989 529/557/1990 431/441/1991 540/569/1992
f 542/570/1993 536/564/1994 530/558/1995 532/560/1996
f 533/561/1997 535/563/1998 537/565/1999 543/571/2000
f 544/572/2001 436/447/2002 425/435/2003 545/573/2004
f 545/573/2005 425/435/2006 424/438/2007 539/566/2008
f 546/574/2009 430/444/2010 436/447/2011 544/572/2012
f 540/569/2013 431/441/2014 430/444/2015 546/574/2016
f 547/575/2017 544/572/2018 545/573/2019 548/576/2020
f 549/577/2021 546/574/2022 544/572/2023 547/575/2024
f 551/578/2025 547/575/2026 548/576/2027 550/579/2028
f 552/580/2029 549/577/2030 547/575/2031 551/578/2032
f 553/581/2033 552/580/2034 551/578/2035 550/579/2036
f 554/582/2037 549/577/2038 552/580/2039 553/581/2040
f 553/581/2041 550/579/2042 548/576/2043 555/583/2044
f 556/584/2045 546/574/2046 549/577/2047 554/582/2048
f 555/583/2049 548/576/2050 545/573/2051 557/585/2052
f 558/586/2053 554/582/2054 553/581/2055 555/583/2056
f 543/571/2057 537/565/2058 540/569/2059 559/587/2060
f 560/588/2061 539/566/2062 536/564/2063 542/570/2064
f 561/589/2065 558/586/2066 555/583/2067 557/585/2068
f 556/584/2069 554/582/2070 558/586/2071 561/589/2072
f 541/568/2073 534/562/2074 533/561/2075 562/590/2076
f 562/590/2077 533/561/2078 543/571/2079 559/587/2080
f 559/587/2081 540/569/2082 546/574/2083 556/584/2084
f 557/585/2085 545/573/2086 539/566/2087 560/588/2088
f 563/591/2089 532/560/2090 531/559/2091 538/567/2092
f 560/588/2093 542/570/2094 532/560/2095 563/591/2096
f 564/592/2097 529/557/2098 541/568/2099 562/590/2100
f 563/591/2101 538/567/2102 528/556/2103 565/593/2104
f 562/590/2105 559/587/2106 567/594/2107 566/595/2108
f 559/587/2109 556/584/2110 561/589/2111 567/594/2112
f 567/594/2113 561/589/2114 557/585/2115 560/588/2116
f 567/594/2117 560/588/2118 563/591/2119 568/596/2120
f 564/592/2121 562/590/2122 566/595/2123 569/597/2124
f 570/598/2125 568/596/2126 563/591/2127 565/593/2128
f 571/599/2129 567/594/2130 568/596/2131 570/598/2132
f 569/597/2133 566/595/2134 567/594/2135 571/599/2136
f 517/545/2137 442/454/2138 527/555/2139 572/600/2140
f 573/601/2141 526/554/2142 439/451/2143 516/544/2144
f 206/196/2145 208/198/2146 574/602/2147 214/204/2148
f 212/200/2149 575/603/2150 207/197/2151 203/193/2152
f 196/186/2153 182/172/2154 517/545/2155 576/604/2156
f 198/188/2157 196/186/2158 576/604/2159 208/198/2160
f 208/198/2161 576/604/2162 577/605/2163 574/602/2164
f 578/606/2165 516/544/2166 181/171/2167 195/185/2168
f 207/197/2169 578/606/2170 195/185/2171 197/187/2172
f 575/603/2173 579/607/2174 578/606/2175 207/197/2176
f 572/600/2177 527/555/2178 525/553/2179 580/608/2180
f 581/609/2181 524/552/2182 526/554/2183 573/601/2184
f 216/206/2185 214/204/2186 574/602/2187 582/610/2188
f 583/611/2189 575/603/2190 212/200/2191 211/199/2192
f 576/604/2193 517/545/2194 572/600/2195 577/605/2196
f 579/607/2197 573/601/2198 516/544/2199 578/606/2200
f 580/608/2201 525/553/2202 523/551/2203 584/612/2204
f 585/613/2205 522/550/2206 524/552/2207 581/609/2208
f 577/605/2209 572/600/2210 580/608/2211 586/614/2212
f 587/615/2213 581/609/2214 573/601/2215 579/607/2216
f 584/612/2217 523/551/2218 521/549/2219 588/616/2220
f 589/617/2221 520/548/2222 522/550/2223 585/613/2224
f 588/616/2225 521/549/2226 519/547/2227 590/618/2228
f 519/547/2229 529/557/2230 564/592/2231 590/618/2232
f 591/619/2233 518/546/2234 520/548/2235 589/617/2236
f 591/619/2237 565/593/2238 528/556/2239 518/546/2240
f 593/620/2241 588/616/2242 590/618/2243 592/621/2244
f 595/622/2245 591/619/2246 589/617/2247 594/623/2248
f 590/618/2249 564/592/2250 569/597/2251 596/624/2252
f 597/625/2253 570/598/2254 565/593/2255 591/619/2256
f 592/621/2257 590/618/2258 596/624/2259 598/626/2260
f 599/627/2261 597/625/2262 591/619/2263 595/622/2264
f 596/624/2265 569/597/2266 571/599/2267 600/628/2268
f 600/628/2269 571/599/2270 570/598/2271 597/625/2272
f 601/629/2273 600/628/2274 597/625/2275 599/627/2276
f 598/626/2277 596/624/2278 600/628/2279 602/630/2280
f 602/630/2281 600/628/2282 601/629/2283 603/631/2284
f 604/632/2285 585/613/2286 581/609/2287 587/615/2288
f 594/623/2289 589/617/2290 585/613/2291 604/632/2292
f 586/614/2293 580/608/2294 584/612/2295 605/633/2296
f 605/633/2297 584/612/2298 588/616/2299 593/620/2300
f 583/611/2301 587/615/2302 579/607/2303 575/603/2304
f 574/602/2305 577/605/2306 586/614/2307 582/610/2308
f 606/634/2309 604/632/2310 587/615/2311 583/611/2312
f 582/610/2313 586/614/2314 605/633/2315 607/635/2316
f 608/636/2317 583/611/2318 211/199/2319 219/209/2320
f 218/208/2321 216/206/2322 582/610/2323 609/637/2324
f 610/638/2325 606/634/2326 583/611/2327 608/636/2328
f 609/637/2329 582/610/2330 607/635/2331 611/639/2332
f 612/640/2333 608/636/2334 219/209/2335 223/213/2336
f 613/641/2337 612/640/2338 223/213/2339 227/218/2340
f 222/212/2341 218/208/2342 609/637/2343 614/642/2344
f 226/215/2345 222/212/2346 614/642/2347 615/643/2348
f 231/222/2349 616/644/2350 613/641/2351 227/218/2352
f 616/644/2353 617/645/2354 612/640/2355 613/641/2356
f 302/302/2357 310/310/2358 616/644/2359 231/222/2360
f 617/645/2361 610/638/2362 608/636/2363 612/640/2364
f 226/215/2365 615/643/2366 618/646/2367 230/219/2368
f 615/643/2369 614/642/2370 619/647/2371 618/646/2372
f 230/219/2373 618/646/2374 313/313/2375 305/305/2376
f 614/642/2377 609/637/2378 611/639/2379 619/647/2380
f 1623/658/2381 1624/659/2382 1625/660/2383 1626/661/2384
f 1626/661/2385 1625/660/2386 1627/662/2387 1628/663/2388
f 1629/664/2389 1630/665/2390 1631/666/2391 1632/667/2392
f 1625/660/2393 1629/664/2394 1632/667/2395 1627/662/2396
f 1633/668/2397 1634/669/2398 1630/665/2399 1629/664/2400
f 1624/659/2401 1633/668/2402 1629/664/2403 1625/660/2404
f 1635/670/2405 1636/671/2406 1634/669/2407 1633/668/2408
f 1632/667/2409 1631/666/2410 1637/672/2411 1638/673/2412
f 1639/674/2413 1626/661/2414 1628/663/2415 1640/675/2416
f 1641/676/2417 1623/658/2418 1626/661/2419 1639/674/2420
f 1642/677/2421 1639/674/2422 1640/675/2423 1643/678/2424
f 1644/679/2425 1641/676/2426 1639/674/2427 1642/677/2428
f 1643/678/2429 1640/675/2430 1645/680/2431 1646/681/2432
f 1647/682/2433 1648/683/2434 1641/676/2435 1644/679/2436
f 1646/681/2437 1645/680/2438 1649/684/2439 1650/685/2440
f 1651/686/2441 1652/687/2442 1648/683/2443 1647/682/2444
f 1653/688/2445 1654/689/2446 1655/690/2447 1656/691/2448
f 1657/692/2449 1658/693/2450 1659/694/2451 1660/695/2452
f 1656/691/2453 1655/690/2454 1661/696/2455 1662/697/2456
f 1663/698/2457 1664/699/2458 1665/700/2459 1666/701/2460
f 1667/702/2461 1668/703/2462 1658/693/2463 1657/692/2464
f 1669/704/2465 1670/705/2466 1671/706/2467 1672/707/2468
f 1673/708/2469 1656/691/2470 1662/697/2471 1674/709/2472
f 1664/699/2473 1673/708/2474 1674/709/2475 1665/700/2476
f 1675/710/2477 1667/702/2478 1657/692/2479 1676/711/2480
f 1670/705/2481 1675/710/2482 1676/711/2483 1671/706/2484
f 1677/712/2485 1678/713/2486 1654/689/2487 1653/688/2488
f 1660/695/2489 1659/694/2490 1678/713/2491 1677/712/2492
f 1677/712/2493 1679/714/2494 1680/715/2495
f 1681/716/2496 1679/714/2497 1677/712/2498
f 1682/717/2499 1635/670/2500 1633/668/2501 1624/659/2502
f 1627/662/2503 1632/667/2504 1638/673/2505 1683/718/2506
f 1648/683/2507 1684/719/2508 1623/658/2509 1641/676/2510
f 1640/675/2511 1628/663/2512 1685/720/2513 1645/680/2514
f 1686/721/2515 1687/722/2516 1688/723/2517 1689/724/2518
f 1689/724/2519 1688/723/2520 1690/725/2521 1691/726/2522
f 1692/727/2523 1693/728/2524 1694/729/2525 1695/730/2526
f 1696/731/2527 1697/732/2528 1693/728/2529 1692/727/2530
f 1687/722/2531 1696/731/2532 1692/727/2533 1688/723/2534
f 1688/723/2535 1692/727/2536 1695/730/2537 1690/725/2538
f 1693/728/2539 1698/733/2540 1699/734/2541 1694/729/2542
f 1697/732/2543 1700/735/2544 1698/733/2545 1693/728/2546
f 1684/719/2547 1682/717/2548 1624/659/2549 1623/658/2550
f 1628/663/2551 1627/662/2552 1683/718/2553 1685/720/2554
f 1652/687/2555 1701/736/2556 1684/719/2557 1648/683/2558
f 1645/680/2559 1685/720/2560 1702/737/2561 1649/684/2562
f 1676/711/2563 1657/692/2564 1660/695/2565 1703/738/2566
f 1703/738/2567 1660/695/2568 1677/712/2569 1680/715/2570
f 1704/739/2571 1653/688/2572 1656/691/2573 1673/708/2574
f 1681/716/2575 1677/712/2576 1653/688/2577 1704/739/2578
f 1671/706/2579 1676/711/2580 1703/738/2581 1705/740/2582
f 1706/741/2583 1704/739/2584 1673/708/2585 1664/699/2586
f 1672/707/2587 1671/706/2588 1705/740/2589 1707/742/2590
f 1708/743/2591 1706/741/2592 1664/699/2593 1663/698/2594
f 1709/744/2595 1708/745/2596 1710/746/2597 1711/747/2598
f 1712/748/2599 1672/707/2600 1707/742/2601 1713/749/2602
f 1710/750/2603 1708/743/2604 1663/698/2605 1714/751/2606
f 1715/752/2607 1669/704/2608 1672/707/2609 1712/748/2610
f 1714/751/2611 1663/698/2612 1666/701/2613 1716/753/2614
f 1717/754/2615 1718/755/2616 1669/704/2617 1715/752/2618
f 1716/753/2619 1666/701/2620 1719/756/2621 1720/757/2622
f 1718/755/2623 1721/758/2624 1670/705/2625 1669/704/2626
f 1666/701/2627 1665/700/2628 1722/759/2629 1719/756/2630
f 1721/758/2631 1723/760/2632 1675/710/2633 1670/705/2634
f 1665/700/2635 1674/709/2636 1724/761/2637 1722/759/2638
f 1725/762/2639 1726/763/2640 1668/703/2641 1667/702/2642
f 1723/760/2643 1725/762/2644 1667/702/2645 1675/710/2646
f 1662/697/2647 1661/696/2648 1727/764/2649 1728/765/2650
f 1674/709/2651 1662/697/2652 1728/765/2653 1724/761/2654
f 1729/766/2655 1712/767/2656 1713/768/2657 1730/769/2658
f 1731/770/2659 1715/771/2660 1712/767/2661 1729/766/2662
f 1711/747/2663 1710/746/2664 1714/772/2665 1732/773/2666
f 1732/773/2667 1714/772/2668 1716/774/2669 1733/775/2670
f 1730/769/2671 1713/768/2672 1707/776/2673 1734/777/2674
f 1735/778/2675 1717/779/2676 1715/771/2677 1731/770/2678
f 1733/775/2679 1716/774/2680 1720/780/2681 1736/781/2682
f 1737/782/2683 1718/783/2684 1717/779/2685 1735/778/2686
f 1736/781/2687 1720/780/2688 1719/784/2689 1738/785/2690
f 1739/786/2691 1729/766/2692 1730/769/2693 1734/777/2694
f 1735/778/2695 1731/770/2696 1729/766/2697 1739/786/2698
f 1709/744/2699 1711/747/2700 1732/773/2701 1740/787/2702
f 1740/787/2703 1732/773/2704 1733/775/2705 1736/781/2706
f 1734/777/2707 1707/776/2708 1705/788/2709 1741/789/2710
f 1737/782/2711 1735/778/2712 1739/786/2713 1742/790/2714
f 1743/791/2715 1706/792/2716 1708/745/2717 1709/744/2718
f 1744/793/2719 1740/787/2720 1736/781/2721 1738/785/2722
f 1742/790/2723 1739/786/2724 1734/777/2725 1741/789/2726
f 1743/791/2727 1709/744/2728 1740/787/2729 1744/793/2730
f 1745/794/2731 1721/795/2732 1718/783/2733 1737/782/2734
f 1738/785/2735 1719/784/2736 1722/796/2737 1746/797/2738
f 1745/794/2739 1737/782/2740 1742/790/2741 1747/798/2742
f 1748/799/2743 1744/793/2744 1738/785/2745 1746/797/2746
f 1749/800/2747 1750/801/2748 1728/802/2749 1727/803/2750
f 1751/804/2751 1723/805/2752 1721/795/2753 1745/794/2754
f 1725/806/2755 1723/805/2756 1751/804/2757 1752/807/2758
f 1746/797/2759 1722/796/2760 1724/808/2761 1753/809/2762
f 1750/801/2763 1753/809/2764 1724/808/2765 1728/802/2766
f 1751/804/2767 1745/794/2768 1747/798/2769 1754/810/2770
f 1755/811/2771 1748/799/2772 1746/797/2773 1753/809/2774
f 1756/812/2775 1741/789/2776 1705/788/2777 1703/813/2778
f 1747/798/2779 1742/790/2780 1741/789/2781 1756/812/2782
f 1704/814/2783 1706/792/2784 1743/791/2785 1757/815/2786
f 1757/815/2787 1743/791/2788 1744/793/2789 1748/799/2790
f 1754/810/2791 1747/798/2792 1756/812/2793 1758/816/2794
f 1759/817/2795 1757/815/2796 1748/799/2797 1755/811/2798
f 1756/812/2799 1703/813/2800 1680/818/2801 1760/819/2802
f 1760/819/2803 1680/818/2804 1679/820/2805 1761/821/2806
f 1762/822/2807 1681/823/2808 1704/814/2809 1757/815/2810
f 1758/816/2811 1756/812/2812 1760/819/2813 1763/824/2814
f 1764/825/2815 1758/816/2816 1763/824/2817 1765/826/2818
f 1766/827/2819 1762/822/2820 1757/815/2821 1759/817/2822
f 1767/828/2823 1766/827/2824 1759/817/2825 1768/829/2826
f 1761/821/2827 1679/820/2828 1681/823/2829 1762/822/2830
f 1769/830/2831 1770/831/2832 1767/828/2833 1771/832/2834
f 1772/833/2835 1765/826/2836 1770/831/2837 1769/830/2838
f 1773/834/2839 1761/821/2840 1762/822/2841 1766/827/2842
f 1763/824/2843 1760/819/2844 1761/821/2845 1773/834/2846
f 1765/826/2847 1763/824/2848 1773/834/2849 1770/831/2850
f 1770/831/2851 1773/834/2852 1766/827/2853 1767/828/2854
f 1752/807/2855 1751/804/2856 1754/810/2857 1774/835/2858
f 1774/835/2859 1754/810/2860 1758/816/2861 1764/825/2862
f 1775/836/2863 1755/811/2864 1753/809/2865 1750/801/2866
f 1768/829/2867 1759/817/2868 1755/811/2869 1775/836/2870
f 1776/837/2871 1764/825/2872 1765/826/2873 1772/833/2874
f 1726/838/2875 1725/806/2876 1752/807/2877 1777/839/2878
f 1771/832/2879 1767/828/2880 1768/829/2881 1778/840/2882
f 1779/841/2883 1775/836/2884 1750/801/2885 1749/800/2886
f 1777/839/2887 1752/807/2888 1774/835/2889 1780/842/2890
f 1780/842/2891 1774/835/2892 1764/825/2893 1776/837/2894
f 1778/840/2895 1768/829/2896 1775/836/2897 1779/841/2898
f 1659/694/2899 1781/843/2900 1782/844/2901 1678/713/2902
f 1678/713/2903 1782/844/2904 1783/845/2905 1654/689/2906
f 1781/843/2907 1784/846/2908 1785/847/2909 1782/844/2910
f 1782/844/2911 1785/847/2912 1786/848/2913 1783/845/2914
f 1658/693/2915 1787/849/2916 1781/843/2917 1659/694/2918
f 1654/689/2919 1783/845/2920 1788/850/2921 1655/690/2922
f 1787/849/2923 1789/851/2924 1784/846/2925 1781/843/2926
f 1783/845/2927 1786/848/2928 1790/852/2929 1788/850/2930
f 1668/703/2931 1791/853/2932 1787/849/2933 1658/693/2934
f 1655/690/2935 1788/850/2936 1792/854/2937 1661/696/2938
f 1791/853/2939 1793/855/2940 1789/851/2941 1787/849/2942
f 1788/850/2943 1790/852/2944 1794/856/2945 1792/854/2946
f 1726/763/2947 1795/857/2948 1791/853/2949 1668/703/2950
f 1661/696/2951 1792/854/2952 1796/858/2953 1727/764/2954
f 1795/857/2955 1797/859/2956 1793/855/2957 1791/853/2958
f 1792/854/2959 1794/856/2960 1798/860/2961 1796/858/2962
f 1795/861/2963 1726/838/2964 1777/839/2965 1799/862/2966
f 1800/863/2967 1749/800/2968 1727/803/2969 1796/864/2970
f 1797/865/2971 1795/861/2972 1799/862/2973 1801/866/2974
f 1802/867/2975 1800/863/2976 1796/864/2977 1798/868/2978
f 1799/862/2979 1777/839/2980 1780/842/2981 1803/869/2982
f 1804/870/2983 1779/841/2984 1749/800/2985 1800/863/2986
f 1801/866/2987 1799/862/2988 1803/869/2989 1805/871/2990
f 1806/872/2991 1804/870/2992 1800/863/2993 1802/867/2994
f 1803/869/2995 1780/842/2996 1776/837/2997 1807/873/2998
f 1808/874/2999 1778/840/3000 1779/841/3001 1804/870/3002
f 1805/871/3003 1803/869/3004 1807/873/3005 1809/875/3006
f 1810/876/3007 1808/874/3008 1804/870/3009 1806/872/3010
f 1807/873/3011 1776/837/3012 1772/833/3013 1811/877/3014
f 1811/877/3015 1772/833/3016 1769/830/3017 1812/878/3018
f 1813/879/3019 1771/832/3020 1778/840/3021 1808/874/3022
f 1809/875/3023 1807/873/3024 1811/877/3025 1814/880/3026
f 1815/881/3027 1813/879/3028 1808/874/3029 1810/876/3030
f 1812/878/3031 1769/830/3032 1771/832/3033 1813/879/3034
f 1816/882/3035 1812/878/3036 1813/879/3037 1815/881/3038
f 1814/880/3039 1811/877/3040 1812/878/3041 1816/882/3042
f 1817/883/3043 1644/679/3044 1642/677/3045 1818/884/3046
f 1784/846/3047 1819/885/3048 1820/886/3049 1785/847/3050
f 1818/884/3051 1642/677/3052 1643/678/3053 1821/887/3054
f 1785/847/3055 1820/886/3056 1822/888/3057 1786/848/3058
f 1823/889/3059 1817/883/3060 1818/884/3061 1824/890/3062
f 1819/885/3063 1823/889/3064 1824/890/3065 1820/886/3066
f 1824/890/3067 1818/884/3068 1821/887/3069 1825/891/3070
f 1820/886/3071 1824/890/3072 1825/891/3073 1822/888/3074
f 1826/892/3075 1647/682/3076 1644/679/3077 1817/883/3078
f 1789/851/3079 1827/893/3080 1819/885/3081 1784/846/3082
f 1821/887/3083 1643/678/3084 1646/681/3085 1828/894/3086
f 1786/848/3087 1822/888/3088 1829/895/3089 1790/852/3090
f 1830/896/3091 1826/892/3092 1817/883/3093 1823/889/3094
f 1827/893/3095 1830/896/3096 1823/889/3097 1819/885/3098
f 1825/891/3099 1821/887/3100 1828/894/3101 1831/897/3102
f 1822/888/3103 1825/891/3104 1831/897/3105 1829/895/3106
f 1832/898/3107 1651/686/3108 1647/682/3109 1826/892/3110
f 1793/855/3111 1833/899/3112 1827/893/3113 1789/851/3114
f 1828/894/3115 1646/681/3116 1650/685/3117 1834/900/3118
f 1790/852/3119 1829/895/3120 1835/901/3121 1794/856/3122
f 1836/902/3123 1832/898/3124 1826/892/3125 1830/896/3126
f 1833/899/3127 1836/902/3128 1830/896/3129 1827/893/3130
f 1831/897/3131 1828/894/3132 1834/900/3133 1837/903/3134
f 1829/895/3135 1831/897/3136 1837/903/3137 1835/901/3138
f 1797/859/3139 1838/904/3140 1833/899/3141 1793/855/3142
f 1794/856/3143 1835/901/3144 1839/905/3145 1798/860/3146
f 1838/904/3147 1840/906/3148 1836/902/3149 1833/899/3150
f 1835/901/3151 1837/903/3152 1841/907/3153 1839/905/3154
f 1840/908/3155 1838/909/3156 1842/910/3157 1843/911/3158
f 1797/865/3159 1801/866/3160 1842/910/3161 1838/909/3162
f 1844/912/3163 1845/913/3164 1839/914/3165 1841/915/3166
f 1839/914/3167 1845/913/3168 1802/867/3169 1798/868/3170
f 1842/910/3171 1801/866/3172 1805/871/3173 1846/916/3174
f 1847/917/3175 1806/872/3176 1802/867/3177 1845/913/3178
f 1843/911/3179 1842/910/3180 1846/916/3181 1848/918/3182
f 1849/919/3183 1847/917/3184 1845/913/3185 1844/912/3186
f 1846/916/3187 1805/871/3188 1809/875/3189 1850/920/3190
f 1851/921/3191 1815/881/3192 1810/876/3193 1852/922/3194
f 1852/922/3195 1810/876/3196 1806/872/3197 1847/917/3198
f 1848/918/3199 1846/916/3200 1850/920/3201 1853/923/3202
f 1854/924/3203 1852/922/3204 1847/917/3205 1849/919/3206
f 1850/920/3207 1809/875/3208 1814/880/3209 1855/925/3210
f 1855/925/3211 1814/880/3212 1816/882/3213 1856/926/3214
f 1853/923/3215 1850/920/3216 1855/925/3217 1857/927/3218
f 1858/928/3219 1851/921/3220 1852/922/3221 1854/924/3222
f 1856/926/3223 1816/882/3224 1815/881/3225 1851/921/3226
f 1859/929/3227 1856/926/3228 1851/921/3229 1858/928/3230
f 1857/927/3231 1855/925/3232 1856/926/3233 1859/929/3234
f 1700/735/3235 1860/930/3236 1861/931/3237 1698/733/3238
f 1698/733/3239 1861/931/3240 1862/932/3241 1699/734/3242
f 1694/729/3243 1699/734/3244 1863/933/3245 1864/934/3246
f 1699/734/3247 1862/932/3248 1865/935/3249 1863/933/3250
f 1866/936/3251 1867/937/3252 1860/930/3253 1700/735/3254
f 1868/938/3255 1863/933/3256 1865/935/3257 1869/939/3258
f 1870/940/3259 1867/937/3260 1866/936/3261 1871/941/3262
f 1685/720/3263 1872/942/3264 1873/943/3265 1702/737/3266
f 1874/944/3267 1866/936/3268 1700/735/3269 1697/732/3270
f 1701/736/3271 1875/945/3272 1876/946/3273 1684/719/3274
f 1877/947/3275 1864/934/3276 1863/933/3277 1868/938/3278
f 1872/948/3279 1877/947/3280 1868/938/3281 1873/949/3282
f 1871/941/3283 1866/936/3284 1874/944/3285 1878/950/3286
f 1875/951/3287 1871/941/3288 1878/950/3289 1876/952/3290
f 1683/718/3291 1879/953/3292 1872/942/3293 1685/720/3294
f 1880/954/3295 1881/955/3296 1864/934/3297 1877/947/3298
f 1695/730/3299 1694/729/3300 1864/934/3301 1881/955/3302
f 1882/956/3303 1883/957/3304 1635/670/3305 1682/717/3306
f 1684/719/3307 1876/946/3308 1882/956/3309 1682/717/3310
f 1878/950/3311 1874/944/3312 1884/958/3313 1885/959/3314
f 1884/958/3315 1874/944/3316 1697/732/3317 1696/731/3318
f 1879/960/3319 1880/954/3320 1877/947/3321 1872/948/3322
f 1876/952/3323 1878/950/3324 1885/959/3325 1882/961/3326
f 1683/718/3327 1638/673/3328 1886/962/3329 1879/953/3330
f 1690/725/3331 1695/730/3332 1881/955/3333 1887/963/3334
f 1888/964/3335 1884/958/3336 1696/731/3337 1687/722/3338
f 1889/965/3339 1880/954/3340 1879/960/3341 1886/966/3342
f 1887/963/3343 1881/955/3344 1880/954/3345 1889/965/3346
f 1883/967/3347 1882/961/3348 1885/959/3349 1890/968/3350
f 1890/968/3351 1885/959/3352 1884/958/3353 1888/964/3354
f 1691/726/3355 1690/725/3356 1887/963/3357 1891/969/3358
f 1891/969/3359 1887/963/3360 1889/965/3361 1892/970/3362
f 1638/673/3363 1637/672/3364 1893/971/3365 1886/962/3366
f 1892/970/3367 1889/965/3368 1886/966/3369 1893/972/3370
f 1894/973/3371 1888/964/3372 1687/722/3373 1686/721/3374
f 1895/974/3375 1890/968/3376 1888/964/3377 1894/973/3378
f 1883/957/3379 1896/975/3380 1636/671/3381 1635/670/3382
f 1896/976/3383 1883/967/3384 1890/968/3385 1895/974/3386
f 1837/903/3387 1834/900/3388 1897/977/3389 1841/907/3390
f 1898/978/3391 1844/912/3392 1841/915/3393 1897/979/3394
f 1840/906/3395 1899/980/3396 1832/898/3397 1836/902/3398
f 1899/981/3399 1840/908/3400 1843/911/3401 1900/982/3402
f 1901/983/3403 1898/978/3404 1897/979/3405 1902/984/3406
f 1903/985/3407 1899/981/3408 1900/982/3409 1904/986/3410
f 1905/987/3411 1849/919/3412 1844/912/3413 1898/978/3414
f 1906/988/3415 1848/918/3416 1853/923/3417 1907/989/3418
f 1900/982/3419 1843/911/3420 1848/918/3421 1906/988/3422
f 1908/990/3423 1905/987/3424 1898/978/3425 1901/983/3426
f 1904/986/3427 1900/982/3428 1906/988/3429 1909/991/3430
f 1910/992/3431 1858/928/3432 1854/924/3433 1911/993/3434
f 1911/993/3435 1854/924/3436 1849/919/3437 1905/987/3438
f 1865/935/3439 1912/994/3440 1913/995/3441 1869/939/3442
f 1870/940/3443 1914/996/3444 1915/997/3445 1867/937/3446
f 1916/998/3447 1911/993/3448 1905/987/3449 1908/990/3450
f 1912/994/3451 1916/998/3452 1908/990/3453 1913/995/3454
f 1909/991/3455 1906/988/3456 1907/989/3457 1917/999/3458
f 1914/996/3459 1909/991/3460 1917/999/3461 1915/997/3462
f 1862/932/3463 1918/1000/3464 1912/994/3465 1865/935/3466
f 1919/1001/3467 1857/927/3468 1859/929/3469 1920/1002/3470
f 1907/989/3471 1853/923/3472 1857/927/3473 1919/1001/3474
f 1867/937/3475 1915/997/3476 1921/1003/3477 1860/930/3478
f 1922/1004/3479 1910/992/3480 1911/993/3481 1916/998/3482
f 1918/1000/3483 1922/1004/3484 1916/998/3485 1912/994/3486
f 1917/999/3487 1907/989/3488 1919/1001/3489 1923/1005/3490
f 1915/997/3491 1917/999/3492 1923/1005/3493 1921/1003/3494
f 1920/1002/3495 1859/929/3496 1858/928/3497 1910/992/3498
f 1860/930/3499 1921/1003/3500 1924/1006/3501 1861/931/3502
f 1861/931/3503 1924/1006/3504 1918/1000/3505 1862/932/3506
f 1925/1007/3507 1920/1002/3508 1910/992/3509 1922/1004/3510
f 1923/1005/3511 1919/1001/3512 1920/1002/3513 1925/1007/3514
f 1924/1006/3515 1925/1007/3516 1922/1004/3517 1918/1000/3518
f 1921/1003/3519 1923/1005/3520 1925/1007/3521 1924/1006/3522
f 1926/1008/3523 1927/1009/3524 1928/1010/3525 1929/1011/3526
f 1930/1012/3527 1931/1013/3528 1932/1014/3529 1933/1015/3530
f 1934/1016/3531 1935/1017/3532 1927/1009/3533 1926/1008/3534
f 1933/1015/3535 1932/1014/3536 1936/1018/3537 1937/1019/3538
f 1938/1020/3539 1939/1021/3540 1935/1017/3541 1934/1016/3542
f 1937/1019/3543 1936/1018/3544 1940/1022/3545 1941/1023/3546
f 1942/1024/3547 1926/1025/3548 1929/1026/3549 1943/1027/3550
f 1944/1028/3551 1930/1029/3552 1933/1030/3553 1945/1031/3554
f 1946/1032/3555 1934/1033/3556 1926/1025/3557 1942/1024/3558
f 1945/1031/3559 1933/1030/3560 1937/1034/3561 1947/1035/3562
f 1948/1036/3563 1938/1037/3564 1934/1033/3565 1946/1032/3566
f 1947/1035/3567 1937/1034/3568 1941/1038/3569 1949/1039/3570
f 1950/1040/3571 1948/1036/3572 1946/1032/3573 1951/1041/3574
f 1952/1042/3575 1947/1035/3576 1949/1039/3577 1953/1043/3578
f 1951/1041/3579 1946/1032/3580 1942/1024/3581 1954/1044/3582
f 1955/1045/3583 1945/1031/3584 1947/1035/3585 1952/1042/3586
f 1954/1044/3587 1942/1024/3588 1943/1027/3589 1956/1046/3590
f 1957/1047/3591 1944/1028/3592 1945/1031/3593 1955/1045/3594
f 1958/1048/3595 1954/1044/3596 1956/1046/3597 1959/1049/3598
f 1960/1050/3599 1957/1047/3600 1955/1045/3601 1961/1051/3602
f 1962/1052/3603 1958/1048/3604 1959/1049/3605 1963/1053/3606
f 1964/1054/3607 1960/1050/3608 1961/1051/3609 1965/1055/3610
f 1966/1056/3611 1951/1041/3612 1954/1044/3613 1958/1048/3614
f 1961/1051/3615 1955/1045/3616 1952/1042/3617 1967/1057/3618
f 1968/1058/3619 1966/1056/3620 1958/1048/3621 1962/1052/3622
f 1965/1055/3623 1961/1051/3624 1967/1057/3625 1969/1059/3626
f 1970/1060/3627 1950/1040/3628 1951/1041/3629 1966/1056/3630
f 1971/1061/3631 1970/1060/3632 1966/1056/3633 1968/1058/3634
f 1967/1057/3635 1952/1042/3636 1953/1043/3637 1972/1062/3638
f 1969/1059/3639 1967/1057/3640 1972/1062/3641 1973/1063/3642
f 1902/984/3643 1897/979/3644 1974/1064/3645
f 1975/1065/3646 1899/981/3647 1903/985/3648
f 1976/1066/3649 1977/1067/3650 1939/1021/3651 1938/1020/3652
f 1941/1023/3653 1940/1022/3654 1978/1068/3655 1979/1069/3656
f 1980/1070/3657 1981/1071/3658 1977/1067/3659 1976/1066/3660
f 1979/1069/3661 1978/1068/3662 1982/1072/3663 1983/1073/3664
f 1984/1074/3665 1976/1075/3666 1938/1037/3667 1948/1036/3668
f 1949/1039/3669 1941/1038/3670 1979/1076/3671 1985/1077/3672
f 1986/1078/3673 1980/1079/3674 1976/1075/3675 1984/1074/3676
f 1985/1077/3677 1979/1076/3678 1983/1080/3679 1987/1081/3680
f 1988/1082/3681 1984/1074/3682 1948/1036/3683 1950/1040/3684
f 1953/1043/3685 1949/1039/3686 1985/1077/3687 1989/1083/3688
f 1990/1084/3689 1986/1078/3690 1984/1074/3691 1988/1082/3692
f 1989/1083/3693 1985/1077/3694 1987/1081/3695 1991/1085/3696
f 1992/1086/3697 1988/1082/3698 1950/1040/3699 1970/1060/3700
f 1972/1062/3701 1953/1043/3702 1989/1083/3703 1993/1087/3704
f 1994/1088/3705 1990/1084/3706 1988/1082/3707 1992/1086/3708
f 1993/1087/3709 1989/1083/3710 1991/1085/3711 1995/1089/3712
f 1996/1090/3713 1992/1086/3714 1970/1060/3715 1971/1061/3716
f 1973/1063/3717 1972/1062/3718 1993/1087/3719 1997/1091/3720
f 1998/1092/3721 1994/1088/3722 1992/1086/3723 1996/1090/3724
f 1997/1091/3725 1993/1087/3726 1995/1089/3727 1999/1093/3728
f 1999/1093/3729 1995/1089/3730 2000/1094/3731 2001/1095/3732
f 2002/1096/3733 2003/1097/3734 1994/1088/3735 1998/1092/3736
f 1995/1089/3737 1991/1085/3738 2004/1098/3739 2000/1094/3740
f 2003/1097/3741 2005/1099/3742 1990/1084/3743 1994/1088/3744
f 1991/1085/3745 1987/1081/3746 2006/1100/3747 2004/1098/3748
f 2005/1099/3749 2007/1101/3750 1986/1078/3751 1990/1084/3752
f 2007/1101/3753 2008/1102/3754 1980/1079/3755 1986/1078/3756
f 1987/1081/3757 1983/1080/3758 2009/1103/3759 2006/1100/3760
f 2008/1104/3761 2010/1105/3762 1981/1071/3763 1980/1070/3764
f 1983/1073/3765 1982/1072/3766 2011/1106/3767 2009/1107/3768
f 2010/1105/3769 2012/1108/3770 2013/1109/3771 1981/1071/3772
f 1982/1072/3773 2014/1110/3774 2015/1111/3775 2011/1106/3776
f 1981/1071/3777 2013/1109/3778 2016/1112/3779 1977/1067/3780
f 1978/1068/3781 2017/1113/3782 2014/1110/3783 1982/1072/3784
f 1977/1067/3785 2016/1112/3786 2018/1114/3787 1939/1021/3788
f 1940/1022/3789 2019/1115/3790 2017/1113/3791 1978/1068/3792
f 1939/1021/3793 2018/1114/3794 2020/1116/3795 1935/1017/3796
f 1936/1018/3797 2021/1117/3798 2019/1115/3799 1940/1022/3800
f 1935/1017/3801 2020/1116/3802 2022/1118/3803 1927/1009/3804
f 1932/1014/3805 2023/1119/3806 2021/1117/3807 1936/1018/3808
f 1927/1009/3809 2022/1118/3810 2024/1120/3811 1928/1010/3812
f 1931/1013/3813 2025/1121/3814 2023/1119/3815 1932/1014/3816
f 2026/1122/3817 2027/1123/3818 1944/1028/3819 1957/1047/3820
f 1959/1049/3821 1956/1046/3822 2028/1124/3823 2029/1125/3824
f 2030/1126/3825 2031/1127/3826 2032/1128/3827 2033/1129/3828
f 2034/1130/3829 2030/1126/3830 2033/1129/3831 2035/1131/3832
f 2036/1132/3833 2037/1133/3834 2038/1134/3835 2039/1135/3836
f 2040/1136/3837 2036/1132/3838 2039/1135/3839 2041/1137/3840
f 2042/1138/3841 1962/1052/3842 1963/1053/3843 2031/1127/3844
f 2043/1139/3845 1965/1055/3846 1969/1059/3847 2044/1140/3848
f 2038/1134/3849 1964/1054/3850 1965/1055/3851 2043/1139/3852
f 2045/1141/3853 2046/1142/3854 2030/1126/3855 2034/1130/3856
f 2046/1142/3857 2042/1138/3858 2031/1127/3859 2030/1126/3860
f 2041/1137/3861 2039/1135/3862 2047/1143/3863 2048/1144/3864
f 2039/1135/3865 2038/1134/3866 2043/1139/3867 2047/1143/3868
f 2049/1145/3869 1968/1058/3870 1962/1052/3871 2042/1138/3872
f 2050/1146/3873 2049/1145/3874 2042/1138/3875 2046/1142/3876
f 2051/1147/3877 2050/1146/3878 2046/1142/3879 2045/1141/3880
f 2047/1143/3881 2043/1139/3882 2044/1140/3883 2052/1148/3884
f 2048/1144/3885 2047/1143/3886 2052/1148/3887 2053/1149/3888
f 2054/1150/3889 1971/1061/3890 1968/1058/3891 2049/1145/3892
f 2044/1140/3893 1969/1059/3894 1973/1063/3895 2055/1151/3896
f 2056/1152/3897 2054/1150/3898 2049/1145/3899 2050/1146/3900
f 2057/1153/3901 2056/1152/3902 2050/1146/3903 2051/1147/3904
f 2052/1148/3905 2044/1140/3906 2055/1151/3907 2058/1154/3908
f 2053/1149/3909 2052/1148/3910 2058/1154/3911 2059/1155/3912
f 2060/1156/3913 2061/1157/3914 2054/1150/3915 2056/1152/3916
f 2061/1157/3917 1996/1090/3918 1971/1061/3919 2054/1150/3920
f 2058/1154/3921 2055/1151/3922 2062/1158/3923 2063/1159/3924
f 2055/1151/3925 1973/1063/3926 1997/1091/3927 2062/1158/3928
f 2064/1160/3929 2060/1156/3930 2056/1152/3931 2057/1153/3932
f 2059/1155/3933 2058/1154/3934 2063/1159/3935 2065/1161/3936
f 2066/1162/3937 2067/1163/3938 2064/1160/3939 2057/1153/3940
f 2068/1164/3941 1998/1092/3942 1996/1090/3943 2061/1157/3944
f 2059/1155/3945 2065/1161/3946 2069/1165/3947 2070/1166/3948
f 2062/1158/3949 1997/1091/3950 1999/1093/3951 2071/1167/3952
f 2072/1168/3953 2068/1164/3954 2061/1157/3955 2060/1156/3956
f 2067/1163/3957 2072/1168/3958 2060/1156/3959 2064/1160/3960
f 2063/1159/3961 2062/1158/3962 2071/1167/3963 2073/1169/3964
f 2065/1161/3965 2063/1159/3966 2073/1169/3967 2069/1165/3968
f 1974/1170/3969 2074/1171/3970 2067/1163/3971 2066/1162/3972
f 2075/1172/3973 2002/1096/3974 1998/1092/3975 2068/1164/3976
f 2070/1166/3977 2069/1165/3978 2076/1173/3979 1975/1174/3980
f 2071/1167/3981 1999/1093/3982 2001/1095/3983 2077/1175/3984
f 2078/1176/3985 2075/1172/3986 2068/1164/3987 2072/1168/3988
f 2074/1171/3989 2078/1176/3990 2072/1168/3991 2067/1163/3992
f 2073/1169/3993 2071/1167/3994 2077/1175/3995 2079/1177/3996
f 2069/1165/3997 2073/1169/3998 2079/1177/3999 2076/1173/4000
f 1834/900/4001 1650/685/4002 2080/1178/4003 1897/977/4004
f 1897/977/4005 2080/1178/4006 2074/1171/4007 1974/1170/4008
f 2081/1179/4009 2003/1097/4010 2002/1096/4011 2075/1172/4012
f 1899/980/4013 2082/1180/4014 1651/686/4015 1832/898/4016
f 1975/1174/4017 2076/1173/4018 2082/1180/4019 1899/980/4020
f 2077/1175/4021 2001/1095/4022 2000/1094/4023 2083/1181/4024
f 2084/1182/4025 2081/1179/4026 2075/1172/4027 2078/1176/4028
f 2080/1178/4029 2084/1182/4030 2078/1176/4031 2074/1171/4032
f 2079/1177/4033 2077/1175/4034 2083/1181/4035 2085/1183/4036
f 2076/1173/4037 2079/1177/4038 2085/1183/4039 2082/1180/4040
f 1650/685/4041 1649/684/4042 2086/1184/4043 2080/1178/4044
f 2087/1185/4045 2005/1099/4046 2003/1097/4047 2081/1179/4048
f 2082/1180/4049 2088/1186/4050 1652/687/4051 1651/686/4052
f 2083/1181/4053 2000/1094/4054 2004/1098/4055 2089/1187/4056
f 2090/1188/4057 2087/1185/4058 2081/1179/4059 2084/1182/4060
f 2086/1184/4061 2090/1188/4062 2084/1182/4063 2080/1178/4064
f 2085/1183/4065 2083/1181/4066 2089/1187/4067 2091/1189/4068
f 2082/1180/4069 2085/1183/4070 2091/1189/4071 2088/1186/4072
f 1649/684/4073 1702/737/4074 2092/1190/4075 2086/1184/4076
f 2087/1185/4077 2093/1191/4078 2007/1101/4079 2005/1099/4080
f 2088/1186/4081 2094/1192/4082 1701/736/4083 1652/687/4084
f 2006/1100/4085 2009/1103/4086 2095/1193/4087 2096/1194/4088
f 2004/1098/4089 2006/1100/4090 2096/1194/4091 2089/1187/4092
f 2090/1188/4093 2097/1195/4094 2093/1191/4095 2087/1185/4096
f 2086/1184/4097 2092/1190/4098 2097/1195/4099 2090/1188/4100
f 2089/1187/4101 2096/1194/4102 2098/1196/4103 2091/1189/4104
f 2091/1189/4105 2098/1196/4106 2094/1192/4107 2088/1186/4108
f 1702/737/4109 1873/943/4110 2099/1197/4111 2092/1190/4112
f 1873/949/4113 1868/938/4114 1869/939/4115 2099/1198/4116
f 2093/1191/4117 2100/1199/4118 2008/1102/4119 2007/1101/4120
f 2094/1192/4121 2101/1200/4122 1875/945/4123 1701/736/4124
f 2101/1201/4125 1870/940/4126 1871/941/4127 1875/951/4128
f 2097/1195/4129 2102/1202/4130 2100/1199/4131 2093/1191/4132
f 2092/1190/4133 2099/1197/4134 2102/1202/4135 2097/1195/4136
f 2096/1194/4137 2095/1193/4138 2103/1203/4139 2098/1196/4140
f 2098/1196/4141 2103/1203/4142 2101/1200/4143 2094/1192/4144
f 2099/1198/4145 1869/939/4146 1913/995/4147 2104/1204/4148
f 1913/995/4149 1908/990/4150 1901/983/4151 2104/1204/4152
f 2008/1104/4153 2100/1205/4154 2105/1206/4155 2010/1105/4156
f 2106/1207/4157 1914/996/4158 1870/940/4159 2101/1201/4160
f 2106/1207/4161 1904/986/4162 1909/991/4163 1914/996/4164
f 2015/1111/4165 2107/1208/4166 2108/1209/4167 2011/1106/4168
f 2011/1106/4169 2108/1209/4170 2095/1210/4171 2009/1107/4172
f 2100/1205/4173 2102/1211/4174 2109/1212/4175 2105/1206/4176
f 2102/1211/4177 2099/1198/4178 2104/1204/4179 2109/1212/4180
f 2108/1209/4181 2110/1213/4182 2103/1214/4183 2095/1210/4184
f 2110/1213/4185 2106/1207/4186 2101/1201/4187 2103/1214/4188
f 2104/1204/4189 1901/983/4190 1902/984/4191 2111/1215/4192
f 1902/984/4193 1974/1064/4194 2111/1215/4195
f 2010/1105/4196 2105/1206/4197 2112/1216/4198 2012/1108/4199
f 2113/1217/4200 1903/985/4201 1904/986/4202 2106/1207/4203
f 2113/1217/4204 1975/1065/4205 1903/985/4206
f 2105/1206/4207 2109/1212/4208 2114/1218/4209 2112/1216/4210
f 2109/1212/4211 2104/1204/4212 2111/1215/4213 2114/1218/4214
f 2107/1208/4215 2115/1219/4216 2110/1213/4217 2108/1209/4218
f 2115/1219/4219 2113/1217/4220 2106/1207/4221 2110/1213/4222
f 2116/1220/4223 2066/1221/4224 2057/1222/4225 2117/1223/4226
f 2111/1215/4227 1974/1064/4228 2066/1221/4229 2116/1220/4230
f 2012/1108/4231 2112/1216/4232 2118/1224/4233 2013/1109/4234
f 2119/1225/4235 2070/1226/4236 1975/1065/4237 2113/1217/4238
f 2014/1110/4239 2120/1227/4240 2107/1208/4241 2015/1111/4242
f 2114/1218/4243 2111/1215/4244 2116/1220/4245 2121/1228/4246
f 2112/1216/4247 2114/1218/4248 2121/1228/4249 2118/1224/4250
f 2122/1229/4251 2119/1225/4252 2113/1217/4253 2115/1219/4254
f 2120/1227/4255 2122/1229/4256 2115/1219/4257 2107/1208/4258
f 2013/1109/4259 2118/1224/4260 2123/1230/4261 2016/1112/4262
f 2124/1231/4263 2059/1232/4264 2070/1226/4265 2119/1225/4266
f 2017/1113/4267 2125/1233/4268 2120/1227/4269 2014/1110/4270
f 2121/1228/4271 2116/1220/4272 2117/1223/4273 2126/1234/4274
f 2118/1224/4275 2121/1228/4276 2126/1234/4277 2123/1230/4278
f 2127/1235/4279 2124/1231/4280 2119/1225/4281 2122/1229/4282
f 2125/1233/4283 2127/1235/4284 2122/1229/4285 2120/1227/4286
f 2117/1223/4287 2057/1222/4288 2051/1236/4289 2128/1237/4290
f 2016/1112/4291 2123/1230/4292 2129/1238/4293 2018/1114/4294
f 2130/1239/4295 2053/1240/4296 2059/1232/4297 2124/1231/4298
f 2019/1115/4299 2131/1241/4300 2125/1233/4301 2017/1113/4302
f 2123/1230/4303 2126/1234/4304 2132/1242/4305 2129/1238/4306
f 2126/1234/4307 2117/1223/4308 2128/1237/4309 2132/1242/4310
f 2131/1241/4311 2133/1243/4312 2127/1235/4313 2125/1233/4314
f 2133/1243/4315 2130/1239/4316 2124/1231/4317 2127/1235/4318
f 2128/1237/4319 2051/1236/4320 2045/1244/4321 2134/1245/4322
f 2018/1114/4323 2129/1238/4324 2135/1246/4325 2020/1116/4326
f 2136/1247/4327 2048/1248/4328 2053/1240/4329 2130/1239/4330
f 2021/1117/4331 2137/1249/4332 2131/1241/4333 2019/1115/4334
f 2129/1238/4335 2132/1242/4336 2138/1250/4337 2135/1246/4338
f 2132/1242/4339 2128/1237/4340 2134/1245/4341 2138/1250/4342
f 2137/1249/4343 2139/1251/4344 2133/1243/4345 2131/1241/4346
f 2139/1251/4347 2136/1247/4348 2130/1239/4349 2133/1243/4350
f 2134/1245/4351 2045/1244/4352 2034/1252/4353 2140/1253/4354
f 2020/1116/4355 2135/1246/4356 2141/1254/4357 2022/1118/4358
f 2142/1255/4359 2041/1256/4360 2048/1248/4361 2136/1247/4362
f 2023/1119/4363 2143/1257/4364 2137/1249/4365 2021/1117/4366
f 2135/1246/4367 2138/1250/4368 2144/1258/4369 2141/1254/4370
f 2138/1250/4371 2134/1245/4372 2140/1253/4373 2144/1258/4374
f 2143/1257/4375 2145/1259/4376 2139/1251/4377 2137/1249/4378
f 2145/1259/4379 2142/1255/4380 2136/1247/4381 2139/1251/4382
f 2140/1253/4383 2034/1252/4384 2035/1260/4385 2146/1261/4386
f 2022/1118/4387 2141/1254/4388 2147/1262/4389 2024/1120/4390
f 2148/1263/4391 2040/1264/4392 2041/1256/4393 2142/1255/4394
f 2025/1121/4395 2149/1265/4396 2143/1257/4397 2023/1119/4398
f 2141/1254/4399 2144/1258/4400 2150/1266/4401 2147/1262/4402
f 2144/1258/4403 2140/1253/4404 2146/1261/4405 2150/1266/4406
f 2149/1265/4407 2151/1267/4408 2145/1259/4409 2143/1257/4410
f 2151/1267/4411 2148/1263/4412 2142/1255/4413 2145/1259/4414
f 1963/1053/4415 1959/1049/4416 2029/1125/4417 2152/1268/4418
f 2031/1127/4419 1963/1053/4420 2152/1268/4421 2032/1128/4422
f 2033/1129/4423 2032/1128/4424 2152/1268/4425 2153/1269/4426
f 2037/1133/4427 2154/1270/4428 1964/1054/4429 2038/1134/4430
f 2155/1271/4431 2154/1270/4432 2037/1133/4433 2036/1132/4434
f 1928/1010/4435 2024/1120/4436 2156/1272/4437 2157/1273/4438
f 1929/1011/4439 1928/1010/4440 2157/1273/4441 2158/1274/4442
f 1943/1027/4443 1929/1026/4444 2158/1275/4445 2159/1276/4446
f 1956/1046/4447 1943/1027/4448 2159/1276/4449 2028/1124/4450
f 2160/1277/4451 2028/1124/4452 2159/1276/4453
f 2161/1278/4454 2162/1279/4455 1931/1013/4456 1930/1012/4457
f 2027/1123/4458 2161/1280/4459 1930/1029/4460 1944/1028/4461
f 2158/1274/4462 2157/1273/4463 2163/1281/4464
f 2159/1276/4465 2158/1275/4466 2163/1282/4467 2160/1277/4468
f 2029/1125/4469 2028/1124/4470 2160/1277/4471 2164/1283/4472
f 2157/1273/4473 2156/1272/4474 2165/1284/4475 2163/1281/4476
f 2160/1277/4477 2163/1282/4478 2165/1285/4479 2164/1283/4480
f 2024/1120/4481 2147/1262/4482 2166/1286/4483 2156/1272/4484
f 2152/1268/4485 2029/1125/4486 2164/1283/4487 2167/1287/4488
f 2168/1288/4489 2169/1289/4490 2151/1267/4491 2149/1265/4492
f 2156/1272/4493 2166/1286/4494 2170/1290/4495 2165/1284/4496
f 2167/1287/4497 2164/1283/4498 2165/1285/4499 2170/1291/4500
f 2147/1262/4501 2150/1266/4502 2171/1292/4503 2166/1286/4504
f 2150/1266/4505 2146/1261/4506 2172/1293/4507 2171/1292/4508
f 2152/1268/4509 2167/1287/4510 2173/1294/4511
f 2173/1294/4512 2153/1269/4513 2152/1268/4514
f 2154/1270/4515 2155/1271/4516 2174/1295/4517
f 2146/1261/4518 2035/1260/4519 2175/1296/4520 2172/1293/4521
f 2035/1131/4522 2033/1129/4523 2153/1269/4524 2175/1297/4525
f 2172/1293/4526 2175/1296/4527 2176/1298/4528 2171/1292/4529
f 2175/1297/4530 2153/1269/4531 2173/1294/4532 2176/1299/4533
f 2166/1286/4534 2171/1292/4535 2176/1298/4536 2170/1290/4537
f 2173/1294/4538 2167/1287/4539 2170/1291/4540 2176/1299/4541
f 2177/1300/4542 2155/1271/4543 2036/1132/4544 2040/1136/4545
f 2162/1279/4546 2178/1301/4547 2025/1121/4548 1931/1013/4549
f 2154/1270/4550 2179/1302/4551 1960/1050/4552 1964/1054/4553
f 2178/1301/4554 2168/1288/4555 2149/1265/4556 2025/1121/4557
f 2180/1303/4558 2162/1279/4559 2161/1278/4560
f 2180/1303/4561 2181/1304/4562 2178/1301/4563 2162/1279/4564
f 2182/1305/4565 2180/1306/4566 2161/1280/4567 2027/1123/4568
f 2182/1305/4569 2027/1123/4570 2026/1122/4571
f 2179/1302/4572 2026/1122/4573 1957/1047/4574 1960/1050/4575
f 2181/1304/4576 2183/1307/4577 2168/1288/4578 2178/1301/4579
f 2184/1308/4580 2182/1305/4581 2026/1122/4582 2179/1302/4583
f 2184/1308/4584 2181/1309/4585 2180/1306/4586 2182/1305/4587
f 2185/1310/4588 2184/1308/4589 2179/1302/4590 2154/1270/4591
f 2183/1311/4592 2181/1309/4593 2184/1308/4594 2185/1310/4595
f 2186/1312/4596 2185/1310/4597 2154/1270/4598 2174/1295/4599
f 2187/1313/4600 2183/1311/4601 2185/1310/4602 2186/1312/4603
f 2183/1307/4604 2187/1314/4605 2169/1289/4606 2168/1288/4607
f 2188/1315/4608 2177/1316/4609 2040/1264/4610 2148/1263/4611
f 2169/1289/4612 2188/1315/4613 2148/1263/4614 2151/1267/4615
f 2189/1317/4616 2177/1316/4617 2188/1315/4618
f 2187/1314/4619 2189/1317/4620 2188/1315/4621 2169/1289/4622
f 2187/1313/4623 2186/1312/4624 2174/1295/4625 2189/1318/4626
f 2189/1318/4627 2174/1295/4628 2155/1271/4629 2177/1300/4630
f 2190/1319/4631 2191/1320/4632 2192/1321/4633 2193/1322/4634
f 2194/1323/4635 2195/1324/4636 2196/1325/4637 2197/1326/4638
f 2198/1327/4639 2199/1328/4640 2200/1329/4641 2201/1330/4642
f 2202/1331/4643 2203/1332/4644 2204/1333/4645 2205/1334/4646
f 2206/1335/4647 2207/1336/4648 2208/1337/4649 2209/1338/4650
f 2210/1339/4651 2211/1340/4652 2212/1341/4653 2213/1342/4654
f 2209/1338/4655 2208/1337/4656 2203/1332/4657 2202/1331/4658
f 2201/1330/4659 2200/1329/4660 2211/1340/4661 2210/1339/4662
f 2203/1332/4663 2214/1343/4664 2215/1344/4665 2204/1333/4666
f 2207/1336/4667 2216/1345/4668 2217/1346/4669 2208/1337/4670
f 2199/1328/4671 2218/1347/4672 2219/1348/4673 2200/1329/4674
f 2211/1340/4675 2220/1349/4676 2221/1350/4677 2212/1341/4678
f 2208/1337/4679 2217/1346/4680 2214/1343/4681 2203/1332/4682
f 2200/1329/4683 2219/1348/4684 2220/1349/4685 2211/1340/4686
f 2192/1321/4687 2222/1351/4688 2223/1352/4689 2193/1322/4690
f 2194/1323/4691 2224/1353/4692 2225/1354/4693 2195/1324/4694
f 2226/1355/4695 2190/1319/4696 2193/1322/4697 2227/1356/4698
f 2193/1322/4699 2223/1352/4700 2228/1357/4701 2227/1356/4702
f 2229/1358/4703 2226/1355/4704 2227/1356/4705 2230/1359/4706
f 2231/1360/4707 2230/1359/4708 2227/1356/4709 2228/1357/4710
f 2232/1361/4711 2194/1323/4712 2197/1326/4713 2233/1362/4714
f 2232/1361/4715 2234/1363/4716 2224/1353/4717 2194/1323/4718
f 2235/1364/4719 2232/1361/4720 2233/1362/4721 2236/1365/4722
f 2234/1363/4723 2232/1361/4724 2235/1364/4725 2237/1366/4726
f 2238/1367/4727 2239/1368/4728 2231/1360/4729 2228/1357/4730
f 2240/1369/4731 2241/1370/4732 2239/1368/4733 2238/1367/4734
f 2242/1371/4735 2238/1367/4736 2228/1357/4737 2223/1352/4738
f 2224/1353/4739 2234/1363/4740 2243/1372/4741 2244/1373/4742
f 2245/1374/4743 2240/1369/4744 2238/1367/4745 2242/1371/4746
f 2246/1375/4747 2242/1371/4748 2223/1352/4749 2222/1351/4750
f 2225/1354/4751 2224/1353/4752 2244/1373/4753 2247/1376/4754
f 2248/1377/4755 2245/1374/4756 2242/1371/4757 2246/1375/4758
f 2247/1376/4759 2244/1373/4760 2249/1378/4761 2250/1379/4762
f 2251/1380/4763 2248/1377/4764 2246/1375/4765 2252/1381/4766
f 2253/1382/4767 2247/1376/4768 2250/1379/4769 2254/1383/4770
f 2255/1384/4771 2252/1381/4772 2246/1375/4773 2222/1351/4774
f 2225/1354/4775 2247/1376/4776 2253/1382/4777 2256/1385/4778
f 2257/1386/4779 2251/1380/4780 2252/1381/4781 2255/1384/4782
f 2256/1385/4783 2253/1382/4784 2254/1383/4785 2258/1387/4786
f 2259/1388/4787 2255/1384/4788 2222/1351/4789 2192/1321/4790
f 2195/1324/4791 2225/1354/4792 2256/1385/4793 2260/1389/4794
f 2261/1390/4795 2257/1386/4796 2255/1384/4797 2259/1388/4798
f 2260/1389/4799 2256/1385/4800 2258/1387/4801 2262/1391/4802
f 2263/1392/4803 2259/1388/4804 2192/1321/4805 2191/1320/4806
f 2196/1325/4807 2195/1324/4808 2260/1389/4809 2264/1393/4810
f 2265/1394/4811 2261/1390/4812 2259/1388/4813 2263/1392/4814
f 2264/1393/4815 2260/1389/4816 2262/1391/4817 2266/1395/4818
f 2267/1396/4819 2265/1394/4820 2263/1392/4821 2268/1397/4822
f 2269/1398/4823 2264/1393/4824 2266/1395/4825 2270/1399/4826
f 2271/1400/4827 2268/1397/4828 2263/1392/4829 2191/1320/4830
f 2197/1326/4831 2196/1325/4832 2272/1401/4833 2273/1402/4834
f 2196/1325/4835 2264/1393/4836 2269/1398/4837 2272/1401/4838
f 2274/1403/4839 2267/1396/4840 2268/1397/4841 2271/1400/4842
f 2272/1401/4843 2269/1398/4844 2270/1399/4845 2275/1404/4846
f 2276/1405/4847 2271/1400/4848 2191/1320/4849 2190/1319/4850
f 2277/1406/4851 2274/1403/4852 2271/1400/4853 2276/1405/4854
f 2273/1402/4855 2272/1401/4856 2275/1404/4857 2278/1407/4858
f 2279/1408/4859 2276/1405/4860 2190/1319/4861 2226/1355/4862
f 2233/1362/4863 2197/1326/4864 2273/1402/4865 2280/1409/4866
f 2281/1410/4867 2277/1406/4868 2276/1405/4869 2279/1408/4870
f 2280/1409/4871 2273/1402/4872 2278/1407/4873 2282/1411/4874
f 2283/1412/4875 2281/1410/4876 2279/1408/4877 2284/1413/4878
f 2284/1413/4879 2279/1408/4880 2226/1355/4881 2229/1358/4882
f 2285/1414/4883 2280/1409/4884 2282/1411/4885 2286/1415/4886
f 2236/1365/4887 2233/1362/4888 2280/1409/4889 2285/1414/4890
f 2217/1346/4891 2216/1345/4892 2287/1416/4893 2288/1417/4894
f 2289/1418/4895 2290/1419/4896 2241/1370/4897 2240/1369/4898
f 2291/1420/4899 2292/1421/4900 2221/1350/4901 2220/1349/4902
f 2288/1417/4903 2287/1416/4904 2293/1422/4905 2294/1423/4906
f 2294/1423/4907 2293/1422/4908 2290/1419/4909 2289/1418/4910
f 2295/1424/4911 2296/1425/4912 2292/1421/4913 2291/1420/4914
f 2297/1426/4915 2289/1418/4916 2240/1369/4917 2245/1374/4918
f 2298/1427/4919 2288/1417/4920 2294/1423/4921 2299/1428/4922
f 2214/1343/4923 2217/1346/4924 2288/1417/4925 2298/1427/4926
f 2300/1429/4927 2295/1424/4928 2291/1420/4929 2301/1430/4930
f 2301/1430/4931 2291/1420/4932 2220/1349/4933 2219/1348/4934
f 2299/1428/4935 2294/1423/4936 2289/1418/4937 2297/1426/4938
f 2302/1431/4939 2297/1426/4940 2245/1374/4941 2248/1377/4942
f 2214/1343/4943 2298/1427/4944 2303/1432/4945 2215/1344/4946
f 2254/1383/4947 2250/1379/4948 2304/1433/4949 2305/1434/4950
f 2250/1379/4951 2249/1378/4952 2306/1435/4953 2304/1433/4954
f 2218/1347/4955 2307/1436/4956 2301/1430/4957 2219/1348/4958
f 2303/1432/4959 2298/1427/4960 2299/1428/4961 2308/1437/4962
f 2308/1437/4963 2299/1428/4964 2297/1426/4965 2302/1431/4966
f 2309/1438/4967 2300/1429/4968 2301/1430/4969 2307/1436/4970
f 2304/1433/4971 2306/1435/4972 2300/1429/4973 2309/1438/4974
f 2310/1439/4975 2302/1431/4976 2248/1377/4977 2251/1380/4978
f 2311/1440/4979 2308/1437/4980 2302/1431/4981 2310/1439/4982
f 2312/1441/4983 2303/1432/4984 2308/1437/4985 2311/1440/4986
f 2305/1434/4987 2304/1433/4988 2309/1438/4989 2313/1442/4990
f 2313/1442/4991 2309/1438/4992 2307/1436/4993 2314/1443/4994
f 2315/1444/4995 2316/1445/4996 2257/1386/4997 2261/1390/4998
f 2316/1445/4999 2310/1439/5000 2251/1380/5001 2257/1386/5002
f 2215/1344/5003 2303/1432/5004 2312/1441/5005 2317/1446/5006
f 2258/1387/5007 2254/1383/5008 2305/1434/5009 2318/1447/5010
f 2319/1448/5011 2314/1443/5012 2307/1436/5013 2218/1347/5014
f 2320/1449/5015 2311/1440/5016 2310/1439/5017 2316/1445/5018
f 2317/1446/5019 2312/1441/5020 2311/1440/5021 2320/1449/5022
f 2318/1447/5023 2305/1434/5024 2313/1442/5025 2321/1450/5026
f 2321/1450/5027 2313/1442/5028 2314/1443/5029 2319/1448/5030
f 2204/1333/5031 2215/1344/5032 2317/1446/5033 2322/1451/5034
f 2323/1452/5035 2320/1449/5036 2316/1445/5037 2315/1444/5038
f 2324/1453/5039 2319/1448/5040 2218/1347/5041 2199/1328/5042
f 2325/1454/5043 2318/1447/5044 2321/1450/5045 2326/1455/5046
f 2262/1391/5047 2258/1387/5048 2318/1447/5049 2325/1454/5050
f 2322/1451/5051 2317/1446/5052 2320/1449/5053 2323/1452/5054
f 2326/1455/5055 2321/1450/5056 2319/1448/5057 2324/1453/5058
f 2327/1456/5059 2315/1444/5060 2261/1390/5061 2265/1394/5062
f 2205/1334/5063 2204/1333/5064 2322/1451/5065 2328/1457/5066
f 2266/1395/5067 2262/1391/5068 2325/1454/5069 2329/1458/5070
f 2330/1459/5071 2324/1453/5072 2199/1328/5073 2198/1327/5074
f 2331/1460/5075 2323/1452/5076 2315/1444/5077 2327/1456/5078
f 2328/1457/5079 2322/1451/5080 2323/1452/5081 2331/1460/5082
f 2329/1458/5083 2325/1454/5084 2326/1455/5085 2332/1461/5086
f 2332/1461/5087 2326/1455/5088 2324/1453/5089 2330/1459/5090
f 2333/1462/5091 2327/1456/5092 2265/1394/5093 2267/1396/5094
f 2270/1399/5095 2266/1395/5096 2329/1458/5097 2334/1463/5098
f 2335/1464/5099 2328/1457/5100 2331/1460/5101 2336/1465/5102
f 2336/1465/5103 2331/1460/5104 2327/1456/5105 2333/1462/5106
f 2337/1466/5107 2332/1461/5108 2330/1459/5109 2338/1467/5110
f 2334/1463/5111 2329/1458/5112 2332/1461/5113 2337/1466/5114
f 2339/1468/5115 2333/1462/5116 2267/1396/5117 2274/1403/5118
f 2340/1469/5119 2335/1464/5120 2336/1465/5121 2341/1470/5122
f 2340/1469/5123 2205/1334/5124 2328/1457/5125 2335/1464/5126
f 2278/1407/5127 2275/1404/5128 2342/1471/5129 2343/1472/5130
f 2275/1404/5131 2270/1399/5132 2334/1463/5133 2342/1471/5134
f 2344/1473/5135 2337/1466/5136 2338/1467/5137 2345/1474/5138
f 2338/1467/5139 2330/1459/5140 2198/1327/5141 2345/1474/5142
f 2341/1470/5143 2336/1465/5144 2333/1462/5145 2339/1468/5146
f 2342/1471/5147 2334/1463/5148 2337/1466/5149 2344/1473/5150
f 2346/1475/5151 2339/1468/5152 2274/1403/5153 2277/1406/5154
f 2347/1476/5155 2202/1331/5156 2205/1334/5157 2340/1469/5158
f 2345/1474/5159 2198/1327/5160 2201/1330/5161 2348/1477/5162
f 2349/1478/5163 2341/1470/5164 2339/1468/5165 2346/1475/5166
f 2347/1476/5167 2340/1469/5168 2341/1470/5169 2349/1478/5170
f 2343/1472/5171 2342/1471/5172 2344/1473/5173 2350/1479/5174
f 2350/1479/5175 2344/1473/5176 2345/1474/5177 2348/1477/5178
f 2351/1480/5179 2346/1475/5180 2277/1406/5181 2281/1410/5182
f 2209/1338/5183 2202/1331/5184 2347/1476/5185 2352/1481/5186
f 2282/1411/5187 2278/1407/5188 2343/1472/5189 2353/1482/5190
f 2354/1483/5191 2348/1477/5192 2201/1330/5193 2210/1339/5194
f 2355/1484/5195 2349/1478/5196 2346/1475/5197 2351/1480/5198
f 2352/1481/5199 2347/1476/5200 2349/1478/5201 2355/1484/5202
f 2353/1482/5203 2343/1472/5204 2350/1479/5205 2356/1485/5206
f 2356/1485/5207 2350/1479/5208 2348/1477/5209 2354/1483/5210
f 2206/1335/5211 2209/1338/5212 2352/1481/5213 2357/1486/5214
f 2357/1486/5215 2352/1481/5216 2355/1484/5217 2358/1487/5218
f 2358/1487/5219 2355/1484/5220 2351/1480/5221 2359/1488/5222
f 2359/1488/5223 2351/1480/5224 2281/1410/5225 2283/1412/5226
f 2360/1489/5227 2354/1483/5228 2210/1339/5229 2213/1342/5230
f 2361/1490/5231 2356/1485/5232 2354/1483/5233 2360/1489/5234
f 2362/1491/5235 2353/1482/5236 2356/1485/5237 2361/1490/5238
f 2286/1415/5239 2282/1411/5240 2353/1482/5241 2362/1491/5242
f 2306/1435/5243 2363/1492/5244 2295/1424/5245 2300/1429/5246
f 2249/1378/5247 2364/1493/5248 2363/1492/5249 2306/1435/5250
f 2244/1373/5251 2243/1372/5252 2364/1493/5253 2249/1378/5254
f 2364/1493/5255 2365/1494/5256 2366/1495/5257 2363/1492/5258
f 2363/1492/5259 2366/1495/5260 2296/1425/5261 2295/1424/5262
f 2234/1363/5263 2237/1366/5264 2367/1496/5265 2243/1372/5266
f 2243/1372/5267 2367/1496/5268 2365/1494/5269 2364/1493/5270
f 2368/1497/5271 2369/1498/5272 2370/1499/5273 2371/1500/5274
f 2372/1501/5275 2373/1502/5276 2369/1498/5277 2368/1497/5278
f 2374/1503/5279 2368/1497/5280 2371/1500/5281 2375/1504/5282
f 2376/1505/5283 2372/1501/5284 2368/1497/5285 2374/1503/5286
f 2377/1506/5287 2374/1503/5288 2375/1504/5289 2378/1507/5290
f 2379/1508/5291 2376/1505/5292 2374/1503/5293 2377/1506/5294
f 2380/1509/5295 2377/1506/5296 2378/1507/5297 2381/1510/5298
f 2382/1511/5299 2379/1508/5300 2377/1506/5301 2380/1509/5302
f 2383/1512/5303 2384/1513/5304 2385/1514/5305 2386/1515/5306
f 2386/1515/5307 2385/1514/5308 2387/1516/5309 2388/1517/5310
f 2385/1514/5311 2389/1518/5312 2390/1519/5313 2387/1516/5314
f 2388/1517/5315 2387/1516/5316 2390/1519/5317 2391/1520/5318
f 2392/1521/5319 2393/1522/5320 2394/1523/5321 2389/1518/5322
f 2384/1513/5323 2392/1521/5324 2389/1518/5325 2385/1514/5326
f 2395/1524/5327 2392/1521/5328 2384/1513/5329 2383/1512/5330
f 2389/1518/5331 2394/1523/5332 2396/1525/5333 2390/1519/5334
f 2395/1524/5335 2397/1526/5336 2393/1522/5337 2392/1521/5338
f 2390/1519/5339 2396/1525/5340 2398/1527/5341 2391/1520/5342
f 2399/1528/5343 2400/1529/5344 2401/1530/5345 2402/1531/5346
f 2373/1502/5347 2399/1528/5348 2402/1531/5349 2369/1498/5350
f 2402/1531/5351 2401/1530/5352 2403/1532/5353 2404/1533/5354
f 2369/1498/5355 2402/1531/5356 2404/1533/5357 2370/1499/5358
f 2400/1529/5359 2405/1534/5360 2406/1535/5361 2401/1530/5362
f 2401/1530/5363 2406/1535/5364 2407/1536/5365 2403/1532/5366
f 2408/1537/5367 2409/1538/5368 2410/1539/5369 2411/1540/5370
f 2411/1540/5371 2410/1539/5372 2412/1541/5373 2413/1542/5374
f 2406/1535/5375 2411/1540/5376 2413/1542/5377 2407/1536/5378
f 2405/1534/5379 2408/1537/5380 2411/1540/5381 2406/1535/5382
f 2414/1543/5383 2415/1544/5384 2416/1545/5385 2417/1546/5386
f 2418/1547/5387 2419/1548/5388 2420/1549/5389 2421/1550/5390
f 2422/1551/5391 2414/1543/5392 2417/1546/5393 2423/1552/5394
f 2424/1553/5395 2418/1547/5396 2421/1550/5397 2425/1554/5398
f 2426/1555/5399 2422/1551/5400 2423/1552/5401 2427/1556/5402
f 2428/1557/5403 2424/1553/5404 2425/1554/5405 2429/1558/5406
f 2430/1559/5407 2431/1560/5408 2426/1555/5409 2427/1556/5410
f 2428/1557/5411 2429/1558/5412 2432/1561/5413 2433/1562/5414
f 2434/1563/5415 2435/1564/5416 2431/1560/5417 2430/1559/5418
f 2433/1562/5419 2432/1561/5420 2436/1565/5421 2437/1566/5422
f 2438/1567/5423 2439/1568/5424 2435/1564/5425 2434/1563/5426
f 2437/1566/5427 2436/1565/5428 2440/1569/5429 2441/1570/5430
f 2442/1571/5431 2443/1572/5432 2439/1568/5433 2438/1567/5434
f 2441/1570/5435 2440/1569/5436 2444/1573/5437 2445/1574/5438
f 2446/1575/5439 2380/1509/5440 2381/1510/5441 2447/1576/5442
f 2448/1577/5443 2382/1511/5444 2380/1509/5445 2446/1575/5446
f 2449/1578/5447 2450/1579/5448 2443/1572/5449 2442/1571/5450
f 2445/1574/5451 2444/1573/5452 2450/1579/5453 2449/1578/5454
f 2421/1550/5455 2420/1549/5456 2451/1580/5457 2452/1581/5458
f 2370/1499/5459 2404/1533/5460 2453/1582/5461 2454/1583/5462
f 2455/1584/5463 2456/1585/5464 2414/1543/5465 2422/1551/5466
f 2457/1586/5467 2458/1587/5468 2399/1528/5469 2373/1502/5470
f 2425/1554/5471 2421/1550/5472 2452/1581/5473 2459/1588/5474
f 2454/1583/5475 2453/1582/5476 2460/1589/5477 2461/1590/5478
f 2461/1590/5479 2460/1589/5480 2456/1585/5481 2455/1584/5482
f 2462/1591/5483 2463/1592/5484 2458/1587/5485 2457/1586/5486
f 2459/1588/5487 2452/1581/5488 2463/1592/5489 2462/1591/5490
f 2464/1593/5491 2455/1584/5492 2422/1551/5493 2426/1555/5494
f 2371/1500/5495 2370/1499/5496 2454/1583/5497 2465/1594/5498
f 2429/1558/5499 2425/1554/5500 2459/1588/5501 2466/1595/5502
f 2467/1596/5503 2457/1586/5504 2373/1502/5505 2372/1501/5506
f 2468/1597/5507 2461/1590/5508 2455/1584/5509 2464/1593/5510
f 2465/1594/5511 2454/1583/5512 2461/1590/5513 2468/1597/5514
f 2466/1595/5515 2459/1588/5516 2462/1591/5517 2469/1598/5518
f 2469/1598/5519 2462/1591/5520 2457/1586/5521 2467/1596/5522
f 2375/1504/5523 2371/1500/5524 2465/1594/5525 2470/1599/5526
f 2471/1600/5527 2464/1593/5528 2426/1555/5529 2431/1560/5530
f 2472/1601/5531 2467/1596/5532 2372/1501/5533 2376/1505/5534
f 2432/1561/5535 2429/1558/5536 2466/1595/5537 2473/1602/5538
f 2470/1599/5539 2465/1594/5540 2468/1597/5541 2474/1603/5542
f 2474/1603/5543 2468/1597/5544 2464/1593/5545 2471/1600/5546
f 2475/1604/5547 2469/1598/5548 2467/1596/5549 2472/1601/5550
f 2473/1602/5551 2466/1595/5552 2469/1598/5553 2475/1604/5554
f 2378/1507/5555 2375/1504/5556 2470/1599/5557 2476/1605/5558
f 2435/1564/5559 2477/1606/5560 2471/1600/5561 2431/1560/5562
f 2478/1607/5563 2472/1601/5564 2376/1505/5565 2379/1508/5566
f 2432/1561/5567 2473/1602/5568 2479/1608/5569 2436/1565/5570
f 2476/1605/5571 2470/1599/5572 2474/1603/5573 2480/1609/5574
f 2480/1609/5575 2474/1603/5576 2471/1600/5577 2477/1606/5578
f 2481/1610/5579 2475/1604/5580 2472/1601/5581 2478/1607/5582
f 2479/1608/5583 2473/1602/5584 2475/1604/5585 2481/1610/5586
f 2439/1568/5587 2482/1611/5588 2477/1606/5589 2435/1564/5590
f 2443/1572/5591 2483/1612/5592 2482/1611/5593 2439/1568/5594
f 2381/1510/5595 2378/1507/5596 2476/1605/5597 2484/1613/5598
f 2446/1575/5599 2447/1576/5600 2485/1614/5601 2483/1612/5602
f 2450/1579/5603 2446/1575/5604 2483/1612/5605 2443/1572/5606
f 2436/1565/5607 2479/1608/5608 2486/1615/5609 2440/1569/5610
f 2440/1569/5611 2486/1615/5612 2487/1616/5613 2444/1573/5614
f 2488/1617/5615 2478/1607/5616 2379/1508/5617 2382/1511/5618
f 2487/1616/5619 2489/1618/5620 2448/1577/5621 2446/1575/5622
f 2444/1573/5623 2487/1616/5624 2446/1575/5625 2450/1579/5626
f 2483/1612/5627 2485/1614/5628 2490/1619/5629 2482/1611/5630
f 2447/1576/5631 2381/1510/5632 2484/1613/5633 2485/1614/5634
f 2485/1614/5635 2484/1613/5636 2490/1619/5637
f 2490/1619/5638 2480/1609/5639 2477/1606/5640 2482/1611/5641
f 2484/1613/5642 2476/1605/5643 2480/1609/5644 2490/1619/5645
f 2486/1615/5646 2491/1620/5647 2489/1618/5648 2487/1616/5649
f 2489/1618/5650 2488/1617/5651 2382/1511/5652 2448/1577/5653
f 2491/1620/5654 2488/1617/5655 2489/1618/5656
f 2486/1615/5657 2479/1608/5658 2481/1610/5659 2491/1620/5660
f 2491/1620/5661 2481/1610/5662 2478/1607/5663 2488/1617/5664
f 2413/1542/5665 2412/1541/5666 2492/1621/5667 2493/1622/5668
f 2494/1623/5669 2495/1624/5670 2409/1538/5671 2408/1537/5672
f 2407/1536/5673 2413/1542/5674 2493/1622/5675 2496/1625/5676
f 2496/1625/5677 2493/1622/5678 2497/1626/5679
f 2493/1622/5680 2492/1621/5681 2497/1626/5682
f 2498/1627/5683 2494/1623/5684 2408/1537/5685 2405/1534/5686
f 2499/1628/5687 2494/1623/5688 2498/1627/5689
f 2499/1628/5690 2495/1624/5691 2494/1623/5692
f 2403/1532/5693 2407/1536/5694 2496/1625/5695 2500/1629/5696
f 2404/1533/5697 2403/1532/5698 2500/1629/5699 2453/1582/5700
f 2500/1629/5701 2496/1625/5702 2497/1626/5703 2501/1630/5704
f 2502/1631/5705 2498/1627/5706 2405/1534/5707 2400/1529/5708
f 2458/1587/5709 2502/1631/5710 2400/1529/5711 2399/1528/5712
f 2503/1632/5713 2499/1628/5714 2498/1627/5715 2502/1631/5716
f 2453/1582/5717 2500/1629/5718 2504/1633/5719 2460/1589/5720
f 2500/1629/5721 2501/1630/5722 2505/1634/5723 2504/1633/5724
f 2463/1592/5725 2506/1635/5726 2502/1631/5727 2458/1587/5728
f 2506/1635/5729 2507/1636/5730 2503/1632/5731 2502/1631/5732
f 2456/1585/5733 2508/1637/5734 2415/1544/5735 2414/1543/5736
f 2460/1589/5737 2504/1633/5738 2508/1637/5739 2456/1585/5740
f 2452/1581/5741 2451/1580/5742 2506/1635/5743 2463/1592/5744
f 2415/1544/5745 2508/1637/5746 2509/1638/5747
f 2510/1639/5748 2451/1580/5749 2420/1549/5750
f 2509/1638/5751 2511/1640/5752 2416/1545/5753 2415/1544/5754
f 2511/1640/5755 2509/1638/5756 2512/1641/5757
f 2504/1633/5758 2505/1634/5759 2512/1641/5760 2508/1637/5761
f 2509/1638/5762 2508/1637/5763 2512/1641/5764
f 2420/1549/5765 2419/1548/5766 2513/1642/5767 2510/1639/5768
f 2514/1643/5769 2510/1639/5770 2513/1642/5771
f 2451/1580/5772 2514/1643/5773 2507/1636/5774 2506/1635/5775
f 2514/1643/5776 2451/1580/5777 2510/1639/5778
f 2512/1641/5779 2515/1644/5780 2516/1645/5781 2511/1640/5782
f 2513/1642/5783 2517/1646/5784 2518/1647/5785 2514/1643/5786
f 2515/1644/5787 2519/1648/5788 2520/1649/5789 2516/1645/5790
f 2519/1648/5791 2521/1650/5792 2522/1651/5793 2520/1649/5794
f 2497/1626/5795 2519/1648/5796 2505/1634/5797 2501/1630/5798
f 2492/1621/5799 2521/1650/5800 2519/1648/5801 2497/1626/5802
f 2519/1648/5803 2515/1644/5804 2512/1641/5805 2505/1634/5806
f 2517/1646/5807 2523/1652/5808 2524/1653/5809 2518/1647/5810
f 2523/1652/5811 2525/1654/5812 2526/1655/5813 2524/1653/5814
f 2503/1632/5815 2507/1636/5816 2524/1653/5817 2499/1628/5818
f 2499/1628/5819 2524/1653/5820 2526/1655/5821 2495/1624/5822
f 2507/1636/5823 2514/1643/5824 2518/1647/5825 2524/1653/5826
f 2409/1538/5827 2527/1656/5828 2528/1657/5829 2410/1539/5830
f 2410/1539/5831 2528/1657/5832 2529/1658/5833 2412/1541/5834
f 2530/1659/5835 2531/1660/5836 2532/1661/5837 2533/1662/5838
f 2534/1663/5839 2535/1664/5840 2531/1660/5841 2530/1659/5842
f 2528/1657/5843 2530/1665/5844 2533/1666/5845 2529/1658/5846
f 2527/1656/5847 2534/1667/5848 2530/1665/5849 2528/1657/5850
f 2412/1541/5851 2529/1658/5852 2536/1668/5853 2492/1621/5854
f 2532/1661/5855 2537/1669/5856 2538/1670/5857 2533/1662/5858
f 2492/1621/5859 2536/1668/5860 2539/1671/5861 2521/1650/5862
f 2525/1654/5863 2540/1672/5864 2541/1673/5865 2526/1655/5866
f 2521/1650/5867 2539/1671/5868 2542/1674/5869 2522/1651/5870
f 2539/1671/5871 2543/1675/5872 2544/1676/5873 2542/1674/5874
f 2545/1677/5875 2546/1678/5876 2544/1679/5877 2543/1680/5878
f 2540/1672/5879 2547/1681/5880 2548/1682/5881 2541/1673/5882
f 2548/1683/5883 2547/1684/5884 2549/1685/5885 2550/1686/5886
f 2522/1651/5887 2542/1674/5888 2551/1687/5889 2520/1649/5890
f 2523/1652/5891 2552/1688/5892 2540/1672/5893 2525/1654/5894
f 2544/1679/5895 2546/1678/5896 2553/1689/5897 2554/1690/5898
f 2542/1674/5899 2544/1676/5900 2554/1691/5901 2551/1687/5902
f 2555/1692/5903 2556/1693/5904 2549/1685/5905 2547/1684/5906
f 2552/1688/5907 2555/1694/5908 2547/1681/5909 2540/1672/5910
f 2516/1645/5911 2520/1649/5912 2551/1687/5913 2557/1695/5914
f 2558/1696/5915 2552/1688/5916 2523/1652/5917 2517/1646/5918
f 2551/1687/5919 2554/1691/5920 2559/1697/5921 2557/1695/5922
f 2554/1690/5923 2553/1689/5924 2560/1698/5925 2559/1699/5926
f 2558/1696/5927 2561/1700/5928 2555/1694/5929 2552/1688/5930
f 2561/1701/5931 2562/1702/5932 2556/1693/5933 2555/1692/5934
f 2511/1640/5935 2516/1645/5936 2557/1695/5937 2563/1703/5938
f 2564/1704/5939 2565/1705/5940 2513/1642/5941 2419/1548/5942
f 2565/1705/5943 2558/1696/5944 2517/1646/5945 2513/1642/5946
f 2559/1699/5947 2560/1698/5948 2566/1706/5949 2567/1707/5950
f 2557/1695/5951 2559/1697/5952 2567/1708/5953 2563/1703/5954
f 2568/1709/5955 2569/1710/5956 2562/1702/5957 2561/1701/5958
f 2565/1705/5959 2568/1711/5960 2561/1700/5961 2558/1696/5962
f 2416/1545/5963 2511/1640/5964 2563/1703/5965 2570/1712/5966
f 2571/1713/5967 2564/1704/5968 2419/1548/5969 2418/1547/5970
f 2563/1703/5971 2567/1708/5972 2572/1714/5973 2570/1712/5974
f 2567/1707/5975 2566/1706/5976 2573/1715/5977 2572/1716/5978
f 2564/1704/5979 2574/1717/5980 2568/1711/5981 2565/1705/5982
f 2574/1718/5983 2575/1719/5984 2569/1710/5985 2568/1709/5986
f 2417/1546/5987 2416/1545/5988 2570/1712/5989 2576/1720/5990
f 2570/1712/5991 2572/1714/5992 2577/1721/5993 2576/1720/5994
f 2572/1716/5995 2573/1715/5996 2578/1722/5997 2577/1723/5998
f 2571/1713/5999 2579/1724/6000 2574/1717/6001 2564/1704/6002
f 2579/1725/6003 2580/1726/6004 2575/1719/6005 2574/1718/6006
f 2423/1552/6007 2417/1546/6008 2576/1720/6009 2581/1727/6010
f 2578/1722/6011 2582/1728/6012 2583/1729/6013 2577/1723/6014
f 2584/1730/6015 2571/1713/6016 2418/1547/6017 2424/1553/6018
f 2579/1725/6019 2585/1731/6020 2586/1732/6021 2580/1726/6022
f 2581/1727/6023 2576/1720/6024 2577/1721/6025 2583/1733/6026
f 2585/1734/6027 2579/1724/6028 2571/1713/6029 2584/1730/6030
f 2427/1556/6031 2423/1552/6032 2581/1727/6033 2587/1735/6034
f 2588/1736/6035 2584/1730/6036 2424/1553/6037 2428/1557/6038
f 2589/1737/6039 2590/1738/6040 2583/1729/6041 2582/1728/6042
f 2590/1739/6043 2587/1735/6044 2581/1727/6045 2583/1733/6046
f 2586/1732/6047 2585/1731/6048 2591/1740/6049 2592/1741/6050
f 2585/1734/6051 2584/1730/6052 2588/1736/6053 2591/1742/6054
f 2593/1743/6055 2430/1559/6056 2427/1556/6057 2587/1735/6058
f 2588/1736/6059 2428/1557/6060 2433/1562/6061 2594/1744/6062
f 2595/1745/6063 2593/1743/6064 2587/1735/6065 2590/1739/6066
f 2596/1746/6067 2595/1747/6068 2590/1738/6069 2589/1737/6070
f 2591/1742/6071 2588/1736/6072 2594/1744/6073 2597/1748/6074
f 2592/1741/6075 2591/1740/6076 2597/1749/6077 2598/1750/6078
f 2394/1523/6079 2599/1751/6080 2600/1752/6081 2396/1525/6082
f 2398/1527/6083 2601/1753/6084 2596/1746/6085 2602/1754/6086
f 2603/1755/6087 2434/1563/6088 2430/1559/6089 2593/1743/6090
f 2604/1756/6091 2598/1750/6092 2605/1757/6093 2397/1526/6094
f 2594/1744/6095 2433/1562/6096 2437/1566/6097 2606/1758/6098
f 2607/1759/6099 2603/1755/6100 2593/1743/6101 2595/1745/6102
f 2601/1753/6103 2607/1760/6104 2595/1747/6105 2596/1746/6106
f 2597/1748/6107 2594/1744/6108 2606/1758/6109 2608/1761/6110
f 2598/1750/6111 2597/1749/6112 2608/1762/6113 2605/1757/6114
f 2396/1525/6115 2600/1752/6116 2601/1753/6117 2398/1527/6118
f 2609/1763/6119 2438/1567/6120 2434/1563/6121 2603/1755/6122
f 2397/1526/6123 2605/1757/6124 2610/1764/6125 2393/1522/6126
f 2393/1522/6127 2610/1764/6128 2599/1751/6129 2394/1523/6130
f 2606/1758/6131 2437/1566/6132 2441/1570/6133 2611/1765/6134
f 2612/1766/6135 2609/1763/6136 2603/1755/6137 2607/1759/6138
f 2600/1752/6139 2612/1767/6140 2607/1760/6141 2601/1753/6142
f 2608/1761/6143 2606/1758/6144 2611/1765/6145 2613/1768/6146
f 2605/1757/6147 2608/1762/6148 2613/1769/6149 2610/1764/6150
f 2614/1770/6151 2442/1571/6152 2438/1567/6153 2609/1763/6154
f 2610/1764/6155 2615/1771/6156 2616/1772/6157 2599/1751/6158
f 2611/1765/6159 2441/1570/6160 2445/1574/6161 2617/1773/6162
f 2618/1774/6163 2619/1775/6164 2612/1767/6165 2600/1752/6166
f 2619/1776/6167 2614/1770/6168 2609/1763/6169 2612/1766/6170
f 2610/1764/6171 2613/1769/6172 2620/1777/6173 2615/1771/6174
f 2613/1768/6175 2611/1765/6176 2617/1773/6177 2620/1778/6178
f 2599/1751/6179 2616/1772/6180 2618/1774/6181 2600/1752/6182
f 2621/1779/6183 2449/1578/6184 2442/1571/6185 2614/1770/6186
f 2617/1773/6187 2445/1574/6188 2449/1578/6189 2621/1779/6190
f 2616/1772/6191 2622/1780/6192 2619/1775/6193 2618/1774/6194
f 2615/1771/6195 2620/1777/6196 2622/1780/6197 2616/1772/6198
f 2622/1781/6199 2621/1779/6200 2614/1770/6201 2619/1776/6202
f 2620/1778/6203 2617/1773/6204 2621/1779/6205 2622/1781/6206
f 2495/1624/6207 2623/1782/6208 2527/1656/6209 2409/1538/6210
f 2526/1655/6211 2541/1673/6212 2623/1782/6213 2495/1624/6214
f 2529/1658/6215 2533/1666/6216 2538/1783/6217 2536/1668/6218
f 2538/1783/6219 2543/1675/6220 2539/1671/6221 2536/1668/6222
f 2537/1669/6223 2545/1677/6224 2543/1680/6225 2538/1670/6226
f 2623/1782/6227 2624/1784/6228 2534/1667/6229 2527/1656/6230
f 2534/1663/6231 2624/1785/6232 2625/1786/6233 2535/1664/6234
f 2623/1782/6235 2541/1673/6236 2548/1682/6237 2624/1784/6238
f 2624/1785/6239 2548/1683/6240 2550/1686/6241 2625/1786/6242
g default
v -0.834552 4.499153 0.452320
v -0.816291 4.452856 0.466976
v -0.814708 4.452312 0.466293
v -0.830211 4.499441 0.456527
v -0.832201 4.497220 0.447510
v -0.814618 4.452709 0.467774
v -0.812977 4.451783 0.466297
v -0.823698 4.497990 0.458226
v -0.811186 4.451398 0.466620
v -0.817159 4.495835 0.457714
v -0.809699 4.451383 0.467252
v -0.813950 4.493757 0.453158
v -0.811234 4.451744 0.467698
v -0.819121 4.493779 0.449093
v -0.812925 4.452299 0.468087
v -0.825628 4.495159 0.447273
v -0.866093 4.580471 0.441586
v -0.873901 4.582383 0.432568
v -0.866977 4.580818 0.422366
v -0.853383 4.577158 0.444699
v -0.840388 4.573747 0.443255
v -0.833388 4.572207 0.433084
v -0.841142 4.574113 0.423127
v -0.853970 4.577462 0.420565
v -0.895009 4.674995 0.437379
v -0.902576 4.676772 0.419030
v -0.891303 4.674367 0.401662
v -0.875557 4.670493 0.444458
v -0.854953 4.665541 0.440951
v -0.843028 4.663040 0.424390
v -0.851636 4.665072 0.405410
v -0.870922 4.669649 0.397644
v 0.818521 4.454710 0.469876
v 0.840166 4.499592 0.454828
v 0.836097 4.499378 0.458348
v 0.817917 4.453678 0.469533
v 0.818055 4.453828 0.469983
v 0.838032 4.497754 0.450852
v 0.830027 4.497774 0.460034
v 0.817626 4.452894 0.470001
v 0.823709 4.495667 0.459646
v 0.817141 4.452580 0.470215
v 0.820158 4.493679 0.455488
v 0.815668 4.452120 0.470582
v 0.825450 4.493722 0.451209
v 0.817058 4.452557 0.470238
v 0.831991 4.495347 0.450042
v 0.817568 4.452789 0.470117
v 0.879387 4.583091 0.434999
v 0.871931 4.580684 0.443186
v 0.873401 4.581096 0.424900
v 0.859910 4.577195 0.447471
v 0.846686 4.573975 0.446546
v 0.840076 4.572252 0.435205
v 0.847819 4.574193 0.425148
v 0.860592 4.577390 0.422032
v 0.909606 4.676871 0.421091
v 0.901924 4.675055 0.440136
v 0.897770 4.674608 0.403978
v 0.882114 4.670523 0.447714
v 0.861260 4.665676 0.443981
v 0.849125 4.662982 0.426111
v 0.858183 4.665044 0.406708
v 0.877766 4.669899 0.399953
v -0.778645 4.604043 0.610371
v -0.778642 4.604115 0.610399
v -0.784754 4.652689 0.613497
v -0.787468 4.652881 0.610345
v -0.787145 4.651922 0.606273
v -0.778501 4.603980 0.610303
v -0.778592 4.604115 0.610485
v -0.781012 4.651727 0.614759
v -0.778499 4.604049 0.610387
v -0.778091 4.650477 0.613140
v -0.778392 4.603989 0.610278
v -0.778210 4.649695 0.609328
v -0.778337 4.604004 0.610035
v -0.780464 4.649767 0.605933
v -0.778383 4.603954 0.610162
v -0.784248 4.650624 0.604313
v -0.794841 4.722796 0.612051
v -0.801326 4.725439 0.603425
v -0.800000 4.725388 0.592859
v -0.784926 4.719052 0.615796
v -0.775946 4.716024 0.611100
v -0.775368 4.716272 0.600404
v -0.781601 4.718794 0.592004
v -0.791095 4.722385 0.587924
v 0.795719 4.652830 0.611265
v 0.789765 4.653472 0.616863
v 0.784675 4.605852 0.608577
v 0.784674 4.605811 0.608576
v 0.784662 4.605722 0.608552
v 0.793420 4.652424 0.607441
v 0.787444 4.652123 0.615715
v 0.784707 4.605816 0.608586
v 0.786337 4.651081 0.613916
v 0.784660 4.605795 0.608550
v 0.785469 4.650440 0.611234
v 0.784617 4.605744 0.608528
v 0.786572 4.650497 0.607617
v 0.784527 4.605786 0.608476
v 0.790453 4.651500 0.606698
v 0.784615 4.605688 0.608517
v 0.805602 4.725930 0.605178
v 0.800773 4.723218 0.613240
v 0.803993 4.726033 0.596394
v 0.791189 4.719482 0.616946
v 0.782107 4.716422 0.612631
v 0.782038 4.716786 0.602000
v 0.788649 4.719667 0.594591
v 0.795661 4.723748 0.591976
v -0.866070 4.771433 0.450215
v -0.895852 4.777429 0.442173
v 0.902187 4.777593 0.443727
v 0.872860 4.771481 0.452510
v -0.837764 4.771228 0.442040
v 0.844731 4.771394 0.443245
v -0.821689 4.764324 0.407986
v 0.828769 4.764363 0.409241
v -0.906475 4.779783 0.414690
v 0.912729 4.779993 0.416615
v -0.891783 4.777353 0.387334
v 0.898263 4.777596 0.389353
v -0.863479 4.771983 0.374991
v 0.870260 4.772305 0.377204
v -0.836668 4.767558 0.382436
v 0.843769 4.767675 0.383606
v -0.796387 4.818860 0.630931
v -0.811106 4.822647 0.610266
v 0.816621 4.823060 0.611192
v 0.802439 4.819221 0.632013
v -0.808161 4.820697 0.585201
v 0.813915 4.821163 0.586775
v -0.772816 4.811638 0.639136
v 0.779139 4.812008 0.640196
v -0.750558 4.804103 0.629645
v 0.756971 4.804389 0.630884
v -0.749984 4.802971 0.604532
v 0.754541 4.802681 0.604823
v -0.764143 4.806393 0.583582
v 0.770775 4.806735 0.584335
v -0.787054 4.813414 0.573940
v 0.793470 4.814042 0.575970
v -0.866929 4.865107 0.338697
v -0.906371 4.915201 0.353964
v 0.913426 4.915349 0.355382
v 0.874124 4.865260 0.339717
v -0.922833 4.939242 0.404229
v 0.929740 4.939388 0.405857
v -0.893771 4.930412 0.457580
v 0.900526 4.930573 0.459254
v -0.818981 4.889341 0.603091
v -0.811734 4.879466 0.560749
v 0.818493 4.879821 0.561657
v 0.825587 4.889695 0.604165
v -0.793055 4.891146 0.641839
v 0.799570 4.891527 0.642880
v -0.823461 4.899614 0.574440
v -0.818365 4.910255 0.606645
v 0.824581 4.910654 0.607374
v 0.829812 4.900095 0.575356
v -0.763483 4.887848 0.656336
v 0.769942 4.888389 0.656623
v -0.790787 4.916684 0.643841
v 0.798145 4.917166 0.645496
v -0.721980 4.878854 0.640497
v 0.728638 4.879250 0.641222
v -0.758314 4.916049 0.662737
v 0.764934 4.916538 0.663396
v -0.719020 4.875131 0.608340
v 0.727456 4.876158 0.609354
v -0.714200 4.912446 0.651690
v 0.721226 4.913082 0.651815
v -0.738216 4.880452 0.572011
v 0.745192 4.880803 0.572494
v -0.697133 4.919261 0.619050
v 0.704076 4.919635 0.619426
v -0.772852 4.873856 0.551486
v 0.779754 4.874206 0.552145
v -0.709948 4.924868 0.575673
v 0.717497 4.925439 0.576247
v -0.847865 4.914793 0.489147
v 0.854654 4.915004 0.490467
v -0.821278 4.892410 0.484628
v -0.803843 4.893627 0.534812
v -0.825742 4.913643 0.542060
v 0.828249 4.892606 0.485617
v 0.832551 4.914010 0.542913
v 0.810758 4.893965 0.535530
v -0.833371 4.919386 0.516865
v -0.810540 4.901840 0.506707
v 0.818091 4.899087 0.508253
v 0.840195 4.919690 0.517860
v -0.759645 4.905778 0.532719
v 0.766727 4.906072 0.533192
v -0.768508 4.920800 0.488550
v 0.774978 4.920409 0.488917
v -0.778062 4.898487 0.410490
v 0.785298 4.898649 0.411112
v -0.809499 4.868870 0.348301
v 0.816778 4.869013 0.349026
v -0.720658 4.995050 0.376150
v -0.813045 4.867025 0.288056
v 0.820441 4.867130 0.288692
v 0.728094 4.995186 0.376371
v -0.689769 5.023104 0.443736
v 0.697200 5.023246 0.443885
v -0.829948 4.785179 0.236696
v -0.824110 4.623253 0.201940
v -0.644129 4.618992 0.171158
v -0.670225 4.784976 0.241507
v 0.837413 4.785258 0.237386
v 0.677763 4.785112 0.241605
v 0.831601 4.623301 0.202739
v 0.651750 4.619045 0.171381
v 0.802922 4.444272 0.151242
v 0.642039 4.455980 0.108009
v -0.634364 4.455915 0.107811
v -0.795398 4.444228 0.150348
v 0.716765 4.199893 0.036267
v 0.583808 4.320811 0.041262
v -0.576126 4.320802 0.040844
v -0.709133 4.199902 0.035184
v 0.556580 4.089391 -0.039002
v 0.501335 4.260480 0.011135
v -0.493627 4.260492 0.010747
v -0.548838 4.089435 -0.039795
v 0.490034 4.040503 -0.189185
v 0.382577 4.186018 -0.044323
v -0.374836 4.186051 -0.044580
v -0.482050 4.040582 -0.189920
v -0.138196 5.783113 0.406706
v -0.143751 5.683979 0.725492
v 0.003168 5.686555 0.737049
v 0.003531 5.788757 0.419068
v 0.150157 5.684025 0.725921
v 0.145312 5.783092 0.407076
v -0.206423 5.673292 0.703383
v -0.197449 5.778918 0.387915
v 0.204614 5.778892 0.388426
v 0.212928 5.673177 0.703935
v -0.139063 5.824044 -0.045038
v 0.003893 5.835522 -0.037029
v 0.146836 5.824059 -0.044716
v -0.195055 5.813348 -0.049698
v 0.202826 5.813390 -0.049282
v -0.172335 5.673425 -0.444402
v 0.004125 5.687068 -0.450543
v 0.180569 5.673461 -0.444092
v -0.236502 5.660793 -0.440388
v 0.244701 5.660836 -0.440031
v -0.187723 5.406583 -0.772103
v 0.004391 5.430980 -0.778966
v 0.196551 5.406606 -0.771785
v -0.271995 5.393666 -0.753326
v 0.280784 5.393653 -0.752924
v -0.207527 5.028742 -0.988725
v 0.004785 5.053288 -1.019127
v 0.217124 5.028714 -0.988327
v -0.286961 5.019758 -0.960277
v 0.296446 5.019664 -0.959796
v -0.212485 4.789260 -1.014327
v 0.005019 4.794030 -1.051526
v 0.222433 4.789128 -1.013910
v -0.304310 4.771850 -0.977794
v 0.314005 4.771607 -0.977286
v -0.220920 4.453074 -0.892239
v 0.004990 4.458791 -0.927163
v 0.230822 4.452810 -0.891743
v -0.315105 4.437615 -0.853512
v 0.324855 4.437233 -0.852841
v -0.216255 4.217412 -0.752827
v 0.004916 4.222309 -0.779086
v 0.226143 4.217013 -0.752170
v -0.312185 4.225973 -0.735947
v 0.321972 4.225521 -0.735056
v -0.223388 3.991299 -0.600089
v 0.004732 3.977227 -0.608410
v 0.232954 3.990883 -0.599225
v -0.312922 4.014454 -0.592920
v 0.322497 4.013976 -0.591741
v -0.199747 3.929330 -0.517242
v 0.004371 3.894990 -0.497424
v 0.173173 3.951992 -0.370962
v 0.004030 3.944376 -0.353461
v 0.208745 3.929165 -0.516631
v -0.313102 3.974961 -0.514933
v 0.322243 3.974619 -0.513922
v -0.164905 3.952008 -0.371231
v -0.285144 3.985669 -0.386259
v 0.293478 3.985591 -0.385820
v 0.003881 4.073933 -0.210980
v -0.181812 4.054317 -0.225325
v 0.189649 4.054192 -0.225191
v -0.264248 4.056711 -0.224189
v -0.364489 4.052663 -0.229564
v -0.376250 4.011082 -0.405661
v 0.384850 4.010914 -0.404821
v 0.372468 4.052609 -0.229201
v 0.272104 4.056511 -0.224060
v -0.291664 4.202363 -0.062041
v 0.003853 4.264117 -0.071937
v -0.165614 4.240297 -0.069915
v 0.299392 4.202350 -0.062070
v 0.173322 4.240294 -0.069983
v -0.236664 4.221706 -0.065457
v 0.244378 4.221701 -0.065576
v -0.146936 4.489419 0.082926
v -0.229373 4.504273 0.093496
v 0.003852 4.488007 0.084202
v -0.056617 4.485590 0.081778
v 0.237071 4.504314 0.093309
v 0.154636 4.489420 0.082805
v 0.064320 4.485594 0.081725
v -0.525673 4.065777 -0.383096
v 0.534257 4.065609 -0.381844
v -0.390919 4.010291 -0.508696
v 0.400131 4.009888 -0.507413
v -0.393037 4.040678 -0.583098
v 0.402604 4.040196 -0.581668
v -0.409899 4.214268 -0.705244
v 0.419686 4.213813 -0.703974
v -0.412504 4.433969 -0.815301
v 0.422178 4.433596 -0.814368
v -0.388379 4.743462 -0.936329
v 0.397907 4.743167 -0.935702
v -0.362342 5.006463 -0.927070
v 0.371529 5.006329 -0.926576
v -0.358052 5.382243 -0.722219
v 0.366612 5.382226 -0.721803
v -0.314607 5.645601 -0.425052
v 0.322749 5.645623 -0.424661
v -0.273024 5.794754 -0.050560
v 0.280803 5.794767 -0.050127
v -0.282089 5.767513 0.371264
v 0.289320 5.767506 0.371839
v -0.305708 5.627542 0.624249
v 0.312553 5.627578 0.625030
v 0.676633 4.112329 -0.219295
v -0.668483 4.112439 -0.220734
v 0.584777 4.138126 -0.572857
v 0.547348 4.082827 -0.484321
v -0.538218 4.083179 -0.486065
v -0.575331 4.138552 -0.574788
v 0.431475 5.610289 0.535007
v 0.490503 5.707032 0.384323
v -0.483285 5.706995 0.383494
v -0.424507 5.610280 0.534150
v 0.477922 5.726414 -0.015786
v -0.470131 5.726405 -0.016441
v 0.481003 5.601366 -0.383670
v -0.472853 5.601369 -0.384199
v 0.508039 5.350612 -0.663446
v -0.499449 5.350691 -0.664005
v 0.550336 4.976640 -0.822499
v -0.541268 4.976832 -0.823263
v 0.595424 4.735797 -0.815340
v -0.586096 4.736077 -0.816389
v 0.627110 4.433501 -0.722073
v -0.617629 4.433842 -0.723619
v 0.608520 4.249629 -0.653557
v -0.598949 4.250091 -0.655362
v -0.835289 4.221060 -0.088646
v 0.843140 4.220997 -0.086776
v -0.710798 4.166500 -0.317763
v 0.719318 4.166341 -0.315766
v -0.768878 4.238323 -0.452182
v 0.777879 4.237954 -0.449786
v -0.789939 4.306310 -0.552037
v 0.799218 4.305752 -0.549715
v -0.777225 4.443717 -0.626278
v 0.786515 4.443298 -0.624323
v -0.740948 4.723561 -0.693454
v 0.750118 4.723280 -0.692001
v -0.720271 4.968079 -0.683261
v 0.729118 4.967899 -0.682190
v -0.682746 5.310930 -0.544733
v 0.691169 5.310872 -0.543962
v -0.670300 5.510849 -0.308949
v 0.678419 5.510845 -0.308195
v -0.688247 5.598549 -0.023375
v 0.696060 5.598540 -0.022499
v -0.709874 5.574989 0.354775
v 0.717046 5.574948 0.355780
v -0.663236 5.496040 0.467262
v 0.670275 5.496066 0.468292
v -0.844228 5.021630 0.536363
v -0.829337 5.043665 0.562868
v -0.821731 5.007359 0.587955
v 0.836098 5.044049 0.563667
v 0.850996 5.021966 0.537330
v 0.828453 5.007781 0.588720
v -0.803526 5.029537 0.614119
v 0.810252 5.029953 0.614806
v -0.782589 5.019557 0.644906
v -0.755100 4.985421 0.669094
v 0.789911 5.020060 0.646031
v 0.761798 4.985874 0.669654
v 0.719814 5.318393 0.524642
v 0.776106 5.398473 0.442068
v 0.595276 5.409290 0.555225
v -0.588332 5.409294 0.554284
v -0.769057 5.398395 0.440988
v -0.713217 5.318646 0.524294
v -0.554043 5.365435 0.592091
v -0.668971 5.256769 0.603704
v 0.675750 5.256620 0.603753
v 0.560386 5.365025 0.591261
v -0.422069 5.514370 0.612820
v 0.428733 5.514198 0.613539
v -0.429407 5.451961 0.648453
v 0.436641 5.452065 0.649810
v -0.332493 5.536610 0.700203
v 0.339074 5.536541 0.700983
v -0.350736 5.476271 0.725900
v 0.357296 5.476157 0.726640
v -0.219123 5.584435 0.817111
v 0.225295 5.584273 0.817541
v -0.222691 5.513631 0.852236
v 0.229162 5.513730 0.853223
v -0.146740 5.579814 0.837860
v -0.212555 5.448196 0.873880
v -0.204206 5.360499 0.892287
v -0.148170 5.362082 0.892156
v -0.148174 5.452196 0.879175
v 0.003026 5.593716 0.842667
v 0.152838 5.579795 0.838293
v 0.154474 5.452268 0.879696
v 0.154671 5.362265 0.892018
v 0.210589 5.360543 0.891533
v 0.218887 5.448103 0.873873
v -0.152913 5.530484 0.859407
v 0.159026 5.530359 0.859564
v 0.003073 5.448057 0.878552
v 0.003174 5.371245 0.883945
v 0.003020 5.551376 0.860356
v -0.697679 5.003434 0.680179
v -0.655345 5.001690 0.640959
v -0.737198 5.151245 0.640478
v 0.704710 5.004029 0.679398
v 0.662422 5.002054 0.641175
v 0.743709 5.151269 0.640491
v 0.863871 5.056414 0.511210
v 0.779536 5.204809 0.559623
v -0.857083 5.056151 0.510067
v -0.773163 5.204857 0.559317
v 0.892571 5.067425 0.469471
v -0.885715 5.067235 0.468139
v 0.928780 5.068480 0.402521
v 0.850878 5.294272 0.424859
v -0.922366 5.068342 0.401368
v -0.843331 5.293866 0.423455
v 0.827343 5.460981 0.328580
v -0.820157 5.460975 0.327394
v -0.944872 4.457323 0.055955
v 0.952439 4.457309 0.057689
v -0.929498 4.518346 -0.478744
v -0.897851 4.738871 -0.521135
v 0.906681 4.738604 -0.519357
v 0.938465 4.517906 -0.476410
v -0.950196 4.436878 -0.424158
v 0.959113 4.436393 -0.421589
v -0.939893 4.363917 -0.337271
v 0.948571 4.363523 -0.334558
v -0.899387 4.292611 -0.214233
v 0.907603 4.292450 -0.211821
v -1.012920 4.655885 -0.334315
v 1.021403 4.655624 -0.331969
v -0.972742 4.670356 0.128442
v 0.980240 4.670363 0.129942
v -0.866180 4.990882 -0.507350
v -1.031977 4.938160 -0.240121
v 0.874733 4.990745 -0.506070
v 1.040183 4.938048 -0.238197
v -1.018540 4.576844 -0.181258
v 1.026647 4.576686 -0.178779
v -0.999233 4.525524 -0.069253
v 1.007064 4.525448 -0.067097
v -0.848450 5.481900 0.017484
v 0.856200 5.481874 0.018680
v -0.934312 5.058927 0.312237
v 0.941264 5.059018 0.313680
v -1.042669 4.740273 0.014311
v 1.050359 4.740239 0.016370
v -1.072150 4.817063 -0.083442
v 1.080055 4.816999 -0.081188
v -0.816220 5.398748 -0.249385
v 0.824308 5.398709 -0.248391
v 1.009061 5.261651 -0.059945
v 0.996713 5.317184 0.047376
v 1.040051 5.166350 0.134050
v 1.067458 5.075866 0.041212
v -0.941574 4.954994 0.251781
v 0.948900 4.955061 0.253082
v -0.893947 5.327849 0.315017
v -1.001197 5.261679 -0.061420
v -0.989031 5.317215 0.045870
v -1.059822 5.075881 0.039451
v -1.032521 5.166352 0.132376
v 0.901185 5.327893 0.316387
v -0.991185 5.112711 0.218026
v -1.013566 5.012162 0.163547
v 0.998616 5.112734 0.219620
v 1.021017 5.012174 0.165262
v -0.836887 5.235460 -0.407439
v 0.845179 5.235391 -0.406409
v -1.022181 5.090217 -0.190563
v 1.030234 5.090161 -0.189013
v -1.071984 4.972703 -0.016043
v -1.032874 4.892270 0.097673
v 1.040416 4.892266 0.099633
v 1.079693 4.972675 -0.014068
v -0.957613 4.834755 0.187325
v 0.965113 4.834756 0.188798
v -0.659289 5.002463 0.581006
v 0.666480 5.002730 0.581186
v -0.353451 5.409894 0.752054
v 0.361009 5.409799 0.752931
v -0.421872 5.383460 0.656905
v 0.429060 5.383279 0.657841
v -0.494509 5.316705 0.610267
v 0.501323 5.317479 0.609119
v -0.575610 5.212035 0.607421
v 0.582933 5.212107 0.607520
v -0.619503 5.087689 0.642775
v 0.626722 5.087996 0.642862
v -0.317009 5.352187 0.822995
v 0.325210 5.351789 0.824368
v -0.278018 5.097893 0.866345
v -0.267296 5.152044 0.855952
v -0.234962 5.155930 0.826163
v 0.241841 5.156298 0.825894
v 0.271222 5.151970 0.854576
v 0.273814 5.101027 0.862862
v -0.225061 5.121294 0.875794
v 0.231842 5.121761 0.875444
v -0.269694 5.233156 0.838922
v -0.169702 5.167791 0.883861
v 0.176444 5.168211 0.883496
v 0.273593 5.233825 0.838837
v -0.212979 5.140091 0.840687
v 0.219852 5.140543 0.840293
v 0.003327 5.191395 0.888821
v -0.130064 5.160407 0.888758
v 0.136847 5.160756 0.888443
v 0.003376 5.026191 0.899917
v -0.085348 5.034169 0.863673
v 0.092225 5.034319 0.863582
v -0.038234 4.903425 0.873269
v 0.003360 4.852115 0.900682
v 0.045064 4.903454 0.873284
v 0.003506 4.924141 0.840977
v 0.076168 5.064490 0.825071
v -0.069104 5.064274 0.825289
v 0.136639 5.157884 0.858618
v -0.130396 5.156597 0.858275
v 0.003589 5.050913 0.800680
v 0.173987 5.162974 0.856342
v -0.166493 5.161342 0.856357
v 0.003576 5.146152 0.785558
v 0.246967 5.247582 0.801422
v -0.240545 5.247040 0.800305
v 0.300270 5.333027 0.773238
v -0.293331 5.333012 0.772940
v 0.173907 5.329176 0.772537
v 0.003558 5.239466 0.771391
v -0.166820 5.329108 0.772507
v 0.203478 5.358221 0.737894
v -0.196318 5.358247 0.737676
v 0.003594 5.343025 0.732908
v 0.599514 5.092151 0.580881
v -0.592608 5.092263 0.580625
v 0.600953 4.943870 0.347747
v -0.593391 4.943778 0.347715
v 0.685432 5.009717 0.521464
v 0.602460 5.073587 0.479018
v -0.678128 5.009516 0.521275
v -0.594994 5.073459 0.478968
v 0.543706 5.191020 0.575807
v -0.536339 5.190991 0.575509
v 0.507921 4.775180 0.284257
v -0.500294 4.775120 0.284250
v 0.464502 5.285311 0.594002
v -0.457145 5.285155 0.593904
v 0.524319 5.061009 0.451879
v -0.516791 5.060931 0.451829
v 0.398314 5.331631 0.637957
v -0.391057 5.331722 0.637450
v 0.314751 5.355507 0.679774
v -0.307595 5.355580 0.679337
v 0.295541 5.219319 0.581678
v 0.348363 5.190161 0.558007
v -0.340911 5.190276 0.557562
v -0.288182 5.219385 0.581345
v 0.223152 5.346197 0.670520
v -0.215836 5.346637 0.669931
v 0.218839 5.278608 0.623537
v -0.211500 5.278665 0.623276
v 0.003646 5.322361 0.685286
v -0.153285 5.251575 0.628185
v 0.160654 5.251539 0.628354
v 0.003686 5.218254 0.645425
v -0.429033 5.019202 0.458543
v 0.436579 5.019219 0.458672
v -0.410494 4.761577 0.301410
v 0.418156 4.761619 0.301388
v -0.419102 4.613890 0.177868
v 0.426775 4.613963 0.177821
v -0.347161 4.630778 0.199996
v 0.354854 4.630809 0.199965
v -0.404121 4.557066 0.131298
v -0.395116 4.478176 0.077366
v 0.411807 4.557166 0.131222
v 0.402812 4.478240 0.077355
v -0.319987 4.503457 0.093786
v -0.330938 4.574474 0.151025
v 0.327681 4.503514 0.093700
v 0.338634 4.574533 0.150956
v -0.548229 4.746751 0.673262
v -0.570071 4.788567 0.662307
v -0.594993 4.776180 0.623052
v -0.565462 4.724177 0.646771
v 0.572742 4.724274 0.647060
v 0.602317 4.776524 0.623031
v 0.577315 4.788806 0.662463
v 0.555418 4.746790 0.673659
v 0.234545 4.746720 0.753682
v 0.291784 4.760146 0.756194
v 0.282780 4.812114 0.760555
v 0.230134 4.817299 0.759785
v -0.222774 4.817191 0.759796
v -0.275564 4.811979 0.760504
v -0.284557 4.760158 0.755994
v -0.227180 4.746992 0.753324
v -0.184357 4.816966 0.756194
v -0.187669 4.738411 0.748359
v -0.162417 4.732865 0.743580
v -0.147678 4.816417 0.750664
v 0.155107 4.816210 0.750931
v 0.169803 4.732650 0.743847
v 0.195010 4.738431 0.748432
v 0.191689 4.817143 0.756108
v -0.292859 4.856742 0.758451
v -0.233475 4.874288 0.756382
v -0.204469 4.887913 0.752170
v -0.174507 4.900806 0.746098
v 0.240878 4.874154 0.756628
v 0.300131 4.856904 0.758457
v 0.181989 4.900795 0.746165
v 0.211895 4.887866 0.752303
v -0.585212 4.841153 0.640818
v -0.561606 4.835671 0.670346
v 0.568833 4.835830 0.670569
v 0.592571 4.841402 0.640843
v -0.567142 4.699937 0.625384
v -0.601260 4.771514 0.594242
v -0.595333 4.855687 0.607056
v -0.591293 4.766476 0.548150
v -0.566424 4.683549 0.597739
v -0.592622 4.865232 0.576672
v 0.608639 4.771859 0.594175
v 0.574502 4.700897 0.624739
v 0.602725 4.856140 0.606775
v 0.573823 4.683902 0.597676
v 0.598776 4.766693 0.548119
v 0.600083 4.865642 0.576359
v -0.566720 4.911530 0.626312
v -0.565292 4.924401 0.590107
v -0.501671 4.952803 0.669618
v -0.497842 4.981107 0.641949
v -0.560055 4.900183 0.651330
v 0.567432 4.900513 0.651200
v 0.574143 4.911928 0.626035
v -0.492338 4.932616 0.689381
v -0.531053 4.884181 0.684316
v 0.538287 4.884705 0.684049
v -0.484087 4.909845 0.703826
v 0.499624 4.933203 0.688931
v 0.491210 4.910341 0.703628
v -0.502832 4.872111 0.704711
v -0.467844 4.883096 0.718851
v 0.474991 4.883136 0.719187
v 0.509822 4.872307 0.704999
v -0.529290 4.836304 0.695101
v 0.536516 4.836364 0.695417
v -0.472914 4.841677 0.722962
v 0.479985 4.841755 0.723303
v -0.542595 4.806322 0.687107
v 0.549803 4.806415 0.687411
v -0.477550 4.805455 0.722070
v 0.484644 4.805413 0.722530
v -0.528689 4.767180 0.692225
v 0.535804 4.767239 0.692627
v -0.473817 4.762072 0.719168
v 0.480881 4.762191 0.719483
v -0.463967 4.723579 0.713929
v -0.510777 4.733891 0.694942
v 0.517894 4.733763 0.695508
v 0.470926 4.723812 0.714213
v -0.517355 4.700037 0.677516
v 0.526605 4.665082 0.658139
v 0.524539 4.700024 0.677938
v -0.461786 4.685863 0.701137
v 0.468967 4.685809 0.701550
v -0.519211 4.665004 0.657961
v -0.455141 4.654089 0.687036
v 0.462384 4.654145 0.687305
v -0.516382 4.645321 0.636542
v 0.523844 4.645261 0.636797
v -0.447260 4.626286 0.670348
v 0.454630 4.626003 0.670813
v -0.512173 4.627354 0.612027
v -0.439060 4.600988 0.648473
v 0.446442 4.601404 0.648355
v 0.519655 4.627339 0.612229
v -0.223299 4.962169 0.731040
v -0.252789 4.946652 0.738869
v -0.414359 4.988287 0.692364
v -0.403060 5.011972 0.675620
v 0.260236 4.946775 0.738812
v 0.230729 4.962310 0.730949
v -0.347155 4.970237 0.721723
v -0.315611 4.999784 0.708714
v 0.323049 5.000065 0.708455
v 0.354480 4.970518 0.721554
v -0.420716 4.961394 0.707534
v -0.365031 4.951372 0.727458
v -0.279698 4.933609 0.743433
v 0.287152 4.933809 0.743294
v 0.372334 4.951736 0.727208
v -0.427744 4.937877 0.716295
v -0.325103 4.904883 0.747828
v 0.437009 4.932641 0.717811
v 0.443899 4.891823 0.728307
v 0.428719 4.966747 0.706983
v 0.332198 4.904796 0.748210
v -0.379579 4.919587 0.735952
v 0.386734 4.919954 0.735808
v -0.434225 4.898893 0.727266
v -0.395216 4.881498 0.741826
v -0.359327 4.873627 0.749355
v 0.402443 4.881741 0.741818
v 0.366383 4.873606 0.749703
v -0.440611 4.845930 0.734388
v -0.440401 4.807663 0.735461
v -0.338314 4.843118 0.755611
v 0.447792 4.846117 0.734511
v 0.345474 4.843093 0.755893
v -0.392698 4.842659 0.746584
v 0.399688 4.842643 0.747000
v -0.326074 4.810852 0.757285
v -0.388268 4.810003 0.748282
v 0.333168 4.810717 0.757693
v 0.395310 4.809961 0.748681
v 0.447586 4.807570 0.735879
v -0.433907 4.760803 0.733035
v -0.332325 4.773957 0.754527
v 0.441082 4.760846 0.733314
v 0.339444 4.774141 0.754613
v -0.377816 4.768083 0.746835
v 0.384806 4.767970 0.747309
v -0.418038 4.713862 0.726732
v 0.425162 4.714104 0.726855
v -0.376128 4.729918 0.740446
v -0.339233 4.745300 0.749404
v 0.346368 4.745479 0.749502
v 0.383223 4.729796 0.740868
v -0.407671 4.676160 0.715402
v -0.308386 4.720004 0.746272
v -0.362292 4.695802 0.732930
v 0.414719 4.676269 0.715684
v 0.397970 4.642936 0.705455
v 0.369368 4.695814 0.733228
v 0.315446 4.719797 0.746731
v -0.390592 4.642876 0.705324
v -0.269646 4.692942 0.743516
v 0.276999 4.693001 0.743593
v -0.332470 4.664627 0.725689
v 0.339767 4.664598 0.725899
v -0.369194 4.614425 0.690119
v -0.239315 4.673463 0.732203
v 0.376575 4.614377 0.690335
v 0.246590 4.672687 0.732984
v -0.310696 4.640161 0.716263
v 0.318090 4.640136 0.716416
v -0.204081 4.647134 0.718660
v -0.282896 4.618995 0.705179
v -0.351540 4.589169 0.672375
v 0.211528 4.647094 0.718764
v 0.290300 4.619260 0.705095
v 0.358988 4.589317 0.672397
v 0.423107 4.985345 0.694171
v 0.510324 4.954016 0.667535
v 0.507608 4.982186 0.637302
v 0.410553 5.012175 0.675464
v 0.572782 4.924684 0.589906
v -0.088180 4.412201 0.769593
v -0.082500 4.306130 0.736450
v 0.003494 4.295299 0.739860
v 0.003517 4.404644 0.784452
v 0.089394 4.306735 0.736386
v 0.095236 4.412225 0.769821
v -0.088102 4.150829 0.687920
v 0.003093 4.126752 0.685170
v 0.094548 4.151743 0.688184
v -0.102419 4.018342 0.604798
v 0.002892 4.006508 0.609230
v 0.108279 4.018268 0.605170
v -0.074063 3.920395 0.480914
v 0.003450 3.916616 0.479890
v 0.080912 3.920362 0.481008
v 0.004517 4.184870 -0.704303
v 0.150549 4.181083 -0.683921
v 0.080785 3.972775 -0.456199
v 0.004047 3.977191 -0.469056
v -0.072639 3.972541 -0.456331
v -0.141694 4.181774 -0.684107
v -0.251360 3.940341 -0.338423
v 0.003987 3.908451 -0.346508
v -0.390724 4.177495 -0.572845
v 0.259376 3.940289 -0.338111
v 0.349396 3.914882 -0.196784
v 0.003861 3.861086 -0.228889
v 0.399407 4.177050 -0.571907
v -0.341489 3.914579 -0.197008
v 0.547516 4.147279 -0.406189
v -0.539167 4.149060 -0.407095
v 0.078735 4.602099 0.790902
v 0.003620 4.602499 0.803572
v 0.003534 4.467710 0.823996
v 0.085551 4.490464 0.799818
v -0.078511 4.490750 0.799921
v -0.071585 4.602229 0.790648
v 0.003648 4.740350 0.818737
v 0.088689 4.739697 0.809815
v -0.081538 4.739812 0.809659
v 0.102984 4.839498 0.826249
v 0.109742 4.943928 0.840987
v 0.003527 4.959774 0.848906
v 0.003675 4.848931 0.835562
v -0.102450 4.944010 0.840844
v -0.095684 4.839559 0.826165
v -0.669651 4.520058 0.590623
v -0.649818 4.671308 0.629836
v -0.745531 4.688877 0.572245
v -0.787194 4.548598 0.484071
v 0.794019 4.548306 0.485762
v 0.752460 4.689253 0.572684
v 0.656984 4.671548 0.630045
v 0.676595 4.519573 0.591088
v -0.674224 4.411479 0.535574
v -0.770989 4.434881 0.436713
v 0.777642 4.433666 0.438822
v 0.680895 4.412397 0.536141
v -0.739210 4.320940 0.380208
v -0.658037 4.302537 0.473104
v 0.664577 4.302465 0.474497
v 0.745820 4.321746 0.381796
v -0.596249 4.144668 0.375300
v -0.655042 4.135453 0.260483
v 0.661809 4.135715 0.262865
v 0.602675 4.144504 0.376846
v -0.486006 4.014160 0.316336
v -0.532487 4.014001 0.238001
v 0.539580 4.013731 0.239185
v 0.492897 4.014104 0.317310
v -0.388254 3.920216 0.205308
v -0.363101 3.924853 0.265758
v 0.370468 3.925706 0.266070
v 0.395623 3.920024 0.205877
v -0.266427 3.881977 0.235720
v -0.234905 3.888825 0.294873
v 0.242333 3.888944 0.295013
v 0.274013 3.881680 0.235752
v 0.003566 3.876320 0.380598
v -0.076044 3.898419 0.428026
v 0.083131 3.898413 0.428098
v 0.003770 3.851807 0.288081
v 0.003731 3.863504 0.336739
v 0.577639 4.493535 0.641930
v 0.547544 4.674159 0.651786
v -0.301259 4.403796 0.709099
v -0.302919 4.481602 0.727887
v -0.570631 4.494802 0.641824
v -0.561988 4.405411 0.612081
v 0.309979 4.482766 0.727828
v 0.308457 4.403895 0.709297
v 0.569092 4.406270 0.611941
v -0.424659 4.405252 0.672563
v -0.437807 4.483937 0.692746
v 0.444906 4.481971 0.693128
v 0.431698 4.406444 0.672261
v -0.550869 4.299827 0.560259
v -0.288078 4.300961 0.679666
v 0.557863 4.300415 0.560276
v 0.294877 4.301035 0.679955
v -0.410597 4.295269 0.632142
v 0.417637 4.297111 0.632211
v -0.256536 4.180492 0.645678
v -0.528041 4.156518 0.465496
v 0.263311 4.181231 0.646315
v 0.528766 4.156592 0.472250
v -0.382686 4.162511 0.575636
v 0.389576 4.163126 0.576371
v -0.208791 4.018319 0.560922
v -0.452925 4.022392 0.373655
v 0.214892 4.018882 0.561718
v 0.446317 4.021904 0.389508
v -0.319930 4.014094 0.483361
v 0.326981 4.014347 0.483467
v -0.349826 3.937611 0.318032
v -0.214155 3.902100 0.354803
v -0.155738 3.933899 0.471421
v -0.145560 3.905807 0.414217
v 0.354503 3.939929 0.328878
v 0.221518 3.902221 0.354883
v 0.162264 3.932825 0.471746
v 0.152625 3.905495 0.414338
v -0.243320 3.929712 0.401679
v 0.250482 3.930103 0.401900
v -0.217222 4.918301 0.798950
v -0.192487 4.826391 0.789555
v 0.199672 4.826128 0.789946
v 0.224469 4.918262 0.799122
v -0.211677 4.733336 0.773825
v -0.312786 4.808105 0.648677
v 0.218850 4.733450 0.773868
v 0.320283 4.808210 0.648657
v -0.295177 4.663024 0.740503
v -0.362692 4.772038 0.627211
v 0.302417 4.663099 0.740633
v 0.370259 4.772012 0.627323
v -0.429672 4.648884 0.686676
v -0.420939 4.773015 0.611592
v 0.436976 4.649008 0.686826
v 0.428483 4.772945 0.611852
v -0.540259 4.674678 0.650950
v -0.597230 4.785865 0.625946
v 0.604555 4.786045 0.626117
v -0.583090 4.900203 0.650873
v -0.448840 4.837315 0.614220
v 0.590410 4.900570 0.650753
v 0.456359 4.837632 0.613946
v -0.526526 4.956575 0.681010
v -0.403532 4.866521 0.629944
v 0.411043 4.866837 0.629656
v 0.533870 4.957150 0.680535
v -0.466873 4.974515 0.702461
v -0.362472 4.864798 0.639550
v -0.290573 4.973900 0.777989
v -0.372268 4.994120 0.747438
v 0.370024 4.865055 0.639308
v 0.474169 4.975178 0.701858
v 0.379608 4.994474 0.747168
v 0.297762 4.974096 0.777949
v 0.003488 5.191448 0.845685
v 0.139273 5.155914 0.836526
v -0.132211 5.155269 0.837343
v -0.117703 5.412335 0.744039
v 0.003517 5.416258 0.756494
v 0.003686 5.612974 0.485064
v -0.043365 5.611375 0.485172
v 0.050665 5.611296 0.485406
v 0.124740 5.412302 0.744177
v -0.242369 5.142118 0.809932
v -0.194237 5.411590 0.719956
v -0.091331 5.612411 0.469065
v -0.295318 5.153826 0.791087
v 0.366148 5.166624 0.768783
v 0.302539 5.154140 0.790823
v -0.359047 5.166656 0.768497
v -0.310145 5.419167 0.653813
v -0.242486 5.419985 0.691491
v -0.142285 5.611270 0.448275
v -0.211198 5.610211 0.400391
v 0.249505 5.419811 0.692047
v 0.317232 5.419062 0.654306
v 0.218583 5.610137 0.400772
v 0.149621 5.611219 0.448503
v -0.533914 5.146761 0.685655
v 0.541246 5.146782 0.685950
v -0.428812 5.547534 0.315732
v -0.494773 5.391555 0.528348
v 0.501984 5.391454 0.528902
v 0.436280 5.547473 0.316056
v -0.619658 5.126215 0.629407
v 0.626821 5.126408 0.629432
v -0.630746 5.312750 0.462998
v -0.612826 5.460389 0.193365
v 0.638002 5.312593 0.463664
v 0.620337 5.460314 0.193845
v -0.751462 5.042511 0.522857
v 0.758687 5.042779 0.523082
v 0.884365 4.841485 0.371496
v -0.751454 5.328937 0.133166
v -0.765689 5.205500 0.368992
v 0.773011 5.205683 0.368691
v 0.758992 5.328887 0.133172
v -0.877485 4.841090 0.370747
v 0.911892 4.698226 0.249552
v -0.888362 4.993675 0.211687
v -0.836776 5.186777 0.020224
v 0.895710 4.993674 0.212464
v 0.844334 5.186711 0.020814
v -0.904565 4.698270 0.248052
v -0.917416 4.808049 0.119425
v -0.905445 4.912632 -0.027044
v 0.924847 4.808012 0.120550
v 0.913061 4.912578 -0.026278
v -0.889859 4.549360 0.195741
v -0.910516 4.634663 0.064747
v -0.902577 4.723420 -0.096759
v 0.897089 4.549443 0.197008
v 0.910358 4.723423 -0.096009
v 0.918016 4.634719 0.065397
v -0.861819 4.433571 0.127677
v 0.869140 4.433604 0.130085
v -0.868630 4.533916 -0.137756
v -0.877198 4.479089 0.010775
v 0.884742 4.479109 0.011445
v 0.876467 4.533855 -0.136771
v -0.730616 4.176947 0.087048
v 0.738034 4.177057 0.088967
v -0.746987 4.203607 -0.029647
v -0.750077 4.240297 -0.137041
v 0.754613 4.203644 -0.028114
v 0.757970 4.240495 -0.135741
v -0.414804 3.910917 0.010993
v 0.003852 3.825057 -0.067896
v -0.653407 4.082345 -0.114203
v -0.670003 4.286640 -0.385242
v -0.599392 4.031439 0.042918
v 0.678200 4.286087 -0.384296
v 0.626868 4.075474 -0.134848
v 0.619675 4.043266 0.062330
v -0.622910 4.055834 -0.024417
v 0.630614 4.055839 -0.023627
v -0.407455 3.912713 0.119523
v 0.422430 3.910904 0.011646
v 0.416945 3.912209 0.109015
v -0.417976 3.912507 0.056975
v 0.425467 3.912523 0.057675
v -0.261185 3.863635 0.149877
v 0.238200 3.848287 0.074131
v 0.003852 3.824833 0.093085
v 0.268807 3.863477 0.149879
v -0.230584 3.847992 0.073814
v -0.240667 3.853347 0.109434
v 0.248351 3.853143 0.109330
v 0.003835 3.836665 0.187562
v 0.003846 3.830030 0.142446
v 0.249678 5.142283 0.809827
v 0.201310 5.411485 0.720274
v 0.098627 5.612352 0.469340
v 0.200675 3.656707 0.211916
v 0.177225 3.816728 0.188152
v 0.003759 3.811356 0.257127
v 0.001837 3.640562 0.279642
v -0.195786 3.655974 0.211322
v -0.169676 3.816528 0.188025
v 0.003846 3.964932 0.260543
v 0.003850 4.101650 0.260839
v -0.143439 4.101334 0.216298
v -0.159594 3.983691 0.206121
v 0.167274 3.983625 0.206125
v 0.151166 4.101554 0.216163
v 0.259905 3.984072 0.090240
v 0.250602 4.105079 0.106405
v -0.242897 4.104900 0.106730
v -0.252231 3.983755 0.090377
v -0.049468 3.448577 0.391703
v -0.336288 3.411368 0.333113
v 0.217862 3.440905 0.363660
v -0.052912 3.152628 0.501626
v -0.341620 3.109781 0.444638
v 0.221339 3.136526 0.481937
v -0.493340 3.366059 0.230217
v -0.514994 3.056133 0.331290
v 0.327266 3.108328 0.462461
v 0.357115 3.404764 0.334970
v -0.593588 3.316970 0.118348
v -0.615030 2.946598 0.201887
v 0.419224 2.998220 0.442392
v 0.460262 3.351758 0.313064
v -0.133537 0.634856 0.802110
v -0.176882 0.823989 0.976972
v -0.399553 0.855761 0.993432
v -0.394722 0.517877 0.935464
v 0.392119 0.321021 -0.278240
v 0.409403 0.580598 -0.066917
v 0.186029 0.565849 -0.071164
v 0.137469 0.477844 -0.295664
v -0.738473 0.879374 0.829478
v -0.743186 0.498400 0.835555
v -0.650735 0.125841 0.795375
v -0.428247 0.136125 0.850932
v -0.399839 0.257538 0.883301
v -0.696915 0.243528 0.812745
v 0.742785 0.336556 -0.374412
v 0.749557 0.670355 -0.203435
v 0.689643 0.132889 -0.499171
v 0.390600 0.118850 -0.436859
v 0.420150 0.022012 -0.514380
v 0.644160 0.033844 -0.562792
v -0.404117 0.388183 0.912668
v -0.722155 0.372902 0.830197
v 0.716379 0.236749 -0.432358
v 0.396094 0.220530 -0.356571
v 0.002281 0.609098 0.276718
v 0.005823 0.719717 0.522861
v 0.003241 0.631246 0.124343
v 0.135062 0.472507 -0.474441
v -0.131904 0.560433 0.659436
v 0.250495 3.817820 0.071316
v -0.242690 3.817874 0.071206
v 0.331452 3.624286 0.128480
v -0.348948 3.619227 0.099682
v 0.003858 4.143120 -0.292664
v 0.146369 4.140129 -0.253185
v 0.140698 4.009301 -0.264763
v 0.003863 4.000168 -0.301278
v -0.132977 4.009279 -0.264775
v -0.138652 4.140385 -0.253390
v 0.004060 3.827289 -0.297634
v 0.004305 3.720736 -0.298821
v -0.158421 3.700520 -0.257241
v -0.143230 3.823846 -0.252692
v 0.151460 3.824144 -0.252601
v 0.168168 3.699944 -0.256935
v -0.157117 3.416613 -0.415654
v 0.059599 3.384497 -0.445167
v 0.285433 3.393581 -0.396043
v 0.516754 3.485093 0.135236
v -0.551603 3.473446 -0.043024
v 0.181927 0.367512 -0.471447
v -0.182193 0.470860 0.738881
v 0.217623 0.259084 -0.539886
v -0.221232 0.344283 0.733022
v 0.296767 0.068559 -0.638209
v -0.301149 0.129287 0.722655
v -0.317324 0.153430 0.547854
v -0.394238 0.015086 0.651131
v -0.380522 0.073778 0.553529
v 0.392578 -0.007350 -0.746581
v 0.494804 -0.067829 -0.713796
v -0.497709 -0.027597 0.702498
v 0.573328 -0.051104 -0.727197
v -0.575712 -0.018178 0.681251
v 0.664803 0.030827 -0.764739
v 0.746458 0.147418 -0.754169
v -0.747271 0.152522 0.573596
v -0.665567 0.041031 0.611174
v 0.813626 0.304843 -0.736678
v -0.813454 0.305149 0.524561
v 0.854200 0.426429 -0.707443
v -0.851891 0.429985 0.499142
v 0.889289 0.552035 -0.669351
v 0.918149 0.951485 -0.505932
v -0.903253 0.989830 0.432759
v -0.884654 0.558821 0.471461
v 0.381212 0.086134 -0.812801
v 0.500589 0.030513 -0.843048
v 0.596673 0.032380 -0.832597
v -0.499169 0.010048 0.544488
v -0.595507 0.015424 0.550512
v 0.317153 0.162758 -0.787341
v 0.652623 0.085922 -0.838586
v -0.651120 0.061622 0.522502
v 0.717762 0.178323 -0.835804
v -0.716735 0.146342 0.489677
v 0.513042 0.120547 -0.891519
v -0.510622 0.071709 0.465433
v 0.278287 0.285813 -0.782887
v 0.533119 0.225848 -0.927317
v -0.277869 0.264537 0.500145
v -0.531114 0.149817 0.391099
v 0.785158 0.330003 -0.818060
v -0.783613 0.292260 0.440734
v 0.545470 0.345710 -0.950537
v -0.542219 0.247051 0.318346
v -0.841182 0.953480 0.263159
v -0.837472 0.533992 0.342753
v 0.828978 0.479571 -0.798292
v 0.842879 0.589494 -0.797578
v -0.825415 0.436980 0.393305
v 0.584910 0.476523 -0.966895
v -0.580320 0.355963 0.245597
v 0.240736 0.422374 -0.759636
v -0.238622 0.394298 0.458922
v 0.335561 0.588728 -0.881693
v -0.330398 0.485090 0.270575
v 0.155218 0.584183 -0.693008
v 0.003398 0.647088 -0.110614
v -0.150036 0.563911 0.431076
v 0.169788 0.692746 -0.770648
v 0.160908 0.795811 -0.804526
v 0.391492 0.703810 -0.921846
v -0.162321 0.619514 0.297843
v -0.384262 0.569279 0.181104
v -0.151539 0.692936 0.213496
v -0.170157 0.889333 -0.005539
v 0.005266 0.995569 -0.485940
v 0.005449 0.755842 -0.236507
v 0.183459 1.046423 -0.856221
v 0.004294 0.689246 -0.194151
v 0.635085 0.594411 -0.958479
v -0.629226 0.462631 0.198806
v 0.483568 0.972512 -0.910331
v 0.855765 0.999166 -0.671321
v -0.471215 0.810437 0.066093
v -0.689339 0.865215 0.124700
v 0.702530 0.988904 -0.834277
v 0.261156 0.983942 0.200392
v 0.016979 1.180681 0.645894
v -0.227747 1.369397 1.016151
v 0.297385 1.344262 0.336155
v 0.020125 1.535100 0.663232
v -0.257871 1.768395 0.931154
v 0.467061 1.001273 0.122856
v -0.436282 1.356639 0.971837
v 0.498997 1.337044 0.226474
v -0.462230 1.712652 0.863749
v 0.741194 1.034675 -0.090359
v -0.719519 1.261116 0.767175
v 0.726033 1.351225 -0.008707
v -0.696781 1.585929 0.677730
v 0.892023 1.210409 -0.397810
v -0.871981 1.260924 0.426858
v 0.848593 1.501051 -0.310325
v -0.829247 1.533519 0.353598
v 0.823714 1.275776 -0.587520
v -0.806373 1.212053 0.236638
v 0.786676 1.558729 -0.491449
v -0.773706 1.476169 0.173392
v 0.687345 1.363239 -0.692663
v -0.672871 1.229657 0.099463
v 0.671747 1.601332 -0.602802
v -0.664472 1.430817 0.056608
v 0.542290 1.454913 -0.748466
v -0.528308 1.273751 0.001969
v 0.543999 1.646430 -0.676034
v -0.539705 1.422270 -0.034659
v 0.206591 1.534812 -0.766251
v 0.002771 1.392210 -0.466180
v -0.203252 1.303192 -0.193101
v 0.205285 1.711005 -0.688124
v -0.209207 1.479312 -0.269516
v -0.000325 1.632699 -0.487321
v 0.005225 2.660026 0.592444
v 0.324079 2.640238 0.563187
v 0.313646 1.738178 0.456496
v 0.018761 1.984777 0.658409
v -0.310794 2.701019 0.520236
v -0.273842 2.136241 0.732325
v 0.319625 2.212899 0.566533
v 0.009878 2.311800 0.610240
v -0.298907 2.374309 0.570977
v 0.505535 2.630804 0.486197
v 0.508639 1.748229 0.337759
v -0.487810 2.735596 0.386926
v -0.471567 2.111712 0.651007
v 0.498504 2.228656 0.475846
v -0.477171 2.407616 0.480833
v 0.649103 2.561740 0.330519
v 0.694628 1.760121 0.089392
v -0.638763 2.651829 0.231687
v -0.668849 1.967570 0.472001
v 0.681884 2.224573 0.257714
v -0.666821 2.340644 0.289216
v 0.780786 1.880136 -0.203725
v -0.772627 1.862401 0.175144
v 0.773341 2.279216 -0.035536
v -0.768937 2.275653 0.004311
v 0.743237 1.919191 -0.385826
v 0.755005 2.307447 -0.267821
v -0.758294 2.222865 -0.221922
v -0.744978 1.771857 0.006257
v 0.645958 1.955450 -0.508147
v -0.654590 1.723893 -0.133099
v 0.683464 2.323450 -0.403183
v -0.690503 2.191596 -0.355010
v 0.531061 1.980709 -0.588367
v -0.543237 1.702454 -0.226164
v -0.226537 1.785768 -0.453129
v 0.557421 2.315783 -0.508252
v -0.567282 2.165588 -0.460206
v 0.214011 1.970396 -0.633814
v -0.004819 1.900485 -0.558491
v 0.257497 2.340387 -0.584013
v -0.264807 2.225945 -0.563612
v -0.001718 2.294559 -0.591465
v 0.299595 3.120021 -0.477260
v 0.053213 3.123865 -0.520054
v -0.156602 3.146312 -0.505064
v -0.257833 3.671200 -0.187890
v -0.344206 3.474924 -0.320374
v -0.390476 3.258554 -0.418782
v 0.575505 3.216777 -0.237092
v 0.465507 3.449108 -0.232096
v -0.492070 3.294357 -0.372326
v -0.419057 3.491652 -0.258202
v 0.518420 3.469228 -0.125128
v 0.639423 3.261236 -0.142207
v -0.479334 3.503684 -0.181642
v -0.312886 3.669830 -0.067959
v 0.274207 3.669145 -0.184115
v 0.337555 3.662801 -0.054041
v 0.530794 3.494412 -0.025438
v -0.292309 3.673821 -0.126813
v 0.314530 3.669362 -0.117862
v -0.257559 3.803612 -0.050864
v -0.219075 3.796265 -0.173824
v -0.245799 3.816048 -0.115105
v 0.282043 3.989398 -0.049084
v 0.265219 3.803555 -0.050409
v 0.253895 3.816033 -0.114887
v 0.227234 3.796381 -0.173753
v -0.274357 3.989486 -0.049095
v -0.225107 3.996084 -0.180449
v 0.232827 3.995443 -0.180684
v -0.255318 4.000257 -0.127073
v 0.263031 3.999892 -0.127269
v -0.227355 4.131891 -0.165010
v -0.254738 4.125428 -0.111623
v -0.273281 4.112952 -0.036570
v 0.235176 4.131861 -0.165208
v 0.262454 4.125666 -0.111149
v 0.280991 4.112873 -0.037096
v -0.737981 2.590161 -0.057314
v -0.689727 2.547211 -0.316638
v 0.748402 2.596899 0.055486
v 0.717564 2.629862 -0.201960
v -0.527061 2.670853 -0.404342
v -0.621044 2.599746 -0.255464
v 0.671509 2.605694 0.093581
v 0.663507 2.678263 -0.125983
v -0.636770 2.535398 -0.418543
v 0.655083 2.647251 -0.321908
v 0.562317 2.690768 -0.414519
v -0.486946 2.704630 -0.454517
v 0.628386 2.696357 -0.197467
v -0.542125 2.585574 -0.494561
v -0.252884 2.647566 -0.576421
v -0.354080 2.963024 -0.494582
v -0.480418 2.923129 -0.471870
v 0.670662 2.880497 -0.181241
v 0.562146 2.913589 -0.308092
v -0.399441 2.751530 -0.516349
v 0.548449 2.753064 -0.345496
v -0.187072 2.985414 -0.531504
v 0.002667 2.634300 -0.584956
v 0.256801 2.678727 -0.562603
v 0.283350 2.963226 -0.518006
v -0.218494 2.824831 -0.554153
v 0.268384 2.814674 -0.549228
v 0.026049 2.965874 -0.552352
v 0.018314 2.822861 -0.569810
v -1.568820 2.231376 -0.678816
v -1.707287 2.123741 -0.663150
v -1.766547 2.313278 -0.574479
v -1.621951 2.444932 -0.604387
v 1.678263 2.438749 0.408177
v 1.776816 2.322922 0.528695
v 1.771288 2.120455 0.449196
v 1.667028 2.217874 0.345454
v -1.398104 2.340431 -0.683844
v -1.407979 2.617295 -0.562903
v 1.482798 2.605979 0.299978
v 1.540155 2.305174 0.236535
v -1.127732 2.542523 -0.633281
v -1.169597 2.791107 -0.515181
v 1.264139 2.774045 0.184203
v 1.282832 2.511187 0.098781
v -1.767823 2.371395 -0.457565
v -1.649857 2.499943 -0.476307
v 1.631879 2.512714 0.520317
v 1.714851 2.395620 0.617878
v -1.429615 2.668804 -0.393406
v 1.409052 2.680899 0.444326
v -1.231127 2.834823 -0.354472
v 1.228302 2.841697 0.344397
v -1.415932 2.634432 -0.275429
v -1.245791 2.772316 -0.235811
v 1.172620 2.796445 0.458691
v 1.329730 2.661874 0.540189
v -1.626520 2.487534 -0.339681
v 1.536052 2.519145 0.619810
v -1.736243 2.363833 -0.341479
v 1.624110 2.401289 0.697425
v -1.664872 2.286604 -0.240093
v -1.563292 2.404176 -0.231242
v 1.421624 2.442312 0.690924
v 1.510554 2.330967 0.752265
v -1.601195 2.175124 -0.218305
v -1.501282 2.276101 -0.203918
v 1.353014 2.314899 0.696325
v 1.438265 2.222744 0.751095
v -1.382937 2.525044 -0.183563
v 1.245179 2.560255 0.618748
v -1.324215 2.432587 -0.148472
v 1.177022 2.476187 0.618585
v -1.220867 2.662967 -0.137576
v -1.172246 2.571515 -0.104065
v 1.093489 2.700301 0.540736
v 1.030964 2.611962 0.554038
v -0.657986 2.596283 -0.197642
v 0.685166 2.616217 0.150660
v -0.928010 2.708168 -0.578362
v -1.015846 2.946097 -0.438624
v 1.099620 2.930969 0.141244
v 1.094620 2.672760 0.010286
v -0.906676 3.091135 -0.373703
v -0.850120 2.781236 -0.553645
v 1.018816 2.744976 -0.022281
v 0.978324 3.078440 0.114652
v -1.084814 2.974563 -0.295509
v 1.079146 2.981453 0.293176
v -0.970141 3.111444 -0.243101
v 0.959852 3.118914 0.254353
v -1.088071 2.920218 -0.189580
v 1.021339 2.942049 0.389533
v -0.967769 3.050644 -0.134619
v 0.895704 3.073204 0.350629
v -1.069914 2.784033 -0.087815
v 0.944902 2.820132 0.481838
v -0.980018 2.838169 -0.046975
v 0.849530 2.875202 0.458500
v -1.054126 2.669525 -0.064143
v 0.914364 2.709242 0.508269
v -0.991785 2.715012 -0.041260
v 0.851543 2.754581 0.486492
v 0.737774 2.938197 0.431001
v 0.783094 2.796594 0.463786
v -0.924087 2.757126 -0.016411
v -0.874546 2.900072 0.000600
v 0.757088 3.201753 0.309075
v -0.835101 3.178331 -0.075024
v 0.816416 3.269162 0.194186
v -0.824146 3.262998 -0.193225
v -0.793366 3.228183 -0.326613
v 0.863089 3.215399 0.072213
v -0.766813 2.862091 -0.528526
v 0.938655 2.824652 -0.058673
v -0.777168 2.639204 -0.502346
v -0.831515 2.575380 -0.506963
v 0.969821 2.546721 0.034003
v 0.924344 2.608065 -0.000934
v -0.909899 2.499079 -0.517709
v 1.038225 2.473074 0.078770
v -1.048964 2.398001 -0.551598
v 1.169985 2.374330 0.140710
v -1.392909 2.162315 -0.599156
v 1.474177 2.150266 0.324295
v -1.502587 2.078339 -0.598586
v 1.563335 2.072858 0.396516
v -1.658780 1.954565 -0.606803
v 1.695174 1.957294 0.492483
v 1.785955 2.199214 0.720312
v 1.707723 2.185960 0.786786
v -1.810831 2.068193 -0.287716
v -1.843204 2.141026 -0.341590
v -1.532369 1.979106 -0.352730
v -1.546673 2.034512 -0.281789
v -1.694740 1.888255 -0.307019
v -1.684504 1.851689 -0.353715
v -1.656661 1.845279 -0.435400
v -1.493191 1.996912 -0.423780
v 1.574170 1.889045 0.729745
v 1.557889 1.931832 0.768853
v 1.424047 2.072275 0.688265
v 1.449808 2.007467 0.629514
v 1.456849 2.014051 0.546953
v 1.595858 1.870756 0.647929
v -1.436188 2.169539 -0.253989
v 1.111751 2.356758 0.541265
v 1.319883 2.203904 0.631968
v -1.374449 2.101514 -0.419623
v -1.419080 2.093536 -0.341039
v 1.351657 2.116460 0.561233
v 1.357963 2.111943 0.470779
v -1.221354 2.323537 -0.193225
v -1.175971 2.275858 -0.272832
v -1.099520 2.280177 -0.365483
v 1.116313 2.297254 0.456089
v 1.103978 2.285146 0.338240
v -1.078244 2.438256 -0.144466
v 0.969643 2.470051 0.487998
v -1.028843 2.401178 -0.193822
v -0.923374 2.410725 -0.291659
v 0.954798 2.425045 0.424180
v 0.921075 2.416508 0.284580
v -0.961062 2.498610 -0.127703
v -0.996184 2.544838 -0.091865
v 0.876674 2.579396 0.470675
v 0.865471 2.527305 0.428053
v -0.917430 2.477965 -0.167014
v 0.850089 2.499716 0.374352
v -0.836557 2.590861 -0.085739
v -0.758476 2.532825 -0.245366
v -0.914633 2.646106 -0.044363
v 0.763048 2.536317 0.214423
v 0.742348 2.618832 0.381035
v 0.786444 2.682492 0.450801
v -0.882539 2.612994 -0.062118
v 0.768266 2.645920 0.422955
v -0.765546 2.705101 -0.013335
v -0.847963 2.727835 -0.007659
v 0.647670 2.738459 0.385750
v 0.713807 2.765375 0.432984
v -0.815904 2.717912 -0.008848
v 0.687374 2.753978 0.415685
v -0.731672 2.848612 0.057375
v -0.807681 2.875332 0.031616
v 0.585886 2.888329 0.405434
v 0.664094 2.914876 0.422917
v -0.779247 2.863525 0.041190
v 0.634769 2.903230 0.416576
v -0.709427 3.241423 0.011210
v -0.768933 3.218516 -0.035588
v 0.607252 3.270196 0.302023
v 0.681727 3.243854 0.299482
v -0.743273 3.229424 -0.016721
v 0.650366 3.256078 0.299399
v -0.701034 3.355087 -0.150380
v -0.762317 3.310017 -0.183999
v 0.693712 3.360640 0.148847
v 0.761578 3.314214 0.161269
v 0.794421 3.267928 0.036740
v -0.735211 3.329581 -0.172085
v 0.733190 3.333951 0.153401
v -0.631692 3.345194 -0.282412
v -0.718950 3.282439 -0.310809
v 0.708437 3.330000 0.003336
v -0.675906 3.311151 -0.299741
v 0.753548 3.295917 0.018188
v -0.589235 2.888649 -0.485418
v -0.677387 2.899037 -0.511090
v 0.767872 2.848840 -0.125136
v 0.855911 2.859602 -0.098745
v 0.865424 2.600166 0.015181
v -0.638822 2.896363 -0.501043
v 0.818122 2.856548 -0.111749
v -0.699098 2.619321 -0.403698
v -0.736623 2.626866 -0.457566
v 0.804282 2.598300 0.039169
v -0.717602 2.624003 -0.432897
v 0.835931 2.599757 0.025067
v -0.780990 2.529726 -0.388916
v -0.859741 2.456031 -0.370128
v -0.797928 2.550881 -0.450887
v 0.860907 2.515099 0.109356
v 0.909995 2.528499 0.064881
v -0.788587 2.539367 -0.421463
v 0.885513 2.520610 0.085510
v -0.878347 2.471082 -0.449818
v 0.913401 2.448129 0.178305
v 0.973441 2.453089 0.120980
v -0.862280 2.464966 -0.407729
v 0.936457 2.451863 0.147541
v -1.051265 2.325516 -0.455797
v -1.051730 2.361022 -0.516926
v 1.114953 2.315796 0.231691
v 1.151655 2.342549 0.175705
v -1.050027 2.342685 -0.488952
v 1.132799 2.328265 0.201362
v -1.369770 2.124764 -0.525591
v -1.387440 2.140245 -0.570344
v 1.410698 2.120234 0.380660
v 1.453112 2.131775 0.348133
v -1.378868 2.130048 -0.546776
v 1.432345 2.123835 0.364863
v -1.481008 2.022793 -0.499172
v -1.494033 2.047340 -0.560082
v 1.488906 2.029316 0.474407
v 1.534124 2.046643 0.427939
v -1.487682 2.033227 -0.532030
v 1.512930 2.035846 0.449521
v -1.642055 1.882977 -0.523252
v -1.649552 1.927654 -0.581219
v 1.633174 1.896190 0.562251
v 1.672619 1.933321 0.512195
v -1.646767 1.901818 -0.552957
v 1.654000 1.911225 0.537626
v -1.768032 1.961879 -0.273339
v -1.827525 1.834341 -0.367927
v 1.602464 2.013047 0.826680
v 1.701094 1.877586 0.798841
v -1.853464 2.045633 -0.587175
v -1.826436 1.923658 -0.579078
v -1.879154 2.128735 -0.523938
v -1.872591 2.165201 -0.437542
v -1.905393 2.042814 -0.415536
v 1.849453 2.060451 0.602867
v 1.838173 2.152324 0.657675
v -1.904385 2.010309 -0.508457
v -1.900943 1.925249 -0.386900
v -1.886690 1.888757 -0.489240
v -1.823948 1.890037 -0.560385
v -1.866760 1.857656 -0.379023
v 1.805884 1.908013 0.630298
v 1.791743 1.887422 0.640238
v -1.861796 1.846634 -0.475565
v -1.816497 1.867979 -0.547104
v -1.809201 1.848907 -0.531813
v -1.848331 1.843716 -0.372608
v 1.721344 1.887378 0.805079
v -1.797632 1.804812 -0.444376
v -1.850153 1.833950 -0.470416
v 1.717548 1.836890 0.723447
v 1.819250 1.939110 0.611487
v 1.648965 2.118914 0.823592
v 1.847594 2.038180 0.700692
v 1.843571 1.996925 0.712083
v 1.815682 2.092191 0.747977
v 1.819039 1.919156 0.723584
v 1.798550 2.035448 0.787674
v 1.775319 1.969203 0.810885
v 1.751127 1.911248 0.808459
v 1.789570 1.877812 0.727039
v 1.776648 1.870148 0.651524
v 1.753322 1.850790 0.731820
v 0.198564 3.657589 0.212790
v 0.178874 3.815041 0.186972
v -0.002635 3.811653 0.255559
v -0.016010 3.646204 0.276664
v -0.175756 3.814042 0.186029
v -0.215707 3.653237 0.205146
v 0.003304 3.965848 0.260275
v 0.003835 4.103771 0.259412
v -0.143466 4.103105 0.214920
v -0.160283 3.984233 0.205877
v 0.167797 3.984473 0.205801
v 0.151174 4.103245 0.214884
v 0.262483 3.983906 0.090301
v 0.250882 4.105821 0.105171
v -0.243154 4.105687 0.105339
v -0.255101 3.983696 0.089639
v -0.038517 3.445845 0.392973
v -0.305088 3.429254 0.334639
v 0.222594 3.443830 0.369333
v -0.052961 3.153121 0.501046
v -0.330947 3.118137 0.413092
v 0.215894 3.119847 0.503363
v -0.473669 3.379002 0.244848
v -0.504112 3.076814 0.314731
v 0.347793 3.099251 0.472203
v 0.366420 3.408253 0.328202
v -0.580387 3.332494 0.123269
v -0.607522 2.987128 0.199770
v 0.472552 3.000470 0.435194
v 0.471763 3.359891 0.305489
v -0.133816 0.612872 0.628380
v -0.174921 0.792203 0.795149
v -0.395539 0.872170 0.976656
v -0.392499 0.515381 0.903908
v 0.393372 0.321922 -0.226393
v 0.409863 0.597934 -0.018173
v 0.189137 0.627405 0.150614
v 0.138068 0.507144 -0.098923
v -0.737195 0.891065 0.840563
v -0.742923 0.500672 0.836954
v -0.428282 0.134778 0.850205
v -0.399475 0.254407 0.882399
v -0.696759 0.242401 0.812486
v -0.650814 0.125094 0.794837
v 0.742131 0.341419 -0.370467
v 0.748902 0.678743 -0.199121
v 0.644363 0.032614 -0.565017
v 0.690184 0.129465 -0.501977
v 0.391370 0.113937 -0.439372
v 0.420446 0.020177 -0.516689
v -0.403059 0.384267 0.908440
v -0.721626 0.371782 0.830912
v 0.716767 0.234247 -0.432790
v 0.397079 0.214943 -0.351024
v 0.002272 0.607365 0.265579
v 0.005508 0.712212 0.478303
v 0.002767 0.630404 0.096025
v 0.135359 0.492661 -0.237715
v -0.132657 0.544182 0.441983
v 0.262767 3.814581 0.073093
v -0.260315 3.813288 0.067308
v 0.330545 3.624416 0.130233
v -0.354959 3.617127 0.095405
v 0.146613 4.137065 -0.254158
v 0.141540 4.008371 -0.265288
v 0.004094 4.000367 -0.301663
v 0.003893 4.139841 -0.293614
v -0.132948 4.008519 -0.265580
v -0.138709 4.137247 -0.254104
v 0.006362 3.830885 -0.298347
v 0.017299 3.727513 -0.295938
v -0.161802 3.703519 -0.255955
v -0.143564 3.826210 -0.253342
v 0.158578 3.825375 -0.251607
v 0.201490 3.697280 -0.254114
v 0.055303 3.384339 -0.443777
v -0.162037 3.416027 -0.418154
v 0.276117 3.397497 -0.396325
v 0.511151 3.502658 0.114083
v -0.534463 3.495015 -0.018105
v 0.181967 0.373373 -0.406637
v -0.182664 0.466745 0.678512
v 0.217745 0.258792 -0.531830
v -0.221234 0.343753 0.725184
v 0.296987 0.067246 -0.640857
v -0.301374 0.127459 0.721037
v -0.317301 0.153477 0.547867
v -0.394578 0.014459 0.650024
v -0.380796 0.073504 0.552751
v 0.494817 -0.067838 -0.715373
v 0.392562 -0.007123 -0.749040
v -0.497892 -0.027920 0.701912
v 0.573331 -0.051061 -0.728484
v -0.575856 -0.018361 0.680826
v 0.664761 0.031220 -0.767123
v 0.746447 0.147522 -0.754843
v -0.747344 0.152575 0.573445
v -0.665853 0.040942 0.610455
v 0.813629 0.304804 -0.736296
v -0.813462 0.304611 0.524300
v 0.854190 0.426328 -0.707210
v -0.852257 0.428597 0.498353
v 0.889099 0.551523 -0.669569
v 0.917562 0.950473 -0.507852
v -0.902917 0.986863 0.450150
v -0.883787 0.559472 0.481802
v 0.500499 0.031172 -0.844402
v 0.381130 0.086732 -0.814045
v 0.596566 0.033179 -0.834463
v -0.499406 0.009986 0.543896
v -0.595793 0.015431 0.549838
v 0.317155 0.162741 -0.787273
v 0.652403 0.087514 -0.841589
v -0.651668 0.061906 0.521334
v 0.717694 0.178797 -0.836398
v -0.717252 0.147138 0.488761
v 0.513061 0.120420 -0.891391
v -0.510659 0.071726 0.465353
v 0.278354 0.285278 -0.779456
v 0.533528 0.223101 -0.926338
v -0.277787 0.264972 0.496692
v -0.530615 0.149107 0.391830
v 0.785111 0.330298 -0.817946
v -0.783645 0.292628 0.440787
v 0.545384 0.345705 -0.944486
v -0.542263 0.247672 0.312635
v -0.841376 0.943986 0.284049
v -0.836718 0.533659 0.353878
v 0.828874 0.479758 -0.796865
v 0.842620 0.588408 -0.794753
v -0.825326 0.436508 0.394860
v 0.584585 0.477507 -0.958525
v -0.580365 0.357377 0.241056
v 0.240850 0.420498 -0.704908
v -0.238807 0.395873 0.405181
v 0.336143 0.580204 -0.823473
v -0.330719 0.489567 0.211857
v 0.156106 0.578951 -0.455190
v 0.003409 0.647069 -0.108793
v -0.150988 0.568161 0.207658
v 0.171060 0.675428 -0.543170
v 0.391828 0.693888 -0.867337
v 0.162151 0.770801 -0.585569
v -0.163673 0.634267 0.080914
v -0.152754 0.712155 0.010702
v -0.384401 0.573684 0.136283
v 0.004952 0.970516 -0.399112
v 0.004997 0.757173 -0.266832
v -0.172903 0.901298 -0.135065
v 0.184116 1.002450 -0.674421
v 0.004296 0.691820 -0.226557
v 0.634527 0.593796 -0.947587
v -0.628765 0.463445 0.203721
v 0.482987 0.955123 -0.859593
v 0.854996 0.995631 -0.674341
v -0.472049 0.803395 0.045432
v -0.689694 0.851115 0.147581
v 0.701543 0.981679 -0.833109
v 0.264112 1.051660 0.338540
v 0.014528 1.163298 0.621629
v -0.232297 1.302470 0.885447
v 0.300826 1.417219 0.437470
v 0.019067 1.538808 0.672875
v -0.262674 1.693623 0.819476
v 0.466734 1.012120 0.143064
v -0.438439 1.340238 0.944632
v 0.499750 1.356946 0.262668
v -0.464738 1.682750 0.822141
v 0.741236 1.037331 -0.090567
v -0.718359 1.269341 0.773889
v 0.725800 1.352285 -0.002215
v -0.697809 1.578498 0.667647
v 0.891859 1.210383 -0.398328
v -0.872367 1.258925 0.426952
v 0.848234 1.498961 -0.300847
v -0.829495 1.531769 0.335815
v 0.822897 1.272251 -0.588085
v -0.806994 1.208652 0.235493
v 0.786685 1.554427 -0.479793
v -0.774221 1.474186 0.153252
v 0.687443 1.361011 -0.688170
v -0.673935 1.224199 0.093980
v 0.672157 1.591788 -0.582171
v -0.664393 1.442274 0.025829
v 0.542574 1.439459 -0.704992
v -0.531108 1.270494 -0.037866
v 0.544992 1.619060 -0.618771
v -0.541312 1.442222 -0.104725
v 0.209787 1.496962 -0.663446
v 0.003376 1.407163 -0.494534
v -0.203513 1.354335 -0.295026
v 0.207391 1.670483 -0.623385
v -0.210079 1.527112 -0.358226
v -0.003063 1.625057 -0.519671
v 0.286380 2.622277 0.574018
v 0.009056 2.672591 0.567875
v 0.314718 1.821121 0.531158
v 0.016884 1.944447 0.643296
v -0.310887 2.722062 0.482254
v -0.280197 2.020124 0.681792
v 0.320907 2.258212 0.561861
v 0.011692 2.319149 0.604369
v -0.297507 2.362538 0.566915
v 0.386390 2.635768 0.507306
v 0.506775 1.768197 0.370275
v -0.481072 2.685546 0.363777
v -0.475268 2.047999 0.641331
v 0.451977 2.224740 0.483171
v -0.464299 2.395709 0.465688
v 0.549522 2.551494 0.366481
v 0.687339 1.761018 0.120415
v -0.605688 2.598094 0.195280
v -0.664460 1.943409 0.466493
v 0.637155 2.219229 0.279315
v -0.639398 2.338886 0.281224
v 0.776177 1.872036 -0.172326
v -0.763035 1.877166 0.156900
v 0.742263 2.268571 -0.013925
v -0.731047 2.267157 -0.002008
v 0.741292 1.905348 -0.356634
v 0.740828 2.314735 -0.254115
v -0.729526 2.209461 -0.213559
v -0.734890 1.806625 -0.019927
v 0.644706 1.940120 -0.484376
v -0.643124 1.770175 -0.160113
v 0.668127 2.329239 -0.385362
v -0.656208 2.178093 -0.348930
v 0.533873 1.950192 -0.542538
v -0.224637 1.810412 -0.451288
v -0.538589 1.761981 -0.266817
v 0.548975 2.330335 -0.496432
v -0.538260 2.152917 -0.446079
v 0.214314 1.945331 -0.604794
v -0.006041 1.899326 -0.564880
v 0.256112 2.323175 -0.578896
v -0.264631 2.242785 -0.563375
v -0.003618 2.288264 -0.586572
v 0.305445 3.125222 -0.471203
v 0.058092 3.125259 -0.519632
v -0.143624 3.150490 -0.509712
v -0.350441 3.483525 -0.311954
v -0.269112 3.666716 -0.192979
v -0.416662 3.275388 -0.400890
v 0.444314 3.464019 -0.242411
v 0.557130 3.246123 -0.258719
v -0.420632 3.505866 -0.240502
v -0.505131 3.304635 -0.358278
v 0.629137 3.279245 -0.160245
v 0.492836 3.490152 -0.146423
v -0.333418 3.659350 -0.078413
v -0.471749 3.523123 -0.158505
v 0.308640 3.659248 -0.176484
v 0.511756 3.514682 -0.047425
v 0.351826 3.656344 -0.049208
v -0.305039 3.667788 -0.133656
v 0.332065 3.662863 -0.113439
v -0.270503 3.800249 -0.054082
v -0.251344 3.815609 -0.116977
v -0.226956 3.795984 -0.175512
v 0.283092 3.799012 -0.047436
v 0.287754 3.987606 -0.048581
v 0.246071 3.793467 -0.171655
v 0.264224 3.814276 -0.114256
v -0.278024 3.988167 -0.050158
v -0.226767 3.994465 -0.181359
v 0.236342 3.993918 -0.180945
v -0.256012 3.999726 -0.127545
v 0.264630 3.999368 -0.127300
v -0.227451 4.131026 -0.166164
v -0.254779 4.125008 -0.112476
v -0.273672 4.112569 -0.038241
v 0.235460 4.130888 -0.166306
v 0.262563 4.124868 -0.112658
v 0.281708 4.112444 -0.038332
v -0.666633 2.550358 -0.107777
v -0.644612 2.537057 -0.340268
v 0.670815 2.558223 0.109107
v 0.694529 2.605292 -0.174391
v -0.572404 2.672624 -0.389140
v -0.677211 2.624238 -0.222601
v 0.711355 2.638006 0.060357
v 0.671788 2.691880 -0.136640
v -0.570842 2.538476 -0.440543
v 0.637818 2.618761 -0.296133
v 0.557563 2.672188 -0.406545
v -0.522872 2.708148 -0.440595
v 0.639831 2.722878 -0.218896
v -0.254882 2.627525 -0.582618
v -0.505664 2.596371 -0.500184
v -0.397485 2.972604 -0.475549
v -0.519663 2.928591 -0.457054
v 0.672533 2.906765 -0.202370
v 0.557864 2.934761 -0.333603
v -0.403182 2.756504 -0.512150
v 0.550379 2.747349 -0.365509
v -0.159538 2.988935 -0.531341
v 0.255687 2.688086 -0.555162
v -0.000020 2.597651 -0.597024
v 0.290597 2.958550 -0.513220
v -0.216471 2.825241 -0.554021
v 0.269226 2.813455 -0.548173
v 0.043935 2.971938 -0.549353
v 0.020564 2.823737 -0.569058
v -1.619353 2.448194 -0.604103
v -1.563830 2.240207 -0.683458
v -1.706736 2.125432 -0.665127
v -1.765078 2.316685 -0.577495
v 1.777208 2.324937 0.525915
v 1.771722 2.121366 0.447696
v 1.665839 2.224051 0.339177
v 1.675243 2.442962 0.405965
v -1.422157 2.607541 -0.581335
v -1.393963 2.345095 -0.682342
v 1.527922 2.318772 0.231746
v 1.505320 2.593893 0.293131
v -1.175765 2.789075 -0.527671
v -1.136119 2.537799 -0.646289
v 1.300748 2.503090 0.091535
v 1.276971 2.770209 0.176695
v -1.646772 2.503045 -0.474412
v -1.766875 2.374696 -0.461777
v 1.716269 2.397572 0.614203
v 1.627714 2.516397 0.519800
v -1.435915 2.668272 -0.409473
v 1.422856 2.678529 0.434073
v -1.232933 2.835066 -0.359836
v 1.232863 2.841238 0.340653
v -1.247283 2.774200 -0.243694
v -1.417828 2.638172 -0.288359
v 1.338911 2.664114 0.528783
v 1.177917 2.797222 0.452768
v -1.626679 2.486417 -0.337941
v 1.534621 2.517107 0.623535
v -1.738113 2.363504 -0.345874
v 1.628133 2.400167 0.694963
v -1.571771 2.391736 -0.228720
v -1.668001 2.283950 -0.243116
v 1.511635 2.330199 0.752156
v 1.425675 2.433963 0.697048
v -1.512002 2.263122 -0.206332
v -1.604394 2.172464 -0.221501
v 1.443596 2.219102 0.750418
v 1.360139 2.305864 0.700373
v -1.382065 2.528474 -0.188344
v 1.249317 2.566319 0.607538
v -1.318664 2.447273 -0.163659
v 1.179999 2.485550 0.604537
v -1.221028 2.667540 -0.147349
v -1.171312 2.577857 -0.114525
v 1.098232 2.702985 0.533060
v 1.035228 2.615959 0.545246
v -0.678372 2.608870 -0.183852
v 0.687423 2.617711 0.149321
v -1.016623 2.946007 -0.440686
v -0.930301 2.707496 -0.583176
v 1.099650 2.671293 0.007283
v 1.101495 2.930587 0.139845
v -0.906699 3.091128 -0.373854
v -0.850300 2.781191 -0.554034
v 1.019187 2.744865 -0.022513
v 0.978406 3.078414 0.114550
v -1.084939 2.974619 -0.295987
v 1.079519 2.981448 0.292800
v -0.970143 3.111461 -0.243094
v 0.959849 3.118929 0.254356
v -1.088261 2.920531 -0.190835
v 1.022122 2.942184 0.388579
v -0.967751 3.050686 -0.134682
v 0.895723 3.073240 0.350543
v -1.070038 2.784877 -0.089881
v 0.945877 2.820553 0.480418
v -0.979980 2.838287 -0.047156
v 0.849576 2.875282 0.458336
v -1.054098 2.670973 -0.067004
v 0.915574 2.710008 0.506227
v -0.991779 2.715198 -0.041599
v 0.851666 2.754670 0.486282
v 0.737765 2.938225 0.430960
v 0.783032 2.796597 0.463829
v -0.924078 2.757129 -0.016394
v -0.874520 2.900108 0.000554
v 0.757105 3.201752 0.309035
v -0.835091 3.178350 -0.075039
v 0.816419 3.269166 0.194169
v -0.824144 3.263001 -0.193231
v -0.793362 3.228190 -0.326630
v 0.863098 3.215401 0.072168
v -0.766859 2.862031 -0.528659
v 0.938719 2.824612 -0.058705
v -0.777205 2.639224 -0.502437
v -0.832244 2.575445 -0.509016
v 0.971673 2.546435 0.032595
v 0.924478 2.608039 -0.001031
v -0.914004 2.499173 -0.528952
v 1.048462 2.471431 0.071090
v -1.057850 2.396317 -0.572197
v 1.188881 2.369551 0.128591
v -1.388560 2.170497 -0.604273
v 1.473295 2.156884 0.317158
v -1.501964 2.081424 -0.603239
v 1.564980 2.074857 0.392564
v -1.658796 1.955043 -0.607824
v 1.695577 1.957526 0.491824
v 1.709774 2.185757 0.785095
v 1.787600 2.199587 0.718316
v -1.843868 2.141168 -0.343673
v -1.811230 2.068124 -0.288651
v -1.533211 1.978779 -0.354335
v -1.548882 2.033134 -0.284936
v -1.694941 1.888209 -0.307465
v -1.684549 1.851686 -0.353828
v -1.494690 1.996709 -0.427416
v -1.656814 1.845327 -0.435907
v 1.574259 1.889029 0.729679
v 1.558355 1.931716 0.768553
v 1.427718 2.070486 0.686939
v 1.451224 2.007005 0.628729
v 1.596154 1.870743 0.647667
v 1.459463 2.013545 0.545091
v -1.445303 2.159800 -0.258694
v 1.329826 2.194045 0.634351
v 1.114658 2.369155 0.523654
v -1.379358 2.098104 -0.425946
v -1.423608 2.089856 -0.345751
v 1.357396 2.112731 0.560267
v 1.364368 2.108586 0.468720
v -1.214429 2.340322 -0.208985
v -1.170763 2.289253 -0.286263
v -1.098653 2.288037 -0.379249
v 1.119306 2.306604 0.442055
v 1.111209 2.290476 0.325015
v -1.076643 2.445709 -0.155359
v 0.974389 2.475579 0.476935
v -1.027323 2.410127 -0.207793
v -0.924318 2.414769 -0.299244
v 0.961365 2.431451 0.410421
v 0.927621 2.419832 0.275436
v -0.961094 2.500751 -0.130497
v -0.996031 2.546472 -0.094671
v 0.877998 2.580492 0.468173
v 0.867726 2.529019 0.424354
v -0.918337 2.480973 -0.169011
v 0.854444 2.502537 0.368927
v -0.764388 2.536994 -0.239858
v -0.841044 2.597783 -0.079908
v -0.914693 2.646400 -0.044559
v 0.752986 2.624334 0.373103
v 0.771439 2.542811 0.206719
v 0.786761 2.682726 0.450361
v -0.883080 2.614067 -0.061212
v 0.770103 2.646879 0.421592
v -0.776888 2.729669 0.000185
v -0.848284 2.728800 -0.007095
v 0.680157 2.751478 0.367190
v 0.714953 2.765919 0.432254
v -0.817593 2.722485 -0.006301
v 0.693417 2.756624 0.411892
v -0.738649 2.887872 0.065888
v -0.807729 2.875864 0.031710
v 0.632247 2.902073 0.387303
v 0.664630 2.915128 0.422651
v -0.780518 2.871865 0.043526
v 0.644151 2.906734 0.412139
v -0.704955 3.254192 0.015809
v -0.768927 3.218579 -0.035502
v 0.614612 3.278448 0.295125
v 0.681782 3.243902 0.299388
v -0.742783 3.231274 -0.014436
v 0.651246 3.257493 0.297480
v -0.699359 3.365493 -0.137372
v -0.762313 3.310147 -0.183835
v 0.693359 3.369817 0.137501
v 0.794396 3.268062 0.036695
v 0.761590 3.314335 0.161107
v -0.735085 3.331318 -0.169880
v 0.733191 3.335527 0.151448
v -0.634334 3.355296 -0.269066
v -0.718962 3.282562 -0.310686
v 0.704820 3.340846 -0.009563
v -0.676363 3.312685 -0.297723
v 0.753147 3.297627 0.016103
v -0.605784 2.889110 -0.481236
v -0.677684 2.898989 -0.511063
v 0.770088 2.864122 -0.134271
v 0.865616 2.600469 0.014904
v 0.856000 2.859932 -0.098953
v -0.641223 2.896403 -0.500441
v 0.818482 2.859095 -0.113247
v -0.720219 2.626787 -0.390155
v -0.736869 2.626922 -0.457282
v 0.818390 2.618285 0.020256
v -0.721523 2.625306 -0.430337
v 0.838555 2.603913 0.021234
v -0.783929 2.531163 -0.386313
v -0.860831 2.457475 -0.373850
v -0.798341 2.551065 -0.452200
v 0.863911 2.518796 0.105534
v 0.911143 2.528486 0.063838
v -0.790735 2.540359 -0.419598
v 0.887456 2.523268 0.082823
v -0.881037 2.472495 -0.459936
v 0.917667 2.449875 0.173389
v 0.981437 2.452948 0.113617
v -0.863836 2.466476 -0.414511
v 0.941877 2.452392 0.141905
v -1.053748 2.328244 -0.468027
v -1.058977 2.361549 -0.537662
v 1.124683 2.316549 0.221576
v 1.168574 2.339930 0.162834
v -1.056303 2.345291 -0.511288
v 1.151177 2.327209 0.185253
v -1.370033 2.125814 -0.528550
v -1.385593 2.145110 -0.575402
v 1.414167 2.121880 0.375356
v 1.454046 2.135627 0.342596
v -1.378434 2.132348 -0.550365
v 1.433789 2.125772 0.361153
v -1.482229 2.023815 -0.504574
v -1.494148 2.048992 -0.563787
v 1.491901 2.029599 0.471237
v 1.535759 2.047554 0.425301
v -1.488293 2.034783 -0.536880
v 1.515209 2.036537 0.446537
v -1.642296 1.883316 -0.524599
v -1.649632 1.928083 -0.582311
v 1.633735 1.896285 0.561607
v 1.672980 1.933471 0.511674
v -1.646941 1.902251 -0.554314
v 1.654457 1.911353 0.537041
v -1.768303 1.961810 -0.273927
v -1.827494 1.834333 -0.367834
v 1.603412 2.012794 0.826089
v 1.701060 1.877587 0.798871
v -1.826435 1.923653 -0.579069
v -1.853461 2.045725 -0.587353
v -1.879163 2.129096 -0.524702
v -1.872969 2.166095 -0.440397
v -1.905441 2.042864 -0.415770
v 1.838467 2.152483 0.657208
v 1.849502 2.060483 0.602781
v -1.904388 2.010319 -0.508483
v -1.900918 1.925236 -0.386812
v -1.886688 1.888753 -0.489226
v -1.823956 1.890065 -0.560465
v -1.866721 1.857640 -0.378896
v 1.805873 1.908009 0.630313
v 1.791737 1.887420 0.640245
v -1.861796 1.846633 -0.475563
v -1.816501 1.867990 -0.547139
v -1.809210 1.848924 -0.531873
v -1.848316 1.843711 -0.372562
v 1.721315 1.887378 0.805105
v -1.797603 1.804793 -0.444267
v -1.850141 1.833937 -0.470360
v 1.717483 1.836887 0.723512
v 1.819165 1.939072 0.611613
v 1.650814 2.118481 0.822367
v 1.847650 2.038198 0.700618
v 1.843547 1.996918 0.712115
v 1.816001 2.092246 0.747609
v 1.819018 1.919152 0.723609
v 1.798892 2.035470 0.787326
v 1.775482 1.969202 0.810734
v 1.751143 1.911247 0.808445
v 1.789536 1.877807 0.727077
v 1.776633 1.870144 0.651543
v 1.753293 1.850788 0.731851
v -0.565429 4.724154 0.646825
v -0.548221 4.746689 0.673336
v -0.570079 4.788558 0.662314
v -0.595006 4.776213 0.623000
v 0.602339 4.776497 0.623043
v 0.577328 4.788745 0.662515
v 0.555426 4.746790 0.673653
v 0.572721 4.724363 0.646986
v 0.291774 4.760159 0.756184
v 0.282811 4.811961 0.760699
v 0.230156 4.817302 0.759779
v 0.234499 4.746854 0.753568
v -0.227188 4.746925 0.753382
v -0.222812 4.817303 0.759668
v -0.275547 4.811960 0.760534
v -0.284572 4.760183 0.755965
v -0.162410 4.732834 0.743610
v -0.147692 4.816500 0.750576
v -0.184347 4.816983 0.756182
v -0.187673 4.738402 0.748367
v 0.195036 4.738293 0.748552
v 0.191720 4.816950 0.756297
v 0.155079 4.816438 0.750703
v 0.169788 4.732718 0.743787
v -0.233502 4.874323 0.756335
v -0.292889 4.856872 0.758302
v -0.174545 4.901095 0.745757
v -0.204483 4.887946 0.752129
v 0.300125 4.856923 0.758438
v 0.240841 4.874380 0.756390
v 0.211876 4.887990 0.752170
v 0.181954 4.901111 0.745811
v -0.561575 4.835702 0.670333
v -0.585211 4.841244 0.640696
v 0.592528 4.841534 0.640709
v 0.568824 4.835941 0.670450
v -0.567166 4.700081 0.625212
v -0.601249 4.771486 0.594284
v -0.595344 4.855806 0.606879
v -0.566409 4.683362 0.597935
v -0.591304 4.766606 0.547962
v -0.592640 4.865358 0.576470
v 0.608636 4.771801 0.594240
v 0.574527 4.700337 0.625274
v 0.602729 4.856149 0.606756
v 0.598741 4.766914 0.547868
v 0.573817 4.683619 0.597961
v 0.600072 4.865704 0.576280
v -0.566725 4.911576 0.626242
v -0.565306 4.924536 0.589887
v -0.501708 4.952890 0.669468
v -0.497877 4.981234 0.641733
v -0.560061 4.900277 0.651197
v 0.574133 4.911953 0.626005
v 0.567390 4.900632 0.651069
v -0.492374 4.932744 0.689186
v -0.531086 4.884351 0.684082
v 0.538307 4.884659 0.684094
v -0.484077 4.909880 0.703794
v 0.499643 4.933133 0.689009
v 0.491258 4.910200 0.703776
v -0.467826 4.883034 0.718938
v -0.502766 4.871864 0.705056
v 0.509918 4.872096 0.705193
v 0.474960 4.883247 0.719076
v -0.529308 4.836341 0.695048
v 0.536484 4.836514 0.695269
v -0.472885 4.841563 0.723109
v 0.480010 4.841683 0.723368
v -0.542604 4.806333 0.687089
v 0.549796 4.806468 0.687359
v -0.477527 4.805358 0.722188
v 0.484655 4.805432 0.722505
v -0.528668 4.767077 0.692351
v 0.535831 4.767158 0.692695
v -0.473800 4.762002 0.719249
v 0.480911 4.762048 0.719605
v -0.463886 4.723337 0.714219
v -0.510754 4.733768 0.695079
v 0.517901 4.733833 0.695437
v 0.471004 4.723400 0.714551
v -0.517333 4.699871 0.677688
v 0.524545 4.699934 0.678017
v 0.526561 4.665301 0.657970
v -0.461761 4.685777 0.701238
v 0.468947 4.685831 0.701539
v -0.519266 4.665168 0.657758
v -0.455122 4.653960 0.687164
v 0.462401 4.654016 0.687404
v -0.516417 4.645505 0.636341
v 0.523789 4.645650 0.636487
v -0.447264 4.626119 0.670489
v 0.454621 4.626165 0.670686
v -0.439073 4.600739 0.648668
v -0.512201 4.627439 0.611918
v 0.519614 4.627557 0.612061
v 0.446472 4.600792 0.648833
v -0.223313 4.962288 0.730887
v -0.252818 4.946820 0.738651
v -0.414373 4.988335 0.692287
v -0.403096 5.012142 0.675349
v 0.260213 4.946949 0.738606
v 0.230737 4.962385 0.730856
v -0.315630 4.999984 0.708433
v -0.347123 4.970180 0.721815
v 0.354498 4.970414 0.721680
v 0.323051 5.000178 0.708304
v -0.420714 4.961398 0.707531
v -0.279778 4.933957 0.742979
v -0.365055 4.951486 0.727300
v 0.372336 4.951750 0.727190
v 0.287097 4.934100 0.742962
v -0.427718 4.937819 0.716389
v -0.325015 4.904623 0.748174
v 0.437043 4.932548 0.717911
v 0.443921 4.891768 0.728362
v 0.428727 4.966794 0.706921
v 0.332223 4.904750 0.748255
v -0.379583 4.919670 0.735853
v 0.386762 4.919890 0.735873
v -0.434211 4.898869 0.727307
v -0.395275 4.881728 0.741529
v -0.359272 4.873384 0.749653
v 0.402407 4.881884 0.741673
v 0.366408 4.873487 0.749824
v -0.440431 4.807735 0.735365
v -0.440646 4.846064 0.734218
v -0.338315 4.843133 0.755593
v 0.447768 4.846192 0.734442
v 0.345458 4.843170 0.755818
v -0.392607 4.842433 0.746884
v 0.399719 4.842493 0.747145
v -0.326014 4.810641 0.757523
v -0.388223 4.809952 0.748363
v 0.333181 4.810648 0.757756
v 0.447538 4.807782 0.735686
v 0.395330 4.809965 0.748670
v -0.433945 4.760955 0.732860
v -0.332339 4.774072 0.754408
v 0.441044 4.760990 0.733194
v 0.339463 4.774077 0.754666
v -0.377757 4.767766 0.747170
v 0.384853 4.767780 0.747470
v -0.418054 4.713906 0.726684
v 0.425177 4.713958 0.726978
v -0.339245 4.745390 0.749315
v -0.376115 4.729823 0.740537
v 0.383222 4.729852 0.740820
v 0.346376 4.745397 0.749574
v -0.407625 4.675885 0.715671
v -0.308282 4.719617 0.746665
v -0.362245 4.695552 0.733167
v 0.414814 4.675926 0.715935
v 0.397925 4.643128 0.705320
v 0.369412 4.695570 0.733419
v 0.315478 4.719591 0.746900
v -0.390654 4.643112 0.705090
v -0.269707 4.693151 0.743314
v 0.276987 4.693075 0.743535
v -0.332483 4.664678 0.725638
v 0.339753 4.664656 0.725856
v -0.369201 4.614451 0.690096
v -0.239265 4.672760 0.732802
v 0.376553 4.614469 0.690273
v 0.246612 4.672647 0.733013
v -0.310717 4.640378 0.716075
v 0.318063 4.640337 0.716265
v -0.204121 4.647171 0.718614
v -0.282919 4.619022 0.705146
v -0.351577 4.589191 0.672335
v 0.211498 4.647049 0.718804
v 0.290297 4.618963 0.705324
v 0.358968 4.589214 0.672482
v 0.423074 4.985491 0.693989
v 0.510315 4.953960 0.667612
v 0.507611 4.982220 0.637250
v 0.410515 5.012422 0.675126
v 0.572754 4.924892 0.589620
v 0.003303 4.298148 0.739719
v 0.003451 4.406014 0.783724
v -0.088171 4.411781 0.769212
v -0.082568 4.307856 0.736280
v 0.089372 4.308216 0.736382
v 0.095192 4.411977 0.769248
v 0.003140 4.126113 0.685268
v -0.088102 4.151086 0.687437
v 0.094564 4.151353 0.687654
v 0.003175 4.007618 0.609133
v -0.102025 4.018337 0.604688
v 0.108416 4.018372 0.604968
v 0.003400 3.914744 0.479474
v -0.074137 3.920061 0.480417
v 0.080848 3.919970 0.480571
v 0.150427 4.172823 -0.683772
v 0.080825 3.975134 -0.457317
v 0.004134 3.981027 -0.470637
v 0.004356 4.178597 -0.704123
v -0.072589 3.975245 -0.457463
v -0.141782 4.173005 -0.684012
v 0.004026 3.910980 -0.348891
v -0.251283 3.942939 -0.340675
v -0.390801 4.168811 -0.572123
v 0.259364 3.942915 -0.340343
v 0.349357 3.916055 -0.198823
v 0.003960 3.862589 -0.230719
v 0.399274 4.168589 -0.571527
v -0.341432 3.915943 -0.199108
v 0.547503 4.143402 -0.405235
v -0.539207 4.143375 -0.406023
v 0.085570 4.490046 0.799996
v 0.078745 4.602840 0.790909
v 0.003569 4.604462 0.803055
v 0.003516 4.468519 0.823884
v -0.071540 4.602794 0.790783
v -0.078510 4.489960 0.800045
v 0.088705 4.739945 0.809699
v 0.003604 4.741128 0.818254
v -0.081490 4.739962 0.809634
v 0.102940 4.839798 0.825978
v 0.109678 4.944137 0.840764
v 0.003574 4.959469 0.849241
v 0.003613 4.849123 0.835384
v -0.102475 4.944097 0.840742
v -0.095707 4.839809 0.825936
v -0.669673 4.520764 0.590475
v -0.649839 4.672641 0.629027
v -0.745469 4.689122 0.572333
v -0.787123 4.548828 0.484606
v 0.794074 4.548865 0.485676
v 0.752476 4.689231 0.572858
v 0.656936 4.672582 0.629390
v 0.676579 4.520795 0.590944
v -0.674163 4.411721 0.535513
v -0.770841 4.434899 0.436842
v 0.777647 4.434941 0.438246
v 0.680910 4.411851 0.536259
v -0.657968 4.303965 0.473471
v -0.739166 4.323188 0.379827
v 0.745933 4.323265 0.381459
v 0.664610 4.304001 0.474574
v -0.654853 4.135209 0.260828
v -0.596094 4.144231 0.375231
v 0.602862 4.144170 0.376406
v 0.661875 4.135239 0.262371
v -0.532413 4.014473 0.237580
v -0.485864 4.014959 0.316256
v 0.492920 4.014863 0.316985
v 0.539588 4.014389 0.238620
v -0.388227 3.919601 0.204993
v -0.363122 3.925328 0.265591
v 0.370443 3.925309 0.265940
v 0.395618 3.919501 0.205453
v -0.266490 3.881891 0.235483
v -0.234909 3.888379 0.294638
v 0.242289 3.888378 0.294793
v 0.273967 3.881831 0.235661
v 0.003574 3.875477 0.380232
v -0.076133 3.897224 0.427657
v 0.083077 3.897121 0.427764
v 0.003737 3.851751 0.287888
v 0.003677 3.863038 0.336427
v 0.547499 4.675237 0.651043
v 0.577677 4.492301 0.642520
v -0.302913 4.480505 0.728287
v -0.301348 4.404451 0.708483
v -0.562055 4.404280 0.611776
v -0.570597 4.492393 0.642319
v 0.308347 4.404954 0.708570
v 0.310033 4.480690 0.728312
v 0.569039 4.404484 0.612065
v -0.437840 4.483442 0.693013
v -0.424690 4.404863 0.672352
v 0.431721 4.405275 0.672383
v 0.444918 4.483503 0.693037
v -0.550944 4.299540 0.559925
v -0.288057 4.300088 0.680223
v 0.557768 4.299785 0.560531
v 0.294949 4.300729 0.680447
v -0.410649 4.295473 0.632257
v 0.417542 4.296132 0.632470
v -0.256561 4.179383 0.645616
v -0.528097 4.155926 0.464715
v 0.263292 4.179982 0.646029
v 0.528767 4.155979 0.471714
v -0.382751 4.162588 0.575215
v 0.389502 4.163360 0.575799
v -0.208510 4.017340 0.560645
v -0.452985 4.021996 0.372872
v 0.215150 4.017611 0.561173
v 0.446217 4.021512 0.388613
v -0.320064 4.014183 0.482332
v 0.326912 4.014607 0.482983
v -0.349770 3.937546 0.317753
v -0.214212 3.901301 0.354517
v -0.155602 3.933266 0.471161
v -0.145575 3.904751 0.414033
v 0.354420 3.940669 0.328615
v 0.221441 3.901291 0.354689
v 0.162396 3.933267 0.471445
v 0.152623 3.904654 0.414198
v -0.243358 3.929501 0.401389
v 0.250436 3.929430 0.401719
v -0.217206 4.918300 0.798960
v -0.192425 4.826158 0.789819
v 0.199685 4.826150 0.789940
v 0.224471 4.918353 0.799027
v -0.211665 4.733703 0.773639
v -0.312836 4.808681 0.648026
v 0.218912 4.733729 0.773746
v 0.320212 4.808755 0.648101
v -0.295165 4.664195 0.739977
v -0.362765 4.772913 0.626320
v 0.302430 4.664250 0.740081
v 0.370178 4.772961 0.626407
v -0.429708 4.650878 0.685662
v -0.420994 4.773701 0.610909
v 0.436973 4.650808 0.685844
v 0.428420 4.773744 0.611064
v -0.540221 4.675307 0.650771
v -0.597290 4.786618 0.625178
v 0.604534 4.786706 0.625450
v -0.583141 4.900661 0.650253
v -0.448929 4.837817 0.613561
v 0.590376 4.900907 0.650357
v 0.456321 4.837990 0.613541
v -0.403587 4.866676 0.629705
v -0.526575 4.956659 0.680858
v 0.533892 4.956950 0.680783
v 0.411008 4.866951 0.629529
v -0.362544 4.865150 0.639070
v -0.466894 4.974614 0.702313
v -0.290549 4.973795 0.778133
v -0.372305 4.994250 0.747243
v 0.474223 4.974886 0.702214
v 0.369960 4.865333 0.638996
v 0.379595 4.994479 0.747167
v 0.297835 4.973958 0.778101
v 0.139363 5.155603 0.836944
v 0.003520 5.191553 0.845547
v -0.132264 5.155538 0.836962
v 0.003531 5.416279 0.756459
v 0.003655 5.612975 0.485060
v -0.043343 5.611339 0.485320
v -0.117651 5.412327 0.744073
v 0.124740 5.412331 0.744127
v 0.050648 5.611299 0.485397
v -0.242434 5.142437 0.809462
v -0.091306 5.612393 0.469135
v -0.194178 5.411535 0.720101
v -0.295368 5.154015 0.790791
v 0.366167 5.166690 0.768681
v 0.302550 5.154157 0.790799
v -0.358992 5.166555 0.768684
v -0.242391 5.419841 0.691864
v -0.310073 5.419118 0.653975
v -0.142306 5.611274 0.448241
v -0.211236 5.610204 0.400397
v 0.317259 5.419104 0.654208
v 0.249541 5.419828 0.692011
v 0.218617 5.610153 0.400685
v 0.149639 5.611221 0.448496
v -0.533939 5.146830 0.685513
v 0.541177 5.146996 0.685638
v -0.428860 5.547523 0.315736
v -0.494722 5.391574 0.528349
v 0.501975 5.391542 0.528672
v 0.436304 5.547478 0.316028
v -0.619651 5.126338 0.629209
v 0.626846 5.126509 0.629238
v -0.630723 5.312815 0.462848
v -0.612806 5.460401 0.193362
v 0.637978 5.312816 0.463044
v 0.620328 5.460345 0.193600
v -0.751469 5.042897 0.522134
v 0.884494 4.841097 0.372175
v 0.758697 5.043071 0.522526
v -0.751462 5.328949 0.132958
v -0.765734 5.205645 0.368388
v 0.773020 5.205676 0.368707
v 0.758991 5.328887 0.133261
v -0.877379 4.841028 0.371299
v 0.911901 4.698277 0.249574
v -0.888365 4.993755 0.211306
v -0.836802 5.186749 0.019539
v 0.895724 4.993769 0.211982
v 0.844376 5.186663 0.020046
v -0.904534 4.698245 0.248380
v -0.917437 4.808094 0.118976
v -0.905442 4.912635 -0.027068
v 0.924846 4.808099 0.119925
v 0.913043 4.912591 -0.026264
v -0.889866 4.549851 0.195077
v -0.902584 4.723264 -0.097482
v -0.910558 4.634728 0.063660
v 0.897087 4.549897 0.196507
v 0.918031 4.634740 0.064816
v 0.910408 4.723224 -0.096541
v -0.861770 4.433943 0.127387
v 0.869201 4.433931 0.129109
v -0.868634 4.533443 -0.138669
v -0.877262 4.478976 0.008682
v 0.884810 4.478977 0.010140
v 0.876529 4.533399 -0.137491
v -0.730555 4.176749 0.086413
v 0.738026 4.176732 0.088027
v -0.746998 4.203337 -0.028977
v -0.750079 4.239716 -0.137169
v 0.754632 4.203379 -0.027558
v 0.758016 4.239730 -0.135926
v 0.003879 3.826260 -0.070363
v -0.414714 3.910985 0.009921
v -0.653383 4.082954 -0.115374
v -0.669992 4.282617 -0.385955
v -0.599423 4.031535 0.041773
v 0.678332 4.282723 -0.384825
v 0.626615 4.075353 -0.135378
v 0.619670 4.043337 0.061521
v -0.622923 4.055983 -0.026300
v 0.630584 4.056046 -0.025243
v -0.407385 3.912383 0.119120
v 0.422379 3.910992 0.010243
v 0.416908 3.912011 0.108426
v -0.417868 3.912427 0.056483
v 0.425435 3.912478 0.056927
v -0.261250 3.863671 0.149609
v 0.238147 3.848276 0.073777
v 0.003820 3.823751 0.091725
v 0.268789 3.863639 0.149762
v -0.230531 3.848238 0.073692
v -0.240735 3.853512 0.109270
v 0.248325 3.853513 0.109385
v 0.003788 3.834394 0.186278
v 0.003808 3.828897 0.141550
v 0.249627 5.142551 0.809469
v 0.201322 5.411560 0.720130
v 0.098626 5.612368 0.469282
vt 0.297503 0.528314
vt 0.297502 0.528349
vt 0.297439 0.528463
vt 0.297496 0.528306
vt 0.297537 0.528317
vt 0.297638 0.528230
vt 0.297521 0.528373
vt 0.297472 0.528607
vt 0.297552 0.528389
vt 0.297607 0.528616
vt 0.297583 0.528389
vt 0.297702 0.528518
vt 0.297592 0.528358
vt 0.297792 0.528399
vt 0.297567 0.528329
vt 0.297777 0.528261
vt 0.297383 0.528600
vt 0.297507 0.528237
vt 0.297866 0.528038
vt 0.297469 0.528927
vt 0.297776 0.528953
vt 0.298004 0.528713
vt 0.298198 0.528454
vt 0.298183 0.528136
vt 0.296900 0.528798
vt 0.297163 0.527870
vt 0.297994 0.527457
vt 0.297210 0.529383
vt 0.297781 0.529687
vt 0.298336 0.529072
vt 0.298770 0.528406
vt 0.298662 0.527708
vt 0.293566 0.754244
vt 0.293561 0.754232
vt 0.293571 0.754234
vt 0.293571 0.754235
vt 0.293575 0.754249
vt 0.293572 0.754235
vt 0.293563 0.754224
vt 0.293569 0.754225
vt 0.293572 0.754234
vt 0.293574 0.754230
vt 0.293579 0.754237
vt 0.293580 0.754245
vt 0.293553 0.754265
vt 0.293472 0.754048
vt 0.293777 0.754383
vt 0.293506 0.753703
vt 0.293775 0.753596
vt 0.293998 0.753787
vt 0.294172 0.753995
vt 0.294129 0.754292
vt 0.293082 0.754623
vt 0.292855 0.753769
vt 0.293877 0.754974
vt 0.293137 0.753215
vt 0.293616 0.752872
vt 0.294289 0.753278
vt 0.294681 0.754018
vt 0.294531 0.754717
vt 0.286816 0.544491
vt 0.286809 0.544497
vt 0.286813 0.544488
vt 0.286829 0.544492
vt 0.286819 0.544480
vt 0.286817 0.544495
vt 0.286791 0.544592
vt 0.286821 0.544496
vt 0.286839 0.544621
vt 0.286891 0.544614
vt 0.286826 0.544496
vt 0.286828 0.544493
vt 0.286890 0.544549
vt 0.286829 0.544491
vt 0.286835 0.544483
vt 0.286661 0.544673
vt 0.286793 0.544349
vt 0.287081 0.544157
vt 0.286721 0.544941
vt 0.286956 0.544948
vt 0.287143 0.544764
vt 0.287305 0.544548
vt 0.287318 0.544278
vt 0.284841 0.740032
vt 0.284804 0.739832
vt 0.284957 0.739973
vt 0.284958 0.739973
vt 0.284929 0.740110
vt 0.284845 0.739794
vt 0.284891 0.739817
vt 0.284949 0.739865
vt 0.284991 0.739959
vt 0.284959 0.739974
vt 0.284991 0.740064
vt 0.284781 0.740019
vt 0.284678 0.739740
vt 0.285014 0.740182
vt 0.284745 0.739478
vt 0.284976 0.739483
vt 0.285142 0.739678
vt 0.285269 0.739894
vt 0.285250 0.740089
vt 0.296098 0.530986
vt 0.295591 0.529255
vt 0.291714 0.753332
vt 0.292326 0.751790
vt 0.297457 0.531295
vt 0.293712 0.751678
vt 0.299520 0.529421
vt 0.295557 0.753278
vt 0.296330 0.526696
vt 0.292235 0.755591
vt 0.298463 0.525704
vt 0.294186 0.756516
vt 0.299739 0.526451
vt 0.295440 0.755887
vt 0.300357 0.527553
vt 0.296122 0.754940
vt 0.285956 0.544936
vt 0.286295 0.544134
vt 0.284282 0.740197
vt 0.284006 0.739431
vt 0.287018 0.543562
vt 0.284935 0.740732
vt 0.286139 0.545642
vt 0.284220 0.738763
vt 0.286788 0.545798
vt 0.284845 0.738613
vt 0.287380 0.545280
vt 0.285399 0.739133
vt 0.287917 0.544546
vt 0.285867 0.739848
vt 0.287775 0.543664
vt 0.285651 0.740651
vt 0.303426 0.522796
vt 0.298221 0.518177
vt 0.293712 0.763106
vt 0.298692 0.759147
vt 0.291606 0.521899
vt 0.287473 0.759833
vt 0.290046 0.529709
vt 0.286588 0.753013
vt 0.285941 0.543130
vt 0.287719 0.542136
vt 0.285507 0.742043
vt 0.283888 0.741140
vt 0.284984 0.544707
vt 0.283069 0.739651
vt 0.285121 0.543449
vt 0.286549 0.542212
vt 0.284408 0.741980
vt 0.283147 0.740854
vt 0.284991 0.545976
vt 0.283161 0.738460
vt 0.284151 0.545273
vt 0.282336 0.739153
vt 0.286094 0.547052
vt 0.284258 0.737442
vt 0.284468 0.546388
vt 0.282695 0.738091
vt 0.287321 0.546673
vt 0.285393 0.737787
vt 0.285160 0.547659
vt 0.283407 0.736889
vt 0.288685 0.545182
vt 0.286580 0.739167
vt 0.286177 0.548559
vt 0.284414 0.736055
vt 0.288950 0.543238
vt 0.286721 0.740996
vt 0.288202 0.547620
vt 0.286249 0.736894
vt 0.290336 0.536090
vt 0.287418 0.747404
vt 0.292750 0.537203
vt 0.289137 0.541401
vt 0.287826 0.540436
vt 0.289725 0.746345
vt 0.285467 0.743575
vt 0.286779 0.742683
vt 0.290738 0.539487
vt 0.289001 0.538633
vt 0.286387 0.745175
vt 0.288063 0.744346
vt 0.290481 0.543415
vt 0.288130 0.740754
vt 0.293990 0.541277
vt 0.291208 0.742611
vt 0.300353 0.534607
vt 0.296508 0.748560
vt 0.304788 0.527982
vt 0.300188 0.754490
vt 0.303523 0.543396
vt 0.312795 0.525763
vt 0.307297 0.756638
vt 0.299948 0.740598
vt 0.297352 0.549629
vt 0.294716 0.734919
vt 0.350895 0.555661
vt 0.327815 0.544085
vt 0.331265 0.524462
vt 0.352779 0.533547
vt 0.323592 0.758668
vt 0.322415 0.740380
vt 0.344537 0.751460
vt 0.345460 0.730298
vt 0.367838 0.738941
vt 0.363457 0.721797
vt 0.368236 0.564410
vt 0.374254 0.546884
vt 0.395779 0.724259
vt 0.379620 0.715064
vt 0.383565 0.569319
vt 0.398496 0.558734
vt 0.390130 0.706311
vt 0.408312 0.708492
vt 0.408904 0.570235
vt 0.393193 0.575538
vt 0.404733 0.691392
vt 0.423210 0.699476
vt 0.421463 0.574672
vt 0.406477 0.585158
vt 0.201664 0.653098
vt 0.166439 0.659987
vt 0.165125 0.638049
vt 0.202308 0.639610
vt 0.204742 0.665618
vt 0.171076 0.679167
vt 0.165403 0.627853
vt 0.202018 0.630517
vt 0.205901 0.673946
vt 0.173155 0.685932
vt 0.835386 0.768727
vt 0.815949 0.725531
vt 0.830954 0.716950
vt 0.853291 0.758584
vt 0.815919 0.775400
vt 0.799576 0.731069
vt 0.836572 0.713010
vt 0.859853 0.752401
vt 0.806939 0.776210
vt 0.792900 0.732659
vt 0.798252 0.686198
vt 0.814885 0.677852
vt 0.780974 0.693109
vt 0.820756 0.674283
vt 0.774409 0.695136
vt 0.782017 0.650113
vt 0.798330 0.640823
vt 0.764244 0.656159
vt 0.805896 0.637143
vt 0.756472 0.659381
vt 0.764862 0.611987
vt 0.782390 0.602500
vt 0.746137 0.618811
vt 0.789530 0.599331
vt 0.739029 0.622052
vt 0.754942 0.589939
vt 0.773888 0.581277
vt 0.735894 0.598372
vt 0.781997 0.576532
vt 0.726964 0.601293
vt 0.741030 0.559019
vt 0.763243 0.548850
vt 0.718687 0.568897
vt 0.772570 0.543325
vt 0.708366 0.572212
vt 0.729985 0.534470
vt 0.754265 0.523632
vt 0.705770 0.545451
vt 0.765487 0.520383
vt 0.695896 0.551694
vt 0.717786 0.507355
vt 0.746210 0.497550
vt 0.691594 0.522123
vt 0.758247 0.495281
vt 0.681913 0.529626
vt 0.712139 0.494805
vt 0.739736 0.488374
vt 0.689022 0.511191
vt 0.683181 0.495540
vt 0.705722 0.480541
vt 0.756840 0.486379
vt 0.676185 0.522668
vt 0.731898 0.473621
vt 0.752694 0.472418
vt 0.668486 0.510304
vt 0.451029 0.634796
vt 0.425039 0.633798
vt 0.430470 0.611046
vt 0.449446 0.612617
vt 0.451031 0.655088
vt 0.430555 0.657758
vt 0.446087 0.596708
vt 0.427210 0.599869
vt 0.427139 0.587449
vt 0.442711 0.584393
vt 0.447892 0.680790
vt 0.428848 0.683172
vt 0.427506 0.669969
vt 0.449251 0.670027
vt 0.407742 0.595935
vt 0.401711 0.631326
vt 0.406968 0.613784
vt 0.405201 0.677777
vt 0.404938 0.653249
vt 0.407997 0.603967
vt 0.405220 0.666786
vt 0.383618 0.608838
vt 0.380543 0.600620
vt 0.383285 0.627176
vt 0.384324 0.619234
vt 0.370682 0.678975
vt 0.377866 0.656494
vt 0.382845 0.637457
vt 0.434798 0.567245
vt 0.441969 0.699849
vt 0.769208 0.474785
vt 0.769259 0.485966
vt 0.667638 0.531688
vt 0.659304 0.524232
vt 0.769548 0.494472
vt 0.673811 0.537546
vt 0.776588 0.515351
vt 0.684766 0.556664
vt 0.783008 0.539245
vt 0.698389 0.577317
vt 0.789412 0.571144
vt 0.718013 0.603268
vt 0.796478 0.595959
vt 0.731897 0.625015
vt 0.814095 0.633869
vt 0.748582 0.663345
vt 0.828187 0.670314
vt 0.766510 0.698065
vt 0.844483 0.707582
vt 0.783591 0.734979
vt 0.869726 0.744048
vt 0.794139 0.778058
vt 0.167229 0.614017
vt 0.203875 0.614794
vt 0.209681 0.687395
vt 0.177034 0.695798
vt 0.426238 0.723256
vt 0.424185 0.555653
vt 0.659696 0.561030
vt 0.652658 0.551440
vt 0.642049 0.547038
vt 0.793976 0.487857
vt 0.796484 0.499486
vt 0.797719 0.476998
vt 0.213036 0.703113
vt 0.192439 0.720272
vt 0.177553 0.584169
vt 0.205232 0.596608
vt 0.763259 0.783883
vt 0.759461 0.742625
vt 0.866210 0.694595
vt 0.894566 0.724801
vt 0.749754 0.704106
vt 0.843822 0.661782
vt 0.734757 0.669340
vt 0.827752 0.627499
vt 0.714418 0.633476
vt 0.814404 0.588490
vt 0.698714 0.614639
vt 0.810722 0.564243
vt 0.678107 0.590615
vt 0.806413 0.532887
vt 0.667622 0.573138
vt 0.800287 0.513448
vt 0.409248 0.540827
vt 0.403775 0.745781
vt 0.832960 0.472404
vt 0.830969 0.484853
vt 0.625872 0.577131
vt 0.615236 0.570364
vt 0.829162 0.501575
vt 0.639585 0.586871
vt 0.827008 0.513932
vt 0.650261 0.593456
vt 0.826459 0.529665
vt 0.662399 0.603480
vt 0.829492 0.558902
vt 0.682267 0.625142
vt 0.835730 0.583519
vt 0.696552 0.646139
vt 0.847868 0.620516
vt 0.716188 0.679762
vt 0.863695 0.648233
vt 0.726433 0.709991
vt 0.884993 0.670154
vt 0.728711 0.740470
vt 0.919317 0.693409
vt 0.723350 0.781576
vt 0.200934 0.547580
vt 0.220778 0.563466
vt 0.228811 0.728530
vt 0.214429 0.744126
vt 0.281714 0.540468
vt 0.283943 0.538296
vt 0.282778 0.542391
vt 0.281688 0.745573
vt 0.279790 0.743628
vt 0.280909 0.741867
vt 0.280713 0.544500
vt 0.279122 0.739957
vt 0.280946 0.546800
vt 0.282772 0.547365
vt 0.279491 0.737840
vt 0.281175 0.737231
vt 0.251581 0.730392
vt 0.239770 0.744323
vt 0.241362 0.711378
vt 0.236606 0.580569
vt 0.234007 0.541888
vt 0.248582 0.556816
vt 0.249726 0.581421
vt 0.262438 0.561155
vt 0.263648 0.725636
vt 0.252839 0.708614
vt 0.222318 0.603512
vt 0.227457 0.693519
vt 0.235245 0.604004
vt 0.239161 0.690365
vt 0.221013 0.617059
vt 0.225038 0.681398
vt 0.230409 0.616558
vt 0.233873 0.679658
vt 0.216290 0.633699
vt 0.218741 0.666986
vt 0.224944 0.631303
vt 0.227184 0.666806
vt 0.215936 0.640105
vt 0.233135 0.639446
vt 0.227977 0.637717
vt 0.230489 0.632506
vt 0.233941 0.635562
vt 0.212683 0.651202
vt 0.217530 0.660934
vt 0.235465 0.660415
vt 0.232383 0.664188
vt 0.229391 0.659737
vt 0.234252 0.656762
vt 0.220973 0.638328
vt 0.222574 0.661141
vt 0.229791 0.648608
vt 0.224976 0.649282
vt 0.217425 0.650412
vt 0.282270 0.550245
vt 0.283742 0.552157
vt 0.273744 0.552907
vt 0.280861 0.734575
vt 0.282332 0.732805
vt 0.273333 0.732480
vt 0.279731 0.747840
vt 0.268203 0.738312
vt 0.282082 0.535780
vt 0.268481 0.546467
vt 0.277827 0.753016
vt 0.280885 0.529788
vt 0.277205 0.762068
vt 0.255819 0.749873
vt 0.282611 0.519608
vt 0.256254 0.531672
vt 0.229724 0.756554
vt 0.220492 0.528514
vt 0.383664 0.523397
vt 0.370801 0.764600
vt 0.851354 0.533079
vt 0.853598 0.556408
vt 0.664412 0.641528
vt 0.648442 0.624376
vt 0.854018 0.523472
vt 0.639486 0.619996
vt 0.857859 0.512783
vt 0.628938 0.615780
vt 0.863927 0.498580
vt 0.868948 0.482321
vt 0.614284 0.610902
vt 0.598786 0.603875
vt 0.873880 0.544638
vt 0.642151 0.648900
vt 0.355365 0.510631
vt 0.342693 0.773348
vt 0.858317 0.583471
vt 0.889593 0.576205
vt 0.681535 0.663010
vt 0.655352 0.681597
vt 0.887255 0.532706
vt 0.624351 0.650995
vt 0.906341 0.509930
vt 0.896548 0.523789
vt 0.611514 0.652036
vt 0.594646 0.650173
vt 0.901269 0.651801
vt 0.928897 0.670038
vt 0.699505 0.773244
vt 0.704181 0.740476
vt 0.288629 0.502859
vt 0.285197 0.776034
vt 0.926581 0.540314
vt 0.914488 0.551771
vt 0.620556 0.684021
vt 0.603961 0.685473
vt 0.905258 0.561907
vt 0.634262 0.683837
vt 0.878427 0.633545
vt 0.705670 0.711273
vt 0.657251 0.731173
vt 0.651373 0.716260
vt 0.676307 0.720122
vt 0.678315 0.733378
vt 0.308492 0.502983
vt 0.302474 0.776594
vt 0.242656 0.514999
vt 0.904526 0.617439
vt 0.913115 0.627735
vt 0.918174 0.596217
vt 0.925437 0.610506
vt 0.247422 0.766282
vt 0.936877 0.609008
vt 0.950122 0.606626
vt 0.938313 0.647507
vt 0.933445 0.592204
vt 0.946635 0.588080
vt 0.676397 0.765350
vt 0.637974 0.747077
vt 0.648540 0.738739
vt 0.638242 0.725025
vt 0.626408 0.732163
vt 0.866780 0.611291
vt 0.696742 0.687796
vt 0.894674 0.594293
vt 0.665518 0.697397
vt 0.926382 0.573631
vt 0.913466 0.582053
vt 0.643895 0.703341
vt 0.629027 0.707422
vt 0.329537 0.504979
vt 0.939316 0.566629
vt 0.320321 0.775958
vt 0.615207 0.712458
vt 0.286306 0.552897
vt 0.284755 0.732063
vt 0.239199 0.618559
vt 0.242180 0.675771
vt 0.248549 0.602262
vt 0.251798 0.689372
vt 0.259913 0.587348
vt 0.262329 0.701848
vt 0.270146 0.569630
vt 0.270895 0.717509
vt 0.280417 0.557224
vt 0.279563 0.728273
vt 0.239536 0.628001
vt 0.241752 0.666588
vt 0.241558 0.636962
vt 0.241170 0.636590
vt 0.242022 0.636705
vt 0.243253 0.657610
vt 0.242463 0.657824
vt 0.242781 0.657460
vt 0.241387 0.637685
vt 0.242559 0.656801
vt 0.240467 0.639135
vt 0.241271 0.633682
vt 0.242884 0.660617
vt 0.241454 0.655514
vt 0.241753 0.637880
vt 0.242874 0.656519
vt 0.236889 0.647744
vt 0.240165 0.641440
vt 0.240903 0.653316
vt 0.239662 0.647457
vt 0.240397 0.644912
vt 0.240726 0.649865
vt 0.240644 0.647371
vt 0.241101 0.646576
vt 0.241232 0.648075
vt 0.242026 0.647246
vt 0.242053 0.650101
vt 0.241701 0.644423
vt 0.242452 0.653459
vt 0.241720 0.640988
vt 0.242476 0.647222
vt 0.243024 0.655404
vt 0.242058 0.638947
vt 0.243958 0.647113
vt 0.245007 0.660117
vt 0.243471 0.633798
vt 0.246869 0.666347
vt 0.244567 0.627107
vt 0.247304 0.646753
vt 0.250152 0.658190
vt 0.248738 0.634713
vt 0.253538 0.661280
vt 0.251656 0.630796
vt 0.253706 0.646019
vt 0.282543 0.724191
vt 0.283349 0.561619
vt 0.304067 0.729518
vt 0.307112 0.555488
vt 0.288767 0.733374
vt 0.291256 0.726463
vt 0.290758 0.551371
vt 0.293032 0.558853
vt 0.275471 0.712458
vt 0.274736 0.574836
vt 0.324524 0.718112
vt 0.327921 0.568184
vt 0.267874 0.698568
vt 0.265521 0.590131
vt 0.293094 0.717856
vt 0.294243 0.568185
vt 0.261436 0.688125
vt 0.258225 0.601721
vt 0.255635 0.673989
vt 0.252506 0.617414
vt 0.276378 0.685094
vt 0.276625 0.674265
vt 0.271151 0.613112
vt 0.272730 0.602814
vt 0.258908 0.664425
vt 0.256397 0.626471
vt 0.264947 0.666694
vt 0.261755 0.623093
vt 0.258246 0.645486
vt 0.263044 0.628570
vt 0.265529 0.661100
vt 0.265083 0.644758
vt 0.295288 0.583288
vt 0.295555 0.703660
vt 0.333375 0.579244
vt 0.330625 0.707843
vt 0.354965 0.583044
vt 0.350911 0.705286
vt 0.349946 0.589845
vt 0.348211 0.697680
vt 0.367309 0.586227
vt 0.376570 0.585121
vt 0.362470 0.701642
vt 0.371791 0.700140
vt 0.376937 0.591862
vt 0.365410 0.596777
vt 0.371382 0.692709
vt 0.359458 0.695753
vt 0.293571 0.754234
vt 0.293572 0.754234
vt 0.293572 0.754235
vt 0.293572 0.754235
vt 0.286816 0.544491
vt 0.284958 0.739973
vt 0.284957 0.739973
vt 0.284958 0.739973
vt 0.284958 0.739973
vt 0.284959 0.739974
vt 0.237463 0.447696
vt 0.225127 0.461935
vt 0.207347 0.449287
vt 0.216902 0.432079
vt 0.187212 0.440879
vt 0.192777 0.422880
vt 0.198808 0.464668
vt 0.191122 0.478510
vt 0.178134 0.472288
vt 0.181785 0.459622
vt 0.212089 0.476451
vt 0.203269 0.486249
vt 0.223585 0.486110
vt 0.214085 0.495475
vt 0.164585 0.467988
vt 0.167508 0.454971
vt 0.230187 0.408159
vt 0.203676 0.394560
vt 0.255741 0.423476
vt 0.247003 0.377883
vt 0.218461 0.361389
vt 0.276090 0.393397
vt 0.187623 0.385590
vt 0.200117 0.351706
vt 0.294005 0.403853
vt 0.271839 0.432363
vt 0.174356 0.378433
vt 0.186552 0.336757
vt 0.313865 0.407469
vt 0.284926 0.439843
vt 0.383057 0.097956
vt 0.365423 0.121501
vt 0.340346 0.115649
vt 0.353412 0.080435
vt 0.443321 0.130379
vt 0.420326 0.160078
vt 0.402108 0.141880
vt 0.412781 0.114468
vt 0.300944 0.101335
vt 0.316421 0.064906
vt 0.357239 0.036300
vt 0.358288 0.050144
vt 0.328158 0.040419
vt 0.335221 0.029226
vt 0.476049 0.153578
vt 0.453299 0.185967
vt 0.496409 0.118765
vt 0.490637 0.130676
vt 0.466461 0.110233
vt 0.478769 0.103809
vt 0.355442 0.065057
vt 0.322487 0.052948
vt 0.482996 0.142109
vt 0.455304 0.120530
vt 0.397345 0.107246
vt 0.384674 0.130055
vt 0.407259 0.089399
vt 0.421131 0.097867
vt 0.392739 0.082097
vt 0.236229 0.473060
vt 0.171898 0.437337
vt 0.252643 0.458268
vt 0.175778 0.415581
vt 0.948695 0.209128
vt 0.936291 0.215948
vt 0.928057 0.203918
vt 0.941321 0.196758
vt 0.922519 0.190433
vt 0.935027 0.183806
vt 0.911331 0.212946
vt 0.900746 0.218659
vt 0.890180 0.201310
vt 0.903579 0.197103
vt 0.920320 0.228120
vt 0.909449 0.237013
vt 0.862148 0.239491
vt 0.855312 0.216408
vt 0.877692 0.257873
vt 0.275875 0.462750
vt 0.159692 0.398225
vt 0.431804 0.101851
vt 0.383719 0.075137
vt 0.446031 0.094543
vt 0.382405 0.059198
vt 0.472900 0.086009
vt 0.375452 0.031877
vt 0.497367 0.364784
vt 0.482154 0.376057
vt 0.476526 0.358527
vt 0.489366 0.356965
vt 0.502209 0.094329
vt 0.492676 0.083158
vt 0.367424 0.013581
vt 0.352902 0.011390
vt 0.508341 0.102004
vt 0.343146 0.010240
vt 0.516987 0.115003
vt 0.518447 0.132042
vt 0.312304 0.017531
vt 0.327542 0.009766
vt 0.516839 0.151929
vt 0.296269 0.029403
vt 0.513265 0.166463
vt 0.285818 0.040118
vt 0.508816 0.181109
vt 0.485573 0.222480
vt 0.252890 0.093227
vt 0.275734 0.051633
vt 0.566646 0.498361
vt 0.554744 0.510719
vt 0.550999 0.496510
vt 0.559352 0.486634
vt 0.573982 0.505207
vt 0.563109 0.515126
vt 0.466704 0.347597
vt 0.483567 0.344431
vt 0.467611 0.338185
vt 0.481871 0.334542
vt 0.539434 0.482185
vt 0.557206 0.475655
vt 0.581877 0.505213
vt 0.578270 0.514684
vt 0.476303 0.325755
vt 0.486199 0.327939
vt 0.593267 0.503758
vt 0.594606 0.513514
vt 0.486246 0.312742
vt 0.493666 0.319216
vt 0.574119 0.491196
vt 0.493659 0.342117
vt 0.535098 0.457094
vt 0.560725 0.461562
vt 0.582389 0.483843
vt 0.511078 0.369577
vt 0.500750 0.393452
vt 0.504345 0.339239
vt 0.609485 0.498427
vt 0.612575 0.507874
vt 0.500824 0.300818
vt 0.507024 0.308586
vt 0.591016 0.474644
vt 0.516769 0.337076
vt 0.571765 0.280202
vt 0.531818 0.297463
vt 0.524561 0.283949
vt 0.563838 0.261807
vt 0.623897 0.491317
vt 0.626030 0.503143
vt 0.639704 0.497288
vt 0.632390 0.483806
vt 0.512163 0.292167
vt 0.520877 0.300440
vt 0.602360 0.467250
vt 0.529176 0.331652
vt 0.564715 0.445486
vt 0.532712 0.443228
vt 0.511032 0.403055
vt 0.526707 0.375064
vt 0.589028 0.439114
vt 0.545379 0.358239
vt 0.538163 0.431156
vt 0.564651 0.422913
vt 0.537389 0.414767
vt 0.558187 0.403542
vt 0.545542 0.387508
vt 0.524114 0.405124
vt 0.580434 0.415189
vt 0.603215 0.435089
vt 0.591702 0.406816
vt 0.560665 0.378550
vt 0.573848 0.373726
vt 0.556528 0.348587
vt 0.614367 0.373222
vt 0.584395 0.389397
vt 0.602100 0.357161
vt 0.621060 0.392291
vt 0.573423 0.395316
vt 0.613802 0.462403
vt 0.539507 0.324747
vt 0.632417 0.424296
vt 0.679769 0.476608
vt 0.668743 0.459886
vt 0.581579 0.330101
vt 0.575922 0.304465
vt 0.650743 0.443095
vt 0.380048 0.194350
vt 0.356678 0.180453
vt 0.332530 0.167955
vt 0.362377 0.233884
vt 0.336042 0.217600
vt 0.308303 0.203847
vt 0.400290 0.206385
vt 0.311617 0.157128
vt 0.385224 0.241923
vt 0.289405 0.188697
vt 0.435051 0.221686
vt 0.280259 0.135701
vt 0.419034 0.252782
vt 0.262321 0.165730
vt 0.468102 0.248023
vt 0.240435 0.121556
vt 0.450167 0.276386
vt 0.225831 0.151770
vt 0.705337 0.461141
vt 0.693396 0.441135
vt 0.600970 0.269886
vt 0.590801 0.248924
vt 0.731698 0.442382
vt 0.721155 0.423227
vt 0.631175 0.256510
vt 0.620950 0.237184
vt 0.688208 0.420590
vt 0.615297 0.285500
vt 0.713475 0.406920
vt 0.640592 0.271880
vt 0.685808 0.401438
vt 0.629989 0.298016
vt 0.707904 0.391269
vt 0.650618 0.285127
vt 0.676767 0.364485
vt 0.666140 0.345566
vt 0.655918 0.325854
vt 0.698339 0.353149
vt 0.677235 0.314044
vt 0.691752 0.331456
vt 0.302651 0.350299
vt 0.271925 0.333021
vt 0.342992 0.271816
vt 0.313229 0.258669
vt 0.241019 0.316066
vt 0.286340 0.240347
vt 0.321469 0.312626
vt 0.291809 0.297227
vt 0.263063 0.280185
vt 0.321342 0.362616
vt 0.364461 0.282110
vt 0.220685 0.306708
vt 0.266257 0.227560
vt 0.339627 0.323955
vt 0.243850 0.270755
vt 0.346404 0.367449
vt 0.396098 0.292253
vt 0.203342 0.287986
vt 0.240928 0.206059
vt 0.367137 0.335537
vt 0.219482 0.253520
vt 0.425835 0.312583
vt 0.207955 0.191554
vt 0.398019 0.350410
vt 0.190538 0.235160
vt 0.808904 0.403184
vt 0.767076 0.419640
vt 0.756889 0.401493
vt 0.800013 0.379887
vt 0.710685 0.214377
vt 0.668956 0.238567
vt 0.659378 0.220092
vt 0.696092 0.194159
vt 0.749763 0.384878
vt 0.678934 0.253643
vt 0.793633 0.365156
vt 0.719498 0.227796
vt 0.743510 0.370769
vt 0.708161 0.295885
vt 0.687297 0.266614
vt 0.785011 0.350331
vt 0.727158 0.243140
vt 0.730493 0.337263
vt 0.722642 0.314785
vt 0.774067 0.318855
vt 0.747464 0.269563
vt 0.760977 0.294095
vt 0.852248 0.276154
vt 0.836584 0.253288
vt 0.826067 0.227644
vt 0.857638 0.191753
vt 0.882821 0.188491
vt 0.831063 0.190504
vt 0.899578 0.269461
vt 0.886037 0.292360
vt 0.860130 0.180741
vt 0.834510 0.178397
vt 0.898049 0.296124
vt 0.910152 0.273421
vt 0.157018 0.422527
vt 0.145848 0.408772
vt 0.916126 0.250199
vt 0.274240 0.480077
vt 0.256664 0.477863
vt 0.882250 0.180531
vt 0.881864 0.173390
vt 0.863779 0.170375
vt 0.922467 0.255045
vt 0.920819 0.276060
vt 0.928224 0.259287
vt 0.158188 0.434947
vt 0.897210 0.178435
vt 0.896944 0.186234
vt 0.245507 0.483434
vt 0.233907 0.496852
vt 0.925764 0.239631
vt 0.932430 0.243689
vt 0.894709 0.171642
vt 0.936735 0.249509
vt 0.152933 0.451891
vt 0.916814 0.178845
vt 0.942847 0.227077
vt 0.915468 0.172401
vt 0.912003 0.164449
vt 0.952240 0.239001
vt 0.947495 0.231740
vt 0.930288 0.172243
vt 0.927837 0.166496
vt 0.149745 0.464602
vt 0.924199 0.158992
vt 0.955767 0.219435
vt 0.959221 0.224642
vt 0.224806 0.506279
vt 0.963497 0.231803
vt 0.177543 0.268649
vt 0.744176 0.193889
vt 0.722196 0.173993
vt 0.376458 0.379137
vt 0.840088 0.392432
vt 0.835521 0.363138
vt 0.758149 0.184475
vt 0.736511 0.171179
vt 0.850298 0.382010
vt 0.851059 0.356625
vt 0.752741 0.205948
vt 0.830142 0.349358
vt 0.827562 0.334361
vt 0.766427 0.192345
vt 0.849025 0.345384
vt 0.781785 0.250032
vt 0.763861 0.216335
vt 0.797644 0.200558
vt 0.790864 0.182900
vt 0.870329 0.330137
vt 0.859291 0.314779
vt 0.777312 0.208651
vt 0.841367 0.327333
vt 0.810267 0.233697
vt 0.809231 0.300884
vt 0.791778 0.277471
vt 0.838517 0.286040
vt 0.795411 0.241486
vt 0.823853 0.294183
vt 0.822489 0.260895
vt 0.809316 0.268005
vt 0.751169 0.050819
vt 0.726818 0.055529
vt 0.717333 0.038694
vt 0.739722 0.031829
vt 0.968556 0.455821
vt 0.950512 0.470740
vt 0.941651 0.453577
vt 0.958964 0.435818
vt 0.764996 0.073878
vt 0.734534 0.074469
vt 0.930057 0.436735
vt 0.947274 0.411599
vt 0.780695 0.102464
vt 0.751319 0.103823
vt 0.914731 0.406594
vt 0.931989 0.382783
vt 0.045400 0.280875
vt 0.031319 0.288177
vt 0.019853 0.267417
vt 0.034327 0.264925
vt 0.455085 0.498832
vt 0.460587 0.512443
vt 0.436986 0.513645
vt 0.435750 0.497827
vt 0.068694 0.299952
vt 0.050597 0.308659
vt 0.409470 0.508074
vt 0.407310 0.488102
vt 0.088646 0.320301
vt 0.072513 0.331990
vt 0.378123 0.501781
vt 0.379527 0.481904
vt 0.097643 0.308427
vt 0.079879 0.291537
vt 0.408565 0.474157
vt 0.384863 0.467990
vt 0.058136 0.272732
vt 0.435968 0.482705
vt 0.045944 0.259038
vt 0.453986 0.485854
vt 0.068880 0.259770
vt 0.057179 0.248133
vt 0.457404 0.470558
vt 0.441359 0.466741
vt 0.074742 0.245326
vt 0.063031 0.235647
vt 0.465000 0.459027
vt 0.450591 0.454158
vt 0.089823 0.277013
vt 0.415676 0.458042
vt 0.097341 0.267758
vt 0.419591 0.446775
vt 0.106915 0.294692
vt 0.113923 0.284543
vt 0.391642 0.452860
vt 0.396574 0.441551
vt 0.730032 0.168192
vt 0.849239 0.389065
vt 0.796782 0.120912
vt 0.766721 0.128497
vt 0.902556 0.380178
vt 0.925394 0.359212
vt 0.812560 0.133280
vt 0.773702 0.138514
vt 0.898013 0.368845
vt 0.923716 0.339235
vt 0.105865 0.335505
vt 0.091695 0.346718
vt 0.355503 0.493271
vt 0.357539 0.475314
vt 0.119687 0.349813
vt 0.106671 0.359363
vt 0.336866 0.487234
vt 0.338098 0.471136
vt 0.115051 0.325681
vt 0.361030 0.462323
vt 0.129489 0.340169
vt 0.341110 0.457718
vt 0.124346 0.309010
vt 0.370283 0.445623
vt 0.135623 0.315540
vt 0.358783 0.439497
vt 0.127556 0.296265
vt 0.379416 0.436165
vt 0.135049 0.301680
vt 0.370860 0.432664
vt 0.345155 0.432413
vt 0.362132 0.428267
vt 0.143394 0.306768
vt 0.148840 0.323370
vt 0.320123 0.453979
vt 0.143754 0.356017
vt 0.315573 0.469149
vt 0.133279 0.367895
vt 0.118896 0.373667
vt 0.318270 0.484410
vt 0.827442 0.145235
vt 0.781726 0.149031
vt 0.893625 0.356365
vt 0.921891 0.320233
vt 0.756884 0.146220
vt 0.750623 0.139308
vt 0.884687 0.387702
vt 0.882342 0.378674
vt 0.743229 0.129526
vt 0.888804 0.399251
vt 0.733838 0.112765
vt 0.897662 0.416300
vt 0.713244 0.074234
vt 0.918563 0.454661
vt 0.706452 0.060360
vt 0.926428 0.467953
vt 0.697841 0.040193
vt 0.938552 0.486222
vt 0.480504 0.485317
vt 0.481557 0.496469
vt 0.032502 0.236092
vt 0.037967 0.227906
vt 0.066638 0.207804
vt 0.065912 0.218114
vt 0.046026 0.206879
vt 0.045196 0.200532
vt 0.073823 0.202180
vt 0.047398 0.191564
vt 0.504364 0.455933
vt 0.498503 0.458525
vt 0.478461 0.447409
vt 0.486879 0.441401
vt 0.510859 0.449370
vt 0.487885 0.432325
vt 0.080312 0.231697
vt 0.459284 0.442266
vt 0.425665 0.430875
vt 0.090574 0.212767
vt 0.082571 0.218418
vt 0.469416 0.433374
vt 0.469998 0.423590
vt 0.107664 0.254225
vt 0.112446 0.244108
vt 0.123451 0.236410
vt 0.431752 0.421481
vt 0.432482 0.408067
vt 0.123469 0.268400
vt 0.405263 0.424927
vt 0.128630 0.261418
vt 0.141437 0.253713
vt 0.408474 0.416859
vt 0.408251 0.401914
vt 0.136222 0.274776
vt 0.133075 0.281635
vt 0.388937 0.423755
vt 0.393105 0.417461
vt 0.140600 0.269798
vt 0.395023 0.411116
vt 0.157707 0.265685
vt 0.150525 0.285186
vt 0.143294 0.293786
vt 0.376700 0.410814
vt 0.389469 0.394415
vt 0.373214 0.421494
vt 0.146169 0.289231
vt 0.375565 0.416648
vt 0.167462 0.271401
vt 0.161457 0.300057
vt 0.152237 0.303503
vt 0.358289 0.409387
vt 0.379452 0.389150
vt 0.360234 0.419035
vt 0.155848 0.302145
vt 0.359480 0.415252
vt 0.168105 0.319733
vt 0.158029 0.321519
vt 0.338067 0.414136
vt 0.341873 0.423634
vt 0.161817 0.320629
vt 0.340627 0.419948
vt 0.159242 0.366301
vt 0.151404 0.362077
vt 0.303210 0.446263
vt 0.310937 0.450685
vt 0.154684 0.363975
vt 0.307593 0.448904
vt 0.143227 0.381428
vt 0.137131 0.375041
vt 0.298832 0.467851
vt 0.308774 0.484753
vt 0.307473 0.469652
vt 0.139545 0.377897
vt 0.303774 0.469112
vt 0.129807 0.391238
vt 0.841257 0.161337
vt 0.123623 0.381914
vt 0.297596 0.484429
vt 0.916014 0.299847
vt 0.126339 0.386513
vt 0.303437 0.484877
vt 0.785142 0.170414
vt 0.833466 0.152814
vt 0.785659 0.159549
vt 0.877624 0.341773
vt 0.875344 0.377632
vt 0.886991 0.347305
vt 0.918862 0.311037
vt 0.836901 0.157094
vt 0.785584 0.164222
vt 0.883042 0.344803
vt 0.917168 0.305817
vt 0.750526 0.159451
vt 0.753914 0.152642
vt 0.867793 0.376729
vt 0.752527 0.155964
vt 0.871806 0.376970
vt 0.739902 0.148929
vt 0.728384 0.157614
vt 0.718168 0.139505
vt 0.730531 0.140941
vt 0.745643 0.144840
vt 0.870759 0.391385
vt 0.857178 0.396247
vt 0.877329 0.388829
vt 0.742886 0.146916
vt 0.874080 0.389995
vt 0.737120 0.135280
vt 0.872292 0.403603
vt 0.866707 0.414726
vt 0.880642 0.401201
vt 0.734022 0.138868
vt 0.875942 0.401821
vt 0.708290 0.116587
vt 0.721145 0.116131
vt 0.728390 0.113506
vt 0.887879 0.425064
vt 0.880441 0.435561
vt 0.894051 0.420447
vt 0.724925 0.114826
vt 0.891045 0.422620
vt 0.691959 0.080944
vt 0.703557 0.077949
vt 0.709078 0.075000
vt 0.910139 0.460722
vt 0.901268 0.468777
vt 0.915636 0.457723
vt 0.706179 0.076326
vt 0.912936 0.459419
vt 0.684101 0.064548
vt 0.693443 0.063808
vt 0.700751 0.061327
vt 0.916408 0.476939
vt 0.910667 0.484345
vt 0.922492 0.472190
vt 0.697213 0.062375
vt 0.919674 0.474572
vt 0.674675 0.039519
vt 0.685640 0.040859
vt 0.693742 0.040667
vt 0.931313 0.496058
vt 0.926419 0.505943
vt 0.935909 0.489391
vt 0.689539 0.040545
vt 0.933709 0.492973
vt 0.041450 0.216789
vt 0.030176 0.203685
vt 0.492411 0.467581
vt 0.509543 0.470452
vt 0.695735 0.021968
vt 0.709080 0.020290
vt 0.719284 0.013941
vt 0.011680 0.240197
vt 0.022383 0.241085
vt 0.020469 0.226474
vt 0.972264 0.482737
vt 0.961352 0.487733
vt 0.487760 0.505128
vt 0.704066 0.009767
vt 0.009766 0.223324
vt 0.023056 0.213785
vt 0.688638 0.011896
vt 0.013760 0.206764
vt 0.691599 0.021646
vt 0.026333 0.206596
vt 0.950621 0.501606
vt 0.948795 0.503826
vt 0.683009 0.014650
vt 0.018109 0.201281
vt 0.688730 0.022034
vt 0.685988 0.022368
vt 0.028174 0.204952
vt 0.509399 0.472824
vt 0.675378 0.021567
vt 0.027808 0.194722
vt 0.681186 0.015927
vt 0.019843 0.199474
vt 0.518423 0.467768
vt 0.952627 0.497989
vt 0.484677 0.476306
vt 0.967172 0.497595
vt 0.964609 0.502288
vt 0.494717 0.493852
vt 0.503056 0.498121
vt 0.957176 0.509467
vt 0.499598 0.487834
vt 0.507841 0.494583
vt 0.504553 0.481805
vt 0.515312 0.486229
vt 0.508671 0.476707
vt 0.517891 0.479737
vt 0.951663 0.512666
vt 0.947002 0.505916
vt 0.941761 0.515171
vt 0.946557 0.514955
vt 0.518501 0.473444
vt 0.081916 0.021796
vt 0.084479 0.025090
vt 0.080941 0.028810
vt 0.076564 0.026301
vt 0.042721 0.060080
vt 0.040211 0.055704
vt 0.043933 0.052165
vt 0.047229 0.054725
vt 0.035513 0.023434
vt 0.029585 0.023797
vt 0.027603 0.018448
vt 0.035580 0.017068
vt 0.119572 0.033436
vt 0.118195 0.041412
vt 0.112845 0.039434
vt 0.113206 0.033505
vt 0.126874 0.033330
vt 0.126255 0.043285
vt 0.122289 0.042382
vt 0.124000 0.033394
vt 0.035620 0.012640
vt 0.026632 0.014353
vt 0.025727 0.010388
vt 0.035683 0.009766
vt 0.115368 0.047415
vt 0.109723 0.043835
vt 0.120777 0.052143
vt 0.117998 0.049773
vt 0.025185 0.026920
vt 0.021601 0.021276
vt 0.019242 0.018648
vt 0.016871 0.015870
vt 0.080832 0.033914
vt 0.076782 0.033539
vt 0.035478 0.059863
vt 0.035106 0.055815
vt 0.080860 0.018476
vt 0.073750 0.024835
vt 0.072700 0.034326
vt 0.079132 0.015381
vt 0.069168 0.022458
vt 0.069169 0.034955
vt 0.044188 0.062893
vt 0.050550 0.055778
vt 0.034690 0.063944
vt 0.046567 0.067474
vt 0.053647 0.057504
vt 0.034061 0.067473
vt 0.074866 0.041336
vt 0.071021 0.042990
vt 0.082332 0.047972
vt 0.079816 0.051584
vt 0.077780 0.040375
vt 0.027671 0.061776
vt 0.028635 0.058864
vt 0.085005 0.046040
vt 0.082809 0.039765
vt 0.029257 0.053836
vt 0.087272 0.043888
vt 0.022995 0.051633
vt 0.025148 0.049368
vt 0.090321 0.041606
vt 0.086808 0.039410
vt 0.029619 0.049836
vt 0.027429 0.046321
vt 0.084972 0.035026
vt 0.033998 0.051673
vt 0.091247 0.037222
vt 0.031808 0.045396
vt 0.084217 0.031572
vt 0.037450 0.052430
vt 0.091772 0.033370
vt 0.035658 0.044871
vt 0.086725 0.027912
vt 0.041108 0.049923
vt 0.093118 0.028915
vt 0.040111 0.043523
vt 0.094793 0.024968
vt 0.089289 0.024848
vt 0.044165 0.047362
vt 0.044065 0.041843
vt 0.088606 0.020803
vt 0.048227 0.048027
vt 0.052477 0.048443
vt 0.095352 0.020717
vt 0.048300 0.041291
vt 0.088193 0.016549
vt 0.096148 0.016991
vt 0.052028 0.040491
vt 0.087728 0.013418
vt 0.055608 0.048906
vt 0.096915 0.013465
vt 0.055554 0.039720
vt 0.097516 0.009767
vt 0.087186 0.010099
vt 0.058928 0.049445
vt 0.059253 0.039117
vt 0.113291 0.057718
vt 0.110745 0.054955
vt 0.090890 0.054707
vt 0.090406 0.058120
vt 0.014062 0.025904
vt 0.011298 0.023359
vt 0.101480 0.059254
vt 0.099582 0.054695
vt 0.014324 0.037067
vt 0.009766 0.035171
vt 0.091854 0.051380
vt 0.108401 0.052633
vt 0.098544 0.052025
vt 0.016997 0.038102
vt 0.016386 0.028246
vt 0.092329 0.048578
vt 0.104748 0.048055
vt 0.021129 0.044268
vt 0.025610 0.043252
vt 0.017212 0.045021
vt 0.020967 0.031896
vt 0.098395 0.048088
vt 0.020941 0.038246
vt 0.093374 0.044262
vt 0.098198 0.043597
vt 0.102269 0.043737
vt 0.025433 0.038442
vt 0.025288 0.034372
vt 0.095732 0.034628
vt 0.094595 0.038608
vt 0.105433 0.041109
vt 0.030422 0.042047
vt 0.027914 0.031209
vt 0.099795 0.039554
vt 0.029473 0.036846
vt 0.107637 0.037961
vt 0.101186 0.036245
vt 0.031060 0.029003
vt 0.034400 0.040909
vt 0.032780 0.035455
vt 0.097481 0.029838
vt 0.107887 0.033836
vt 0.039189 0.039160
vt 0.035185 0.028753
vt 0.103281 0.032001
vt 0.037023 0.033359
vt 0.099959 0.025079
vt 0.043944 0.036680
vt 0.107798 0.030513
vt 0.104202 0.027889
vt 0.041132 0.032437
vt 0.038507 0.028841
vt 0.101513 0.020968
vt 0.111562 0.028384
vt 0.106248 0.024345
vt 0.048052 0.035125
vt 0.051559 0.032964
vt 0.044675 0.030390
vt 0.040635 0.025077
vt 0.103673 0.017459
vt 0.116171 0.026346
vt 0.042670 0.020466
vt 0.109900 0.021409
vt 0.047609 0.026737
vt 0.106204 0.014110
vt 0.119877 0.024521
vt 0.054908 0.030431
vt 0.044494 0.016760
vt 0.112607 0.018907
vt 0.050109 0.024029
vt 0.124290 0.022143
vt 0.115990 0.016755
vt 0.108289 0.010816
vt 0.046871 0.012346
vt 0.052260 0.020646
vt 0.058201 0.028344
vt 0.014728 0.045706
vt 0.021027 0.054543
vt 0.017387 0.057368
vt 0.010897 0.046259
vt 0.026019 0.065612
vt 0.148155 0.851798
vt 0.148150 0.863841
vt 0.138568 0.864151
vt 0.139242 0.852731
vt 0.157067 0.852721
vt 0.157732 0.864142
vt 0.148155 0.833228
vt 0.138942 0.835712
vt 0.157370 0.835700
vt 0.148150 0.818813
vt 0.137569 0.819593
vt 0.158729 0.819583
vt 0.148144 0.802632
vt 0.139954 0.803330
vt 0.156335 0.803318
vt 0.545424 0.685870
vt 0.533558 0.714503
vt 0.523521 0.712100
vt 0.524358 0.681902
vt 0.513360 0.713581
vt 0.503068 0.684361
vt 0.523242 0.724351
vt 0.491630 0.728859
vt 0.466784 0.702665
vt 0.554266 0.732050
vt 0.561269 0.750162
vt 0.523030 0.734742
vt 0.580275 0.706678
vt 0.483678 0.745360
vt 0.596735 0.736914
vt 0.448283 0.731978
vt 0.156572 0.873086
vt 0.156341 0.885189
vt 0.148140 0.885500
vt 0.148147 0.871302
vt 0.139941 0.885195
vt 0.139719 0.873092
vt 0.157454 0.899724
vt 0.148134 0.900078
vt 0.138813 0.899728
vt 0.159041 0.910489
vt 0.159858 0.921727
vt 0.148125 0.923548
vt 0.148129 0.911706
vt 0.136392 0.921730
vt 0.137218 0.910493
vt 0.074800 0.866504
vt 0.075689 0.883476
vt 0.064016 0.882927
vt 0.058254 0.864856
vt 0.237999 0.864859
vt 0.232230 0.882931
vt 0.220565 0.883470
vt 0.221463 0.866492
vt 0.073958 0.853250
vt 0.059700 0.851015
vt 0.236565 0.851008
vt 0.222315 0.853229
vt 0.074763 0.839546
vt 0.062074 0.836607
vt 0.234204 0.836584
vt 0.221519 0.839512
vt 0.068599 0.810473
vt 0.079617 0.818214
vt 0.216676 0.818159
vt 0.227699 0.810410
vt 0.082997 0.796243
vt 0.091111 0.801498
vt 0.205247 0.801402
vt 0.213370 0.796142
vt 0.099334 0.783098
vt 0.104145 0.788292
vt 0.192153 0.788219
vt 0.196957 0.783018
vt 0.114997 0.780727
vt 0.119869 0.786286
vt 0.176406 0.786231
vt 0.181273 0.780664
vt 0.148138 0.791293
vt 0.139504 0.797461
vt 0.156780 0.797448
vt 0.148127 0.781259
vt 0.148134 0.786514
vt 0.209240 0.885913
vt 0.209687 0.866050
vt 0.115686 0.869330
vt 0.116035 0.860742
vt 0.087646 0.855978
vt 0.086586 0.866070
vt 0.180264 0.860712
vt 0.180605 0.869306
vt 0.208634 0.855954
vt 0.101286 0.867387
vt 0.102902 0.858881
vt 0.193390 0.858848
vt 0.194997 0.867361
vt 0.088470 0.843291
vt 0.117693 0.849346
vt 0.207816 0.843263
vt 0.178618 0.849309
vt 0.104412 0.846489
vt 0.191898 0.846439
vt 0.121232 0.836344
vt 0.089624 0.824396
vt 0.175094 0.836299
vt 0.205818 0.824771
vt 0.107304 0.830963
vt 0.189053 0.830875
vt 0.126202 0.817127
vt 0.096439 0.805944
vt 0.170086 0.817109
vt 0.198013 0.806777
vt 0.113273 0.811819
vt 0.182980 0.811804
vt 0.106998 0.793442
vt 0.123219 0.792229
vt 0.131126 0.803829
vt 0.131705 0.797170
vt 0.188783 0.794427
vt 0.173064 0.792189
vt 0.165162 0.803806
vt 0.164579 0.797146
vt 0.120671 0.798540
vt 0.175616 0.798503
vt 0.123116 0.918315
vt 0.126094 0.908224
vt 0.170164 0.908218
vt 0.173134 0.918311
vt 0.124334 0.897745
vt 0.107681 0.903823
vt 0.171932 0.897735
vt 0.188575 0.903813
vt 0.115379 0.888774
vt 0.102702 0.899673
vt 0.180892 0.888759
vt 0.193555 0.899663
vt 0.099833 0.884870
vt 0.096850 0.898878
vt 0.196435 0.884854
vt 0.199405 0.898869
vt 0.087020 0.885926
vt 0.078700 0.897120
vt 0.217548 0.897116
vt 0.078954 0.910398
vt 0.093056 0.904697
vt 0.217284 0.910400
vt 0.203193 0.904690
vt 0.097688 0.908288
vt 0.085255 0.918104
vt 0.210982 0.918104
vt 0.198561 0.908281
vt 0.101955 0.908711
vt 0.092222 0.921319
vt 0.114216 0.923839
vt 0.104055 0.925058
vt 0.204016 0.921319
vt 0.194295 0.908703
vt 0.192185 0.925056
vt 0.182028 0.923836
vt 0.163778 0.944105
vt 0.148119 0.948257
vt 0.132459 0.944106
vt 0.522182 0.958033
vt 0.521245 0.990234
vt 0.513891 0.989939
vt 0.510634 0.956406
vt 0.533471 0.957455
vt 0.528617 0.989996
vt 0.148116 0.974089
vt 0.131553 0.973762
vt 0.164678 0.973761
vt 0.119417 0.942136
vt 0.506261 0.990212
vt 0.502442 0.955546
vt 0.112873 0.942884
vt 0.191251 0.943353
vt 0.183362 0.942883
vt 0.104981 0.943353
vt 0.113372 0.974311
vt 0.103126 0.973913
vt 0.498047 0.989870
vt 0.485942 0.990225
vt 0.488467 0.953937
vt 0.496616 0.955437
vt 0.193099 0.973914
vt 0.182855 0.974310
vt 0.546981 0.955166
vt 0.555033 0.952781
vt 0.557738 0.989214
vt 0.545142 0.989457
vt 0.082745 0.938275
vt 0.213481 0.938280
vt 0.454464 0.975348
vt 0.464895 0.947232
vt 0.074406 0.968326
vt 0.578184 0.943507
vt 0.589848 0.971474
vt 0.221810 0.968333
vt 0.071485 0.933652
vt 0.224736 0.933659
vt 0.055888 0.955725
vt 0.425577 0.958156
vt 0.449441 0.934891
vt 0.240323 0.955738
vt 0.593000 0.929075
vt 0.618267 0.951672
vt 0.053362 0.920479
vt 0.260439 0.891674
vt 0.242856 0.920501
vt 0.409768 0.934462
vt 0.432936 0.919365
vt 0.036903 0.937741
vt 0.608165 0.913944
vt 0.632334 0.927709
vt 0.259302 0.937772
vt 0.035784 0.891630
vt 0.269006 0.870415
vt 0.015807 0.905438
vt 0.393594 0.911553
vt 0.416381 0.889650
vt 0.280400 0.905505
vt 0.622461 0.885294
vt 0.646722 0.905194
vt 0.027232 0.870352
vt 0.009766 0.877962
vt 0.394421 0.870629
vt 0.414520 0.864701
vt 0.286461 0.878054
vt 0.625625 0.861994
vt 0.645337 0.867500
vt 0.028898 0.850935
vt 0.397256 0.842532
vt 0.417780 0.842860
vt 0.267358 0.851000
vt 0.623526 0.841777
vt 0.643830 0.841160
vt 0.011622 0.853291
vt 0.284633 0.853399
vt 0.030122 0.834032
vt 0.266157 0.834102
vt 0.406691 0.817285
vt 0.423255 0.823377
vt 0.016310 0.831011
vt 0.618367 0.823994
vt 0.634766 0.817390
vt 0.279984 0.831132
vt 0.048991 0.802823
vt 0.247347 0.802828
vt 0.037573 0.796519
vt 0.433456 0.783167
vt 0.443446 0.792462
vt 0.258819 0.796616
vt 0.599746 0.796239
vt 0.609769 0.787047
vt 0.522769 0.747497
vt 0.482220 0.767735
vt 0.451748 0.772412
vt 0.426427 0.747061
vt 0.064746 0.783109
vt 0.617995 0.751499
vt 0.590147 0.773004
vt 0.232238 0.785866
vt 0.056888 0.779500
vt 0.459624 0.779023
vt 0.239560 0.779457
vt 0.583993 0.784475
vt 0.093792 0.775251
vt 0.561996 0.774878
vt 0.203220 0.774130
vt 0.089621 0.769727
vt 0.484121 0.772194
vt 0.206636 0.769570
vt 0.559836 0.780144
vt 0.113745 0.771376
vt 0.541905 0.768804
vt 0.522134 0.762628
vt 0.182500 0.771310
vt 0.502281 0.764809
vt 0.502030 0.767749
vt 0.115393 0.766333
vt 0.541890 0.771986
vt 0.180818 0.766278
vt 0.148109 0.770170
vt 0.521914 0.766758
vt 0.148097 0.765298
vt 0.176819 0.942134
vt 0.120778 0.973497
vt 0.175451 0.973496
vt 0.541296 0.955867
vt 0.536563 0.990153
vn -0.908274 -0.304981 0.286399
vn -0.258334 0.119955 0.958579
vn -0.418415 0.005018 0.908242
vn -0.911742 -0.387547 0.136142
vn -0.323197 -0.490700 -0.809171
vn -0.908274 -0.304981 0.286399
vn -0.911742 -0.387547 0.136142
vn -0.480291 -0.445596 -0.755490
vn -0.258334 0.119955 0.958579
vn 0.021901 0.188190 0.981889
vn 0.036584 0.191135 0.980882
vn -0.418415 0.005018 0.908242
vn 0.021901 0.188190 0.981889
vn 0.460780 0.251046 0.851268
vn 0.591644 0.308707 0.744753
vn 0.036584 0.191135 0.980882
vn 0.460780 0.251046 0.851268
vn 0.967613 -0.038831 -0.249435
vn 0.978268 0.163041 -0.128098
vn 0.591644 0.308707 0.744753
vn 0.967613 -0.038831 -0.249435
vn 0.298173 -0.331877 -0.894958
vn 0.501072 -0.160483 -0.850395
vn 0.978268 0.163041 -0.128098
vn 0.298173 -0.331877 -0.894958
vn -0.021863 -0.431827 -0.901691
vn 0.008985 -0.333956 -0.942546
vn 0.501072 -0.160483 -0.850395
vn -0.021863 -0.431827 -0.901691
vn -0.323197 -0.490700 -0.809171
vn -0.480291 -0.445596 -0.755490
vn 0.008985 -0.333956 -0.942546
vn -0.911742 -0.387547 0.136142
vn -0.418415 0.005018 0.908242
vn -0.575023 -0.123736 0.808726
vn -0.943403 -0.331624 -0.003973
vn -0.480291 -0.445596 -0.755490
vn -0.911742 -0.387547 0.136142
vn -0.943403 -0.331624 -0.003973
vn -0.556706 -0.359982 -0.748660
vn -0.418415 0.005018 0.908242
vn 0.036584 0.191135 0.980882
vn -0.024172 0.058380 0.998002
vn -0.575023 -0.123736 0.808726
vn 0.036584 0.191135 0.980882
vn 0.591644 0.308707 0.744753
vn 0.565070 0.186310 0.803732
vn -0.024172 0.058380 0.998002
vn 0.591644 0.308707 0.744753
vn 0.978268 0.163041 -0.128098
vn 0.990587 0.135159 -0.021692
vn 0.565070 0.186310 0.803732
vn 0.978268 0.163041 -0.128098
vn 0.501072 -0.160483 -0.850395
vn 0.593782 -0.106686 -0.797522
vn 0.990587 0.135159 -0.021692
vn 0.501072 -0.160483 -0.850395
vn 0.008985 -0.333956 -0.942546
vn 0.013538 -0.264205 -0.964372
vn 0.593782 -0.106686 -0.797522
vn 0.008985 -0.333956 -0.942546
vn -0.480291 -0.445596 -0.755490
vn -0.556706 -0.359982 -0.748660
vn 0.013538 -0.264205 -0.964372
vn -0.943403 -0.331624 -0.003973
vn -0.575023 -0.123736 0.808726
vn -0.672197 -0.077013 0.736356
vn -0.988063 -0.132596 -0.078423
vn -0.556706 -0.359982 -0.748660
vn -0.943403 -0.331624 -0.003973
vn -0.988063 -0.132596 -0.078423
vn -0.629756 -0.191402 -0.752843
vn -0.575023 -0.123736 0.808726
vn -0.024172 0.058380 0.998002
vn -0.051494 -0.033931 0.998097
vn -0.672197 -0.077013 0.736356
vn -0.024172 0.058380 0.998002
vn 0.565070 0.186310 0.803732
vn 0.586503 -0.025114 0.809558
vn -0.051494 -0.033931 0.998097
vn 0.565070 0.186310 0.803732
vn 0.990587 0.135159 -0.021692
vn 0.992929 -0.088667 0.078926
vn 0.586503 -0.025114 0.809558
vn 0.990587 0.135159 -0.021692
vn 0.593782 -0.106686 -0.797522
vn 0.604814 -0.208254 -0.768655
vn 0.992929 -0.088667 0.078926
vn 0.604814 -0.208254 -0.768655
vn 0.593782 -0.106686 -0.797522
vn 0.013538 -0.264205 -0.964372
vn -0.041234 -0.227167 -0.972982
vn 0.013538 -0.264205 -0.964372
vn -0.556706 -0.359982 -0.748660
vn -0.629756 -0.191402 -0.752843
vn -0.041234 -0.227167 -0.972982
vn 0.909604 -0.383727 0.159294
vn 0.455199 -0.018199 0.890204
vn 0.317749 0.114120 0.941282
vn 0.897255 -0.337240 0.284962
vn 0.538800 -0.459845 -0.705859
vn 0.909604 -0.383727 0.159294
vn 0.897255 -0.337240 0.284962
vn 0.380787 -0.504021 -0.775218
vn 0.455199 -0.018199 0.890204
vn 0.026658 0.162581 0.986335
vn -0.065091 0.237874 0.969112
vn 0.317749 0.114120 0.941282
vn 0.026658 0.162581 0.986335
vn -0.608111 0.308997 0.731247
vn -0.541201 0.292656 0.788324
vn -0.065091 0.237874 0.969112
vn -0.608111 0.308997 0.731247
vn -0.978025 0.164777 -0.127736
vn -0.980663 0.000984 -0.195700
vn -0.541201 0.292656 0.788324
vn -0.978025 0.164777 -0.127736
vn -0.519906 -0.150965 -0.840778
vn -0.427206 -0.297774 -0.853713
vn -0.980663 0.000984 -0.195700
vn -0.519906 -0.150965 -0.840778
vn 0.026009 -0.346562 -0.937666
vn -0.018841 -0.421158 -0.906791
vn -0.427206 -0.297774 -0.853713
vn 0.026009 -0.346562 -0.937666
vn 0.538800 -0.459845 -0.705859
vn 0.380787 -0.504021 -0.775218
vn -0.018841 -0.421158 -0.906791
vn 0.941507 -0.336991 -0.001335
vn 0.586531 -0.137151 0.798230
vn 0.455199 -0.018199 0.890204
vn 0.909604 -0.383727 0.159294
vn 0.571431 -0.360915 -0.737026
vn 0.941507 -0.336991 -0.001335
vn 0.909604 -0.383727 0.159294
vn 0.538800 -0.459845 -0.705859
vn 0.586531 -0.137151 0.798230
vn 0.076355 0.032605 0.996547
vn 0.026658 0.162581 0.986335
vn 0.455199 -0.018199 0.890204
vn 0.076355 0.032605 0.996547
vn -0.571171 0.175492 0.801852
vn -0.608111 0.308997 0.731247
vn 0.026658 0.162581 0.986335
vn -0.571171 0.175492 0.801852
vn -0.991005 0.130744 -0.028543
vn -0.978025 0.164777 -0.127736
vn -0.608111 0.308997 0.731247
vn -0.991005 0.130744 -0.028543
vn -0.589040 -0.110181 -0.800557
vn -0.519906 -0.150965 -0.840778
vn -0.978025 0.164777 -0.127736
vn -0.589040 -0.110181 -0.800557
vn 0.015888 -0.271572 -0.962287
vn 0.026009 -0.346562 -0.937666
vn -0.519906 -0.150965 -0.840778
vn 0.015888 -0.271572 -0.962287
vn 0.571431 -0.360915 -0.737026
vn 0.538800 -0.459845 -0.705859
vn 0.026009 -0.346562 -0.937666
vn 0.987975 -0.130837 -0.082390
vn 0.681375 -0.076316 0.727945
vn 0.586531 -0.137151 0.798230
vn 0.941507 -0.336991 -0.001335
vn 0.627847 -0.189942 -0.754805
vn 0.987975 -0.130837 -0.082390
vn 0.941507 -0.336991 -0.001335
vn 0.571431 -0.360915 -0.737026
vn 0.681375 -0.076316 0.727945
vn 0.073333 -0.036288 0.996647
vn 0.076355 0.032605 0.996547
vn 0.586531 -0.137151 0.798230
vn 0.073333 -0.036288 0.996647
vn -0.593831 -0.021807 0.804294
vn -0.571171 0.175492 0.801852
vn 0.076355 0.032605 0.996547
vn -0.593831 -0.021807 0.804294
vn -0.993881 -0.084924 0.070627
vn -0.991005 0.130744 -0.028543
vn -0.571171 0.175492 0.801852
vn -0.993881 -0.084924 0.070627
vn -0.593496 -0.205921 -0.778048
vn -0.589040 -0.110181 -0.800557
vn -0.991005 0.130744 -0.028543
vn 0.058611 -0.223501 -0.972940
vn 0.015888 -0.271572 -0.962287
vn -0.589040 -0.110181 -0.800557
vn -0.593496 -0.205921 -0.778048
vn 0.058611 -0.223501 -0.972940
vn 0.627847 -0.189942 -0.754805
vn 0.571431 -0.360915 -0.737026
vn 0.015888 -0.271572 -0.962287
vn -0.948980 -0.171500 0.264623
vn -0.595844 -0.121612 0.793839
vn -0.583844 -0.069519 0.808884
vn -0.948342 -0.155810 0.276352
vn -0.827732 -0.197384 -0.525262
vn -0.948980 -0.171500 0.264623
vn -0.948342 -0.155810 0.276352
vn -0.838371 -0.236413 -0.491164
vn -0.595844 -0.121612 0.793839
vn 0.076736 -0.081523 0.993713
vn 0.113245 -0.012252 0.993492
vn -0.583844 -0.069519 0.808884
vn 0.933869 -0.023985 0.356810
vn 0.895634 -0.016576 0.444483
vn 0.113245 -0.012252 0.993492
vn 0.076736 -0.081523 0.993713
vn 0.955537 -0.063961 -0.287851
vn 0.895634 -0.016576 0.444483
vn 0.933869 -0.023985 0.356810
vn 0.946963 -0.009439 -0.321205
vn 0.946963 -0.009439 -0.321205
vn 0.670140 -0.042398 -0.741023
vn 0.631547 -0.131724 -0.764066
vn 0.955537 -0.063961 -0.287851
vn 0.670140 -0.042398 -0.741023
vn 0.060849 -0.124261 -0.990382
vn -0.048315 -0.223392 -0.973530
vn 0.631547 -0.131724 -0.764066
vn 0.060849 -0.124261 -0.990382
vn -0.827732 -0.197384 -0.525262
vn -0.838371 -0.236413 -0.491164
vn -0.048315 -0.223392 -0.973530
vn -0.948342 -0.155810 0.276352
vn -0.583844 -0.069519 0.808884
vn -0.616037 -0.138867 0.775380
vn -0.960344 -0.124430 0.249512
vn -0.838371 -0.236413 -0.491164
vn -0.948342 -0.155810 0.276352
vn -0.960344 -0.124430 0.249512
vn -0.835721 -0.141248 -0.530678
vn -0.583844 -0.069519 0.808884
vn 0.113245 -0.012252 0.993492
vn -0.007125 -0.193578 0.981059
vn -0.616037 -0.138867 0.775380
vn 0.895634 -0.016576 0.444483
vn 0.813147 -0.250281 0.525501
vn -0.007125 -0.193578 0.981059
vn 0.113245 -0.012252 0.993492
vn 0.928273 -0.217436 -0.301714
vn 0.813147 -0.250281 0.525501
vn 0.895634 -0.016576 0.444483
vn 0.955537 -0.063961 -0.287851
vn 0.928273 -0.217436 -0.301714
vn 0.955537 -0.063961 -0.287851
vn 0.631547 -0.131724 -0.764066
vn 0.597330 -0.191062 -0.778904
vn 0.597330 -0.191062 -0.778904
vn 0.631547 -0.131724 -0.764066
vn -0.048315 -0.223392 -0.973530
vn -0.071248 -0.178503 -0.981356
vn -0.048315 -0.223392 -0.973530
vn -0.838371 -0.236413 -0.491164
vn -0.835721 -0.141248 -0.530678
vn -0.071248 -0.178503 -0.981356
vn 0.953397 -0.142748 0.265813
vn 0.544539 -0.062087 0.836434
vn 0.655479 -0.190920 0.730682
vn 0.914395 -0.190416 -0.357244
vn 0.729384 -0.193815 -0.656076
vn 0.953397 -0.142748 0.265813
vn 0.914395 -0.190416 -0.357244
vn 0.352593 -0.089575 -0.931480
vn 0.544539 -0.062087 0.836434
vn -0.312343 -0.010136 0.949915
vn -0.610240 -0.084127 0.787737
vn 0.655479 -0.190920 0.730682
vn -0.312343 -0.010136 0.949915
vn -0.913458 -0.035487 0.405384
vn -0.946728 -0.005437 0.321989
vn -0.610240 -0.084127 0.787737
vn -0.913458 -0.035487 0.405384
vn -0.971274 -0.071020 -0.227119
vn -0.964256 0.029025 -0.263378
vn -0.946728 -0.005437 0.321989
vn -0.971274 -0.071020 -0.227119
vn -0.624124 -0.118179 -0.772336
vn -0.671267 0.009194 -0.741158
vn -0.964256 0.029025 -0.263378
vn -0.624124 -0.118179 -0.772336
vn 0.058815 -0.179123 -0.982067
vn -0.198884 -0.017813 -0.979861
vn -0.671267 0.009194 -0.741158
vn 0.058815 -0.179123 -0.982067
vn 0.729384 -0.193815 -0.656076
vn 0.352593 -0.089575 -0.931480
vn -0.198884 -0.017813 -0.979861
vn 0.966814 -0.123237 0.223794
vn 0.625381 -0.133537 0.768809
vn 0.544539 -0.062087 0.836434
vn 0.953397 -0.142748 0.265813
vn 0.810848 -0.151325 -0.565354
vn 0.966814 -0.123237 0.223794
vn 0.953397 -0.142748 0.265813
vn 0.729384 -0.193815 -0.656076
vn 0.625381 -0.133537 0.768809
vn -0.007719 -0.195475 0.980678
vn -0.312343 -0.010136 0.949915
vn 0.544539 -0.062087 0.836434
vn -0.312343 -0.010136 0.949915
vn -0.007719 -0.195475 0.980678
vn -0.797877 -0.267818 0.540061
vn -0.913458 -0.035487 0.405384
vn -0.971274 -0.071020 -0.227119
vn -0.913458 -0.035487 0.405384
vn -0.797877 -0.267818 0.540061
vn -0.921361 -0.239566 -0.306108
vn -0.559277 -0.202900 -0.803766
vn -0.624124 -0.118179 -0.772336
vn -0.971274 -0.071020 -0.227119
vn -0.921361 -0.239566 -0.306108
vn 0.085665 -0.182825 -0.979406
vn 0.058815 -0.179123 -0.982067
vn -0.624124 -0.118179 -0.772336
vn -0.559277 -0.202900 -0.803766
vn 0.085665 -0.182825 -0.979406
vn 0.810848 -0.151325 -0.565354
vn 0.729384 -0.193815 -0.656076
vn 0.058815 -0.179123 -0.982067
vn -0.051494 -0.033931 0.998097
vn -0.187029 -0.143786 0.971774
vn -0.719684 -0.071788 0.690581
vn -0.672197 -0.077013 0.736356
vn 0.681375 -0.076316 0.727945
vn 0.722225 -0.069566 0.688151
vn 0.190909 -0.139798 0.971602
vn 0.073333 -0.036288 0.996647
vn 0.586503 -0.025114 0.809558
vn 0.682363 -0.251446 0.686408
vn -0.187029 -0.143786 0.971774
vn -0.051494 -0.033931 0.998097
vn 0.073333 -0.036288 0.996647
vn 0.190909 -0.139798 0.971602
vn -0.686988 -0.247938 0.683062
vn -0.593831 -0.021807 0.804294
vn 0.954071 -0.288875 0.079373
vn 0.682363 -0.251446 0.686408
vn 0.586503 -0.025114 0.809558
vn 0.992929 -0.088667 0.078926
vn -0.993881 -0.084924 0.070627
vn -0.593831 -0.021807 0.804294
vn -0.686988 -0.247938 0.683062
vn -0.954983 -0.286437 0.077213
vn -0.672197 -0.077013 0.736356
vn -0.719684 -0.071788 0.690581
vn -0.995144 -0.087649 0.044797
vn -0.988063 -0.132596 -0.078423
vn 0.987975 -0.130837 -0.082390
vn 0.995025 -0.088676 0.045402
vn 0.722225 -0.069566 0.688151
vn 0.681375 -0.076316 0.727945
vn -0.769045 -0.189312 -0.610517
vn -0.629756 -0.191402 -0.752843
vn -0.988063 -0.132596 -0.078423
vn -0.995144 -0.087649 0.044797
vn 0.995025 -0.088676 0.045402
vn 0.987975 -0.130837 -0.082390
vn 0.627847 -0.189942 -0.754805
vn 0.768359 -0.192246 -0.610463
vn -0.142549 -0.302344 -0.942480
vn -0.041234 -0.227167 -0.972982
vn -0.629756 -0.191402 -0.752843
vn -0.769045 -0.189312 -0.610517
vn 0.768359 -0.192246 -0.610463
vn 0.627847 -0.189942 -0.754805
vn 0.058611 -0.223501 -0.972940
vn 0.151276 -0.303948 -0.940601
vn 0.640872 -0.337657 -0.689399
vn 0.954071 -0.288875 0.079373
vn 0.992929 -0.088667 0.078926
vn 0.604814 -0.208254 -0.768655
vn 0.640872 -0.337657 -0.689399
vn 0.604814 -0.208254 -0.768655
vn -0.041234 -0.227167 -0.972982
vn -0.142549 -0.302344 -0.942480
vn -0.593496 -0.205921 -0.778048
vn -0.993881 -0.084924 0.070627
vn -0.954983 -0.286437 0.077213
vn -0.634293 -0.338513 -0.695041
vn 0.151276 -0.303948 -0.940601
vn 0.058611 -0.223501 -0.972940
vn -0.593496 -0.205921 -0.778048
vn -0.634293 -0.338513 -0.695041
vn -0.616037 -0.138867 0.775380
vn -0.643431 -0.111503 0.757340
vn -0.957814 -0.092517 0.272090
vn -0.960344 -0.124430 0.249512
vn 0.966814 -0.123237 0.223794
vn 0.959501 -0.101849 0.262651
vn 0.648913 -0.114965 0.752127
vn 0.625381 -0.133537 0.768809
vn -0.835721 -0.141248 -0.530678
vn -0.960344 -0.124430 0.249512
vn -0.957814 -0.092517 0.272090
vn -0.836468 -0.194730 -0.512251
vn 0.829090 -0.214762 -0.516223
vn 0.959501 -0.101849 0.262651
vn 0.966814 -0.123237 0.223794
vn 0.810848 -0.151325 -0.565354
vn -0.007125 -0.193578 0.981059
vn -0.013061 -0.215455 0.976427
vn -0.643431 -0.111503 0.757340
vn -0.616037 -0.138867 0.775380
vn 0.625381 -0.133537 0.768809
vn 0.648913 -0.114965 0.752127
vn 0.017328 -0.212993 0.976900
vn -0.007719 -0.195475 0.980678
vn 0.707999 -0.342942 0.617355
vn -0.013061 -0.215455 0.976427
vn -0.007125 -0.193578 0.981059
vn 0.813147 -0.250281 0.525501
vn -0.797877 -0.267818 0.540061
vn -0.007719 -0.195475 0.980678
vn 0.017328 -0.212993 0.976900
vn -0.704021 -0.336575 0.625357
vn 0.905399 -0.328084 -0.269468
vn 0.707999 -0.342942 0.617355
vn 0.813147 -0.250281 0.525501
vn 0.928273 -0.217436 -0.301714
vn -0.921361 -0.239566 -0.306108
vn -0.797877 -0.267818 0.540061
vn -0.704021 -0.336575 0.625357
vn -0.905346 -0.322469 -0.276338
vn 0.620833 -0.291583 -0.727699
vn 0.905399 -0.328084 -0.269468
vn 0.928273 -0.217436 -0.301714
vn 0.597330 -0.191062 -0.778904
vn -0.559277 -0.202900 -0.803766
vn -0.921361 -0.239566 -0.306108
vn -0.905346 -0.322469 -0.276338
vn -0.601830 -0.291305 -0.743601
vn 0.620833 -0.291583 -0.727699
vn 0.597330 -0.191062 -0.778904
vn -0.071248 -0.178503 -0.981356
vn -0.023933 -0.283698 -0.958615
vn -0.023933 -0.283698 -0.958615
vn -0.071248 -0.178503 -0.981356
vn -0.835721 -0.141248 -0.530678
vn -0.836468 -0.194730 -0.512251
vn 0.037002 -0.298575 -0.953669
vn 0.085665 -0.182825 -0.979406
vn -0.559277 -0.202900 -0.803766
vn -0.601830 -0.291305 -0.743601
vn 0.829090 -0.214762 -0.516223
vn 0.810848 -0.151325 -0.565354
vn 0.085665 -0.182825 -0.979406
vn 0.037002 -0.298575 -0.953669
vn -0.535003 -0.641404 -0.549884
vn -0.142549 -0.302344 -0.942480
vn -0.769045 -0.189312 -0.610517
vn -0.974113 -0.224072 -0.029912
vn 0.974275 -0.223822 -0.026312
vn 0.768359 -0.192246 -0.610463
vn 0.151276 -0.303948 -0.940601
vn 0.537270 -0.643080 -0.545700
vn -0.769045 -0.189312 -0.610517
vn -0.995144 -0.087649 0.044797
vn -0.981334 -0.065309 0.180881
vn -0.974113 -0.224072 -0.029912
vn 0.974275 -0.223822 -0.026312
vn 0.981102 -0.064244 0.182513
vn 0.995025 -0.088676 0.045402
vn 0.768359 -0.192246 -0.610463
vn -0.719684 -0.071788 0.690581
vn -0.784632 -0.051200 0.617844
vn -0.981334 -0.065309 0.180881
vn -0.995144 -0.087649 0.044797
vn 0.995025 -0.088676 0.045402
vn 0.981102 -0.064244 0.182513
vn 0.784915 -0.050697 0.617526
vn 0.722225 -0.069566 0.688151
vn -0.836468 -0.194730 -0.512251
vn -0.957814 -0.092517 0.272090
vn -0.954472 -0.102508 0.280134
vn -0.730805 -0.399971 -0.553125
vn 0.729726 -0.409212 -0.547764
vn 0.954217 -0.109146 0.278492
vn 0.959501 -0.101849 0.262651
vn 0.829090 -0.214762 -0.516223
vn -0.643431 -0.111503 0.757340
vn -0.654163 -0.068567 0.753239
vn -0.954472 -0.102508 0.280134
vn -0.957814 -0.092517 0.272090
vn 0.959501 -0.101849 0.262651
vn 0.954217 -0.109146 0.278492
vn 0.652697 -0.079535 0.753433
vn 0.648913 -0.114965 0.752127
vn -0.730805 -0.399971 -0.553125
vn -0.954472 -0.102508 0.280134
vn -0.885094 0.025420 0.464717
vn -0.983265 -0.099303 0.152741
vn 0.982572 -0.098161 0.157848
vn 0.889447 0.024193 0.456398
vn 0.954217 -0.109146 0.278492
vn 0.729726 -0.409212 -0.547764
vn -0.013061 -0.215455 0.976427
vn -0.026395 -0.207043 0.977976
vn -0.654163 -0.068567 0.753239
vn -0.643431 -0.111503 0.757340
vn 0.648913 -0.114965 0.752127
vn 0.652697 -0.079535 0.753433
vn 0.023326 -0.209748 0.977477
vn 0.017328 -0.212993 0.976900
vn -0.654163 -0.068567 0.753239
vn -0.719105 0.028063 0.694335
vn -0.885094 0.025420 0.464717
vn -0.954472 -0.102508 0.280134
vn 0.954217 -0.109146 0.278492
vn 0.889447 0.024193 0.456398
vn 0.721892 0.025276 0.691544
vn 0.652697 -0.079535 0.753433
vn 0.707999 -0.342942 0.617355
vn 0.677466 -0.369480 0.636023
vn -0.026395 -0.207043 0.977976
vn -0.013061 -0.215455 0.976427
vn 0.017328 -0.212993 0.976900
vn 0.023326 -0.209748 0.977477
vn -0.680151 -0.365329 0.635555
vn -0.704021 -0.336575 0.625357
vn -0.026395 -0.207043 0.977976
vn -0.197887 -0.147077 0.969128
vn -0.719105 0.028063 0.694335
vn -0.654163 -0.068567 0.753239
vn 0.652697 -0.079535 0.753433
vn 0.721892 0.025276 0.691544
vn 0.180868 -0.147150 0.972437
vn 0.023326 -0.209748 0.977477
vn 0.893744 -0.395621 -0.211437
vn 0.677466 -0.369480 0.636023
vn 0.707999 -0.342942 0.617355
vn 0.905399 -0.328084 -0.269468
vn -0.905346 -0.322469 -0.276338
vn -0.704021 -0.336575 0.625357
vn -0.680151 -0.365329 0.635555
vn -0.897202 -0.387581 -0.211680
vn 0.677466 -0.369480 0.636023
vn 0.487517 -0.356123 0.797185
vn -0.197887 -0.147077 0.969128
vn -0.026395 -0.207043 0.977976
vn 0.023326 -0.209748 0.977477
vn 0.180868 -0.147150 0.972437
vn -0.487813 -0.353649 0.798105
vn -0.680151 -0.365329 0.635555
vn 0.687973 -0.404671 -0.602441
vn 0.893744 -0.395621 -0.211437
vn 0.905399 -0.328084 -0.269468
vn 0.620833 -0.291583 -0.727699
vn -0.601830 -0.291305 -0.743601
vn -0.905346 -0.322469 -0.276338
vn -0.897202 -0.387581 -0.211680
vn -0.689206 -0.401092 -0.603424
vn 0.878457 -0.465153 0.109299
vn 0.487517 -0.356123 0.797185
vn 0.677466 -0.369480 0.636023
vn 0.893744 -0.395621 -0.211437
vn -0.897202 -0.387581 -0.211680
vn -0.680151 -0.365329 0.635555
vn -0.487813 -0.353649 0.798105
vn -0.876175 -0.469332 0.109751
vn 0.687973 -0.404671 -0.602441
vn 0.620833 -0.291583 -0.727699
vn -0.023933 -0.283698 -0.958615
vn 0.208520 -0.479386 -0.852472
vn 0.208520 -0.479386 -0.852472
vn -0.023933 -0.283698 -0.958615
vn -0.836468 -0.194730 -0.512251
vn -0.730805 -0.399971 -0.553125
vn -0.204741 -0.482933 -0.851385
vn 0.037002 -0.298575 -0.953669
vn -0.601830 -0.291305 -0.743601
vn -0.689206 -0.401092 -0.603424
vn 0.729726 -0.409212 -0.547764
vn 0.829090 -0.214762 -0.516223
vn 0.037002 -0.298575 -0.953669
vn -0.204741 -0.482933 -0.851385
vn 0.778616 -0.507047 -0.369675
vn 0.878457 -0.465153 0.109299
vn 0.893744 -0.395621 -0.211437
vn 0.687973 -0.404671 -0.602441
vn -0.689206 -0.401092 -0.603424
vn -0.897202 -0.387581 -0.211680
vn -0.876175 -0.469332 0.109751
vn -0.777654 -0.510835 -0.366472
vn -0.187029 -0.143786 0.971774
vn -0.594333 -0.172871 0.785420
vn -0.784632 -0.051200 0.617844
vn -0.719684 -0.071788 0.690581
vn 0.722225 -0.069566 0.688151
vn 0.784915 -0.050697 0.617526
vn 0.597697 -0.171499 0.783164
vn 0.190909 -0.139798 0.971602
vn 0.682363 -0.251446 0.686408
vn 0.555254 -0.516736 0.651672
vn -0.594333 -0.172871 0.785420
vn -0.187029 -0.143786 0.971774
vn -0.182595 -0.862432 -0.472092
vn -0.730805 -0.399971 -0.553125
vn -0.983265 -0.099303 0.152741
vn -0.963452 -0.189352 0.189490
vn 0.190909 -0.139798 0.971602
vn 0.597697 -0.171499 0.783164
vn -0.555659 -0.527633 0.642532
vn -0.686988 -0.247938 0.683062
vn 0.961657 -0.187357 0.200285
vn 0.982572 -0.098161 0.157848
vn 0.729726 -0.409212 -0.547764
vn 0.173741 -0.877124 -0.447736
vn 0.555254 -0.516736 0.651672
vn 0.163076 -0.985027 0.055929
vn -0.881153 -0.261249 0.394105
vn -0.594333 -0.172871 0.785420
vn 0.163076 -0.985027 0.055929
vn -0.182595 -0.862432 -0.472092
vn -0.963452 -0.189352 0.189490
vn -0.881153 -0.261249 0.394105
vn 0.597697 -0.171499 0.783164
vn 0.881847 -0.255529 0.396296
vn -0.150504 -0.986971 0.056897
vn -0.555659 -0.527633 0.642532
vn 0.881847 -0.255529 0.396296
vn 0.961657 -0.187357 0.200285
vn 0.173741 -0.877124 -0.447736
vn -0.150504 -0.986971 0.056897
vn 0.778616 -0.507047 -0.369675
vn 0.687973 -0.404671 -0.602441
vn 0.208520 -0.479386 -0.852472
vn 0.642185 -0.647877 -0.409700
vn 0.642185 -0.647877 -0.409700
vn 0.208520 -0.479386 -0.852472
vn -0.730805 -0.399971 -0.553125
vn -0.182595 -0.862432 -0.472092
vn -0.647854 -0.647738 -0.400900
vn -0.204741 -0.482933 -0.851385
vn -0.689206 -0.401092 -0.603424
vn -0.777654 -0.510835 -0.366472
vn 0.173741 -0.877124 -0.447736
vn 0.729726 -0.409212 -0.547764
vn -0.204741 -0.482933 -0.851385
vn -0.647854 -0.647738 -0.400900
vn 0.724340 -0.678106 -0.124515
vn 0.642185 -0.647877 -0.409700
vn -0.182595 -0.862432 -0.472092
vn 0.163076 -0.985027 0.055929
vn -0.150504 -0.986971 0.056897
vn 0.173741 -0.877124 -0.447736
vn -0.647854 -0.647738 -0.400900
vn -0.725830 -0.676243 -0.125959
vn 0.860633 -0.508618 0.024868
vn 0.555254 -0.516736 0.651672
vn 0.682363 -0.251446 0.686408
vn 0.954071 -0.288875 0.079373
vn 0.860633 -0.508618 0.024868
vn 0.724340 -0.678106 -0.124515
vn 0.163076 -0.985027 0.055929
vn 0.555254 -0.516736 0.651672
vn -0.954983 -0.286437 0.077213
vn -0.686988 -0.247938 0.683062
vn -0.555659 -0.527633 0.642532
vn -0.860502 -0.509034 0.020533
vn -0.555659 -0.527633 0.642532
vn -0.150504 -0.986971 0.056897
vn -0.725830 -0.676243 -0.125959
vn -0.860502 -0.509034 0.020533
vn 0.660557 -0.654901 -0.367109
vn 0.860633 -0.508618 0.024868
vn 0.954071 -0.288875 0.079373
vn 0.640872 -0.337657 -0.689399
vn 0.660557 -0.654901 -0.367109
vn 0.640872 -0.337657 -0.689399
vn -0.142549 -0.302344 -0.942480
vn -0.535003 -0.641404 -0.549884
vn -0.634293 -0.338513 -0.695041
vn -0.954983 -0.286437 0.077213
vn -0.860502 -0.509034 0.020533
vn -0.659288 -0.655893 -0.367619
vn 0.537270 -0.643080 -0.545700
vn 0.151276 -0.303948 -0.940601
vn -0.634293 -0.338513 -0.695041
vn -0.659288 -0.655893 -0.367619
vn 0.228227 -0.726004 0.648714
vn 0.860633 -0.508618 0.024868
vn 0.660557 -0.654901 -0.367109
vn -0.133999 -0.641405 0.755409
vn 0.132521 -0.641354 0.755714
vn -0.659288 -0.655893 -0.367619
vn -0.860502 -0.509034 0.020533
vn -0.229076 -0.726633 0.647710
vn 0.228227 -0.726004 0.648714
vn 0.399390 -0.820759 0.408462
vn 0.724340 -0.678106 -0.124515
vn 0.860633 -0.508618 0.024868
vn -0.860502 -0.509034 0.020533
vn -0.725830 -0.676243 -0.125959
vn -0.400545 -0.820267 0.408322
vn -0.229076 -0.726633 0.647710
vn 0.021860 -0.393954 0.918870
vn -0.104841 -0.433843 0.894868
vn -0.227096 -0.354840 0.906927
vn -0.207558 -0.307404 0.928667
vn 0.225630 -0.354493 0.907428
vn 0.132521 -0.641354 0.755714
vn -0.229076 -0.726633 0.647710
vn 0.104403 -0.433419 0.895124
vn -0.104841 -0.433843 0.894868
vn 0.228227 -0.726004 0.648714
vn -0.133999 -0.641405 0.755409
vn -0.227096 -0.354840 0.906927
vn 0.206316 -0.306972 0.929086
vn 0.225630 -0.354493 0.907428
vn 0.104403 -0.433419 0.895124
vn -0.022499 -0.393630 0.918994
vn 0.239526 -0.441016 0.864946
vn 0.206316 -0.306972 0.929086
vn -0.022499 -0.393630 0.918994
vn -0.162994 -0.385991 0.907989
vn 0.162449 -0.386575 0.907838
vn 0.021860 -0.393954 0.918870
vn -0.207558 -0.307404 0.928667
vn -0.240657 -0.441412 0.864430
vn 0.289883 -0.676149 0.677341
vn 0.239526 -0.441016 0.864946
vn -0.162994 -0.385991 0.907989
vn -0.208568 -0.362776 0.908236
vn 0.207880 -0.363753 0.908003
vn 0.162449 -0.386575 0.907838
vn -0.240657 -0.441412 0.864430
vn -0.291007 -0.676560 0.676448
vn 0.289883 -0.676149 0.677341
vn -0.208568 -0.362776 0.908236
vn -0.198728 -0.414386 0.888139
vn 0.081825 -0.835531 0.543317
vn -0.082710 -0.835847 0.542695
vn 0.198022 -0.415293 0.887873
vn 0.207880 -0.363753 0.908003
vn -0.291007 -0.676560 0.676448
vn 0.081825 -0.835531 0.543317
vn -0.198728 -0.414386 0.888139
vn -0.240409 -0.588445 0.771969
vn 0.100935 -0.959148 0.264288
vn -0.101506 -0.959218 0.263813
vn 0.239692 -0.588919 0.771831
vn 0.198022 -0.415293 0.887873
vn -0.082710 -0.835847 0.542695
vn -0.000544 0.902737 0.430193
vn -0.000191 0.981909 0.189356
vn -0.095450 0.978045 0.185249
vn -0.108199 0.899480 0.423354
vn 0.107738 0.899423 0.423592
vn 0.095288 0.978025 0.185440
vn -0.000191 0.981909 0.189356
vn -0.000544 0.902737 0.430193
vn -0.108199 0.899480 0.423354
vn -0.095450 0.978045 0.185249
vn -0.259071 0.946771 0.191066
vn -0.420653 0.814581 0.399385
vn 0.420093 0.814324 0.400498
vn 0.258691 0.946767 0.191601
vn 0.095288 0.978025 0.185440
vn 0.107738 0.899423 0.423592
vn -0.000191 0.981909 0.189356
vn 0.000110 0.992279 -0.124027
vn -0.095215 0.985968 -0.137120
vn -0.095450 0.978045 0.185249
vn 0.095288 0.978025 0.185440
vn 0.095369 0.985981 -0.136914
vn 0.000110 0.992279 -0.124027
vn -0.000191 0.981909 0.189356
vn -0.095450 0.978045 0.185249
vn -0.095215 0.985968 -0.137120
vn -0.190459 0.972947 -0.130764
vn -0.259071 0.946771 0.191066
vn 0.258691 0.946767 0.191601
vn 0.190613 0.972963 -0.130419
vn 0.095369 0.985981 -0.136914
vn 0.095288 0.978025 0.185440
vn 0.000110 0.992279 -0.124027
vn 0.000317 0.868465 -0.495750
vn -0.122000 0.858897 -0.497405
vn -0.095215 0.985968 -0.137120
vn 0.095369 0.985981 -0.136914
vn 0.122590 0.858928 -0.497207
vn 0.000317 0.868465 -0.495750
vn 0.000110 0.992279 -0.124027
vn -0.095215 0.985968 -0.137120
vn -0.122000 0.858897 -0.497405
vn -0.237738 0.836961 -0.492926
vn -0.190459 0.972947 -0.130764
vn 0.190613 0.972963 -0.130419
vn 0.238334 0.836981 -0.492606
vn 0.122590 0.858928 -0.497207
vn 0.095369 0.985981 -0.136914
vn 0.000317 0.868465 -0.495750
vn 0.000545 0.657843 -0.753155
vn -0.167144 0.633255 -0.755679
vn -0.122000 0.858897 -0.497405
vn 0.122590 0.858928 -0.497207
vn 0.168303 0.633274 -0.755406
vn 0.000545 0.657843 -0.753155
vn 0.000317 0.868465 -0.495750
vn -0.122000 0.858897 -0.497405
vn -0.167144 0.633255 -0.755679
vn -0.310424 0.604893 -0.733308
vn -0.237738 0.836961 -0.492926
vn 0.238334 0.836981 -0.492606
vn 0.311552 0.604884 -0.732837
vn 0.168303 0.633274 -0.755406
vn 0.122590 0.858928 -0.497207
vn 0.000545 0.657843 -0.753155
vn 0.000884 0.381825 -0.924234
vn -0.204942 0.355740 -0.911838
vn -0.167144 0.633255 -0.755679
vn 0.168303 0.633274 -0.755406
vn 0.206787 0.355722 -0.911428
vn 0.000884 0.381825 -0.924234
vn 0.000545 0.657843 -0.753155
vn -0.167144 0.633255 -0.755679
vn -0.204942 0.355740 -0.911838
vn -0.371250 0.332209 -0.867070
vn -0.310424 0.604893 -0.733308
vn 0.311552 0.604884 -0.732837
vn 0.372966 0.332143 -0.866359
vn 0.206787 0.355722 -0.911428
vn 0.168303 0.633274 -0.755406
vn 0.000884 0.381825 -0.924234
vn 0.001138 -0.160154 -0.987091
vn -0.207713 -0.162014 -0.964680
vn -0.204942 0.355740 -0.911838
vn 0.206787 0.355722 -0.911428
vn 0.209944 -0.162140 -0.964175
vn 0.001138 -0.160154 -0.987091
vn 0.000884 0.381825 -0.924234
vn -0.204942 0.355740 -0.911838
vn -0.207713 -0.162014 -0.964680
vn -0.361035 -0.158171 -0.919040
vn -0.371250 0.332209 -0.867070
vn 0.372966 0.332143 -0.866359
vn 0.363023 -0.158394 -0.918219
vn 0.209944 -0.162140 -0.964175
vn 0.206787 0.355722 -0.911428
vn 0.001138 -0.160154 -0.987091
vn 0.001171 -0.426950 -0.904274
vn -0.174478 -0.421247 -0.890005
vn -0.207713 -0.162014 -0.964680
vn 0.209944 -0.162140 -0.964175
vn 0.176774 -0.421535 -0.889415
vn 0.001171 -0.426950 -0.904274
vn 0.001138 -0.160154 -0.987091
vn -0.207713 -0.162014 -0.964680
vn -0.174478 -0.421247 -0.890005
vn -0.284385 -0.399518 -0.871499
vn -0.361035 -0.158171 -0.919040
vn 0.363023 -0.158394 -0.918219
vn 0.286550 -0.399923 -0.870604
vn 0.176774 -0.421535 -0.889415
vn 0.209944 -0.162140 -0.964175
vn 0.001171 -0.426950 -0.904274
vn 0.001216 -0.552921 -0.833233
vn -0.123440 -0.548073 -0.827272
vn -0.174478 -0.421247 -0.890005
vn 0.176774 -0.421535 -0.889415
vn 0.125957 -0.548523 -0.826594
vn 0.001216 -0.552921 -0.833233
vn 0.001171 -0.426950 -0.904274
vn -0.174478 -0.421247 -0.890005
vn -0.123440 -0.548073 -0.827272
vn -0.226205 -0.516392 -0.825936
vn -0.284385 -0.399518 -0.871499
vn 0.286550 -0.399923 -0.870604
vn 0.228603 -0.516923 -0.824943
vn 0.125957 -0.548523 -0.826594
vn 0.176774 -0.421535 -0.889415
vn 0.001216 -0.552921 -0.833233
vn 0.001161 -0.655212 -0.755444
vn -0.121004 -0.652776 -0.747825
vn -0.123440 -0.548073 -0.827272
vn 0.125957 -0.548523 -0.826594
vn 0.123458 -0.653266 -0.746995
vn 0.001161 -0.655212 -0.755444
vn 0.001216 -0.552921 -0.833233
vn -0.123440 -0.548073 -0.827272
vn -0.121004 -0.652776 -0.747825
vn -0.240874 -0.654435 -0.716725
vn -0.226205 -0.516392 -0.825936
vn 0.228603 -0.516923 -0.824943
vn 0.243211 -0.655020 -0.715400
vn 0.123458 -0.653266 -0.746995
vn 0.125957 -0.548523 -0.826594
vn 0.001161 -0.655212 -0.755444
vn 0.000116 -0.992862 -0.119266
vn -0.180004 -0.969819 -0.164465
vn -0.121004 -0.652776 -0.747825
vn 0.180390 -0.969874 -0.163721
vn 0.130034 -0.896030 0.424525
vn -0.000403 -0.879615 0.475686
vn 0.000116 -0.992862 -0.119266
vn 0.123458 -0.653266 -0.746995
vn 0.180390 -0.969874 -0.163721
vn 0.000116 -0.992862 -0.119266
vn 0.001161 -0.655212 -0.755444
vn -0.121004 -0.652776 -0.747825
vn -0.180004 -0.969819 -0.164465
vn -0.330582 -0.941222 -0.069398
vn -0.240874 -0.654435 -0.716725
vn 0.243211 -0.655020 -0.715400
vn 0.330680 -0.941298 -0.067887
vn 0.180390 -0.969874 -0.163721
vn 0.123458 -0.653266 -0.746995
vn 0.000116 -0.992862 -0.119266
vn -0.000403 -0.879615 0.475686
vn -0.130977 -0.895892 0.424527
vn -0.180004 -0.969819 -0.164465
vn -0.180004 -0.969819 -0.164465
vn -0.130977 -0.895892 0.424527
vn -0.226014 -0.925245 0.304694
vn -0.330582 -0.941222 -0.069398
vn 0.330680 -0.941298 -0.067887
vn 0.225604 -0.925280 0.304894
vn 0.130034 -0.896030 0.424525
vn 0.180390 -0.969874 -0.163721
vn -0.000403 -0.879615 0.475686
vn -0.000331 -0.689894 0.723910
vn -0.006332 -0.731541 0.681768
vn -0.130977 -0.895892 0.424527
vn 0.130034 -0.896030 0.424525
vn 0.005456 -0.731519 0.681799
vn -0.000331 -0.689894 0.723910
vn -0.000403 -0.879615 0.475686
vn -0.226014 -0.925245 0.304694
vn -0.021622 -0.817656 0.575302
vn 0.025798 -0.923826 0.381942
vn -0.234065 -0.965138 0.117140
vn -0.130977 -0.895892 0.424527
vn -0.006332 -0.731541 0.681768
vn -0.021622 -0.817656 0.575302
vn -0.226014 -0.925245 0.304694
vn 0.233919 -0.965069 0.117995
vn -0.025956 -0.923743 0.382134
vn 0.021627 -0.817553 0.575448
vn 0.225604 -0.925280 0.304894
vn 0.225604 -0.925280 0.304894
vn 0.021627 -0.817553 0.575448
vn 0.005456 -0.731519 0.681799
vn 0.130034 -0.896030 0.424525
vn 0.025798 -0.923826 0.381942
vn 0.156875 -0.603146 0.782052
vn 0.239692 -0.588919 0.771831
vn -0.101506 -0.959218 0.263813
vn -0.000331 -0.689894 0.723910
vn -0.000119 -0.593827 0.804593
vn 0.068073 -0.589399 0.804969
vn -0.006332 -0.731541 0.681768
vn 0.100935 -0.959148 0.264288
vn -0.240409 -0.588445 0.771969
vn -0.156911 -0.602755 0.782346
vn -0.025956 -0.923743 0.382134
vn 0.005456 -0.731519 0.681799
vn -0.068405 -0.589169 0.805109
vn -0.000119 -0.593827 0.804593
vn -0.000331 -0.689894 0.723910
vn -0.021622 -0.817656 0.575302
vn 0.102432 -0.587889 0.802430
vn 0.156875 -0.603146 0.782052
vn 0.025798 -0.923826 0.381942
vn -0.006332 -0.731541 0.681768
vn 0.068073 -0.589399 0.804969
vn 0.102432 -0.587889 0.802430
vn -0.021622 -0.817656 0.575302
vn -0.025956 -0.923743 0.382134
vn -0.156911 -0.602755 0.782346
vn -0.102374 -0.587489 0.802730
vn 0.021627 -0.817553 0.575448
vn 0.021627 -0.817553 0.575448
vn -0.102374 -0.587489 0.802730
vn -0.068405 -0.589169 0.805109
vn 0.005456 -0.731519 0.681799
vn 0.092921 -0.510847 0.854635
vn 0.121969 -0.466240 0.876210
vn 0.156875 -0.603146 0.782052
vn 0.102432 -0.587889 0.802430
vn -0.000119 -0.593827 0.804593
vn -0.000001 -0.561304 0.827610
vn 0.069811 -0.548434 0.833275
vn 0.068073 -0.589399 0.804969
vn 0.069811 -0.548434 0.833275
vn 0.092921 -0.510847 0.854635
vn 0.102432 -0.587889 0.802430
vn 0.068073 -0.589399 0.804969
vn -0.102374 -0.587489 0.802730
vn -0.156911 -0.602755 0.782346
vn -0.121991 -0.465901 0.876387
vn -0.092893 -0.510746 0.854698
vn -0.068405 -0.589169 0.805109
vn -0.069869 -0.548425 0.833276
vn -0.000001 -0.561304 0.827610
vn -0.000119 -0.593827 0.804593
vn -0.068405 -0.589169 0.805109
vn -0.102374 -0.587489 0.802730
vn -0.092893 -0.510746 0.854698
vn -0.069869 -0.548425 0.833276
vn -0.234065 -0.965138 0.117140
vn 0.025798 -0.923826 0.381942
vn -0.101506 -0.959218 0.263813
vn -0.364786 -0.930605 -0.030082
vn 0.364790 -0.930643 -0.028833
vn 0.100935 -0.959148 0.264288
vn -0.025956 -0.923743 0.382134
vn 0.233919 -0.965069 0.117995
vn -0.330582 -0.941222 -0.069398
vn -0.226014 -0.925245 0.304694
vn -0.234065 -0.965138 0.117140
vn -0.397031 -0.907930 -0.134278
vn 0.397391 -0.908046 -0.132412
vn 0.233919 -0.965069 0.117995
vn 0.225604 -0.925280 0.304894
vn 0.330680 -0.941298 -0.067887
vn -0.240874 -0.654435 -0.716725
vn -0.330582 -0.941222 -0.069398
vn -0.397031 -0.907930 -0.134278
vn -0.336231 -0.691459 -0.639400
vn 0.338336 -0.691971 -0.637734
vn 0.397391 -0.908046 -0.132412
vn 0.330680 -0.941298 -0.067887
vn 0.243211 -0.655020 -0.715400
vn -0.226205 -0.516392 -0.825936
vn -0.240874 -0.654435 -0.716725
vn -0.336231 -0.691459 -0.639400
vn -0.301589 -0.499142 -0.812343
vn 0.304107 -0.499664 -0.811082
vn 0.338336 -0.691971 -0.637734
vn 0.243211 -0.655020 -0.715400
vn 0.228603 -0.516923 -0.824943
vn -0.284385 -0.399518 -0.871499
vn -0.226205 -0.516392 -0.825936
vn -0.301589 -0.499142 -0.812343
vn -0.376887 -0.339655 -0.861737
vn 0.379099 -0.340052 -0.860610
vn 0.304107 -0.499664 -0.811082
vn 0.228603 -0.516923 -0.824943
vn 0.286550 -0.399923 -0.870604
vn -0.361035 -0.158171 -0.919040
vn -0.284385 -0.399518 -0.871499
vn -0.376887 -0.339655 -0.861737
vn -0.448481 -0.138080 -0.883062
vn 0.450304 -0.138361 -0.882090
vn 0.379099 -0.340052 -0.860610
vn 0.286550 -0.399923 -0.870604
vn 0.363023 -0.158394 -0.918219
vn -0.371250 0.332209 -0.867070
vn -0.361035 -0.158171 -0.919040
vn -0.448481 -0.138080 -0.883062
vn -0.469349 0.288376 -0.834596
vn 0.470761 0.288266 -0.833838
vn 0.450304 -0.138361 -0.882090
vn 0.363023 -0.158394 -0.918219
vn 0.372966 0.332143 -0.866359
vn -0.310424 0.604893 -0.733308
vn -0.371250 0.332209 -0.867070
vn -0.469349 0.288376 -0.834596
vn -0.406172 0.572452 -0.712266
vn 0.407066 0.572437 -0.711768
vn 0.470761 0.288266 -0.833838
vn 0.372966 0.332143 -0.866359
vn 0.311552 0.604884 -0.732837
vn -0.237738 0.836961 -0.492926
vn -0.310424 0.604893 -0.733308
vn -0.406172 0.572452 -0.712266
vn -0.330650 0.826550 -0.455505
vn 0.331183 0.826554 -0.455111
vn 0.407066 0.572437 -0.711768
vn 0.311552 0.604884 -0.732837
vn 0.238334 0.836981 -0.492606
vn -0.190459 0.972947 -0.130764
vn -0.237738 0.836961 -0.492926
vn -0.330650 0.826550 -0.455505
vn -0.291290 0.947342 -0.133012
vn 0.291486 0.947338 -0.132613
vn 0.331183 0.826554 -0.455111
vn 0.238334 0.836981 -0.492606
vn 0.190613 0.972963 -0.130419
vn -0.259071 0.946771 0.191066
vn -0.190459 0.972947 -0.130764
vn -0.291290 0.947342 -0.133012
vn -0.310098 0.934095 0.176936
vn 0.309726 0.934127 0.177418
vn 0.291486 0.947338 -0.132613
vn 0.190613 0.972963 -0.130419
vn 0.258691 0.946767 0.191601
vn -0.420653 0.814581 0.399385
vn -0.259071 0.946771 0.191066
vn -0.310098 0.934095 0.176936
vn -0.484894 0.750397 0.449203
vn 0.484016 0.750248 0.450396
vn 0.309726 0.934127 0.177418
vn 0.258691 0.946767 0.191601
vn 0.420093 0.814324 0.400498
vn 0.474468 -0.879839 0.027636
vn 0.081825 -0.835531 0.543317
vn 0.100935 -0.959148 0.264288
vn 0.364790 -0.930643 -0.028833
vn -0.364786 -0.930605 -0.030082
vn -0.101506 -0.959218 0.263813
vn -0.082710 -0.835847 0.542695
vn -0.474644 -0.879784 0.026340
vn 0.479573 -0.719063 -0.502949
vn 0.498095 -0.846927 -0.186052
vn 0.397391 -0.908046 -0.132412
vn 0.338336 -0.691971 -0.637734
vn 0.498095 -0.846927 -0.186052
vn 0.364790 -0.930643 -0.028833
vn 0.233919 -0.965069 0.117995
vn 0.397391 -0.908046 -0.132412
vn -0.336231 -0.691459 -0.639400
vn -0.397031 -0.907930 -0.134278
vn -0.497520 -0.846798 -0.188168
vn -0.477965 -0.718691 -0.505007
vn -0.397031 -0.907930 -0.134278
vn -0.234065 -0.965138 0.117140
vn -0.364786 -0.930605 -0.030082
vn -0.497520 -0.846798 -0.188168
vn 0.425614 0.678614 0.598611
vn 0.427372 0.878656 0.212878
vn 0.309726 0.934127 0.177418
vn 0.484016 0.750248 0.450396
vn -0.484894 0.750397 0.449203
vn -0.310098 0.934095 0.176936
vn -0.427507 0.878739 0.212263
vn -0.426242 0.678902 0.597838
vn 0.427372 0.878656 0.212878
vn 0.416671 0.902881 -0.105788
vn 0.291486 0.947338 -0.132613
vn 0.309726 0.934127 0.177418
vn -0.310098 0.934095 0.176936
vn -0.291290 0.947342 -0.133012
vn -0.416447 0.902916 -0.106368
vn -0.427507 0.878739 0.212263
vn 0.416671 0.902881 -0.105788
vn 0.433869 0.792097 -0.429348
vn 0.331183 0.826554 -0.455111
vn 0.291486 0.947338 -0.132613
vn -0.291290 0.947342 -0.133012
vn -0.330650 0.826550 -0.455505
vn -0.433382 0.792097 -0.429841
vn -0.416447 0.902916 -0.106368
vn 0.433869 0.792097 -0.429348
vn 0.498282 0.530435 -0.685823
vn 0.407066 0.572437 -0.711768
vn 0.331183 0.826554 -0.455111
vn -0.330650 0.826550 -0.455505
vn -0.406172 0.572452 -0.712266
vn -0.497332 0.530510 -0.686455
vn -0.433382 0.792097 -0.429841
vn 0.498282 0.530435 -0.685823
vn 0.548127 0.261430 -0.794488
vn 0.470761 0.288266 -0.833838
vn 0.407066 0.572437 -0.711768
vn -0.406172 0.572452 -0.712266
vn -0.469349 0.288376 -0.834596
vn -0.546729 0.261611 -0.795391
vn -0.497332 0.530510 -0.686455
vn 0.548127 0.261430 -0.794488
vn 0.536230 -0.090823 -0.839171
vn 0.450304 -0.138361 -0.882090
vn 0.470761 0.288266 -0.833838
vn -0.469349 0.288376 -0.834596
vn -0.448481 -0.138080 -0.883062
vn -0.534466 -0.090516 -0.840329
vn -0.546729 0.261611 -0.795391
vn 0.536230 -0.090823 -0.839171
vn 0.474881 -0.284599 -0.832761
vn 0.379099 -0.340052 -0.860610
vn 0.450304 -0.138361 -0.882090
vn -0.448481 -0.138080 -0.883062
vn -0.376887 -0.339655 -0.861737
vn -0.472711 -0.284179 -0.834138
vn -0.534466 -0.090516 -0.840329
vn 0.474881 -0.284599 -0.832761
vn 0.433357 -0.498796 -0.750602
vn 0.304107 -0.499664 -0.811082
vn 0.379099 -0.340052 -0.860610
vn 0.433357 -0.498796 -0.750602
vn 0.479573 -0.719063 -0.502949
vn 0.338336 -0.691971 -0.637734
vn 0.304107 -0.499664 -0.811082
vn -0.376887 -0.339655 -0.861737
vn -0.301589 -0.499142 -0.812343
vn -0.431109 -0.498278 -0.752239
vn -0.472711 -0.284179 -0.834138
vn -0.301589 -0.499142 -0.812343
vn -0.336231 -0.691459 -0.639400
vn -0.477965 -0.718691 -0.505007
vn -0.431109 -0.498278 -0.752239
vn -0.474644 -0.879784 0.026340
vn -0.082710 -0.835847 0.542695
vn -0.291007 -0.676560 0.676448
vn -0.659936 -0.701737 0.268420
vn 0.659265 -0.701711 0.270132
vn 0.289883 -0.676149 0.677341
vn 0.081825 -0.835531 0.543317
vn 0.474468 -0.879839 0.027636
vn -0.497520 -0.846798 -0.188168
vn -0.364786 -0.930605 -0.030082
vn -0.474644 -0.879784 0.026340
vn -0.582346 -0.794921 -0.170217
vn 0.582723 -0.795056 -0.168286
vn 0.474468 -0.879839 0.027636
vn 0.364790 -0.930643 -0.028833
vn 0.498095 -0.846927 -0.186052
vn -0.477965 -0.718691 -0.505007
vn -0.497520 -0.846798 -0.188168
vn -0.582346 -0.794921 -0.170217
vn -0.622400 -0.724962 -0.295039
vn 0.623187 -0.725289 -0.292564
vn 0.582723 -0.795056 -0.168286
vn 0.498095 -0.846927 -0.186052
vn 0.479573 -0.719063 -0.502949
vn -0.431109 -0.498278 -0.752239
vn -0.477965 -0.718691 -0.505007
vn -0.622400 -0.724962 -0.295039
vn -0.639444 -0.493574 -0.589488
vn 0.641120 -0.494191 -0.587146
vn 0.623187 -0.725289 -0.292564
vn 0.479573 -0.719063 -0.502949
vn 0.433357 -0.498796 -0.750602
vn -0.472711 -0.284179 -0.834138
vn -0.431109 -0.498278 -0.752239
vn -0.639444 -0.493574 -0.589488
vn -0.638088 -0.195034 -0.744852
vn 0.640042 -0.195533 -0.743043
vn 0.641120 -0.494191 -0.587146
vn 0.433357 -0.498796 -0.750602
vn 0.474881 -0.284599 -0.832761
vn -0.534466 -0.090516 -0.840329
vn -0.472711 -0.284179 -0.834138
vn -0.638088 -0.195034 -0.744852
vn -0.666798 -0.016195 -0.745063
vn 0.668454 -0.016510 -0.743570
vn 0.640042 -0.195533 -0.743043
vn 0.474881 -0.284599 -0.832761
vn 0.536230 -0.090823 -0.839171
vn -0.546729 0.261611 -0.795391
vn -0.534466 -0.090516 -0.840329
vn -0.666798 -0.016195 -0.745063
vn -0.658818 0.244920 -0.711318
vn 0.660081 0.244735 -0.710210
vn 0.668454 -0.016510 -0.743570
vn 0.536230 -0.090823 -0.839171
vn 0.548127 0.261430 -0.794488
vn -0.497332 0.530510 -0.686455
vn -0.546729 0.261611 -0.795391
vn -0.658818 0.244920 -0.711318
vn -0.608933 0.494408 -0.620291
vn 0.609756 0.494334 -0.619541
vn 0.660081 0.244735 -0.710210
vn 0.548127 0.261430 -0.794488
vn 0.498282 0.530435 -0.685823
vn -0.433382 0.792097 -0.429841
vn -0.497332 0.530510 -0.686455
vn -0.608933 0.494408 -0.620291
vn -0.559048 0.727943 -0.396945
vn 0.559548 0.727923 -0.396275
vn 0.609756 0.494334 -0.619541
vn 0.498282 0.530435 -0.685823
vn 0.433869 0.792097 -0.429348
vn -0.416447 0.902916 -0.106368
vn -0.433382 0.792097 -0.429841
vn -0.559048 0.727943 -0.396945
vn -0.556571 0.821875 -0.121453
vn 0.556862 0.821796 -0.120648
vn 0.559548 0.727923 -0.396275
vn 0.433869 0.792097 -0.429348
vn 0.416671 0.902881 -0.105788
vn -0.427507 0.878739 0.212263
vn -0.416447 0.902916 -0.106368
vn -0.556571 0.821875 -0.121453
vn -0.571841 0.794456 0.204542
vn 0.571696 0.794341 0.205390
vn 0.556862 0.821796 -0.120648
vn 0.416671 0.902881 -0.105788
vn 0.427372 0.878656 0.212878
vn -0.426242 0.678902 0.597838
vn -0.427507 0.878739 0.212263
vn -0.571841 0.794456 0.204542
vn -0.512163 0.538842 0.668833
vn 0.511418 0.538215 0.669907
vn 0.571696 0.794341 0.205390
vn 0.427372 0.878656 0.212878
vn 0.425614 0.678614 0.598611
vn -0.963452 -0.189352 0.189490
vn -0.858620 0.213250 0.466151
vn -0.891878 0.013850 0.452064
vn -0.881153 -0.261249 0.394105
vn -0.983265 -0.099303 0.152741
vn -0.936935 0.098712 0.335274
vn -0.858620 0.213250 0.466151
vn -0.963452 -0.189352 0.189490
vn 0.881847 -0.255529 0.396296
vn 0.890887 0.015332 0.453967
vn 0.856817 0.216083 0.468160
vn 0.961657 -0.187357 0.200285
vn 0.961657 -0.187357 0.200285
vn 0.856817 0.216083 0.468160
vn 0.935384 0.098112 0.339751
vn 0.982572 -0.098161 0.157848
vn -0.885094 0.025420 0.464717
vn -0.810408 0.237323 0.535645
vn -0.936935 0.098712 0.335274
vn -0.983265 -0.099303 0.152741
vn 0.982572 -0.098161 0.157848
vn 0.935384 0.098112 0.339751
vn 0.811789 0.241510 0.531669
vn 0.889447 0.024193 0.456398
vn -0.719105 0.028063 0.694335
vn -0.625589 0.201674 0.753636
vn -0.810408 0.237323 0.535645
vn -0.885094 0.025420 0.464717
vn -0.197887 -0.147077 0.969128
vn -0.314600 0.048771 0.947970
vn -0.625589 0.201674 0.753636
vn -0.719105 0.028063 0.694335
vn 0.889447 0.024193 0.456398
vn 0.811789 0.241510 0.531669
vn 0.622681 0.206484 0.754740
vn 0.721892 0.025276 0.691544
vn 0.721892 0.025276 0.691544
vn 0.622681 0.206484 0.754740
vn 0.294758 0.051407 0.954188
vn 0.180868 -0.147150 0.972437
vn 0.534668 0.437426 0.723041
vn 0.627104 0.437725 0.644311
vn 0.511418 0.538215 0.669907
vn 0.490457 0.438741 0.752966
vn -0.492040 0.441631 0.750240
vn -0.512163 0.538842 0.668833
vn -0.629277 0.437578 0.642290
vn -0.538710 0.439464 0.718793
vn -0.389344 0.284116 0.876179
vn -0.492040 0.441631 0.750240
vn -0.538710 0.439464 0.718793
vn -0.257238 0.384133 0.886719
vn 0.255308 0.385382 0.886735
vn 0.534668 0.437426 0.723041
vn 0.490457 0.438741 0.752966
vn 0.387729 0.281174 0.877842
vn -0.549383 0.480325 0.683715
vn -0.426242 0.678902 0.597838
vn -0.512163 0.538842 0.668833
vn -0.492040 0.441631 0.750240
vn 0.490457 0.438741 0.752966
vn 0.511418 0.538215 0.669907
vn 0.425614 0.678614 0.598611
vn 0.548643 0.479130 0.685146
vn -0.626467 0.269492 0.731377
vn -0.549383 0.480325 0.683715
vn -0.492040 0.441631 0.750240
vn -0.389344 0.284116 0.876179
vn 0.387729 0.281174 0.877842
vn 0.490457 0.438741 0.752966
vn 0.548643 0.479130 0.685146
vn 0.628053 0.266853 0.730985
vn -0.670371 0.518956 0.530366
vn -0.484894 0.750397 0.449203
vn -0.426242 0.678902 0.597838
vn -0.549383 0.480325 0.683715
vn 0.548643 0.479130 0.685146
vn 0.425614 0.678614 0.598611
vn 0.484016 0.750248 0.450396
vn 0.669147 0.519602 0.531277
vn -0.722432 0.294667 0.625511
vn -0.670371 0.518956 0.530366
vn -0.549383 0.480325 0.683715
vn -0.626467 0.269492 0.731377
vn 0.628053 0.266853 0.730985
vn 0.548643 0.479130 0.685146
vn 0.669147 0.519602 0.531277
vn 0.720594 0.297626 0.626230
vn -0.549751 0.587193 0.594120
vn -0.420653 0.814581 0.399385
vn -0.484894 0.750397 0.449203
vn -0.670371 0.518956 0.530366
vn 0.669147 0.519602 0.531277
vn 0.484016 0.750248 0.450396
vn 0.420093 0.814324 0.400498
vn 0.548738 0.587572 0.594681
vn -0.588480 0.316144 0.744140
vn -0.549751 0.587193 0.594120
vn -0.670371 0.518956 0.530366
vn -0.722432 0.294667 0.625511
vn 0.720594 0.297626 0.626230
vn 0.669147 0.519602 0.531277
vn 0.548738 0.587572 0.594681
vn 0.586493 0.317546 0.745111
vn -0.124546 0.652977 0.747067
vn -0.108199 0.899480 0.423354
vn -0.420653 0.814581 0.399385
vn -0.549751 0.587193 0.594120
vn 0.003420 0.036064 0.999344
vn -0.021480 0.173971 0.984517
vn -0.505545 0.242665 0.827972
vn -0.404393 0.042520 0.913596
vn -0.000811 0.669109 0.743164
vn -0.000544 0.902737 0.430193
vn -0.108199 0.899480 0.423354
vn -0.124546 0.652977 0.747067
vn 0.548738 0.587572 0.594681
vn 0.420093 0.814324 0.400498
vn 0.107738 0.899423 0.423592
vn 0.123150 0.652598 0.747630
vn 0.402736 0.043108 0.914300
vn 0.502399 0.244789 0.829261
vn 0.021177 0.173483 0.984609
vn -0.002276 0.035602 0.999363
vn -0.021480 0.173971 0.984517
vn -0.076751 0.293190 0.952969
vn -0.588480 0.316144 0.744140
vn -0.505545 0.242665 0.827972
vn -0.076751 0.293190 0.952969
vn -0.124546 0.652977 0.747067
vn -0.549751 0.587193 0.594120
vn -0.588480 0.316144 0.744140
vn 0.502399 0.244789 0.829261
vn 0.586493 0.317546 0.745111
vn 0.074386 0.294114 0.952871
vn 0.021177 0.173483 0.984609
vn 0.586493 0.317546 0.745111
vn 0.548738 0.587572 0.594681
vn 0.123150 0.652598 0.747630
vn 0.074386 0.294114 0.952871
vn 0.123150 0.652598 0.747630
vn 0.107738 0.899423 0.423592
vn -0.000544 0.902737 0.430193
vn -0.000811 0.669109 0.743164
vn -0.000835 0.038053 0.999275
vn -0.001088 0.156814 0.987628
vn -0.021480 0.173971 0.984517
vn 0.003420 0.036064 0.999344
vn -0.002276 0.035602 0.999363
vn 0.021177 0.173483 0.984609
vn -0.001088 0.156814 0.987628
vn -0.000835 0.038053 0.999275
vn -0.000863 0.278346 0.960481
vn -0.000811 0.669109 0.743164
vn -0.124546 0.652977 0.747067
vn -0.076751 0.293190 0.952969
vn 0.074386 0.294114 0.952871
vn 0.123150 0.652598 0.747630
vn -0.000811 0.669109 0.743164
vn -0.000863 0.278346 0.960481
vn -0.001088 0.156814 0.987628
vn -0.000863 0.278346 0.960481
vn -0.076751 0.293190 0.952969
vn -0.021480 0.173971 0.984517
vn 0.021177 0.173483 0.984609
vn 0.074386 0.294114 0.952871
vn -0.000863 0.278346 0.960481
vn -0.001088 0.156814 0.987628
vn 0.487517 -0.356123 0.797185
vn 0.151788 0.040366 0.987588
vn -0.314600 0.048771 0.947970
vn -0.197887 -0.147077 0.969128
vn 0.878457 -0.465153 0.109299
vn 0.734705 -0.238521 0.635073
vn 0.151788 0.040366 0.987588
vn 0.487517 -0.356123 0.797185
vn 0.151788 0.040366 0.987588
vn -0.310369 0.343588 0.886351
vn -0.625589 0.201674 0.753636
vn -0.314600 0.048771 0.947970
vn 0.180868 -0.147150 0.972437
vn 0.294758 0.051407 0.954188
vn -0.153669 0.042117 0.987224
vn -0.487813 -0.353649 0.798105
vn -0.487813 -0.353649 0.798105
vn -0.153669 0.042117 0.987224
vn -0.730270 -0.240553 0.639406
vn -0.876175 -0.469332 0.109751
vn 0.294758 0.051407 0.954188
vn 0.622681 0.206484 0.754740
vn 0.310465 0.346475 0.885193
vn -0.153669 0.042117 0.987224
vn 0.597697 -0.171499 0.783164
vn 0.787625 0.179152 0.589534
vn 0.890887 0.015332 0.453967
vn 0.881847 -0.255529 0.396296
vn 0.890887 0.015332 0.453967
vn 0.787625 0.179152 0.589534
vn 0.680455 0.379818 0.626673
vn 0.856817 0.216083 0.468160
vn 0.310465 0.346475 0.885193
vn 0.680455 0.379818 0.626673
vn 0.534668 0.437426 0.723041
vn 0.255308 0.385382 0.886735
vn 0.935384 0.098112 0.339751
vn 0.856817 0.216083 0.468160
vn 0.680455 0.379818 0.626673
vn 0.811789 0.241510 0.531669
vn 0.622681 0.206484 0.754740
vn 0.811789 0.241510 0.531669
vn 0.680455 0.379818 0.626673
vn 0.310465 0.346475 0.885193
vn -0.881153 -0.261249 0.394105
vn -0.891878 0.013850 0.452064
vn -0.791087 0.178997 0.584929
vn -0.594333 -0.172871 0.785420
vn -0.858620 0.213250 0.466151
vn -0.684010 0.379354 0.623073
vn -0.791087 0.178997 0.584929
vn -0.891878 0.013850 0.452064
vn -0.257238 0.384133 0.886719
vn -0.538710 0.439464 0.718793
vn -0.684010 0.379354 0.623073
vn -0.310369 0.343588 0.886351
vn -0.810408 0.237323 0.535645
vn -0.684010 0.379354 0.623073
vn -0.858620 0.213250 0.466151
vn -0.936935 0.098712 0.335274
vn -0.310369 0.343588 0.886351
vn -0.684010 0.379354 0.623073
vn -0.810408 0.237323 0.535645
vn -0.625589 0.201674 0.753636
vn 0.784915 -0.050697 0.617526
vn 0.806526 0.168468 0.566687
vn 0.787625 0.179152 0.589534
vn 0.597697 -0.171499 0.783164
vn -0.594333 -0.172871 0.785420
vn -0.791087 0.178997 0.584929
vn -0.808250 0.168975 0.564073
vn -0.784632 -0.051200 0.617844
vn 0.981102 -0.064244 0.182513
vn 0.939202 0.133945 0.316162
vn 0.806526 0.168468 0.566687
vn 0.784915 -0.050697 0.617526
vn 0.787625 0.179152 0.589534
vn 0.806526 0.168468 0.566687
vn 0.795923 0.323620 0.511641
vn 0.680455 0.379818 0.626673
vn -0.784632 -0.051200 0.617844
vn -0.808250 0.168975 0.564073
vn -0.938962 0.134793 0.316514
vn -0.981334 -0.065309 0.180881
vn -0.684010 0.379354 0.623073
vn -0.797784 0.323524 0.508796
vn -0.808250 0.168975 0.564073
vn -0.791087 0.178997 0.584929
vn 0.627104 0.437725 0.644311
vn 0.726568 0.649791 0.223317
vn 0.571696 0.794341 0.205390
vn 0.511418 0.538215 0.669907
vn -0.512163 0.538842 0.668833
vn -0.571841 0.794456 0.204542
vn -0.727134 0.649484 0.222367
vn -0.629277 0.437578 0.642290
vn 0.680455 0.379818 0.626673
vn 0.795923 0.323620 0.511641
vn 0.627104 0.437725 0.644311
vn 0.534668 0.437426 0.723041
vn 0.795923 0.323620 0.511641
vn 0.806526 0.168468 0.566687
vn 0.939202 0.133945 0.316162
vn -0.538710 0.439464 0.718793
vn -0.629277 0.437578 0.642290
vn -0.797784 0.323524 0.508796
vn -0.684010 0.379354 0.623073
vn -0.938962 0.134793 0.316514
vn -0.808250 0.168975 0.564073
vn -0.797784 0.323524 0.508796
vn -0.291007 -0.676560 0.676448
vn -0.240657 -0.441412 0.864430
vn -0.745801 -0.453324 0.488138
vn -0.659936 -0.701737 0.268420
vn 0.659265 -0.701711 0.270132
vn 0.744842 -0.453178 0.489734
vn 0.239526 -0.441016 0.864946
vn 0.289883 -0.676149 0.677341
vn -0.666798 -0.016195 -0.745063
vn -0.638088 -0.195034 -0.744852
vn -0.788198 -0.085994 -0.609384
vn -0.802731 0.057389 -0.593574
vn 0.804114 0.057074 -0.591729
vn 0.789919 -0.086458 -0.607085
vn 0.640042 -0.195533 -0.743043
vn 0.668454 -0.016510 -0.743570
vn -0.638088 -0.195034 -0.744852
vn -0.639444 -0.493574 -0.589488
vn -0.873225 -0.304015 -0.380859
vn -0.788198 -0.085994 -0.609384
vn 0.789919 -0.086458 -0.607085
vn 0.874368 -0.304345 -0.377961
vn 0.641120 -0.494191 -0.587146
vn 0.640042 -0.195533 -0.743043
vn -0.639444 -0.493574 -0.589488
vn -0.622400 -0.724962 -0.295039
vn -0.843431 -0.516610 -0.147441
vn -0.873225 -0.304015 -0.380859
vn 0.874368 -0.304345 -0.377961
vn 0.843853 -0.516792 -0.144354
vn 0.623187 -0.725289 -0.292564
vn 0.641120 -0.494191 -0.587146
vn -0.622400 -0.724962 -0.295039
vn -0.582346 -0.794921 -0.170217
vn -0.795416 -0.605682 -0.021507
vn -0.843431 -0.516610 -0.147441
vn -0.582346 -0.794921 -0.170217
vn -0.474644 -0.879784 0.026340
vn -0.659936 -0.701737 0.268420
vn -0.795416 -0.605682 -0.021507
vn 0.843853 -0.516792 -0.144354
vn 0.795414 -0.605768 -0.018989
vn 0.582723 -0.795056 -0.168286
vn 0.623187 -0.725289 -0.292564
vn 0.795414 -0.605768 -0.018989
vn 0.659265 -0.701711 0.270132
vn 0.474468 -0.879839 0.027636
vn 0.582723 -0.795056 -0.168286
vn -0.802731 0.057389 -0.593574
vn -0.788198 -0.085994 -0.609384
vn -0.873225 -0.304015 -0.380859
vn -0.936747 -0.021275 -0.349360
vn 0.937678 -0.021531 -0.346838
vn 0.874368 -0.304345 -0.377961
vn 0.789919 -0.086458 -0.607085
vn 0.804114 0.057074 -0.591729
vn -0.240657 -0.441412 0.864430
vn -0.207558 -0.307404 0.928667
vn -0.730217 -0.266021 0.629298
vn -0.745801 -0.453324 0.488138
vn 0.744842 -0.453178 0.489734
vn 0.729147 -0.265926 0.630578
vn 0.206316 -0.306972 0.929086
vn 0.239526 -0.441016 0.864946
vn -0.658818 0.244920 -0.711318
vn -0.666798 -0.016195 -0.745063
vn -0.802731 0.057389 -0.593574
vn -0.789279 0.218883 -0.573698
vn -0.789279 0.218883 -0.573698
vn -0.802731 0.057389 -0.593574
vn -0.936747 -0.021275 -0.349360
vn -0.912401 0.129743 -0.388189
vn 0.790293 0.218704 -0.572368
vn 0.804114 0.057074 -0.591729
vn 0.668454 -0.016510 -0.743570
vn 0.660081 0.244735 -0.710210
vn 0.913258 0.129543 -0.386235
vn 0.937678 -0.021531 -0.346838
vn 0.804114 0.057074 -0.591729
vn 0.790293 0.218704 -0.572368
vn -0.873225 -0.304015 -0.380859
vn -0.843431 -0.516610 -0.147441
vn -0.971146 -0.230073 -0.062785
vn -0.936747 -0.021275 -0.349360
vn 0.937678 -0.021531 -0.346838
vn 0.971308 -0.230116 -0.060064
vn 0.843853 -0.516792 -0.144354
vn 0.874368 -0.304345 -0.377961
vn -0.795416 -0.605682 -0.021507
vn -0.659936 -0.701737 0.268420
vn -0.745801 -0.453324 0.488138
vn -0.921568 -0.358129 0.149851
vn -0.843431 -0.516610 -0.147441
vn -0.795416 -0.605682 -0.021507
vn -0.921568 -0.358129 0.149851
vn -0.971146 -0.230073 -0.062785
vn 0.921210 -0.358103 0.152102
vn 0.744842 -0.453178 0.489734
vn 0.659265 -0.701711 0.270132
vn 0.795414 -0.605768 -0.018989
vn 0.971308 -0.230116 -0.060064
vn 0.921210 -0.358103 0.152102
vn 0.795414 -0.605768 -0.018989
vn 0.843853 -0.516792 -0.144354
vn -0.571841 0.794456 0.204542
vn -0.556571 0.821875 -0.121453
vn -0.715838 0.694850 -0.068989
vn -0.727134 0.649484 0.222367
vn 0.726568 0.649791 0.223317
vn 0.715961 0.694841 -0.067800
vn 0.556862 0.821796 -0.120648
vn 0.571696 0.794341 0.205390
vn -0.974113 -0.224072 -0.029912
vn -0.981334 -0.065309 0.180881
vn -0.938962 0.134793 0.316514
vn -0.931305 0.027360 0.363211
vn 0.930476 0.026927 0.365361
vn 0.939202 0.133945 0.316162
vn 0.981102 -0.064244 0.182513
vn 0.974275 -0.223822 -0.026312
vn -0.745801 -0.453324 0.488138
vn -0.730217 -0.266021 0.629298
vn -0.940723 -0.203422 0.271402
vn -0.921568 -0.358129 0.149851
vn 0.921210 -0.358103 0.152102
vn 0.940182 -0.203381 0.273303
vn 0.729147 -0.265926 0.630578
vn 0.744842 -0.453178 0.489734
vn -0.971146 -0.230073 -0.062785
vn -0.921568 -0.358129 0.149851
vn -0.940723 -0.203422 0.271402
vn -0.995940 -0.069062 -0.057738
vn -0.936747 -0.021275 -0.349360
vn -0.971146 -0.230073 -0.062785
vn -0.995940 -0.069062 -0.057738
vn -0.912401 0.129743 -0.388189
vn 0.996066 -0.069109 -0.055458
vn 0.940182 -0.203381 0.273303
vn 0.921210 -0.358103 0.152102
vn 0.971308 -0.230116 -0.060064
vn 0.913258 0.129543 -0.386235
vn 0.996066 -0.069109 -0.055458
vn 0.971308 -0.230116 -0.060064
vn 0.937678 -0.021531 -0.346838
vn -0.556571 0.821875 -0.121453
vn -0.559048 0.727943 -0.396945
vn -0.715321 0.588902 -0.376178
vn -0.715838 0.694850 -0.068989
vn 0.715961 0.694841 -0.067800
vn 0.715889 0.588836 -0.375200
vn 0.559548 0.727923 -0.396275
vn 0.556862 0.821796 -0.120648
vn 0.928661 0.254348 0.269992
vn 0.987718 0.151913 0.036548
vn 0.845640 0.456224 -0.277044
vn 0.852639 0.521709 0.028749
vn -0.535003 -0.641404 -0.549884
vn -0.974113 -0.224072 -0.029912
vn -0.931305 0.027360 0.363211
vn -0.794260 -0.287014 0.535513
vn -0.133999 -0.641405 0.755409
vn 0.660557 -0.654901 -0.367109
vn -0.535003 -0.641404 -0.549884
vn -0.794260 -0.287014 0.535513
vn 0.793164 -0.286423 0.537450
vn 0.930476 0.026927 0.365361
vn 0.974275 -0.223822 -0.026312
vn 0.537270 -0.643080 -0.545700
vn 0.793164 -0.286423 0.537450
vn 0.537270 -0.643080 -0.545700
vn -0.659288 -0.655893 -0.367619
vn 0.132521 -0.641354 0.755714
vn -0.629277 0.437578 0.642290
vn -0.727134 0.649484 0.222367
vn -0.844740 0.439755 0.305007
vn -0.797784 0.323524 0.508796
vn -0.715838 0.694850 -0.068989
vn -0.715321 0.588902 -0.376178
vn -0.845143 0.456295 -0.278438
vn -0.852709 0.521671 0.027336
vn -0.852709 0.521671 0.027336
vn -0.845143 0.456295 -0.278438
vn -0.987768 0.152007 0.034771
vn -0.929108 0.254243 0.268551
vn 0.795923 0.323620 0.511641
vn 0.844379 0.439762 0.305995
vn 0.726568 0.649791 0.223317
vn 0.627104 0.437725 0.644311
vn 0.852639 0.521709 0.028749
vn 0.845640 0.456224 -0.277044
vn 0.715889 0.588836 -0.375200
vn 0.715961 0.694841 -0.067800
vn -0.797784 0.323524 0.508796
vn -0.844740 0.439755 0.305007
vn -0.931305 0.027360 0.363211
vn -0.938962 0.134793 0.316514
vn -0.888534 0.135628 0.438306
vn -0.931305 0.027360 0.363211
vn -0.844740 0.439755 0.305007
vn -0.727134 0.649484 0.222367
vn -0.715838 0.694850 -0.068989
vn -0.852709 0.521671 0.027336
vn -0.844740 0.439755 0.305007
vn -0.844740 0.439755 0.305007
vn -0.852709 0.521671 0.027336
vn -0.929108 0.254243 0.268551
vn -0.888534 0.135628 0.438306
vn -0.893269 -0.103765 0.437382
vn -0.888534 0.135628 0.438306
vn -0.929108 0.254243 0.268551
vn -0.987768 0.152007 0.034771
vn -0.794260 -0.287014 0.535513
vn -0.931305 0.027360 0.363211
vn -0.888534 0.135628 0.438306
vn -0.893269 -0.103765 0.437382
vn 0.939202 0.133945 0.316162
vn 0.930476 0.026927 0.365361
vn 0.844379 0.439762 0.305995
vn 0.795923 0.323620 0.511641
vn 0.844379 0.439762 0.305995
vn 0.930476 0.026927 0.365361
vn 0.887569 0.135621 0.440259
vn 0.844379 0.439762 0.305995
vn 0.852639 0.521709 0.028749
vn 0.715961 0.694841 -0.067800
vn 0.726568 0.649791 0.223317
vn 0.887569 0.135621 0.440259
vn 0.928661 0.254348 0.269992
vn 0.852639 0.521709 0.028749
vn 0.844379 0.439762 0.305995
vn 0.987718 0.151913 0.036548
vn 0.928661 0.254348 0.269992
vn 0.887569 0.135621 0.440259
vn 0.892451 -0.103529 0.439106
vn 0.892451 -0.103529 0.439106
vn 0.887569 0.135621 0.440259
vn 0.930476 0.026927 0.365361
vn 0.793164 -0.286423 0.537450
vn -0.559048 0.727943 -0.396945
vn -0.608933 0.494408 -0.620291
vn -0.756712 0.406596 -0.511925
vn -0.715321 0.588902 -0.376178
vn -0.608933 0.494408 -0.620291
vn -0.658818 0.244920 -0.711318
vn -0.789279 0.218883 -0.573698
vn -0.756712 0.406596 -0.511925
vn 0.715889 0.588836 -0.375200
vn 0.757467 0.406494 -0.510888
vn 0.609756 0.494334 -0.619541
vn 0.559548 0.727923 -0.396275
vn 0.757467 0.406494 -0.510888
vn 0.790293 0.218704 -0.572368
vn 0.660081 0.244735 -0.710210
vn 0.609756 0.494334 -0.619541
vn -0.756712 0.406596 -0.511925
vn -0.789279 0.218883 -0.573698
vn -0.912401 0.129743 -0.388189
vn -0.875884 0.301856 -0.376443
vn -0.715321 0.588902 -0.376178
vn -0.756712 0.406596 -0.511925
vn -0.875884 0.301856 -0.376443
vn -0.845143 0.456295 -0.278438
vn 0.876568 0.301747 -0.374936
vn 0.913258 0.129543 -0.386235
vn 0.790293 0.218704 -0.572368
vn 0.757467 0.406494 -0.510888
vn 0.845640 0.456224 -0.277044
vn 0.876568 0.301747 -0.374936
vn 0.757467 0.406494 -0.510888
vn 0.715889 0.588836 -0.375200
vn -0.940723 -0.203422 0.271402
vn -0.906425 -0.118766 0.405324
vn -0.997085 0.076189 -0.004012
vn -0.995940 -0.069062 -0.057738
vn -0.875884 0.301856 -0.376443
vn -0.912401 0.129743 -0.388189
vn -0.995940 -0.069062 -0.057738
vn -0.997085 0.076189 -0.004012
vn -0.845143 0.456295 -0.278438
vn -0.875884 0.301856 -0.376443
vn -0.997085 0.076189 -0.004012
vn -0.987768 0.152007 0.034771
vn 0.996066 -0.069109 -0.055458
vn 0.997089 0.076221 -0.001932
vn 0.905713 -0.118535 0.406981
vn 0.940182 -0.203381 0.273303
vn 0.997089 0.076221 -0.001932
vn 0.996066 -0.069109 -0.055458
vn 0.913258 0.129543 -0.386235
vn 0.876568 0.301747 -0.374936
vn 0.987718 0.151913 0.036548
vn 0.997089 0.076221 -0.001932
vn 0.876568 0.301747 -0.374936
vn 0.845640 0.456224 -0.277044
vn -0.207558 -0.307404 0.928667
vn -0.227096 -0.354840 0.906927
vn -0.674325 -0.237950 0.699046
vn -0.730217 -0.266021 0.629298
vn -0.730217 -0.266021 0.629298
vn -0.674325 -0.237950 0.699046
vn -0.906425 -0.118766 0.405324
vn -0.940723 -0.203422 0.271402
vn -0.227096 -0.354840 0.906927
vn -0.133999 -0.641405 0.755409
vn -0.794260 -0.287014 0.535513
vn -0.674325 -0.237950 0.699046
vn -0.674325 -0.237950 0.699046
vn -0.794260 -0.287014 0.535513
vn -0.893269 -0.103765 0.437382
vn -0.906425 -0.118766 0.405324
vn -0.906425 -0.118766 0.405324
vn -0.893269 -0.103765 0.437382
vn -0.987768 0.152007 0.034771
vn -0.997085 0.076189 -0.004012
vn 0.729147 -0.265926 0.630578
vn 0.673165 -0.237784 0.700220
vn 0.225630 -0.354493 0.907428
vn 0.206316 -0.306972 0.929086
vn 0.940182 -0.203381 0.273303
vn 0.905713 -0.118535 0.406981
vn 0.673165 -0.237784 0.700220
vn 0.729147 -0.265926 0.630578
vn 0.673165 -0.237784 0.700220
vn 0.793164 -0.286423 0.537450
vn 0.132521 -0.641354 0.755714
vn 0.225630 -0.354493 0.907428
vn 0.905713 -0.118535 0.406981
vn 0.892451 -0.103529 0.439106
vn 0.793164 -0.286423 0.537450
vn 0.673165 -0.237784 0.700220
vn 0.997089 0.076221 -0.001932
vn 0.987718 0.151913 0.036548
vn 0.892451 -0.103529 0.439106
vn 0.905713 -0.118535 0.406981
vn 0.799151 -0.590465 -0.112735
vn 0.734705 -0.238521 0.635073
vn 0.878457 -0.465153 0.109299
vn 0.778616 -0.507047 -0.369675
vn -0.777654 -0.510835 -0.366472
vn -0.876175 -0.469332 0.109751
vn -0.730270 -0.240553 0.639406
vn -0.797506 -0.592710 -0.112601
vn -0.505545 0.242665 0.827972
vn -0.588480 0.316144 0.744140
vn -0.722432 0.294667 0.625511
vn -0.766224 -0.089546 0.636303
vn 0.765167 -0.090277 0.637471
vn 0.720594 0.297626 0.626230
vn 0.586493 0.317546 0.745111
vn 0.502399 0.244789 0.829261
vn -0.766224 -0.089546 0.636303
vn -0.722432 0.294667 0.625511
vn -0.626467 0.269492 0.731377
vn -0.483965 -0.284814 0.827441
vn 0.488308 -0.290728 0.822820
vn 0.628053 0.266853 0.730985
vn 0.720594 0.297626 0.626230
vn 0.765167 -0.090277 0.637471
vn -0.483965 -0.284814 0.827441
vn -0.626467 0.269492 0.731377
vn -0.389344 0.284116 0.876179
vn -0.126552 -0.128637 0.983584
vn 0.133494 -0.126681 0.982920
vn 0.387729 0.281174 0.877842
vn 0.628053 0.266853 0.730985
vn 0.488308 -0.290728 0.822820
vn -0.126552 -0.128637 0.983584
vn -0.389344 0.284116 0.876179
vn -0.257238 0.384133 0.886719
vn 0.203035 0.045384 0.978119
vn -0.202917 0.051993 0.977815
vn 0.255308 0.385382 0.886735
vn 0.387729 0.281174 0.877842
vn 0.133494 -0.126681 0.982920
vn 0.468006 0.014708 0.883603
vn 0.203035 0.045384 0.978119
vn -0.257238 0.384133 0.886719
vn -0.310369 0.343588 0.886351
vn 0.734705 -0.238521 0.635073
vn 0.468006 0.014708 0.883603
vn -0.310369 0.343588 0.886351
vn 0.151788 0.040366 0.987588
vn 0.310465 0.346475 0.885193
vn 0.255308 0.385382 0.886735
vn -0.202917 0.051993 0.977815
vn -0.464993 0.014995 0.885188
vn -0.153669 0.042117 0.987224
vn 0.310465 0.346475 0.885193
vn -0.464993 0.014995 0.885188
vn -0.730270 -0.240553 0.639406
vn -0.404393 0.042520 0.913596
vn -0.505545 0.242665 0.827972
vn -0.766224 -0.089546 0.636303
vn -0.742406 -0.062551 0.667024
vn 0.740094 -0.063965 0.669454
vn 0.765167 -0.090277 0.637471
vn 0.502399 0.244789 0.829261
vn 0.402736 0.043108 0.914300
vn -0.245625 -0.949066 -0.197336
vn -0.723587 0.139258 0.676039
vn -0.044547 -0.355066 -0.933779
vn 0.041742 -0.330233 -0.942976
vn 0.721935 0.124985 0.680579
vn 0.224646 -0.939481 -0.258667
vn -0.723587 0.139258 0.676039
vn -0.245625 -0.949066 -0.197336
vn -0.135993 -0.275409 0.951660
vn 0.158831 -0.234434 0.959069
vn 0.224646 -0.939481 -0.258667
vn 0.721935 0.124985 0.680579
vn -0.135993 -0.275409 0.951660
vn -0.242060 -0.124637 0.962223
vn -0.704417 -0.184871 0.685287
vn -0.723587 0.139258 0.676039
vn -0.242060 -0.124637 0.962223
vn -0.404393 0.042520 0.913596
vn -0.742406 -0.062551 0.667024
vn -0.704417 -0.184871 0.685287
vn 0.721935 0.124985 0.680579
vn 0.698009 -0.190738 0.690219
vn 0.243733 -0.128177 0.961335
vn 0.158831 -0.234434 0.959069
vn 0.698009 -0.190738 0.690219
vn 0.740094 -0.063965 0.669454
vn 0.402736 0.043108 0.914300
vn 0.243733 -0.128177 0.961335
vn 0.448141 -0.553437 -0.702052
vn -0.135993 -0.275409 0.951660
vn -0.245625 -0.949066 -0.197336
vn -0.044547 -0.355066 -0.933779
vn 0.041742 -0.330233 -0.942976
vn 0.224646 -0.939481 -0.258667
vn 0.158831 -0.234434 0.959069
vn -0.472807 -0.529317 -0.704470
vn -0.000514 -0.019249 0.999815
vn -0.000835 0.038053 0.999275
vn 0.003420 0.036064 0.999344
vn -0.122874 -0.077060 0.989426
vn -0.122874 -0.077060 0.989426
vn 0.003420 0.036064 0.999344
vn -0.404393 0.042520 0.913596
vn -0.242060 -0.124637 0.962223
vn 0.124484 -0.076423 0.989274
vn -0.002276 0.035602 0.999363
vn -0.000835 0.038053 0.999275
vn -0.000514 -0.019249 0.999815
vn 0.243733 -0.128177 0.961335
vn 0.402736 0.043108 0.914300
vn -0.002276 0.035602 0.999363
vn 0.124484 -0.076423 0.989274
vn -0.000533 -0.059938 0.998202
vn -0.000514 -0.019249 0.999815
vn -0.122874 -0.077060 0.989426
vn -0.642235 -0.254996 0.722850
vn 0.642624 -0.253915 0.722884
vn 0.124484 -0.076423 0.989274
vn -0.000514 -0.019249 0.999815
vn -0.000533 -0.059938 0.998202
vn -0.000529 -0.335210 0.942143
vn -0.000533 -0.059938 0.998202
vn -0.642235 -0.254996 0.722850
vn -0.788822 -0.360763 0.497604
vn 0.788306 -0.360742 0.498437
vn 0.642624 -0.253915 0.722884
vn -0.000533 -0.059938 0.998202
vn -0.000529 -0.335210 0.942143
vn 0.000363 -0.432104 -0.901824
vn 0.788306 -0.360742 0.498437
vn -0.000529 -0.335210 0.942143
vn -0.788822 -0.360763 0.497604
vn 0.482294 -0.204132 -0.851893
vn 0.642624 -0.253915 0.722884
vn 0.788306 -0.360742 0.498437
vn 0.000363 -0.432104 -0.901824
vn 0.000363 -0.432104 -0.901824
vn -0.788822 -0.360763 0.497604
vn -0.642235 -0.254996 0.722850
vn -0.480395 -0.207671 -0.852111
vn 0.537137 -0.305868 -0.786084
vn 0.124484 -0.076423 0.989274
vn 0.642624 -0.253915 0.722884
vn 0.482294 -0.204132 -0.851893
vn -0.480395 -0.207671 -0.852111
vn -0.642235 -0.254996 0.722850
vn -0.122874 -0.077060 0.989426
vn -0.536914 -0.305410 -0.786415
vn 0.001697 -0.173929 -0.984757
vn 0.482294 -0.204132 -0.851893
vn 0.000363 -0.432104 -0.901824
vn -0.480395 -0.207671 -0.852111
vn -0.472807 -0.529317 -0.704470
vn 0.158831 -0.234434 0.959069
vn 0.243733 -0.128177 0.961335
vn 0.066143 -0.494241 -0.866805
vn -0.064409 -0.493562 -0.867322
vn -0.242060 -0.124637 0.962223
vn -0.135993 -0.275409 0.951660
vn 0.448141 -0.553437 -0.702052
vn 0.002924 -0.183571 -0.983002
vn 0.001697 -0.173929 -0.984757
vn -0.480395 -0.207671 -0.852111
vn -0.536914 -0.305410 -0.786415
vn 0.537137 -0.305868 -0.786084
vn 0.482294 -0.204132 -0.851893
vn 0.001697 -0.173929 -0.984757
vn 0.002924 -0.183571 -0.983002
vn 0.698009 -0.190738 0.690219
vn 0.721935 0.124985 0.680579
vn 0.041742 -0.330233 -0.942976
vn 0.236368 -0.464777 -0.853295
vn 0.236368 -0.464777 -0.853295
vn 0.041742 -0.330233 -0.942976
vn -0.472807 -0.529317 -0.704470
vn 0.066143 -0.494241 -0.866805
vn 0.066143 -0.494241 -0.866805
vn 0.243733 -0.128177 0.961335
vn 0.124484 -0.076423 0.989274
vn 0.537137 -0.305868 -0.786084
vn -0.536914 -0.305410 -0.786415
vn -0.122874 -0.077060 0.989426
vn -0.242060 -0.124637 0.962223
vn -0.064409 -0.493562 -0.867322
vn -0.233202 -0.458268 -0.857676
vn -0.044547 -0.355066 -0.933779
vn -0.723587 0.139258 0.676039
vn -0.704417 -0.184871 0.685287
vn -0.064409 -0.493562 -0.867322
vn 0.448141 -0.553437 -0.702052
vn -0.044547 -0.355066 -0.933779
vn -0.233202 -0.458268 -0.857676
vn 0.498725 -0.770076 -0.397813
vn 0.740094 -0.063965 0.669454
vn 0.698009 -0.190738 0.690219
vn 0.236368 -0.464777 -0.853295
vn -0.233202 -0.458268 -0.857676
vn -0.704417 -0.184871 0.685287
vn -0.742406 -0.062551 0.667024
vn -0.503318 -0.764934 -0.401929
vn 0.236368 -0.464777 -0.853295
vn 0.066143 -0.494241 -0.866805
vn 0.001911 -0.443311 -0.896366
vn 0.119720 -0.476942 -0.870743
vn 0.066143 -0.494241 -0.866805
vn 0.537137 -0.305868 -0.786084
vn 0.002924 -0.183571 -0.983002
vn 0.001911 -0.443311 -0.896366
vn 0.001911 -0.443311 -0.896366
vn 0.002924 -0.183571 -0.983002
vn -0.536914 -0.305410 -0.786415
vn -0.064409 -0.493562 -0.867322
vn 0.001911 -0.443311 -0.896366
vn -0.064409 -0.493562 -0.867322
vn -0.233202 -0.458268 -0.857676
vn -0.116760 -0.473809 -0.872853
vn 0.498725 -0.770076 -0.397813
vn 0.236368 -0.464777 -0.853295
vn 0.119720 -0.476942 -0.870743
vn 0.071566 -0.935054 -0.347208
vn -0.071371 -0.934043 -0.349957
vn -0.116760 -0.473809 -0.872853
vn -0.233202 -0.458268 -0.857676
vn -0.503318 -0.764934 -0.401929
vn -0.000264 -0.921054 -0.389434
vn 0.001911 -0.443311 -0.896366
vn -0.116760 -0.473809 -0.872853
vn -0.071371 -0.934043 -0.349957
vn 0.071566 -0.935054 -0.347208
vn 0.119720 -0.476942 -0.870743
vn 0.001911 -0.443311 -0.896366
vn -0.000264 -0.921054 -0.389434
vn -0.797506 -0.592710 -0.112601
vn -0.730270 -0.240553 0.639406
vn -0.464993 0.014995 0.885188
vn -0.736343 -0.579097 0.349923
vn 0.736212 -0.579780 0.349067
vn 0.468006 0.014708 0.883603
vn 0.734705 -0.238521 0.635073
vn 0.799151 -0.590465 -0.112735
vn -0.229076 -0.726633 0.647710
vn -0.400545 -0.820267 0.408322
vn 0.143873 -0.593133 0.792145
vn 0.104403 -0.433419 0.895124
vn -0.104841 -0.433843 0.894868
vn -0.144054 -0.593302 0.791985
vn 0.399390 -0.820759 0.408462
vn 0.228227 -0.726004 0.648714
vn -0.647854 -0.647738 -0.400900
vn -0.777654 -0.510835 -0.366472
vn -0.797506 -0.592710 -0.112601
vn -0.659063 -0.750641 -0.046624
vn -0.725830 -0.676243 -0.125959
vn -0.647854 -0.647738 -0.400900
vn -0.659063 -0.750641 -0.046624
vn -0.400545 -0.820267 0.408322
vn -0.400545 -0.820267 0.408322
vn -0.659063 -0.750641 -0.046624
vn -0.294960 -0.770127 0.565599
vn 0.143873 -0.593133 0.792145
vn 0.658740 -0.750782 -0.048868
vn 0.799151 -0.590465 -0.112735
vn 0.778616 -0.507047 -0.369675
vn 0.642185 -0.647877 -0.409700
vn 0.399390 -0.820759 0.408462
vn 0.658740 -0.750782 -0.048868
vn 0.642185 -0.647877 -0.409700
vn 0.724340 -0.678106 -0.124515
vn -0.144054 -0.593302 0.791985
vn 0.294147 -0.769725 0.566569
vn 0.658740 -0.750782 -0.048868
vn 0.399390 -0.820759 0.408462
vn -0.736343 -0.579097 0.349923
vn -0.464993 0.014995 0.885188
vn -0.202917 0.051993 0.977815
vn -0.275442 -0.521347 0.807669
vn 0.274759 -0.524880 0.805611
vn 0.203035 0.045384 0.978119
vn 0.468006 0.014708 0.883603
vn 0.736212 -0.579780 0.349067
vn -0.022499 -0.393630 0.918994
vn 0.104403 -0.433419 0.895124
vn 0.143873 -0.593133 0.792145
vn 0.189561 -0.491054 0.850255
vn -0.189609 -0.491229 0.850142
vn -0.144054 -0.593302 0.791985
vn -0.104841 -0.433843 0.894868
vn 0.021860 -0.393954 0.918870
vn -0.659063 -0.750641 -0.046624
vn -0.797506 -0.592710 -0.112601
vn -0.736343 -0.579097 0.349923
vn -0.294960 -0.770127 0.565599
vn 0.294147 -0.769725 0.566569
vn 0.736212 -0.579780 0.349067
vn 0.799151 -0.590465 -0.112735
vn 0.658740 -0.750782 -0.048868
vn -0.275442 -0.521347 0.807669
vn -0.202917 0.051993 0.977815
vn 0.133494 -0.126681 0.982920
vn 0.042124 -0.484842 0.873587
vn -0.038093 -0.486924 0.872613
vn -0.126552 -0.128637 0.983584
vn 0.203035 0.045384 0.978119
vn 0.274759 -0.524880 0.805611
vn -0.294960 -0.770127 0.565599
vn -0.736343 -0.579097 0.349923
vn -0.275442 -0.521347 0.807669
vn 0.065645 -0.578123 0.813305
vn -0.066842 -0.578473 0.812958
vn 0.274759 -0.524880 0.805611
vn 0.736212 -0.579780 0.349067
vn 0.294147 -0.769725 0.566569
vn 0.042124 -0.484842 0.873587
vn 0.133494 -0.126681 0.982920
vn 0.488308 -0.290728 0.822820
vn 0.179944 -0.566814 0.803954
vn -0.177149 -0.566540 0.804768
vn -0.483965 -0.284814 0.827441
vn -0.126552 -0.128637 0.983584
vn -0.038093 -0.486924 0.872613
vn 0.179944 -0.566814 0.803954
vn 0.488308 -0.290728 0.822820
vn 0.765167 -0.090277 0.637471
vn 0.208142 -0.800846 0.561536
vn 0.765167 -0.090277 0.637471
vn 0.740094 -0.063965 0.669454
vn 0.498725 -0.770076 -0.397813
vn 0.208142 -0.800846 0.561536
vn -0.207870 -0.799378 0.563724
vn -0.766224 -0.089546 0.636303
vn -0.483965 -0.284814 0.827441
vn -0.177149 -0.566540 0.804768
vn -0.207870 -0.799378 0.563724
vn -0.503318 -0.764934 -0.401929
vn -0.742406 -0.062551 0.667024
vn -0.766224 -0.089546 0.636303
vn 0.136204 -0.501352 0.854456
vn 0.179944 -0.566814 0.803954
vn 0.208142 -0.800846 0.561536
vn 0.120492 -0.569891 0.812838
vn -0.121031 -0.569547 0.812999
vn -0.207870 -0.799378 0.563724
vn -0.177149 -0.566540 0.804768
vn -0.133690 -0.501812 0.854583
vn 0.208142 -0.800846 0.561536
vn 0.498725 -0.770076 -0.397813
vn 0.071566 -0.935054 -0.347208
vn 0.052928 -0.808052 0.586729
vn -0.053139 -0.807787 0.587075
vn -0.071371 -0.934043 -0.349957
vn -0.503318 -0.764934 -0.401929
vn -0.207870 -0.799378 0.563724
vn 0.120492 -0.569891 0.812838
vn 0.208142 -0.800846 0.561536
vn 0.052928 -0.808052 0.586729
vn 0.069388 -0.533777 0.842774
vn -0.069500 -0.531025 0.844501
vn -0.053139 -0.807787 0.587075
vn -0.207870 -0.799378 0.563724
vn -0.121031 -0.569547 0.812999
vn 0.052928 -0.808052 0.586729
vn 0.071566 -0.935054 -0.347208
vn -0.000264 -0.921054 -0.389434
vn -0.000688 -0.707506 0.706707
vn -0.000688 -0.707506 0.706707
vn -0.000264 -0.921054 -0.389434
vn -0.071371 -0.934043 -0.349957
vn -0.053139 -0.807787 0.587075
vn -0.110707 -0.449227 0.886532
vn -0.000688 -0.707506 0.706707
vn -0.053139 -0.807787 0.587075
vn -0.069500 -0.531025 0.844501
vn 0.069388 -0.533777 0.842774
vn 0.052928 -0.808052 0.586729
vn -0.000688 -0.707506 0.706707
vn 0.109372 -0.451808 0.885386
vn 0.109372 -0.451808 0.885386
vn -0.000688 -0.707506 0.706707
vn -0.110707 -0.449227 0.886532
vn -0.000249 -0.358778 0.933423
vn -0.170531 -0.518125 0.838132
vn -0.038093 -0.486924 0.872613
vn 0.274759 -0.524880 0.805611
vn -0.066842 -0.578473 0.812958
vn -0.133690 -0.501812 0.854583
vn -0.177149 -0.566540 0.804768
vn -0.038093 -0.486924 0.872613
vn -0.170531 -0.518125 0.838132
vn 0.065645 -0.578123 0.813305
vn -0.275442 -0.521347 0.807669
vn 0.042124 -0.484842 0.873587
vn 0.170244 -0.517838 0.838368
vn 0.170244 -0.517838 0.838368
vn 0.042124 -0.484842 0.873587
vn 0.179944 -0.566814 0.803954
vn 0.136204 -0.501352 0.854456
vn -0.189609 -0.491229 0.850142
vn -0.066842 -0.578473 0.812958
vn 0.294147 -0.769725 0.566569
vn -0.144054 -0.593302 0.791985
vn 0.143873 -0.593133 0.792145
vn -0.294960 -0.770127 0.565599
vn 0.065645 -0.578123 0.813305
vn 0.189561 -0.491054 0.850255
vn -0.226060 -0.557926 0.798508
vn -0.170531 -0.518125 0.838132
vn -0.066842 -0.578473 0.812958
vn -0.189609 -0.491229 0.850142
vn 0.189561 -0.491054 0.850255
vn 0.065645 -0.578123 0.813305
vn 0.170244 -0.517838 0.838368
vn 0.225958 -0.557878 0.798570
vn -0.024494 -0.513737 0.857598
vn -0.189609 -0.491229 0.850142
vn 0.021860 -0.393954 0.918870
vn 0.162449 -0.386575 0.907838
vn -0.162994 -0.385991 0.907989
vn -0.022499 -0.393630 0.918994
vn 0.189561 -0.491054 0.850255
vn 0.024370 -0.513538 0.857721
vn -0.141123 -0.631665 0.762288
vn -0.226060 -0.557926 0.798508
vn -0.189609 -0.491229 0.850142
vn -0.024494 -0.513737 0.857598
vn 0.024370 -0.513538 0.857721
vn 0.189561 -0.491054 0.850255
vn 0.225958 -0.557878 0.798570
vn 0.141272 -0.631605 0.762310
vn 0.096330 -0.491763 0.865384
vn -0.024494 -0.513737 0.857598
vn 0.162449 -0.386575 0.907838
vn 0.207880 -0.363753 0.908003
vn 0.122096 -0.410102 0.903830
vn 0.096330 -0.491763 0.865384
vn 0.207880 -0.363753 0.908003
vn 0.198022 -0.415293 0.887873
vn -0.208568 -0.362776 0.908236
vn -0.162994 -0.385991 0.907989
vn 0.024370 -0.513538 0.857721
vn -0.096286 -0.490929 0.865862
vn -0.198728 -0.414386 0.888139
vn -0.208568 -0.362776 0.908236
vn -0.096286 -0.490929 0.865862
vn -0.122333 -0.409018 0.904289
vn 0.239692 -0.588919 0.771831
vn 0.098743 -0.445840 0.889650
vn 0.122096 -0.410102 0.903830
vn 0.198022 -0.415293 0.887873
vn 0.098743 -0.445840 0.889650
vn -0.043884 -0.618782 0.784336
vn 0.096330 -0.491763 0.865384
vn 0.122096 -0.410102 0.903830
vn 0.156875 -0.603146 0.782052
vn 0.121969 -0.466240 0.876210
vn 0.098743 -0.445840 0.889650
vn 0.239692 -0.588919 0.771831
vn -0.043884 -0.618782 0.784336
vn -0.141123 -0.631665 0.762288
vn -0.024494 -0.513737 0.857598
vn 0.096330 -0.491763 0.865384
vn -0.198728 -0.414386 0.888139
vn -0.122333 -0.409018 0.904289
vn -0.098981 -0.445137 0.889975
vn -0.240409 -0.588445 0.771969
vn -0.122333 -0.409018 0.904289
vn -0.096286 -0.490929 0.865862
vn 0.044114 -0.618373 0.784645
vn -0.098981 -0.445137 0.889975
vn -0.240409 -0.588445 0.771969
vn -0.098981 -0.445137 0.889975
vn -0.121991 -0.465901 0.876387
vn -0.156911 -0.602755 0.782346
vn -0.096286 -0.490929 0.865862
vn 0.024370 -0.513538 0.857721
vn 0.141272 -0.631605 0.762310
vn 0.044114 -0.618373 0.784645
vn 0.309126 0.142682 0.940257
vn 0.309126 0.142682 0.940257
vn 0.309126 0.142682 0.940257
vn 0.309126 0.142682 0.940257
vn -0.058128 0.436743 0.897706
vn -0.022088 0.059335 0.997994
vn -0.572302 0.082863 0.815846
vn -0.446586 0.450702 0.772935
vn -0.002423 -0.041203 0.999148
vn -0.000169 -0.009482 0.999955
vn -0.512464 0.001701 0.858707
vn -0.562699 -0.036559 0.825853
vn -0.022088 0.059335 0.997994
vn -0.002423 -0.041203 0.999148
vn -0.562699 -0.036559 0.825853
vn -0.572302 0.082863 0.815846
vn 0.560667 -0.035882 0.827264
vn 0.512209 0.001894 0.858859
vn -0.000169 -0.009482 0.999955
vn -0.002423 -0.041203 0.999148
vn 0.551444 0.086221 0.829744
vn 0.560667 -0.035882 0.827264
vn -0.002423 -0.041203 0.999148
vn -0.022088 0.059335 0.997994
vn 0.914416 -0.038759 0.402916
vn 0.893726 0.019711 0.448180
vn 0.512209 0.001894 0.858859
vn 0.560667 -0.035882 0.827264
vn -0.562699 -0.036559 0.825853
vn -0.512464 0.001701 0.858707
vn -0.894093 0.019414 0.447461
vn -0.918486 -0.039056 0.393521
vn -0.090761 0.432412 0.897096
vn -0.058128 0.436743 0.897706
vn -0.446586 0.450702 0.772935
vn -0.376731 0.435827 0.817392
vn 0.171918 0.463069 0.869489
vn 0.359977 0.461747 0.810683
vn -0.058128 0.436743 0.897706
vn -0.090761 0.432412 0.897096
vn -0.106132 0.239958 0.964964
vn -0.090761 0.432412 0.897096
vn -0.376731 0.435827 0.817392
vn -0.366602 0.229334 0.901670
vn 0.124698 0.217400 0.968084
vn 0.171918 0.463069 0.869489
vn -0.090761 0.432412 0.897096
vn -0.106132 0.239958 0.964964
vn -0.366602 0.229334 0.901670
vn -0.376731 0.435827 0.817392
vn -0.662473 0.418806 0.621073
vn -0.679870 0.149213 0.717992
vn 0.351709 0.180669 0.918509
vn 0.393610 0.478274 0.785064
vn 0.171918 0.463069 0.869489
vn 0.124698 0.217400 0.968084
vn -0.679870 0.149213 0.717992
vn -0.662473 0.418806 0.621073
vn -0.748569 0.396877 0.531163
vn -0.804207 0.028276 0.593677
vn 0.493012 0.039825 0.869111
vn 0.424767 0.459367 0.780099
vn 0.393610 0.478274 0.785064
vn 0.351709 0.180669 0.918509
vn 0.402260 -0.545003 0.735635
vn 0.058653 -0.265371 0.962361
vn -0.263052 -0.014607 0.964671
vn -0.036821 -0.192478 0.980610
vn 0.026298 -0.592849 0.804884
vn 0.263755 -0.460990 0.847303
vn -0.058575 -0.538951 0.840298
vn -0.414710 -0.733079 0.539083
vn -0.036821 -0.192478 0.980610
vn -0.263052 -0.014607 0.964671
vn -0.732109 0.060142 0.678527
vn -0.717243 -0.053473 0.694769
vn 0.233739 -0.472273 0.849897
vn 0.269543 -0.262186 0.926609
vn -0.656841 -0.275949 0.701720
vn -0.562453 -0.456167 0.689607
vn 0.708637 -0.367957 0.602031
vn 0.731108 -0.281922 0.621291
vn 0.263755 -0.460990 0.847303
vn 0.026298 -0.592849 0.804884
vn 0.545565 -0.702584 0.456875
vn 0.640693 -0.550465 0.535257
vn -0.291382 -0.623021 0.725908
vn -0.254773 -0.777763 0.574609
vn 0.173434 -0.226225 0.958511
vn -0.036821 -0.192478 0.980610
vn -0.717243 -0.053473 0.694769
vn -0.652170 -0.191044 0.733605
vn 0.269543 -0.262186 0.926609
vn 0.173434 -0.226225 0.958511
vn -0.652170 -0.191044 0.733605
vn -0.656841 -0.275949 0.701720
vn 0.638343 -0.496847 0.587929
vn 0.708637 -0.367957 0.602031
vn 0.026298 -0.592849 0.804884
vn -0.191900 -0.612880 0.766520
vn 0.640693 -0.550465 0.535257
vn 0.638343 -0.496847 0.587929
vn -0.191900 -0.612880 0.766520
vn -0.291382 -0.623021 0.725908
vn -0.009438 -0.900025 0.435736
vn -0.003613 -0.469133 0.883120
vn 0.058653 -0.265371 0.962361
vn 0.402260 -0.545003 0.735635
vn -0.414710 -0.733079 0.539083
vn -0.058575 -0.538951 0.840298
vn -0.003613 -0.469133 0.883120
vn -0.009438 -0.900025 0.435736
vn -0.009438 -0.900025 0.435736
vn -0.008847 -0.983338 -0.181570
vn -0.760549 -0.624473 -0.177762
vn 0.750265 -0.661113 0.005656
vn -0.008847 -0.983338 -0.181570
vn -0.009438 -0.900025 0.435736
vn 0.907683 0.118126 0.402689
vn 0.914416 -0.038759 0.402916
vn 0.560667 -0.035882 0.827264
vn 0.551444 0.086221 0.829744
vn -0.572302 0.082863 0.815846
vn -0.562699 -0.036559 0.825853
vn -0.918486 -0.039056 0.393521
vn -0.936521 0.115283 0.331116
vn 0.393610 0.478274 0.785064
vn 0.602948 0.606878 0.517834
vn 0.359977 0.461747 0.810683
vn 0.171918 0.463069 0.869489
vn -0.376731 0.435827 0.817392
vn -0.446586 0.450702 0.772935
vn -0.714425 0.590968 0.374638
vn -0.662473 0.418806 0.621073
vn 0.479787 0.058465 -0.875435
vn 0.468123 0.010167 -0.883605
vn 0.001191 0.009221 -0.999957
vn 0.000228 0.066084 -0.997814
vn 0.000228 0.066084 -0.997814
vn 0.001191 0.009221 -0.999957
vn -0.464499 0.010897 -0.885507
vn -0.479242 0.059266 -0.875679
vn 0.010179 0.004212 -0.999939
vn 0.052536 0.372135 -0.926690
vn -0.272854 0.417435 -0.866775
vn -0.462694 0.020000 -0.886293
vn 0.495792 0.016929 -0.868276
vn 0.396263 0.397296 -0.827726
vn 0.052536 0.372135 -0.926690
vn 0.010179 0.004212 -0.999939
vn 0.468123 0.010167 -0.883605
vn 0.495792 0.016929 -0.868276
vn 0.010179 0.004212 -0.999939
vn 0.001191 0.009221 -0.999957
vn 0.001191 0.009221 -0.999957
vn 0.010179 0.004212 -0.999939
vn -0.462694 0.020000 -0.886293
vn -0.464499 0.010897 -0.885507
vn 0.052536 0.372135 -0.926690
vn 0.112448 0.367386 -0.923246
vn -0.155216 0.402457 -0.902184
vn -0.272854 0.417435 -0.866775
vn 0.396263 0.397296 -0.827726
vn 0.400875 0.363817 -0.840795
vn 0.112448 0.367386 -0.923246
vn 0.052536 0.372135 -0.926690
vn 0.602948 0.606878 0.517834
vn 0.907683 0.118126 0.402689
vn 0.551444 0.086221 0.829744
vn 0.359977 0.461747 0.810683
vn -0.446586 0.450702 0.772935
vn -0.572302 0.082863 0.815846
vn -0.936521 0.115283 0.331116
vn -0.714425 0.590968 0.374638
vn 0.424767 0.459367 0.780099
vn 0.539194 0.751143 0.380860
vn 0.602948 0.606878 0.517834
vn 0.393610 0.478274 0.785064
vn -0.662473 0.418806 0.621073
vn -0.714425 0.590968 0.374638
vn -0.662888 0.727725 0.176058
vn -0.748569 0.396877 0.531163
vn -0.191900 -0.612880 0.766520
vn 0.026298 -0.592849 0.804884
vn -0.414710 -0.733079 0.539083
vn -0.830940 -0.525350 0.183155
vn -0.830940 -0.525350 0.183155
vn -0.414710 -0.733079 0.539083
vn -0.009438 -0.900025 0.435736
vn -0.760549 -0.624473 -0.177762
vn 0.821151 -0.418280 0.388268
vn 0.402260 -0.545003 0.735635
vn -0.036821 -0.192478 0.980610
vn 0.173434 -0.226225 0.958511
vn 0.750265 -0.661113 0.005656
vn -0.009438 -0.900025 0.435736
vn 0.402260 -0.545003 0.735635
vn 0.821151 -0.418280 0.388268
vn -0.291382 -0.623021 0.725908
vn -0.191900 -0.612880 0.766520
vn -0.830940 -0.525350 0.183155
vn -0.909566 -0.392226 0.137289
vn 0.902398 -0.301618 0.307740
vn 0.821151 -0.418280 0.388268
vn 0.173434 -0.226225 0.958511
vn 0.269543 -0.262186 0.926609
vn -0.254773 -0.777763 0.574609
vn -0.291382 -0.623021 0.725908
vn -0.909566 -0.392226 0.137289
vn -0.817675 -0.571909 0.065779
vn 0.810422 -0.492225 0.317697
vn 0.902398 -0.301618 0.307740
vn 0.269543 -0.262186 0.926609
vn 0.233739 -0.472273 0.849897
vn 0.793258 -0.474822 -0.381163
vn 0.810422 -0.492225 0.317697
vn 0.584635 -0.801216 0.127496
vn 0.608223 -0.670546 -0.424774
vn -0.126622 -0.987216 0.096805
vn -0.254773 -0.777763 0.574609
vn -0.817675 -0.571909 0.065779
vn -0.584920 -0.778637 -0.227142
vn 0.584635 -0.801216 0.127496
vn 0.810422 -0.492225 0.317697
vn 0.233739 -0.472273 0.849897
vn 0.117136 -0.861862 0.493430
vn 0.381071 -0.921221 0.078333
vn 0.545565 -0.702584 0.456875
vn -0.254773 -0.777763 0.574609
vn -0.126622 -0.987216 0.096805
vn 0.117136 -0.861862 0.493430
vn 0.233739 -0.472273 0.849897
vn -0.562453 -0.456167 0.689607
vn -0.389208 -0.811859 0.435203
vn 0.737790 -0.666539 -0.106735
vn 0.874123 -0.485484 -0.014662
vn 0.545565 -0.702584 0.456875
vn 0.381071 -0.921221 0.078333
vn -0.389208 -0.811859 0.435203
vn -0.562453 -0.456167 0.689607
vn -0.877722 -0.448858 0.167724
vn -0.739389 -0.655054 0.155592
vn 0.874123 -0.485484 -0.014662
vn 0.931441 -0.361814 0.038849
vn 0.640693 -0.550465 0.535257
vn 0.545565 -0.702584 0.456875
vn -0.562453 -0.456167 0.689607
vn -0.656841 -0.275949 0.701720
vn -0.936042 -0.307007 0.171965
vn -0.877722 -0.448858 0.167724
vn 0.931441 -0.361814 0.038849
vn 0.949438 -0.302145 0.085301
vn 0.638343 -0.496847 0.587929
vn 0.640693 -0.550465 0.535257
vn -0.656841 -0.275949 0.701720
vn -0.652170 -0.191044 0.733605
vn -0.954376 -0.224543 0.196843
vn -0.936042 -0.307007 0.171965
vn 0.978694 -0.145150 0.145220
vn 0.982785 -0.055067 0.176354
vn 0.731108 -0.281922 0.621291
vn 0.708637 -0.367957 0.602031
vn 0.949438 -0.302145 0.085301
vn 0.978694 -0.145150 0.145220
vn 0.708637 -0.367957 0.602031
vn 0.638343 -0.496847 0.587929
vn -0.717243 -0.053473 0.694769
vn -0.732109 0.060142 0.678527
vn -0.981705 0.055282 0.182204
vn -0.980825 -0.047435 0.189029
vn -0.652170 -0.191044 0.733605
vn -0.717243 -0.053473 0.694769
vn -0.980825 -0.047435 0.189029
vn -0.954376 -0.224543 0.196843
vn -0.181244 -0.584522 -0.790876
vn -0.126622 -0.987216 0.096805
vn -0.584920 -0.778637 -0.227142
vn -0.594361 -0.432525 -0.677980
vn 0.260648 -0.644246 -0.719034
vn 0.381071 -0.921221 0.078333
vn -0.126622 -0.987216 0.096805
vn -0.181244 -0.584522 -0.790876
vn 0.608223 -0.670546 -0.424774
vn 0.584635 -0.801216 0.127496
vn 0.117136 -0.861862 0.493430
vn 0.198638 -0.855295 -0.478553
vn 0.198638 -0.855295 -0.478553
vn 0.117136 -0.861862 0.493430
vn -0.389208 -0.811859 0.435203
vn -0.245847 -0.883034 -0.399763
vn -0.594361 -0.432525 -0.677980
vn -0.584920 -0.778637 -0.227142
vn -0.817675 -0.571909 0.065779
vn -0.783387 -0.266198 -0.561644
vn 0.469134 -0.425491 -0.773867
vn 0.737790 -0.666539 -0.106735
vn 0.381071 -0.921221 0.078333
vn 0.260648 -0.644246 -0.719034
vn -0.245847 -0.883034 -0.399763
vn -0.389208 -0.811859 0.435203
vn -0.739389 -0.655054 0.155592
vn -0.453886 -0.709295 -0.539340
vn 0.576561 -0.263368 -0.773443
vn 0.874123 -0.485484 -0.014662
vn 0.737790 -0.666539 -0.106735
vn 0.469134 -0.425491 -0.773867
vn -0.453886 -0.709295 -0.539340
vn -0.739389 -0.655054 0.155592
vn -0.877722 -0.448858 0.167724
vn -0.565147 -0.565981 -0.600228
vn -0.194276 -0.252971 -0.947767
vn -0.181244 -0.584522 -0.790876
vn -0.594361 -0.432525 -0.677980
vn -0.783387 -0.266198 -0.561644
vn 0.469134 -0.425491 -0.773867
vn 0.260648 -0.644246 -0.719034
vn -0.181244 -0.584522 -0.790876
vn -0.194276 -0.252971 -0.947767
vn 0.793258 -0.474822 -0.381163
vn 0.608223 -0.670546 -0.424774
vn 0.198638 -0.855295 -0.478553
vn 0.215522 -0.620789 -0.753771
vn 0.215522 -0.620789 -0.753771
vn 0.198638 -0.855295 -0.478553
vn -0.245847 -0.883034 -0.399763
vn -0.453886 -0.709295 -0.539340
vn -0.783387 -0.266198 -0.561644
vn -0.817675 -0.571909 0.065779
vn -0.909566 -0.392226 0.137289
vn -0.781803 -0.172298 -0.599247
vn 0.576561 -0.263368 -0.773443
vn 0.469134 -0.425491 -0.773867
vn -0.194276 -0.252971 -0.947767
vn -0.110879 -0.164038 -0.980203
vn 0.788924 -0.413754 -0.454319
vn 0.902398 -0.301618 0.307740
vn 0.810422 -0.492225 0.317697
vn 0.793258 -0.474822 -0.381163
vn 0.128085 -0.562727 -0.816659
vn 0.215522 -0.620789 -0.753771
vn -0.453886 -0.709295 -0.539340
vn -0.565147 -0.565981 -0.600228
vn -0.110879 -0.164038 -0.980203
vn -0.194276 -0.252971 -0.947767
vn -0.783387 -0.266198 -0.561644
vn -0.781803 -0.172298 -0.599247
vn 0.788924 -0.413754 -0.454319
vn 0.793258 -0.474822 -0.381163
vn 0.215522 -0.620789 -0.753771
vn 0.128085 -0.562727 -0.816659
vn 0.630481 -0.191563 -0.752195
vn 0.931441 -0.361814 0.038849
vn 0.874123 -0.485484 -0.014662
vn 0.576561 -0.263368 -0.773443
vn -0.565147 -0.565981 -0.600228
vn -0.877722 -0.448858 0.167724
vn -0.936042 -0.307007 0.171965
vn -0.624656 -0.495758 -0.603349
vn 0.630481 -0.191563 -0.752195
vn 0.576561 -0.263368 -0.773443
vn -0.110879 -0.164038 -0.980203
vn -0.109100 -0.175711 -0.978378
vn 0.117518 -0.582612 -0.804209
vn 0.128085 -0.562727 -0.816659
vn -0.565147 -0.565981 -0.600228
vn -0.624656 -0.495758 -0.603349
vn -0.822726 -0.106926 -0.558291
vn -0.780790 -0.223331 -0.583516
vn -0.980825 -0.047435 0.189029
vn -0.981705 0.055282 0.182204
vn 0.691753 -0.162570 -0.703597
vn 0.949438 -0.302145 0.085301
vn 0.931441 -0.361814 0.038849
vn 0.630481 -0.191563 -0.752195
vn 0.978694 -0.145150 0.145220
vn 0.949438 -0.302145 0.085301
vn 0.691753 -0.162570 -0.703597
vn 0.780516 0.058711 -0.622373
vn -0.624656 -0.495758 -0.603349
vn -0.936042 -0.307007 0.171965
vn -0.954376 -0.224543 0.196843
vn -0.691265 -0.451905 -0.563857
vn -0.780790 -0.223331 -0.583516
vn -0.691265 -0.451905 -0.563857
vn -0.954376 -0.224543 0.196843
vn -0.980825 -0.047435 0.189029
vn 0.691753 -0.162570 -0.703597
vn 0.630481 -0.191563 -0.752195
vn -0.109100 -0.175711 -0.978378
vn 0.014457 -0.170401 -0.985269
vn -0.012421 -0.589080 -0.807980
vn 0.117518 -0.582612 -0.804209
vn -0.624656 -0.495758 -0.603349
vn -0.691265 -0.451905 -0.563857
vn -0.765669 -0.257965 -0.589240
vn -0.781803 -0.172298 -0.599247
vn -0.909566 -0.392226 0.137289
vn -0.830940 -0.525350 0.183155
vn -0.109100 -0.175711 -0.978378
vn -0.110879 -0.164038 -0.980203
vn -0.781803 -0.172298 -0.599247
vn -0.765669 -0.257965 -0.589240
vn 0.821151 -0.418280 0.388268
vn 0.902398 -0.301618 0.307740
vn 0.788924 -0.413754 -0.454319
vn 0.765965 -0.483157 -0.424096
vn 0.765965 -0.483157 -0.424096
vn 0.788924 -0.413754 -0.454319
vn 0.128085 -0.562727 -0.816659
vn 0.117518 -0.582612 -0.804209
vn 0.014457 -0.170401 -0.985269
vn -0.109100 -0.175711 -0.978378
vn -0.765669 -0.257965 -0.589240
vn -0.487412 -0.211100 -0.847270
vn 0.486406 -0.544577 -0.683260
vn 0.765965 -0.483157 -0.424096
vn 0.117518 -0.582612 -0.804209
vn -0.012421 -0.589080 -0.807980
vn -0.765669 -0.257965 -0.589240
vn -0.830940 -0.525350 0.183155
vn -0.760549 -0.624473 -0.177762
vn -0.692462 -0.566846 -0.446299
vn -0.692462 -0.566846 -0.446299
vn -0.760549 -0.624473 -0.177762
vn -0.008847 -0.983338 -0.181570
vn -0.008464 -0.946524 -0.322521
vn 0.683487 -0.678925 -0.268154
vn 0.750265 -0.661113 0.005656
vn 0.821151 -0.418280 0.388268
vn 0.765965 -0.483157 -0.424096
vn -0.487412 -0.211100 -0.847270
vn -0.765669 -0.257965 -0.589240
vn -0.692462 -0.566846 -0.446299
vn -0.493946 -0.460587 -0.737480
vn -0.128969 -0.035709 -0.991006
vn -0.487412 -0.211100 -0.847270
vn -0.493946 -0.460587 -0.737480
vn -0.200634 -0.299674 -0.932707
vn 0.485563 -0.651936 -0.582416
vn 0.683487 -0.678925 -0.268154
vn 0.765965 -0.483157 -0.424096
vn 0.486406 -0.544577 -0.683260
vn 0.192773 -0.550729 -0.812118
vn 0.485563 -0.651936 -0.582416
vn 0.486406 -0.544577 -0.683260
vn 0.127697 -0.450301 -0.883698
vn -0.008464 -0.946524 -0.322521
vn -0.008847 -0.983338 -0.181570
vn 0.750265 -0.661113 0.005656
vn 0.683487 -0.678925 -0.268154
vn -0.009524 -0.284590 -0.958602
vn -0.007176 -0.554512 -0.832145
vn 0.192773 -0.550729 -0.812118
vn -0.066786 -0.343534 -0.936763
vn 0.053711 -0.053436 -0.997126
vn -0.200634 -0.299674 -0.932707
vn -0.007176 -0.554512 -0.832145
vn -0.009524 -0.284590 -0.958602
vn -0.006972 -0.774632 -0.632374
vn -0.008464 -0.946524 -0.322521
vn 0.683487 -0.678925 -0.268154
vn 0.485563 -0.651936 -0.582416
vn -0.493946 -0.460587 -0.737480
vn -0.692462 -0.566846 -0.446299
vn -0.008464 -0.946524 -0.322521
vn -0.006972 -0.774632 -0.632374
vn -0.200634 -0.299674 -0.932707
vn -0.493946 -0.460587 -0.737480
vn -0.006972 -0.774632 -0.632374
vn -0.007176 -0.554512 -0.832145
vn -0.007176 -0.554512 -0.832145
vn -0.006972 -0.774632 -0.632374
vn 0.485563 -0.651936 -0.582416
vn 0.192773 -0.550729 -0.812118
vn 0.780516 0.058711 -0.622373
vn 0.691753 -0.162570 -0.703597
vn 0.014457 -0.170401 -0.985269
vn 0.367075 0.058014 -0.928381
vn 0.367075 0.058014 -0.928381
vn 0.014457 -0.170401 -0.985269
vn -0.487412 -0.211100 -0.847270
vn -0.128969 -0.035709 -0.991006
vn -0.366832 -0.365998 -0.855266
vn -0.012421 -0.589080 -0.807980
vn -0.691265 -0.451905 -0.563857
vn -0.780790 -0.223331 -0.583516
vn 0.127697 -0.450301 -0.883698
vn 0.486406 -0.544577 -0.683260
vn -0.012421 -0.589080 -0.807980
vn -0.366832 -0.365998 -0.855266
vn 0.126074 0.116854 -0.985114
vn -0.128969 -0.035709 -0.991006
vn -0.200634 -0.299674 -0.932707
vn 0.053711 -0.053436 -0.997126
vn 0.982785 -0.055067 0.176354
vn 0.978694 -0.145150 0.145220
vn 0.780516 0.058711 -0.622373
vn 0.818435 0.168860 -0.549227
vn -0.066786 -0.343534 -0.936763
vn 0.192773 -0.550729 -0.812118
vn 0.127697 -0.450301 -0.883698
vn -0.133761 -0.332957 -0.933407
vn -0.502494 -0.227511 -0.834110
vn -0.366832 -0.365998 -0.855266
vn -0.780790 -0.223331 -0.583516
vn -0.822726 -0.106926 -0.558291
vn 0.818435 0.168860 -0.549227
vn 0.780516 0.058711 -0.622373
vn 0.367075 0.058014 -0.928381
vn 0.495563 0.200757 -0.845053
vn 0.495563 0.200757 -0.845053
vn 0.367075 0.058014 -0.928381
vn -0.128969 -0.035709 -0.991006
vn 0.126074 0.116854 -0.985114
vn -0.133761 -0.332957 -0.933407
vn 0.127697 -0.450301 -0.883698
vn -0.366832 -0.365998 -0.855266
vn -0.502494 -0.227511 -0.834110
vn -0.058575 -0.538951 0.840298
vn 0.158775 -0.351384 0.922670
vn 0.007082 -0.222966 0.974801
vn -0.003613 -0.469133 0.883120
vn -0.003613 -0.469133 0.883120
vn 0.007082 -0.222966 0.974801
vn -0.139760 0.013785 0.990089
vn 0.058653 -0.265371 0.962361
vn 0.158775 -0.351384 0.922670
vn 0.278843 -0.222293 0.934255
vn 0.016133 -0.043013 0.998944
vn 0.007082 -0.222966 0.974801
vn 0.007082 -0.222966 0.974801
vn 0.016133 -0.043013 0.998944
vn -0.247724 0.179611 0.952036
vn -0.139760 0.013785 0.990089
vn 0.263755 -0.460990 0.847303
vn 0.456465 -0.318503 0.830780
vn 0.158775 -0.351384 0.922670
vn -0.058575 -0.538951 0.840298
vn 0.058653 -0.265371 0.962361
vn -0.139760 0.013785 0.990089
vn -0.444800 0.153718 0.882340
vn -0.263052 -0.014607 0.964671
vn 0.456465 -0.318503 0.830780
vn 0.608260 -0.207675 0.766088
vn 0.278843 -0.222293 0.934255
vn 0.158775 -0.351384 0.922670
vn -0.139760 0.013785 0.990089
vn -0.247724 0.179611 0.952036
vn -0.587068 0.235063 0.774659
vn -0.444800 0.153718 0.882340
vn 0.731108 -0.281922 0.621291
vn 0.768372 -0.177072 0.615020
vn 0.456465 -0.318503 0.830780
vn 0.263755 -0.460990 0.847303
vn -0.263052 -0.014607 0.964671
vn -0.444800 0.153718 0.882340
vn -0.762120 0.178680 0.622291
vn -0.732109 0.060142 0.678527
vn 0.768372 -0.177072 0.615020
vn 0.841072 -0.092117 0.533022
vn 0.608260 -0.207675 0.766088
vn 0.456465 -0.318503 0.830780
vn -0.444800 0.153718 0.882340
vn -0.587068 0.235063 0.774659
vn -0.828817 0.228982 0.510518
vn -0.762120 0.178680 0.622291
vn 0.982785 -0.055067 0.176354
vn 0.979857 0.029496 0.197511
vn 0.768372 -0.177072 0.615020
vn 0.731108 -0.281922 0.621291
vn -0.732109 0.060142 0.678527
vn -0.762120 0.178680 0.622291
vn -0.975867 0.144187 0.163993
vn -0.981705 0.055282 0.182204
vn 0.979857 0.029496 0.197511
vn 0.984154 0.078425 0.159027
vn 0.841072 -0.092117 0.533022
vn 0.768372 -0.177072 0.615020
vn -0.762120 0.178680 0.622291
vn -0.828817 0.228982 0.510518
vn -0.979487 0.166431 0.113608
vn -0.975867 0.144187 0.163993
vn 0.979857 0.029496 0.197511
vn 0.982785 -0.055067 0.176354
vn 0.818435 0.168860 -0.549227
vn 0.838160 0.239276 -0.490137
vn -0.849351 -0.043236 -0.526054
vn -0.822726 -0.106926 -0.558291
vn -0.981705 0.055282 0.182204
vn -0.975867 0.144187 0.163993
vn 0.984154 0.078425 0.159027
vn 0.979857 0.029496 0.197511
vn 0.838160 0.239276 -0.490137
vn 0.881712 0.229046 -0.412458
vn -0.897526 -0.029577 -0.439969
vn -0.849351 -0.043236 -0.526054
vn -0.975867 0.144187 0.163993
vn -0.979487 0.166431 0.113608
vn 0.838160 0.239276 -0.490137
vn 0.818435 0.168860 -0.549227
vn 0.495563 0.200757 -0.845053
vn 0.548344 0.271218 -0.791050
vn -0.567964 -0.180041 -0.803120
vn -0.502494 -0.227511 -0.834110
vn -0.822726 -0.106926 -0.558291
vn -0.849351 -0.043236 -0.526054
vn 0.881712 0.229046 -0.412458
vn 0.838160 0.239276 -0.490137
vn 0.548344 0.271218 -0.791050
vn 0.671981 0.247312 -0.698054
vn -0.699755 -0.168569 -0.694210
vn -0.567964 -0.180041 -0.803120
vn -0.849351 -0.043236 -0.526054
vn -0.897526 -0.029577 -0.439969
vn 0.548344 0.271218 -0.791050
vn 0.495563 0.200757 -0.845053
vn 0.126074 0.116854 -0.985114
vn 0.285634 0.200874 -0.937050
vn -0.309262 -0.280015 -0.908817
vn -0.133761 -0.332957 -0.933407
vn -0.502494 -0.227511 -0.834110
vn -0.567964 -0.180041 -0.803120
vn 0.671981 0.247312 -0.698054
vn 0.548344 0.271218 -0.791050
vn 0.285634 0.200874 -0.937050
vn 0.417442 0.217305 -0.882338
vn -0.451489 -0.239631 -0.859497
vn -0.309262 -0.280015 -0.908817
vn -0.567964 -0.180041 -0.803120
vn -0.699755 -0.168569 -0.694210
vn 0.285634 0.200874 -0.937050
vn 0.126074 0.116854 -0.985114
vn 0.053711 -0.053436 -0.997126
vn 0.168026 0.058671 -0.984035
vn 0.168026 0.058671 -0.984035
vn 0.053711 -0.053436 -0.997126
vn -0.009524 -0.284590 -0.958602
vn -0.015025 -0.163488 -0.986431
vn -0.194352 -0.251315 -0.948192
vn -0.066786 -0.343534 -0.936763
vn -0.133761 -0.332957 -0.933407
vn -0.309262 -0.280015 -0.908817
vn 0.417442 0.217305 -0.882338
vn 0.285634 0.200874 -0.937050
vn 0.168026 0.058671 -0.984035
vn 0.240131 0.119021 -0.963416
vn -0.275043 -0.170732 -0.946151
vn -0.194352 -0.251315 -0.948192
vn -0.309262 -0.280015 -0.908817
vn -0.451489 -0.239631 -0.859497
vn -0.015025 -0.163488 -0.986431
vn -0.009524 -0.284590 -0.958602
vn -0.066786 -0.343534 -0.936763
vn -0.194352 -0.251315 -0.948192
vn -0.017977 -0.022717 -0.999580
vn -0.015025 -0.163488 -0.986431
vn -0.194352 -0.251315 -0.948192
vn -0.275043 -0.170732 -0.946151
vn 0.240131 0.119021 -0.963416
vn 0.168026 0.058671 -0.984035
vn -0.015025 -0.163488 -0.986431
vn -0.017977 -0.022717 -0.999580
vn 0.217157 0.041570 0.975251
vn 0.124698 0.217400 0.968084
vn -0.106132 0.239958 0.964964
vn 0.010494 0.154798 0.987890
vn 0.278843 -0.222293 0.934255
vn 0.302294 -0.117206 0.945982
vn 0.018760 0.043752 0.998866
vn 0.016133 -0.043013 0.998944
vn 0.010494 0.154798 0.987890
vn -0.106132 0.239958 0.964964
vn -0.366602 0.229334 0.901670
vn -0.277500 0.232051 0.932280
vn 0.016133 -0.043013 0.998944
vn 0.018760 0.043752 0.998866
vn -0.267930 0.189065 0.944705
vn -0.247724 0.179611 0.952036
vn 0.285613 -0.006012 0.958326
vn 0.217157 0.041570 0.975251
vn 0.010494 0.154798 0.987890
vn 0.014789 0.090634 0.995774
vn 0.302294 -0.117206 0.945982
vn 0.285613 -0.006012 0.958326
vn 0.014789 0.090634 0.995774
vn 0.018760 0.043752 0.998866
vn 0.014789 0.090634 0.995774
vn 0.010494 0.154798 0.987890
vn -0.277500 0.232051 0.932280
vn -0.257220 0.170400 0.951211
vn 0.018760 0.043752 0.998866
vn 0.014789 0.090634 0.995774
vn -0.257220 0.170400 0.951211
vn -0.267930 0.189065 0.944705
vn 0.479788 -0.006564 0.877360
vn 0.351709 0.180669 0.918509
vn 0.124698 0.217400 0.968084
vn 0.217157 0.041570 0.975251
vn 0.608260 -0.207675 0.766088
vn 0.661902 -0.163038 0.731645
vn 0.302294 -0.117206 0.945982
vn 0.278843 -0.222293 0.934255
vn -0.277500 0.232051 0.932280
vn -0.366602 0.229334 0.901670
vn -0.679870 0.149213 0.717992
vn -0.672441 0.096397 0.733846
vn -0.247724 0.179611 0.952036
vn -0.267930 0.189065 0.944705
vn -0.636573 0.229943 0.736139
vn -0.587068 0.235063 0.774659
vn 0.616845 -0.106180 0.779890
vn 0.479788 -0.006564 0.877360
vn 0.217157 0.041570 0.975251
vn 0.285613 -0.006012 0.958326
vn 0.661902 -0.163038 0.731645
vn 0.616845 -0.106180 0.779890
vn 0.285613 -0.006012 0.958326
vn 0.302294 -0.117206 0.945982
vn -0.257220 0.170400 0.951211
vn -0.277500 0.232051 0.932280
vn -0.672441 0.096397 0.733846
vn -0.656969 0.167637 0.735044
vn -0.267930 0.189065 0.944705
vn -0.257220 0.170400 0.951211
vn -0.656969 0.167637 0.735044
vn -0.636573 0.229943 0.736139
vn 0.739806 -0.127384 0.660651
vn 0.493012 0.039825 0.869111
vn 0.351709 0.180669 0.918509
vn 0.479788 -0.006564 0.877360
vn 0.841072 -0.092117 0.533022
vn 0.879751 -0.081973 0.468314
vn 0.661902 -0.163038 0.731645
vn 0.608260 -0.207675 0.766088
vn -0.672441 0.096397 0.733846
vn -0.679870 0.149213 0.717992
vn -0.804207 0.028276 0.593677
vn -0.872758 -0.020959 0.487703
vn -0.587068 0.235063 0.774659
vn -0.636573 0.229943 0.736139
vn -0.868502 0.189655 0.457968
vn -0.828817 0.228982 0.510518
vn 0.864045 -0.099226 0.493539
vn 0.739806 -0.127384 0.660651
vn 0.479788 -0.006564 0.877360
vn 0.616845 -0.106180 0.779890
vn 0.879751 -0.081973 0.468314
vn 0.864045 -0.099226 0.493539
vn 0.616845 -0.106180 0.779890
vn 0.661902 -0.163038 0.731645
vn -0.656969 0.167637 0.735044
vn -0.672441 0.096397 0.733846
vn -0.872758 -0.020959 0.487703
vn -0.891785 0.096337 0.442084
vn -0.636573 0.229943 0.736139
vn -0.656969 0.167637 0.735044
vn -0.891785 0.096337 0.442084
vn -0.868502 0.189655 0.457968
vn 0.984154 0.078425 0.159027
vn 0.991260 0.024610 0.129604
vn 0.879751 -0.081973 0.468314
vn 0.841072 -0.092117 0.533022
vn -0.828817 0.228982 0.510518
vn -0.868502 0.189655 0.457968
vn -0.987730 0.097577 0.121936
vn -0.979487 0.166431 0.113608
vn 0.991260 0.024610 0.129604
vn 0.986449 -0.033982 0.160510
vn 0.864045 -0.099226 0.493539
vn 0.879751 -0.081973 0.468314
vn -0.868502 0.189655 0.457968
vn -0.891785 0.096337 0.442084
vn -0.993237 0.023302 0.113743
vn -0.987730 0.097577 0.121936
vn 0.986449 -0.033982 0.160510
vn 0.991260 0.024610 0.129604
vn 0.930223 0.120254 -0.346732
vn 0.966718 0.048077 -0.251287
vn 0.984154 0.078425 0.159027
vn 0.881712 0.229046 -0.412458
vn 0.930223 0.120254 -0.346732
vn 0.991260 0.024610 0.129604
vn -0.964677 -0.068478 -0.254379
vn -0.942572 -0.072673 -0.326000
vn -0.987730 0.097577 0.121936
vn -0.993237 0.023302 0.113743
vn -0.987730 0.097577 0.121936
vn -0.942572 -0.072673 -0.326000
vn -0.897526 -0.029577 -0.439969
vn -0.979487 0.166431 0.113608
vn 0.930223 0.120254 -0.346732
vn 0.881712 0.229046 -0.412458
vn 0.671981 0.247312 -0.698054
vn 0.725147 0.134607 -0.675309
vn -0.749731 -0.226273 -0.621855
vn -0.699755 -0.168569 -0.694210
vn -0.897526 -0.029577 -0.439969
vn -0.942572 -0.072673 -0.326000
vn 0.966718 0.048077 -0.251287
vn 0.930223 0.120254 -0.346732
vn 0.725147 0.134607 -0.675309
vn 0.781780 0.089264 -0.617133
vn -0.772758 -0.167184 -0.612286
vn -0.749731 -0.226273 -0.621855
vn -0.942572 -0.072673 -0.326000
vn -0.964677 -0.068478 -0.254379
vn 0.725147 0.134607 -0.675309
vn 0.671981 0.247312 -0.698054
vn 0.417442 0.217305 -0.882338
vn 0.404274 0.137876 -0.904186
vn -0.239930 -0.186403 -0.952726
vn -0.275043 -0.170732 -0.946151
vn -0.451489 -0.239631 -0.859497
vn -0.441492 -0.281775 -0.851873
vn -0.441492 -0.281775 -0.851873
vn -0.451489 -0.239631 -0.859497
vn -0.699755 -0.168569 -0.694210
vn -0.749731 -0.226273 -0.621855
vn 0.781780 0.089264 -0.617133
vn 0.725147 0.134607 -0.675309
vn 0.404274 0.137876 -0.904186
vn 0.420934 0.133236 -0.897253
vn -0.419960 -0.209102 -0.883125
vn -0.441492 -0.281775 -0.851873
vn -0.749731 -0.226273 -0.621855
vn -0.772758 -0.167184 -0.612286
vn 0.404274 0.137876 -0.904186
vn 0.417442 0.217305 -0.882338
vn 0.240131 0.119021 -0.963416
vn 0.204662 0.076993 -0.975800
vn 0.204662 0.076993 -0.975800
vn 0.240131 0.119021 -0.963416
vn -0.017977 -0.022717 -0.999580
vn -0.015456 -0.032383 -0.999356
vn 0.420934 0.133236 -0.897253
vn 0.404274 0.137876 -0.904186
vn 0.204662 0.076993 -0.975800
vn 0.194811 0.053507 -0.979380
vn -0.220686 -0.084658 -0.971664
vn -0.239930 -0.186403 -0.952726
vn -0.441492 -0.281775 -0.851873
vn -0.419960 -0.209102 -0.883125
vn -0.015456 -0.032383 -0.999356
vn -0.017977 -0.022717 -0.999580
vn -0.275043 -0.170732 -0.946151
vn -0.239930 -0.186403 -0.952726
vn -0.010953 -0.010135 -0.999889
vn -0.015456 -0.032383 -0.999356
vn -0.239930 -0.186403 -0.952726
vn -0.220686 -0.084658 -0.971664
vn 0.194811 0.053507 -0.979380
vn 0.204662 0.076993 -0.975800
vn -0.015456 -0.032383 -0.999356
vn -0.010953 -0.010135 -0.999889
vn 0.400875 0.363817 -0.840795
vn 0.422642 0.231479 -0.876237
vn 0.105066 0.250163 -0.962486
vn 0.112448 0.367386 -0.923246
vn 0.112448 0.367386 -0.923246
vn 0.105066 0.250163 -0.962486
vn -0.118590 0.279805 -0.952704
vn -0.155216 0.402457 -0.902184
vn -0.272854 0.417435 -0.866775
vn -0.155216 0.402457 -0.902184
vn -0.331784 0.475241 -0.814902
vn -0.488221 0.507466 -0.710013
vn -0.155216 0.402457 -0.902184
vn -0.118590 0.279805 -0.952704
vn -0.271086 0.315672 -0.909320
vn -0.331784 0.475241 -0.814902
vn 0.595176 0.422375 -0.683641
vn 0.632652 0.237485 -0.737125
vn 0.422642 0.231479 -0.876237
vn 0.400875 0.363817 -0.840795
vn -0.439917 0.636516 -0.633498
vn -0.331784 0.475241 -0.814902
vn -0.271086 0.315672 -0.909320
vn -0.331538 0.396478 -0.856089
vn 0.705613 0.314138 -0.635159
vn 0.632652 0.237485 -0.737125
vn 0.595176 0.422375 -0.683641
vn 0.657623 0.593210 -0.464364
vn -0.714425 0.590968 0.374638
vn -0.779681 0.616336 -0.110574
vn -0.544249 0.776629 -0.317239
vn -0.662888 0.727725 0.176058
vn 0.626025 0.481544 -0.613358
vn 0.595176 0.422375 -0.683641
vn 0.400875 0.363817 -0.840795
vn 0.396263 0.397296 -0.827726
vn 0.539194 0.751143 0.380860
vn 0.640232 0.757645 -0.126795
vn 0.790656 0.609797 0.054866
vn 0.602948 0.606878 0.517834
vn -0.684455 0.577533 -0.444947
vn -0.488221 0.507466 -0.710013
vn -0.331784 0.475241 -0.814902
vn -0.439917 0.636516 -0.633498
vn -0.779681 0.616336 -0.110574
vn -0.684455 0.577533 -0.444947
vn -0.439917 0.636516 -0.633498
vn -0.544249 0.776629 -0.317239
vn 0.657623 0.593210 -0.464364
vn 0.595176 0.422375 -0.683641
vn 0.626025 0.481544 -0.613358
vn 0.761884 0.561298 -0.323230
vn 0.640232 0.757645 -0.126795
vn 0.657623 0.593210 -0.464364
vn 0.761884 0.561298 -0.323230
vn 0.790656 0.609797 0.054866
vn -0.936521 0.115283 0.331116
vn -0.990998 0.130687 -0.029042
vn -0.779681 0.616336 -0.110574
vn -0.714425 0.590968 0.374638
vn -0.935794 0.060950 -0.347239
vn -0.746150 0.086393 -0.660149
vn -0.488221 0.507466 -0.710013
vn -0.684455 0.577533 -0.444947
vn -0.462694 0.020000 -0.886293
vn -0.272854 0.417435 -0.866775
vn -0.488221 0.507466 -0.710013
vn -0.746150 0.086393 -0.660149
vn 0.990887 0.125094 0.049935
vn 0.998651 -0.044816 0.026236
vn 0.914416 -0.038759 0.402916
vn 0.907683 0.118126 0.402689
vn 0.602948 0.606878 0.517834
vn 0.790656 0.609797 0.054866
vn 0.990887 0.125094 0.049935
vn 0.907683 0.118126 0.402689
vn 0.761884 0.561298 -0.323230
vn 0.626025 0.481544 -0.613358
vn 0.792172 0.074694 -0.605710
vn 0.948897 0.054500 -0.310845
vn 0.792172 0.074694 -0.605710
vn 0.626025 0.481544 -0.613358
vn 0.396263 0.397296 -0.827726
vn 0.495792 0.016929 -0.868276
vn -0.990998 0.130687 -0.029042
vn -0.935794 0.060950 -0.347239
vn -0.684455 0.577533 -0.444947
vn -0.779681 0.616336 -0.110574
vn 0.790656 0.609797 0.054866
vn 0.761884 0.561298 -0.323230
vn 0.948897 0.054500 -0.310845
vn 0.990887 0.125094 0.049935
vn -0.936521 0.115283 0.331116
vn -0.918486 -0.039056 0.393521
vn -0.999051 -0.042607 0.009101
vn -0.990998 0.130687 -0.029042
vn -0.464499 0.010897 -0.885507
vn -0.462694 0.020000 -0.886293
vn -0.746150 0.086393 -0.660149
vn -0.764710 -0.004970 -0.644355
vn 0.770273 -0.007573 -0.637670
vn 0.792172 0.074694 -0.605710
vn 0.495792 0.016929 -0.868276
vn 0.468123 0.010167 -0.883605
vn -0.939781 -0.020499 -0.341161
vn -0.935794 0.060950 -0.347239
vn -0.990998 0.130687 -0.029042
vn -0.999051 -0.042607 0.009101
vn -0.764710 -0.004970 -0.644355
vn -0.746150 0.086393 -0.660149
vn -0.935794 0.060950 -0.347239
vn -0.939781 -0.020499 -0.341161
vn 0.998651 -0.044816 0.026236
vn 0.990887 0.125094 0.049935
vn 0.948897 0.054500 -0.310845
vn 0.941156 -0.022012 -0.337255
vn 0.941156 -0.022012 -0.337255
vn 0.948897 0.054500 -0.310845
vn 0.792172 0.074694 -0.605710
vn 0.770273 -0.007573 -0.637670
vn -0.479242 0.059266 -0.875679
vn -0.464499 0.010897 -0.885507
vn -0.764710 -0.004970 -0.644355
vn -0.760673 0.050102 -0.647198
vn -0.760673 0.050102 -0.647198
vn -0.764710 -0.004970 -0.644355
vn -0.939781 -0.020499 -0.341161
vn -0.937782 0.038974 -0.345032
vn -0.918486 -0.039056 0.393521
vn -0.894093 0.019414 0.447461
vn -0.999170 0.025123 0.032049
vn -0.999051 -0.042607 0.009101
vn -0.937782 0.038974 -0.345032
vn -0.939781 -0.020499 -0.341161
vn -0.999051 -0.042607 0.009101
vn -0.999170 0.025123 0.032049
vn 0.761163 0.048859 -0.646717
vn 0.770273 -0.007573 -0.637670
vn 0.468123 0.010167 -0.883605
vn 0.479787 0.058465 -0.875435
vn 0.938044 0.038211 -0.344402
vn 0.941156 -0.022012 -0.337255
vn 0.770273 -0.007573 -0.637670
vn 0.761163 0.048859 -0.646717
vn 0.998651 -0.044816 0.026236
vn 0.999122 0.024780 0.033774
vn 0.893726 0.019711 0.448180
vn 0.914416 -0.038759 0.402916
vn 0.999122 0.024780 0.033774
vn 0.998651 -0.044816 0.026236
vn 0.941156 -0.022012 -0.337255
vn 0.938044 0.038211 -0.344402
vn -0.891785 0.096337 0.442084
vn -0.872758 -0.020959 0.487703
vn -0.978215 -0.151680 0.141738
vn -0.993237 0.023302 0.113743
vn -0.931256 -0.106100 -0.348576
vn -0.964677 -0.068478 -0.254379
vn -0.993237 0.023302 0.113743
vn -0.978215 -0.151680 0.141738
vn 0.986449 -0.033982 0.160510
vn 0.899659 -0.185967 0.395007
vn 0.739806 -0.127384 0.660651
vn 0.864045 -0.099226 0.493539
vn 0.899659 -0.185967 0.395007
vn 0.986449 -0.033982 0.160510
vn 0.966718 0.048077 -0.251287
vn 0.981145 -0.039986 -0.189092
vn -0.427820 -0.483636 -0.763588
vn -0.931256 -0.106100 -0.348576
vn -0.978215 -0.151680 0.141738
vn -0.529778 -0.632313 -0.565257
vn 0.708065 -0.608077 -0.359007
vn 0.899659 -0.185967 0.395007
vn 0.981145 -0.039986 -0.189092
vn 0.679960 -0.454812 -0.575153
vn -0.707676 -0.057529 -0.704191
vn -0.772758 -0.167184 -0.612286
vn -0.964677 -0.068478 -0.254379
vn -0.931256 -0.106100 -0.348576
vn 0.819196 0.072039 -0.568971
vn 0.781780 0.089264 -0.617133
vn 0.420934 0.133236 -0.897253
vn 0.485007 0.117740 -0.866548
vn 0.981145 -0.039986 -0.189092
vn 0.966718 0.048077 -0.251287
vn 0.781780 0.089264 -0.617133
vn 0.819196 0.072039 -0.568971
vn -0.478632 -0.098476 -0.872476
vn -0.707676 -0.057529 -0.704191
vn -0.931256 -0.106100 -0.348576
vn -0.427820 -0.483636 -0.763588
vn 0.679960 -0.454812 -0.575153
vn 0.981145 -0.039986 -0.189092
vn 0.819196 0.072039 -0.568971
vn 0.754364 -0.080154 -0.651545
vn -0.218266 0.010050 -0.975838
vn -0.220686 -0.084658 -0.971664
vn -0.419960 -0.209102 -0.883125
vn -0.393097 -0.022352 -0.919226
vn -0.393097 -0.022352 -0.919226
vn -0.419960 -0.209102 -0.883125
vn -0.772758 -0.167184 -0.612286
vn -0.707676 -0.057529 -0.704191
vn -0.271086 0.315672 -0.909320
vn -0.276277 0.176982 -0.944642
vn -0.321937 0.155850 -0.933845
vn -0.331538 0.396478 -0.856089
vn 0.705613 0.314138 -0.635159
vn 0.713423 0.089855 -0.694949
vn 0.624271 0.092726 -0.775685
vn 0.632652 0.237485 -0.737125
vn -0.309480 0.047043 -0.949742
vn -0.393097 -0.022352 -0.919226
vn -0.707676 -0.057529 -0.704191
vn -0.478632 -0.098476 -0.872476
vn -0.276277 0.176982 -0.944642
vn -0.309480 0.047043 -0.949742
vn -0.478632 -0.098476 -0.872476
vn -0.321937 0.155850 -0.933845
vn 0.754364 -0.080154 -0.651545
vn 0.819196 0.072039 -0.568971
vn 0.485007 0.117740 -0.866548
vn 0.609033 0.015376 -0.792996
vn 0.713423 0.089855 -0.694949
vn 0.754364 -0.080154 -0.651545
vn 0.609033 0.015376 -0.792996
vn 0.624271 0.092726 -0.775685
vn -0.118590 0.279805 -0.952704
vn -0.159355 0.191240 -0.968521
vn -0.276277 0.176982 -0.944642
vn -0.271086 0.315672 -0.909320
vn 0.205585 0.108784 -0.972574
vn 0.194811 0.053507 -0.979380
vn -0.010953 -0.010135 -0.999889
vn -0.005840 0.004925 -0.999971
vn 0.485007 0.117740 -0.866548
vn 0.420934 0.133236 -0.897253
vn 0.194811 0.053507 -0.979380
vn 0.205585 0.108784 -0.972574
vn 0.632652 0.237485 -0.737125
vn 0.624271 0.092726 -0.775685
vn 0.394329 0.134926 -0.909010
vn 0.422642 0.231479 -0.876237
vn -0.195766 0.123308 -0.972867
vn -0.218266 0.010050 -0.975838
vn -0.393097 -0.022352 -0.919226
vn -0.309480 0.047043 -0.949742
vn -0.159355 0.191240 -0.968521
vn -0.195766 0.123308 -0.972867
vn -0.309480 0.047043 -0.949742
vn -0.276277 0.176982 -0.944642
vn 0.609033 0.015376 -0.792996
vn 0.485007 0.117740 -0.866548
vn 0.205585 0.108784 -0.972574
vn 0.277101 0.102776 -0.955328
vn 0.624271 0.092726 -0.775685
vn 0.609033 0.015376 -0.792996
vn 0.277101 0.102776 -0.955328
vn 0.394329 0.134926 -0.909010
vn -0.005840 0.004925 -0.999971
vn -0.010953 -0.010135 -0.999889
vn -0.220686 -0.084658 -0.971664
vn -0.218266 0.010050 -0.975838
vn 0.422642 0.231479 -0.876237
vn 0.394329 0.134926 -0.909010
vn 0.074665 0.160659 -0.984182
vn 0.105066 0.250163 -0.962486
vn 0.105066 0.250163 -0.962486
vn 0.074665 0.160659 -0.984182
vn -0.159355 0.191240 -0.968521
vn -0.118590 0.279805 -0.952704
vn 0.016538 0.113696 -0.993378
vn -0.005840 0.004925 -0.999971
vn -0.218266 0.010050 -0.975838
vn -0.195766 0.123308 -0.972867
vn 0.277101 0.102776 -0.955328
vn 0.205585 0.108784 -0.972574
vn -0.005840 0.004925 -0.999971
vn 0.016538 0.113696 -0.993378
vn 0.074665 0.160659 -0.984182
vn 0.016538 0.113696 -0.993378
vn -0.195766 0.123308 -0.972867
vn -0.159355 0.191240 -0.968521
vn 0.394329 0.134926 -0.909010
vn 0.277101 0.102776 -0.955328
vn 0.016538 0.113696 -0.993378
vn 0.074665 0.160659 -0.984182
vn -0.429542 0.505582 -0.748252
vn -0.065885 0.029558 -0.997389
vn -0.216183 -0.028873 -0.975926
vn -0.643971 0.424198 -0.636676
vn 0.900931 0.368965 -0.228448
vn 0.718482 -0.143627 -0.680555
vn 0.609602 -0.101420 -0.786193
vn 0.790763 0.418501 -0.446711
vn -0.355707 0.549098 -0.756283
vn 0.068224 -0.021103 -0.997447
vn -0.065885 0.029558 -0.997389
vn -0.429542 0.505582 -0.748252
vn 0.790763 0.418501 -0.446711
vn 0.609602 -0.101420 -0.786193
vn 0.498217 -0.162636 -0.851663
vn 0.737368 0.454897 -0.499357
vn -0.292568 0.575958 -0.763332
vn 0.091568 0.091016 -0.991631
vn 0.068224 -0.021103 -0.997447
vn -0.355707 0.549098 -0.756283
vn 0.737368 0.454897 -0.499357
vn 0.498217 -0.162636 -0.851663
vn 0.477717 -0.050722 -0.877048
vn 0.688095 0.479296 -0.544795
vn -0.661014 0.742907 -0.105590
vn -0.429542 0.505582 -0.748252
vn -0.643971 0.424198 -0.636676
vn -0.812769 0.582585 0.000610
vn 0.695050 0.618443 0.366651
vn 0.900931 0.368965 -0.228448
vn 0.790763 0.418501 -0.446711
vn 0.634488 0.753050 0.174182
vn -0.618076 0.781120 -0.088507
vn -0.355707 0.549098 -0.756283
vn -0.429542 0.505582 -0.748252
vn -0.661014 0.742907 -0.105590
vn 0.634488 0.753050 0.174182
vn 0.790763 0.418501 -0.446711
vn 0.737368 0.454897 -0.499357
vn 0.592477 0.789417 0.160598
vn -0.630079 0.764906 -0.133863
vn -0.292568 0.575958 -0.763332
vn -0.355707 0.549098 -0.756283
vn -0.618076 0.781120 -0.088507
vn 0.592477 0.789417 0.160598
vn 0.737368 0.454897 -0.499357
vn 0.688095 0.479296 -0.544795
vn 0.627501 0.767205 0.132810
vn -0.636087 0.583237 0.505200
vn -0.630079 0.764906 -0.133863
vn -0.618076 0.781120 -0.088507
vn -0.598571 0.619715 0.507608
vn 0.240438 0.708946 0.663012
vn 0.592477 0.789417 0.160598
vn 0.627501 0.767205 0.132810
vn 0.272538 0.673814 0.686803
vn -0.598571 0.619715 0.507608
vn -0.618076 0.781120 -0.088507
vn -0.661014 0.742907 -0.105590
vn -0.620802 0.618158 0.482168
vn 0.271312 0.706268 0.653892
vn 0.634488 0.753050 0.174182
vn 0.592477 0.789417 0.160598
vn 0.240438 0.708946 0.663012
vn -0.620802 0.618158 0.482168
vn -0.661014 0.742907 -0.105590
vn -0.812769 0.582585 0.000610
vn -0.729031 0.477838 0.490087
vn 0.351844 0.574640 0.738914
vn 0.695050 0.618443 0.366651
vn 0.634488 0.753050 0.174182
vn 0.271312 0.706268 0.653892
vn -0.421888 0.339899 0.840523
vn -0.620802 0.618158 0.482168
vn -0.729031 0.477838 0.490087
vn -0.493786 0.235819 0.836998
vn -0.040881 0.363818 0.930573
vn 0.351844 0.574640 0.738914
vn 0.271312 0.706268 0.653892
vn -0.100434 0.463970 0.880139
vn -0.011421 -0.148994 0.988772
vn -0.421888 0.339899 0.840523
vn -0.493786 0.235819 0.836998
vn -0.096344 -0.151657 0.983727
vn -0.463524 -0.022559 0.885797
vn -0.040881 0.363818 0.930573
vn -0.100434 0.463970 0.880139
vn -0.536585 -0.024237 0.843498
vn -0.429860 0.343102 0.835166
vn -0.598571 0.619715 0.507608
vn -0.620802 0.618158 0.482168
vn -0.421888 0.339899 0.840523
vn -0.100434 0.463970 0.880139
vn 0.271312 0.706268 0.653892
vn 0.240438 0.708946 0.663012
vn -0.090546 0.468385 0.878872
vn -0.069293 -0.132274 0.988788
vn -0.429860 0.343102 0.835166
vn -0.421888 0.339899 0.840523
vn -0.011421 -0.148994 0.988772
vn -0.536585 -0.024237 0.843498
vn -0.100434 0.463970 0.880139
vn -0.090546 0.468385 0.878872
vn -0.489865 -0.001249 0.871797
vn -0.498551 0.357497 0.789710
vn -0.636087 0.583237 0.505200
vn -0.598571 0.619715 0.507608
vn -0.429860 0.343102 0.835166
vn -0.174115 -0.097068 0.979930
vn -0.498551 0.357497 0.789710
vn -0.429860 0.343102 0.835166
vn -0.069293 -0.132274 0.988788
vn -0.090546 0.468385 0.878872
vn 0.240438 0.708946 0.663012
vn 0.272538 0.673814 0.686803
vn -0.007277 0.481128 0.876620
vn -0.489865 -0.001249 0.871797
vn -0.090546 0.468385 0.878872
vn -0.007277 0.481128 0.876620
vn -0.398071 0.040694 0.916452
vn -0.529778 -0.632313 -0.565257
vn -0.978215 -0.151680 0.141738
vn 0.101714 -0.863549 0.493900
vn -0.311383 -0.852433 0.419999
vn 0.899659 -0.185967 0.395007
vn 0.708065 -0.608077 -0.359007
vn -0.321292 0.598882 -0.733561
vn 0.080527 0.233274 -0.969071
vn 0.091568 0.091016 -0.991631
vn -0.292568 0.575958 -0.763332
vn 0.688095 0.479296 -0.544795
vn 0.477717 -0.050722 -0.877048
vn 0.477176 0.096386 -0.873506
vn 0.695212 0.508351 -0.508192
vn -0.388164 0.586512 -0.710867
vn 0.004346 0.297760 -0.954631
vn 0.080527 0.233274 -0.969071
vn -0.321292 0.598882 -0.733561
vn 0.695212 0.508351 -0.508192
vn 0.477176 0.096386 -0.873506
vn 0.534498 0.166198 -0.828668
vn 0.737792 0.502243 -0.451015
vn -0.694417 0.709571 -0.119556
vn -0.321292 0.598882 -0.733561
vn -0.292568 0.575958 -0.763332
vn -0.630079 0.764906 -0.133863
vn 0.627501 0.767205 0.132810
vn 0.688095 0.479296 -0.544795
vn 0.695212 0.508351 -0.508192
vn 0.671145 0.717163 0.187725
vn -0.733893 0.677173 -0.053268
vn -0.388164 0.586512 -0.710867
vn -0.321292 0.598882 -0.733561
vn -0.694417 0.709571 -0.119556
vn 0.671145 0.717163 0.187725
vn 0.695212 0.508351 -0.508192
vn 0.737792 0.502243 -0.451015
vn 0.666212 0.695759 0.268478
vn -0.690514 0.512050 0.510876
vn -0.694417 0.709571 -0.119556
vn -0.630079 0.764906 -0.133863
vn -0.636087 0.583237 0.505200
vn 0.272538 0.673814 0.686803
vn 0.627501 0.767205 0.132810
vn 0.671145 0.717163 0.187725
vn 0.312397 0.606289 0.731315
vn -0.684874 0.448141 0.574559
vn -0.733893 0.677173 -0.053268
vn -0.694417 0.709571 -0.119556
vn -0.690514 0.512050 0.510876
vn 0.312397 0.606289 0.731315
vn 0.671145 0.717163 0.187725
vn 0.666212 0.695759 0.268478
vn 0.270206 0.551294 0.789344
vn -0.563748 0.333933 0.755431
vn -0.690514 0.512050 0.510876
vn -0.636087 0.583237 0.505200
vn -0.498551 0.357497 0.789710
vn -0.007277 0.481128 0.876620
vn 0.272538 0.673814 0.686803
vn 0.312397 0.606289 0.731315
vn 0.065198 0.456927 0.887111
vn -0.569041 0.274007 0.775314
vn -0.684874 0.448141 0.574559
vn -0.690514 0.512050 0.510876
vn -0.563748 0.333933 0.755431
vn 0.065198 0.456927 0.887111
vn 0.312397 0.606289 0.731315
vn 0.270206 0.551294 0.789344
vn 0.056316 0.400727 0.914465
vn -0.282053 -0.081386 0.955941
vn -0.563748 0.333933 0.755431
vn -0.498551 0.357497 0.789710
vn -0.174115 -0.097068 0.979930
vn -0.398071 0.040694 0.916452
vn -0.007277 0.481128 0.876620
vn 0.065198 0.456927 0.887111
vn -0.295203 0.059649 0.953571
vn -0.316212 -0.090142 0.944396
vn -0.569041 0.274007 0.775314
vn -0.563748 0.333933 0.755431
vn -0.282053 -0.081386 0.955941
vn -0.295203 0.059649 0.953571
vn 0.065198 0.456927 0.887111
vn 0.056316 0.400727 0.914465
vn -0.261228 0.051703 0.963892
vn -0.261228 0.051703 0.963892
vn 0.056316 0.400727 0.914465
vn -0.022397 0.361417 0.932135
vn -0.257270 0.063888 0.964225
vn -0.320316 -0.078059 0.944089
vn -0.511557 0.229684 0.827982
vn -0.569041 0.274007 0.775314
vn -0.316212 -0.090142 0.944396
vn 0.056316 0.400727 0.914465
vn 0.270206 0.551294 0.789344
vn 0.190723 0.562360 0.804596
vn -0.022397 0.361417 0.932135
vn -0.511557 0.229684 0.827982
vn -0.627707 0.453997 0.632354
vn -0.684874 0.448141 0.574559
vn -0.569041 0.274007 0.775314
vn 0.270206 0.551294 0.789344
vn 0.666212 0.695759 0.268478
vn 0.590705 0.751077 0.294874
vn 0.190723 0.562360 0.804596
vn -0.627707 0.453997 0.632354
vn -0.688055 0.725447 0.017539
vn -0.733893 0.677173 -0.053268
vn -0.684874 0.448141 0.574559
vn -0.688055 0.725447 0.017539
vn -0.325939 0.602693 -0.728371
vn -0.388164 0.586512 -0.710867
vn -0.733893 0.677173 -0.053268
vn 0.666212 0.695759 0.268478
vn 0.737792 0.502243 -0.451015
vn 0.696255 0.513153 -0.501900
vn 0.590705 0.751077 0.294874
vn -0.325939 0.602693 -0.728371
vn -0.013053 0.322996 -0.946310
vn 0.004346 0.297760 -0.954631
vn -0.388164 0.586512 -0.710867
vn 0.737792 0.502243 -0.451015
vn 0.534498 0.166198 -0.828668
vn 0.545345 0.193110 -0.815663
vn 0.696255 0.513153 -0.501900
vn -0.013053 0.322996 -0.946310
vn 0.431849 -0.221538 -0.874316
vn 0.458108 -0.302828 -0.835723
vn 0.004346 0.297760 -0.954631
vn 0.534498 0.166198 -0.828668
vn 0.068084 -0.432520 -0.899050
vn 0.114609 -0.356161 -0.927369
vn 0.545345 0.193110 -0.815663
vn 0.004346 0.297760 -0.954631
vn 0.458108 -0.302828 -0.835723
vn 0.457413 -0.345555 -0.819368
vn 0.080527 0.233274 -0.969071
vn 0.477176 0.096386 -0.873506
vn 0.059215 -0.473616 -0.878739
vn 0.068084 -0.432520 -0.899050
vn 0.534498 0.166198 -0.828668
vn 0.080527 0.233274 -0.969071
vn 0.457413 -0.345555 -0.819368
vn 0.405256 -0.394761 -0.824579
vn 0.091568 0.091016 -0.991631
vn 0.477717 -0.050722 -0.877048
vn 0.105631 -0.522702 -0.845946
vn 0.059215 -0.473616 -0.878739
vn 0.477176 0.096386 -0.873506
vn 0.091568 0.091016 -0.991631
vn 0.405256 -0.394761 -0.824579
vn 0.354659 -0.455101 -0.816762
vn 0.068224 -0.021103 -0.997447
vn 0.498217 -0.162636 -0.851663
vn 0.142997 -0.578591 -0.802985
vn 0.105631 -0.522702 -0.845946
vn 0.477717 -0.050722 -0.877048
vn 0.068224 -0.021103 -0.997447
vn 0.354659 -0.455101 -0.816762
vn 0.317364 -0.402728 -0.858540
vn -0.065885 0.029558 -0.997389
vn 0.609602 -0.101420 -0.786193
vn 0.198907 -0.528031 -0.825602
vn 0.142997 -0.578591 -0.802985
vn 0.498217 -0.162636 -0.851663
vn -0.065885 0.029558 -0.997389
vn 0.317364 -0.402728 -0.858540
vn 0.100747 -0.387201 -0.916474
vn -0.216183 -0.028873 -0.975926
vn 0.718482 -0.143627 -0.680555
vn 0.411803 -0.506698 -0.757414
vn 0.198907 -0.528031 -0.825602
vn 0.609602 -0.101420 -0.786193
vn 0.359185 0.440503 0.822766
vn 0.715511 0.489850 0.498087
vn 0.695050 0.618443 0.366651
vn 0.351844 0.574640 0.738914
vn -0.493786 0.235819 0.836998
vn -0.729031 0.477838 0.490087
vn -0.771148 0.321954 0.549251
vn -0.567129 0.094563 0.818182
vn 0.613568 -0.689576 0.384732
vn 0.313625 -0.466725 0.826926
vn 0.195842 -0.530140 0.824983
vn 0.363406 -0.806388 0.466556
vn 0.675232 -0.737597 0.003535
vn 0.613568 -0.689576 0.384732
vn 0.363406 -0.806388 0.466556
vn 0.503589 -0.861915 -0.059164
vn -0.581420 -0.757627 0.296566
vn -0.631667 -0.429473 0.645407
vn -0.728970 -0.372992 0.574003
vn -0.742297 -0.665752 0.075954
vn -0.410584 -0.888257 -0.205961
vn -0.581420 -0.757627 0.296566
vn -0.742297 -0.665752 0.075954
vn -0.586038 -0.765606 -0.265342
vn 0.301036 -0.477401 0.825510
vn -0.011421 -0.148994 0.988772
vn -0.096344 -0.151657 0.983727
vn 0.313625 -0.466725 0.826926
vn -0.718283 -0.382639 0.581082
vn -0.536585 -0.024237 0.843498
vn -0.489865 -0.001249 0.871797
vn -0.666203 -0.357106 0.654712
vn -0.728970 -0.372992 0.574003
vn -0.463524 -0.022559 0.885797
vn -0.536585 -0.024237 0.843498
vn -0.718283 -0.382639 0.581082
vn 0.607410 -0.790650 0.076974
vn 0.558770 -0.694845 0.452733
vn 0.613568 -0.689576 0.384732
vn 0.675232 -0.737597 0.003535
vn 0.558770 -0.694845 0.452733
vn 0.301036 -0.477401 0.825510
vn 0.313625 -0.466725 0.826926
vn 0.613568 -0.689576 0.384732
vn -0.586038 -0.765606 -0.265342
vn -0.742297 -0.665752 0.075954
vn -0.735484 -0.657819 0.162290
vn -0.574193 -0.802779 -0.160777
vn -0.742297 -0.665752 0.075954
vn -0.728970 -0.372992 0.574003
vn -0.718283 -0.382639 0.581082
vn -0.735484 -0.657819 0.162290
vn 0.213285 -0.463614 0.859984
vn -0.069293 -0.132274 0.988788
vn -0.011421 -0.148994 0.988772
vn 0.301036 -0.477401 0.825510
vn 0.485338 -0.731324 0.479179
vn 0.213285 -0.463614 0.859984
vn 0.301036 -0.477401 0.825510
vn 0.558770 -0.694845 0.452733
vn 0.574376 -0.812984 0.095652
vn 0.485338 -0.731324 0.479179
vn 0.558770 -0.694845 0.452733
vn 0.607410 -0.790650 0.076974
vn -0.735484 -0.657819 0.162290
vn -0.718283 -0.382639 0.581082
vn -0.666203 -0.357106 0.654712
vn -0.693318 -0.683628 0.227955
vn -0.574193 -0.802779 -0.160777
vn -0.735484 -0.657819 0.162290
vn -0.693318 -0.683628 0.227955
vn -0.560912 -0.818264 -0.125789
vn 0.105427 -0.422855 0.900044
vn -0.174115 -0.097068 0.979930
vn -0.069293 -0.132274 0.988788
vn 0.213285 -0.463614 0.859984
vn -0.666203 -0.357106 0.654712
vn -0.489865 -0.001249 0.871797
vn -0.398071 0.040694 0.916452
vn -0.598934 -0.303913 0.740888
vn 0.428679 -0.724945 0.539156
vn 0.105427 -0.422855 0.900044
vn 0.213285 -0.463614 0.859984
vn 0.485338 -0.731324 0.479179
vn 0.561881 -0.800378 0.209008
vn 0.428679 -0.724945 0.539156
vn 0.485338 -0.731324 0.479179
vn 0.574376 -0.812984 0.095652
vn -0.693318 -0.683628 0.227955
vn -0.666203 -0.357106 0.654712
vn -0.598934 -0.303913 0.740888
vn -0.681269 -0.664749 0.306563
vn -0.560912 -0.818264 -0.125789
vn -0.693318 -0.683628 0.227955
vn -0.681269 -0.664749 0.306563
vn -0.612740 -0.789756 -0.028898
vn 0.259609 -0.646122 0.717725
vn -0.037322 -0.379075 0.924613
vn 0.105427 -0.422855 0.900044
vn 0.428679 -0.724945 0.539156
vn -0.037322 -0.379075 0.924613
vn -0.282053 -0.081386 0.955941
vn -0.174115 -0.097068 0.979930
vn 0.105427 -0.422855 0.900044
vn -0.681269 -0.664749 0.306563
vn -0.598934 -0.303913 0.740888
vn -0.492719 -0.249888 0.833537
vn -0.635772 -0.555196 0.536238
vn -0.598934 -0.303913 0.740888
vn -0.398071 0.040694 0.916452
vn -0.295203 0.059649 0.953571
vn -0.492719 -0.249888 0.833537
vn 0.439149 -0.741019 0.507975
vn 0.259609 -0.646122 0.717725
vn 0.428679 -0.724945 0.539156
vn 0.561881 -0.800378 0.209008
vn -0.612740 -0.789756 -0.028898
vn -0.681269 -0.664749 0.306563
vn -0.635772 -0.555196 0.536238
vn -0.671395 -0.687380 0.277016
vn 0.528065 -0.810395 0.253786
vn 0.345591 -0.720034 0.601763
vn 0.439149 -0.741019 0.507975
vn 0.561881 -0.800378 0.209008
vn -0.104268 -0.344834 0.932855
vn -0.316212 -0.090142 0.944396
vn -0.282053 -0.081386 0.955941
vn -0.037322 -0.379075 0.924613
vn -0.612740 -0.789756 -0.028898
vn -0.671395 -0.687380 0.277016
vn -0.632481 -0.661498 0.402974
vn -0.603163 -0.797269 0.023579
vn -0.492719 -0.249888 0.833537
vn -0.295203 0.059649 0.953571
vn -0.261228 0.051703 0.963892
vn -0.440529 -0.211467 0.872477
vn 0.106358 -0.540809 0.834394
vn -0.104268 -0.344834 0.932855
vn -0.037322 -0.379075 0.924613
vn 0.259609 -0.646122 0.717725
vn 0.345591 -0.720034 0.601763
vn 0.106358 -0.540809 0.834394
vn 0.259609 -0.646122 0.717725
vn 0.439149 -0.741019 0.507975
vn -0.635772 -0.555196 0.536238
vn -0.492719 -0.249888 0.833537
vn -0.440529 -0.211467 0.872477
vn -0.566190 -0.430955 0.702642
vn -0.671395 -0.687380 0.277016
vn -0.635772 -0.555196 0.536238
vn -0.566190 -0.430955 0.702642
vn -0.632481 -0.661498 0.402974
vn 0.101714 -0.863549 0.493900
vn -0.053422 -0.680511 0.730788
vn 0.345591 -0.720034 0.601763
vn 0.528065 -0.810395 0.253786
vn -0.204348 -0.221901 0.953416
vn -0.320316 -0.078059 0.944089
vn -0.316212 -0.090142 0.944396
vn -0.104268 -0.344834 0.932855
vn -0.603163 -0.797269 0.023579
vn -0.632481 -0.661498 0.402974
vn -0.307528 -0.636482 0.707331
vn -0.311383 -0.852433 0.419999
vn -0.440529 -0.211467 0.872477
vn -0.261228 0.051703 0.963892
vn -0.257270 0.063888 0.964225
vn -0.361433 -0.084999 0.928516
vn -0.083307 -0.392743 0.915867
vn -0.204348 -0.221901 0.953416
vn -0.104268 -0.344834 0.932855
vn 0.106358 -0.540809 0.834394
vn -0.053422 -0.680511 0.730788
vn -0.083307 -0.392743 0.915867
vn 0.106358 -0.540809 0.834394
vn 0.345591 -0.720034 0.601763
vn -0.566190 -0.430955 0.702642
vn -0.440529 -0.211467 0.872477
vn -0.361433 -0.084999 0.928516
vn -0.436464 -0.274247 0.856906
vn -0.632481 -0.661498 0.402974
vn -0.566190 -0.430955 0.702642
vn -0.436464 -0.274247 0.856906
vn -0.307528 -0.636482 0.707331
vn -0.872758 -0.020959 0.487703
vn -0.804207 0.028276 0.593677
vn -0.799254 -0.159216 0.579519
vn -0.978215 -0.151680 0.141738
vn -0.978215 -0.151680 0.141738
vn -0.799254 -0.159216 0.579519
vn -0.053422 -0.680511 0.730788
vn 0.101714 -0.863549 0.493900
vn -0.407994 0.111396 0.906163
vn -0.511557 0.229684 0.827982
vn -0.320316 -0.078059 0.944089
vn -0.204348 -0.221901 0.953416
vn 0.899659 -0.185967 0.395007
vn 0.465936 -0.141494 0.873432
vn 0.493012 0.039825 0.869111
vn 0.739806 -0.127384 0.660651
vn -0.311383 -0.852433 0.419999
vn -0.307528 -0.636482 0.707331
vn 0.465936 -0.141494 0.873432
vn 0.899659 -0.185967 0.395007
vn -0.361433 -0.084999 0.928516
vn -0.257270 0.063888 0.964225
vn -0.022397 0.361417 0.932135
vn -0.154847 0.248683 0.956127
vn -0.377825 0.036639 0.925152
vn -0.407994 0.111396 0.906163
vn -0.204348 -0.221901 0.953416
vn -0.083307 -0.392743 0.915867
vn -0.799254 -0.159216 0.579519
vn -0.377825 0.036639 0.925152
vn -0.083307 -0.392743 0.915867
vn -0.053422 -0.680511 0.730788
vn -0.436464 -0.274247 0.856906
vn -0.361433 -0.084999 0.928516
vn -0.154847 0.248683 0.956127
vn -0.167033 0.153673 0.973902
vn -0.307528 -0.636482 0.707331
vn -0.436464 -0.274247 0.856906
vn -0.167033 0.153673 0.973902
vn 0.465936 -0.141494 0.873432
vn -0.804207 0.028276 0.593677
vn -0.748569 0.396877 0.531163
vn -0.722176 0.343470 0.600408
vn -0.799254 -0.159216 0.579519
vn -0.552752 0.426122 0.716160
vn -0.627707 0.453997 0.632354
vn -0.511557 0.229684 0.827982
vn -0.407994 0.111396 0.906163
vn 0.465936 -0.141494 0.873432
vn 0.328106 0.424204 0.844037
vn 0.424767 0.459367 0.780099
vn 0.493012 0.039825 0.869111
vn -0.154847 0.248683 0.956127
vn -0.022397 0.361417 0.932135
vn 0.190723 0.562360 0.804596
vn 0.081199 0.542577 0.836072
vn -0.550013 0.360997 0.753105
vn -0.552752 0.426122 0.716160
vn -0.407994 0.111396 0.906163
vn -0.377825 0.036639 0.925152
vn -0.722176 0.343470 0.600408
vn -0.550013 0.360997 0.753105
vn -0.377825 0.036639 0.925152
vn -0.799254 -0.159216 0.579519
vn -0.167033 0.153673 0.973902
vn -0.154847 0.248683 0.956127
vn 0.081199 0.542577 0.836072
vn 0.063030 0.480871 0.874523
vn 0.465936 -0.141494 0.873432
vn -0.167033 0.153673 0.973902
vn 0.063030 0.480871 0.874523
vn 0.328106 0.424204 0.844037
vn -0.748569 0.396877 0.531163
vn -0.662888 0.727725 0.176058
vn -0.651750 0.752814 0.092154
vn -0.722176 0.343470 0.600408
vn -0.552752 0.426122 0.716160
vn -0.599271 0.800369 0.016860
vn -0.688055 0.725447 0.017539
vn -0.627707 0.453997 0.632354
vn 0.328106 0.424204 0.844037
vn 0.533409 0.780542 0.325928
vn 0.539194 0.751143 0.380860
vn 0.424767 0.459367 0.780099
vn 0.590705 0.751077 0.294874
vn 0.696255 0.513153 -0.501900
vn 0.578054 0.485651 -0.655742
vn 0.520102 0.821111 0.235099
vn 0.190723 0.562360 0.804596
vn 0.590705 0.751077 0.294874
vn 0.520102 0.821111 0.235099
vn 0.081199 0.542577 0.836072
vn -0.550013 0.360997 0.753105
vn -0.591504 0.805422 0.037659
vn -0.599271 0.800369 0.016860
vn -0.552752 0.426122 0.716160
vn -0.722176 0.343470 0.600408
vn -0.651750 0.752814 0.092154
vn -0.591504 0.805422 0.037659
vn -0.550013 0.360997 0.753105
vn 0.081199 0.542577 0.836072
vn 0.520102 0.821111 0.235099
vn 0.503844 0.827805 0.246739
vn 0.063030 0.480871 0.874523
vn 0.063030 0.480871 0.874523
vn 0.503844 0.827805 0.246739
vn 0.533409 0.780542 0.325928
vn 0.328106 0.424204 0.844037
vn -0.662888 0.727725 0.176058
vn -0.544249 0.776629 -0.317239
vn -0.362859 0.631697 -0.685050
vn -0.651750 0.752814 0.092154
vn -0.544249 0.776629 -0.317239
vn -0.439917 0.636516 -0.633498
vn -0.331538 0.396478 -0.856089
vn -0.362859 0.631697 -0.685050
vn -0.599271 0.800369 0.016860
vn -0.141469 0.591847 -0.793539
vn -0.325939 0.602693 -0.728371
vn -0.688055 0.725447 0.017539
vn 0.533409 0.780542 0.325928
vn 0.681617 0.557859 -0.473488
vn 0.640232 0.757645 -0.126795
vn 0.539194 0.751143 0.380860
vn 0.681617 0.557859 -0.473488
vn 0.705613 0.314138 -0.635159
vn 0.657623 0.593210 -0.464364
vn 0.640232 0.757645 -0.126795
vn -0.591504 0.805422 0.037659
vn 0.020012 0.567287 -0.823277
vn -0.141469 0.591847 -0.793539
vn -0.599271 0.800369 0.016860
vn -0.651750 0.752814 0.092154
vn -0.362859 0.631697 -0.685050
vn 0.020012 0.567287 -0.823277
vn -0.591504 0.805422 0.037659
vn 0.520102 0.821111 0.235099
vn 0.578054 0.485651 -0.655742
vn 0.453353 0.451812 -0.768334
vn 0.503844 0.827805 0.246739
vn 0.503844 0.827805 0.246739
vn 0.453353 0.451812 -0.768334
vn 0.681617 0.557859 -0.473488
vn 0.533409 0.780542 0.325928
vn -0.362859 0.631697 -0.685050
vn -0.331538 0.396478 -0.856089
vn -0.321937 0.155850 -0.933845
vn -0.063367 0.027408 -0.997614
vn -0.321937 0.155850 -0.933845
vn -0.478632 -0.098476 -0.872476
vn -0.427820 -0.483636 -0.763588
vn -0.063367 0.027408 -0.997614
vn -0.325939 0.602693 -0.728371
vn -0.141469 0.591847 -0.793539
vn 0.102349 0.301800 -0.947861
vn -0.013053 0.322996 -0.946310
vn 0.564883 -0.067577 -0.822399
vn 0.713423 0.089855 -0.694949
vn 0.705613 0.314138 -0.635159
vn 0.681617 0.557859 -0.473488
vn 0.564883 -0.067577 -0.822399
vn 0.679960 -0.454812 -0.575153
vn 0.754364 -0.080154 -0.651545
vn 0.713423 0.089855 -0.694949
vn 0.114609 -0.356161 -0.927369
vn 0.005126 -0.451745 -0.892132
vn 0.448683 0.167640 -0.877827
vn 0.545345 0.193110 -0.815663
vn 0.545345 0.193110 -0.815663
vn 0.448683 0.167640 -0.877827
vn 0.578054 0.485651 -0.655742
vn 0.696255 0.513153 -0.501900
vn -0.141469 0.591847 -0.793539
vn 0.020012 0.567287 -0.823277
vn 0.268505 0.191774 -0.943996
vn 0.102349 0.301800 -0.947861
vn 0.020012 0.567287 -0.823277
vn -0.362859 0.631697 -0.685050
vn -0.063367 0.027408 -0.997614
vn 0.268505 0.191774 -0.943996
vn 0.448683 0.167640 -0.877827
vn 0.297019 0.057186 -0.953158
vn 0.453353 0.451812 -0.768334
vn 0.578054 0.485651 -0.655742
vn 0.297019 0.057186 -0.953158
vn 0.564883 -0.067577 -0.822399
vn 0.681617 0.557859 -0.473488
vn 0.453353 0.451812 -0.768334
vn -0.063367 0.027408 -0.997614
vn -0.427820 -0.483636 -0.763588
vn -0.529778 -0.632313 -0.565257
vn 0.290395 -0.698986 -0.653520
vn -0.529778 -0.632313 -0.565257
vn 0.101714 -0.863549 0.493900
vn 0.290395 -0.698986 -0.653520
vn -0.013053 0.322996 -0.946310
vn 0.102349 0.301800 -0.947861
vn 0.507351 -0.325859 -0.797754
vn 0.431849 -0.221538 -0.874316
vn 0.068863 -0.758226 -0.648345
vn 0.708065 -0.608077 -0.359007
vn 0.679960 -0.454812 -0.575153
vn 0.564883 -0.067577 -0.822399
vn 0.068863 -0.758226 -0.648345
vn -0.311383 -0.852433 0.419999
vn 0.708065 -0.608077 -0.359007
vn 0.102349 0.301800 -0.947861
vn 0.268505 0.191774 -0.943996
vn 0.510082 -0.429658 -0.745125
vn 0.507351 -0.325859 -0.797754
vn 0.268505 0.191774 -0.943996
vn -0.063367 0.027408 -0.997614
vn 0.290395 -0.698986 -0.653520
vn 0.510082 -0.429658 -0.745125
vn 0.005126 -0.451745 -0.892132
vn -0.036848 -0.540353 -0.840631
vn 0.297019 0.057186 -0.953158
vn 0.448683 0.167640 -0.877827
vn -0.036848 -0.540353 -0.840631
vn 0.068863 -0.758226 -0.648345
vn 0.564883 -0.067577 -0.822399
vn 0.297019 0.057186 -0.953158
vn 0.621924 -0.766553 -0.160021
vn 0.528065 -0.810395 0.253786
vn 0.561881 -0.800378 0.209008
vn 0.621369 -0.779126 -0.082848
vn 0.290395 -0.698986 -0.653520
vn 0.101714 -0.863549 0.493900
vn 0.528065 -0.810395 0.253786
vn 0.621924 -0.766553 -0.160021
vn 0.431849 -0.221538 -0.874316
vn 0.507351 -0.325859 -0.797754
vn 0.614481 -0.579656 -0.535175
vn 0.458108 -0.302828 -0.835723
vn -0.458694 -0.806467 -0.373109
vn -0.603163 -0.797269 0.023579
vn -0.311383 -0.852433 0.419999
vn 0.068863 -0.758226 -0.648345
vn 0.068084 -0.432520 -0.899050
vn -0.237890 -0.672581 -0.700745
vn 0.005126 -0.451745 -0.892132
vn 0.114609 -0.356161 -0.927369
vn 0.510082 -0.429658 -0.745125
vn 0.290395 -0.698986 -0.653520
vn 0.621924 -0.766553 -0.160021
vn 0.638713 -0.659456 -0.396438
vn 0.507351 -0.325859 -0.797754
vn 0.510082 -0.429658 -0.745125
vn 0.638713 -0.659456 -0.396438
vn 0.614481 -0.579656 -0.535175
vn -0.339455 -0.731410 -0.591447
vn -0.458694 -0.806467 -0.373109
vn 0.068863 -0.758226 -0.648345
vn -0.036848 -0.540353 -0.840631
vn -0.237890 -0.672581 -0.700745
vn -0.339455 -0.731410 -0.591447
vn -0.036848 -0.540353 -0.840631
vn 0.005126 -0.451745 -0.892132
vn 0.458108 -0.302828 -0.835723
vn 0.614481 -0.579656 -0.535175
vn 0.601594 -0.640961 -0.476712
vn 0.457413 -0.345555 -0.819368
vn -0.501008 -0.810239 -0.304143
vn -0.612740 -0.789756 -0.028898
vn -0.603163 -0.797269 0.023579
vn -0.458694 -0.806467 -0.373109
vn 0.059215 -0.473616 -0.878739
vn -0.261122 -0.725217 -0.637084
vn -0.237890 -0.672581 -0.700745
vn 0.068084 -0.432520 -0.899050
vn 0.638713 -0.659456 -0.396438
vn 0.621924 -0.766553 -0.160021
vn 0.621369 -0.779126 -0.082848
vn 0.621640 -0.713044 -0.324240
vn 0.614481 -0.579656 -0.535175
vn 0.638713 -0.659456 -0.396438
vn 0.621640 -0.713044 -0.324240
vn 0.601594 -0.640961 -0.476712
vn -0.366058 -0.777491 -0.511379
vn -0.501008 -0.810239 -0.304143
vn -0.458694 -0.806467 -0.373109
vn -0.339455 -0.731410 -0.591447
vn -0.261122 -0.725217 -0.637084
vn -0.366058 -0.777491 -0.511379
vn -0.339455 -0.731410 -0.591447
vn -0.237890 -0.672581 -0.700745
vn 0.621369 -0.779126 -0.082848
vn 0.561881 -0.800378 0.209008
vn 0.574376 -0.812984 0.095652
vn 0.589647 -0.790076 -0.167620
vn 0.457413 -0.345555 -0.819368
vn 0.601594 -0.640961 -0.476712
vn 0.540072 -0.654445 -0.529173
vn 0.405256 -0.394761 -0.824579
vn -0.428070 -0.831659 -0.353695
vn -0.560912 -0.818264 -0.125789
vn -0.612740 -0.789756 -0.028898
vn -0.501008 -0.810239 -0.304143
vn 0.105631 -0.522702 -0.845946
vn -0.179825 -0.744396 -0.643069
vn -0.261122 -0.725217 -0.637084
vn 0.059215 -0.473616 -0.878739
vn 0.601594 -0.640961 -0.476712
vn 0.621640 -0.713044 -0.324240
vn 0.573190 -0.720080 -0.391072
vn 0.540072 -0.654445 -0.529173
vn 0.621640 -0.713044 -0.324240
vn 0.621369 -0.779126 -0.082848
vn 0.589647 -0.790076 -0.167620
vn 0.573190 -0.720080 -0.391072
vn -0.179825 -0.744396 -0.643069
vn -0.286926 -0.792895 -0.537579
vn -0.366058 -0.777491 -0.511379
vn -0.261122 -0.725217 -0.637084
vn -0.286926 -0.792895 -0.537579
vn -0.428070 -0.831659 -0.353695
vn -0.501008 -0.810239 -0.304143
vn -0.366058 -0.777491 -0.511379
vn 0.589647 -0.790076 -0.167620
vn 0.574376 -0.812984 0.095652
vn 0.607410 -0.790650 0.076974
vn 0.592979 -0.780154 -0.199336
vn 0.405256 -0.394761 -0.824579
vn 0.540072 -0.654445 -0.529173
vn 0.514017 -0.669035 -0.536823
vn 0.354659 -0.455101 -0.816762
vn -0.410351 -0.828398 -0.381272
vn -0.574193 -0.802779 -0.160777
vn -0.560912 -0.818264 -0.125789
vn -0.428070 -0.831659 -0.353695
vn 0.142997 -0.578591 -0.802985
vn -0.151715 -0.759979 -0.631993
vn -0.179825 -0.744396 -0.643069
vn 0.105631 -0.522702 -0.845946
vn 0.540072 -0.654445 -0.529173
vn 0.573190 -0.720080 -0.391072
vn 0.552108 -0.722022 -0.416966
vn 0.514017 -0.669035 -0.536823
vn 0.573190 -0.720080 -0.391072
vn 0.589647 -0.790076 -0.167620
vn 0.592979 -0.780154 -0.199336
vn 0.552108 -0.722022 -0.416966
vn -0.151715 -0.759979 -0.631993
vn -0.251709 -0.798949 -0.546189
vn -0.286926 -0.792895 -0.537579
vn -0.179825 -0.744396 -0.643069
vn -0.251709 -0.798949 -0.546189
vn -0.410351 -0.828398 -0.381272
vn -0.428070 -0.831659 -0.353695
vn -0.286926 -0.792895 -0.537579
vn 0.592979 -0.780154 -0.199336
vn 0.607410 -0.790650 0.076974
vn 0.675232 -0.737597 0.003535
vn 0.657088 -0.719170 -0.225898
vn 0.354659 -0.455101 -0.816762
vn 0.514017 -0.669035 -0.536823
vn 0.547308 -0.613315 -0.569472
vn 0.317364 -0.402728 -0.858540
vn -0.444696 -0.776491 -0.446438
vn -0.586038 -0.765606 -0.265342
vn -0.574193 -0.802779 -0.160777
vn -0.410351 -0.828398 -0.381272
vn 0.198907 -0.528031 -0.825602
vn -0.159064 -0.710829 -0.685143
vn -0.151715 -0.759979 -0.631993
vn 0.142997 -0.578591 -0.802985
vn 0.514017 -0.669035 -0.536823
vn 0.552108 -0.722022 -0.416966
vn 0.600433 -0.660423 -0.450911
vn 0.547308 -0.613315 -0.569472
vn 0.552108 -0.722022 -0.416966
vn 0.592979 -0.780154 -0.199336
vn 0.657088 -0.719170 -0.225898
vn 0.600433 -0.660423 -0.450911
vn -0.159064 -0.710829 -0.685143
vn -0.270527 -0.745285 -0.609397
vn -0.251709 -0.798949 -0.546189
vn -0.151715 -0.759979 -0.631993
vn -0.270527 -0.745285 -0.609397
vn -0.444696 -0.776491 -0.446438
vn -0.410351 -0.828398 -0.381272
vn -0.251709 -0.798949 -0.546189
vn 0.657088 -0.719170 -0.225898
vn 0.675232 -0.737597 0.003535
vn 0.503589 -0.861915 -0.059164
vn 0.519950 -0.783835 -0.339492
vn 0.317364 -0.402728 -0.858540
vn 0.547308 -0.613315 -0.569472
vn 0.361996 -0.629714 -0.687328
vn 0.100747 -0.387201 -0.916474
vn -0.268080 -0.848436 -0.456388
vn -0.410584 -0.888257 -0.205961
vn -0.586038 -0.765606 -0.265342
vn -0.444696 -0.776491 -0.446438
vn 0.411803 -0.506698 -0.757414
vn 0.060484 -0.732101 -0.678505
vn -0.159064 -0.710829 -0.685143
vn 0.198907 -0.528031 -0.825602
vn 0.547308 -0.613315 -0.569472
vn 0.600433 -0.660423 -0.450911
vn 0.419691 -0.689376 -0.590441
vn 0.361996 -0.629714 -0.687328
vn 0.600433 -0.660423 -0.450911
vn 0.657088 -0.719170 -0.225898
vn 0.519950 -0.783835 -0.339492
vn 0.419691 -0.689376 -0.590441
vn 0.060484 -0.732101 -0.678505
vn -0.043620 -0.782658 -0.620922
vn -0.270527 -0.745285 -0.609397
vn -0.159064 -0.710829 -0.685143
vn -0.043620 -0.782658 -0.620922
vn -0.268080 -0.848436 -0.456388
vn -0.444696 -0.776491 -0.446438
vn -0.270527 -0.745285 -0.609397
vn -0.096344 -0.151657 0.983727
vn -0.493786 0.235819 0.836998
vn -0.567129 0.094563 0.818182
vn -0.200838 -0.252590 0.946500
vn 0.313625 -0.466725 0.826926
vn -0.096344 -0.151657 0.983727
vn -0.200838 -0.252590 0.946500
vn 0.195842 -0.530140 0.824983
vn 0.363406 -0.806388 0.466556
vn 0.195842 -0.530140 0.824983
vn -0.200838 -0.252590 0.946500
vn -0.072048 -0.870990 0.485990
vn -0.631667 -0.429473 0.645407
vn -0.355594 -0.102744 0.928976
vn -0.463524 -0.022559 0.885797
vn -0.728970 -0.372992 0.574003
vn -0.278026 -0.782991 0.556441
vn -0.355594 -0.102744 0.928976
vn -0.631667 -0.429473 0.645407
vn -0.581420 -0.757627 0.296566
vn -0.216183 -0.028873 -0.975926
vn 0.100747 -0.387201 -0.916474
vn -0.384439 -0.332073 -0.861356
vn -0.525234 -0.028691 -0.850474
vn -0.643971 0.424198 -0.636676
vn -0.216183 -0.028873 -0.975926
vn -0.525234 -0.028691 -0.850474
vn -0.821216 0.328162 -0.466813
vn -0.812769 0.582585 0.000610
vn -0.643971 0.424198 -0.636676
vn -0.821216 0.328162 -0.466813
vn -0.900047 0.428822 0.077637
vn -0.729031 0.477838 0.490087
vn -0.812769 0.582585 0.000610
vn -0.900047 0.428822 0.077637
vn -0.771148 0.321954 0.549251
vn -0.953225 0.127933 0.273853
vn -0.771148 0.321954 0.549251
vn -0.900047 0.428822 0.077637
vn 0.951231 0.308350 -0.008923
vn 0.898124 -0.100388 -0.428130
vn 0.718482 -0.143627 -0.680555
vn 0.900931 0.368965 -0.228448
vn 0.715511 0.489850 0.498087
vn 0.951231 0.308350 -0.008923
vn 0.900931 0.368965 -0.228448
vn 0.695050 0.618443 0.366651
vn -0.821216 0.328162 -0.466813
vn -0.525234 -0.028691 -0.850474
vn -0.958657 -0.026260 -0.283350
vn -0.900047 0.428822 0.077637
vn -0.821216 0.328162 -0.466813
vn -0.958657 -0.026260 -0.283350
vn -0.953225 0.127933 0.273853
vn -0.567129 0.094563 0.818182
vn -0.771148 0.321954 0.549251
vn -0.953225 0.127933 0.273853
vn -0.871641 -0.114655 0.476547
vn -0.525234 -0.028691 -0.850474
vn -0.384439 -0.332073 -0.861356
vn -0.923291 -0.264185 -0.278818
vn -0.958657 -0.026260 -0.283350
vn -0.953225 0.127933 0.273853
vn -0.958657 -0.026260 -0.283350
vn -0.923291 -0.264185 -0.278818
vn -0.871641 -0.114655 0.476547
vn 0.100747 -0.387201 -0.916474
vn 0.361996 -0.629714 -0.687328
vn -0.221875 -0.619614 -0.752895
vn -0.384439 -0.332073 -0.861356
vn -0.200838 -0.252590 0.946500
vn -0.567129 0.094563 0.818182
vn -0.871641 -0.114655 0.476547
vn -0.760957 -0.313664 0.567943
vn 0.683098 -0.630062 -0.369322
vn 0.472001 -0.783645 -0.403876
vn -0.043620 -0.782658 -0.620922
vn 0.060484 -0.732101 -0.678505
vn -0.384439 -0.332073 -0.861356
vn -0.221875 -0.619614 -0.752895
vn -0.814592 -0.547378 -0.191878
vn -0.923291 -0.264185 -0.278818
vn -0.760957 -0.313664 0.567943
vn -0.871641 -0.114655 0.476547
vn -0.923291 -0.264185 -0.278818
vn -0.814592 -0.547378 -0.191878
vn 0.361996 -0.629714 -0.687328
vn 0.419691 -0.689376 -0.590441
vn -0.035426 -0.727650 -0.685033
vn -0.221875 -0.619614 -0.752895
vn 0.419691 -0.689376 -0.590441
vn 0.519950 -0.783835 -0.339492
vn 0.124572 -0.866323 -0.483701
vn -0.035426 -0.727650 -0.685033
vn -0.200838 -0.252590 0.946500
vn -0.760957 -0.313664 0.567943
vn -0.571916 -0.709200 0.412248
vn -0.571916 -0.709200 0.412248
vn -0.072048 -0.870990 0.485990
vn -0.200838 -0.252590 0.946500
vn -0.355594 -0.102744 0.928976
vn -0.278026 -0.782991 0.556441
vn 0.188944 -0.377053 0.906714
vn 0.519950 -0.783835 -0.339492
vn 0.503589 -0.861915 -0.059164
vn 0.138924 -0.984784 -0.104403
vn 0.124572 -0.866323 -0.483701
vn 0.503589 -0.861915 -0.059164
vn 0.363406 -0.806388 0.466556
vn -0.072048 -0.870990 0.485990
vn 0.138924 -0.984784 -0.104403
vn 0.124572 -0.866323 -0.483701
vn 0.138924 -0.984784 -0.104403
vn -0.519787 -0.830848 -0.198781
vn -0.035426 -0.727650 -0.685033
vn 0.138924 -0.984784 -0.104403
vn -0.072048 -0.870990 0.485990
vn -0.571916 -0.709200 0.412248
vn -0.519787 -0.830848 -0.198781
vn -0.221875 -0.619614 -0.752895
vn -0.035426 -0.727650 -0.685033
vn -0.519787 -0.830848 -0.198781
vn -0.814592 -0.547378 -0.191878
vn -0.571916 -0.709200 0.412248
vn -0.760957 -0.313664 0.567943
vn -0.814592 -0.547378 -0.191878
vn -0.519787 -0.830848 -0.198781
vn -0.127768 -0.990609 -0.048663
vn -0.278026 -0.782991 0.556441
vn -0.581420 -0.757627 0.296566
vn -0.410584 -0.888257 -0.205961
vn 0.898124 -0.100388 -0.428130
vn 0.754183 -0.427520 -0.498432
vn 0.411803 -0.506698 -0.757414
vn 0.718482 -0.143627 -0.680555
vn -0.355594 -0.102744 0.928976
vn 0.030168 0.243034 0.969549
vn -0.040881 0.363818 0.930573
vn -0.463524 -0.022559 0.885797
vn 0.754183 -0.427520 -0.498432
vn 0.683098 -0.630062 -0.369322
vn 0.060484 -0.732101 -0.678505
vn 0.411803 -0.506698 -0.757414
vn 0.977230 0.028841 0.210215
vn 0.898124 -0.100388 -0.428130
vn 0.951231 0.308350 -0.008923
vn 0.977230 0.028841 0.210215
vn 0.959142 -0.156315 0.235822
vn 0.754183 -0.427520 -0.498432
vn 0.898124 -0.100388 -0.428130
vn 0.688366 0.288871 0.665361
vn 0.977230 0.028841 0.210215
vn 0.951231 0.308350 -0.008923
vn 0.715511 0.489850 0.498087
vn 0.688366 0.288871 0.665361
vn 0.715511 0.489850 0.498087
vn 0.359185 0.440503 0.822766
vn 0.030168 0.243034 0.969549
vn 0.359185 0.440503 0.822766
vn 0.351844 0.574640 0.738914
vn -0.040881 0.363818 0.930573
vn 0.959142 -0.156315 0.235822
vn 0.887942 -0.330293 0.320104
vn 0.683098 -0.630062 -0.369322
vn 0.754183 -0.427520 -0.498432
vn 0.490653 0.121700 0.862814
vn 0.688366 0.288871 0.665361
vn 0.359185 0.440503 0.822766
vn 0.030168 0.243034 0.969549
vn 0.490653 0.121700 0.862814
vn 0.959142 -0.156315 0.235822
vn 0.977230 0.028841 0.210215
vn 0.688366 0.288871 0.665361
vn 0.404407 -0.045214 0.913461
vn 0.490653 0.121700 0.862814
vn 0.030168 0.243034 0.969549
vn -0.355594 -0.102744 0.928976
vn 0.887942 -0.330293 0.320104
vn 0.959142 -0.156315 0.235822
vn 0.490653 0.121700 0.862814
vn 0.404407 -0.045214 0.913461
vn 0.340162 -0.269292 0.900984
vn 0.404407 -0.045214 0.913461
vn -0.355594 -0.102744 0.928976
vn 0.188944 -0.377053 0.906714
vn 0.733890 -0.589513 0.337461
vn 0.887942 -0.330293 0.320104
vn 0.404407 -0.045214 0.913461
vn 0.340162 -0.269292 0.900984
vn 0.887942 -0.330293 0.320104
vn 0.733890 -0.589513 0.337461
vn 0.472001 -0.783645 -0.403876
vn 0.683098 -0.630062 -0.369322
vn 0.144113 -0.921956 -0.359483
vn -0.127768 -0.990609 -0.048663
vn -0.410584 -0.888257 -0.205961
vn -0.268080 -0.848436 -0.456388
vn 0.472001 -0.783645 -0.403876
vn 0.144113 -0.921956 -0.359483
vn -0.268080 -0.848436 -0.456388
vn -0.043620 -0.782658 -0.620922
vn 0.467789 -0.818771 0.332849
vn -0.127768 -0.990609 -0.048663
vn 0.144113 -0.921956 -0.359483
vn 0.733890 -0.589513 0.337461
vn 0.467789 -0.818771 0.332849
vn 0.144113 -0.921956 -0.359483
vn 0.472001 -0.783645 -0.403876
vn 0.733890 -0.589513 0.337461
vn 0.340162 -0.269292 0.900984
vn 0.188944 -0.377053 0.906714
vn 0.467789 -0.818771 0.332849
vn 0.467789 -0.818771 0.332849
vn 0.188944 -0.377053 0.906714
vn -0.278026 -0.782991 0.556441
vn -0.127768 -0.990609 -0.048663
vn -0.773446 -0.200458 0.601330
vn -0.773446 -0.200458 0.601330
vn -0.773446 -0.200458 0.601330
vn -0.773446 -0.200458 0.601330
vn 0.905246 -0.116120 0.408711
vn 0.757498 -0.086340 0.647103
vn 0.667923 -0.239325 0.704700
vn 0.775334 -0.332857 0.536715
vn 0.014376 -0.128485 0.991607
vn 0.001654 -0.019615 0.999806
vn -0.059749 -0.013988 0.998115
vn -0.061327 -0.165598 0.984285
vn 0.060810 -0.165501 0.984333
vn 0.059267 -0.013986 0.998144
vn -0.002238 -0.019620 0.999805
vn -0.015033 -0.128445 0.991603
vn 0.140046 -0.223702 0.964544
vn 0.155369 -0.000850 0.987856
vn 0.129735 -0.003548 0.991542
vn 0.122259 -0.211502 0.969701
vn -0.122694 -0.211650 0.969614
vn -0.130165 -0.003596 0.991486
vn -0.155766 -0.000940 0.987794
vn -0.140452 -0.223863 0.964447
vn 0.122259 -0.211502 0.969701
vn 0.129735 -0.003548 0.991542
vn 0.059267 -0.013986 0.998144
vn 0.060810 -0.165501 0.984333
vn -0.061327 -0.165598 0.984285
vn -0.059749 -0.013988 0.998115
vn -0.130165 -0.003596 0.991486
vn -0.122694 -0.211650 0.969614
vn 0.059267 -0.013986 0.998144
vn 0.031006 0.149390 0.988292
vn -0.029088 0.125911 0.991615
vn -0.002238 -0.019620 0.999805
vn 0.155369 -0.000850 0.987856
vn 0.122837 0.195280 0.973025
vn 0.098839 0.187206 0.977335
vn 0.129735 -0.003548 0.991542
vn 0.001654 -0.019615 0.999806
vn 0.028474 0.125978 0.991624
vn -0.031483 0.149463 0.988266
vn -0.059749 -0.013988 0.998115
vn -0.130165 -0.003596 0.991486
vn -0.099243 0.187261 0.977284
vn -0.123221 0.195299 0.972972
vn -0.155766 -0.000940 0.987794
vn 0.129735 -0.003548 0.991542
vn 0.098839 0.187206 0.977335
vn 0.031006 0.149390 0.988292
vn 0.059267 -0.013986 0.998144
vn -0.059749 -0.013988 0.998115
vn -0.031483 0.149463 0.988266
vn -0.099243 0.187261 0.977284
vn -0.130165 -0.003596 0.991486
vn -0.757960 -0.086528 0.646536
vn -0.715988 0.115767 0.688447
vn -0.867606 0.134848 0.478620
vn -0.905503 -0.116303 0.408090
vn 0.905246 -0.116120 0.408711
vn 0.867297 0.135063 0.479119
vn 0.715502 0.116026 0.688909
vn 0.757498 -0.086340 0.647103
vn -0.855912 -0.455453 0.244902
vn -0.775688 -0.333027 0.536099
vn -0.905503 -0.116303 0.408090
vn -0.988839 -0.146244 0.028470
vn -0.905503 -0.116303 0.408090
vn -0.867606 0.134848 0.478620
vn -0.977157 0.191916 0.091278
vn -0.988839 -0.146244 0.028470
vn -0.865278 -0.483312 0.133058
vn -0.855912 -0.455453 0.244902
vn -0.988839 -0.146244 0.028470
vn -0.982923 -0.157417 -0.095297
vn -0.975675 0.211014 -0.059427
vn -0.982923 -0.157417 -0.095297
vn -0.988839 -0.146244 0.028470
vn -0.977157 0.191916 0.091278
vn 0.988820 -0.146243 0.029126
vn 0.905246 -0.116120 0.408711
vn 0.775334 -0.332857 0.536715
vn 0.855768 -0.455356 0.245587
vn 0.988820 -0.146243 0.029126
vn 0.977108 0.191946 0.091739
vn 0.867297 0.135063 0.479119
vn 0.905246 -0.116120 0.408711
vn 0.982973 -0.157489 -0.094662
vn 0.988820 -0.146243 0.029126
vn 0.855768 -0.455356 0.245587
vn 0.865204 -0.483255 0.133737
vn 0.977108 0.191946 0.091739
vn 0.988820 -0.146243 0.029126
vn 0.982973 -0.157489 -0.094662
vn 0.975713 0.210949 -0.059033
vn -0.794394 0.503321 0.340010
vn -0.803373 0.545077 0.239757
vn -0.975675 0.211014 -0.059427
vn -0.977157 0.191916 0.091278
vn -0.573757 0.599024 0.558545
vn -0.575306 0.651376 0.494704
vn -0.803373 0.545077 0.239757
vn -0.794394 0.503321 0.340010
vn -0.723488 0.361512 0.588110
vn -0.794394 0.503321 0.340010
vn -0.977157 0.191916 0.091278
vn -0.867606 0.134848 0.478620
vn 0.867297 0.135063 0.479119
vn 0.977108 0.191946 0.091739
vn 0.795544 0.501400 0.340159
vn 0.722653 0.361728 0.589004
vn -0.497768 0.463763 0.732906
vn -0.573757 0.599024 0.558545
vn -0.794394 0.503321 0.340010
vn -0.723488 0.361512 0.588110
vn -0.601057 0.269470 0.752407
vn -0.723488 0.361512 0.588110
vn -0.867606 0.134848 0.478620
vn -0.715988 0.115767 0.688447
vn 0.715502 0.116026 0.688909
vn 0.867297 0.135063 0.479119
vn 0.722653 0.361728 0.589004
vn 0.600518 0.269818 0.752712
vn -0.449968 0.343939 0.824157
vn -0.497768 0.463763 0.732906
vn -0.723488 0.361512 0.588110
vn -0.601057 0.269470 0.752407
vn 0.600518 0.269818 0.752712
vn 0.722653 0.361728 0.589004
vn 0.504379 0.461298 0.729936
vn 0.448437 0.337019 0.827842
vn -0.380000 0.207802 0.901343
vn -0.449968 0.343939 0.824157
vn -0.601057 0.269470 0.752407
vn -0.476471 0.173773 0.861846
vn 0.475792 0.174062 0.862163
vn 0.600518 0.269818 0.752712
vn 0.448437 0.337019 0.827842
vn 0.383598 0.206820 0.900043
vn -0.523865 0.077695 0.848251
vn -0.476471 0.173773 0.861846
vn -0.601057 0.269470 0.752407
vn -0.715988 0.115767 0.688447
vn 0.715502 0.116026 0.688909
vn 0.600518 0.269818 0.752712
vn 0.475792 0.174062 0.862163
vn 0.523211 0.077924 0.848633
vn -0.397647 0.071347 0.914760
vn -0.380000 0.207802 0.901343
vn -0.476471 0.173773 0.861846
vn -0.523865 0.077695 0.848251
vn 0.523211 0.077924 0.848633
vn 0.475792 0.174062 0.862163
vn 0.383598 0.206820 0.900043
vn 0.399788 0.068629 0.914035
vn -0.553909 -0.035058 0.831839
vn -0.523865 0.077695 0.848251
vn -0.715988 0.115767 0.688447
vn -0.757960 -0.086528 0.646536
vn 0.757498 -0.086340 0.647103
vn 0.715502 0.116026 0.688909
vn 0.523211 0.077924 0.848633
vn 0.553278 -0.034891 0.832266
vn -0.415625 -0.037679 0.908755
vn -0.397647 0.071347 0.914760
vn -0.523865 0.077695 0.848251
vn -0.553909 -0.035058 0.831839
vn 0.553278 -0.034891 0.832266
vn 0.523211 0.077924 0.848633
vn 0.399788 0.068629 0.914035
vn 0.414892 -0.037585 0.909094
vn -0.515666 -0.131824 0.846588
vn -0.553909 -0.035058 0.831839
vn -0.757960 -0.086528 0.646536
vn -0.668457 -0.239435 0.704156
vn 0.667923 -0.239325 0.704700
vn 0.757498 -0.086340 0.647103
vn 0.553278 -0.034891 0.832266
vn 0.514996 -0.131721 0.847012
vn -0.394513 -0.135289 0.908877
vn -0.415625 -0.037679 0.908755
vn -0.553909 -0.035058 0.831839
vn -0.515666 -0.131824 0.846588
vn 0.514996 -0.131721 0.847012
vn 0.553278 -0.034891 0.832266
vn 0.414892 -0.037585 0.909094
vn 0.393759 -0.135230 0.909212
vn -0.368308 -0.271931 0.889046
vn -0.394513 -0.135289 0.908877
vn -0.515666 -0.131824 0.846588
vn -0.468929 -0.258928 0.844430
vn 0.468249 -0.258848 0.844832
vn 0.514996 -0.131721 0.847012
vn 0.393759 -0.135230 0.909212
vn 0.367577 -0.271850 0.889373
vn -0.525617 -0.365934 0.767997
vn -0.468929 -0.258928 0.844430
vn -0.515666 -0.131824 0.846588
vn -0.668457 -0.239435 0.704156
vn 0.775334 -0.332857 0.536715
vn 0.667923 -0.239325 0.704700
vn 0.525048 -0.365862 0.768421
vn 0.564714 -0.503528 0.653879
vn 0.667923 -0.239325 0.704700
vn 0.514996 -0.131721 0.847012
vn 0.468249 -0.258848 0.844832
vn 0.525048 -0.365862 0.768421
vn -0.379900 -0.388128 0.839662
vn -0.368308 -0.271931 0.889046
vn -0.468929 -0.258928 0.844430
vn -0.525617 -0.365934 0.767997
vn 0.525048 -0.365862 0.768421
vn 0.468249 -0.258848 0.844832
vn 0.367577 -0.271850 0.889373
vn 0.379272 -0.388065 0.839975
vn -0.565131 -0.503658 0.653418
vn -0.525617 -0.365934 0.767997
vn -0.668457 -0.239435 0.704156
vn -0.775688 -0.333027 0.536099
vn -0.379757 -0.522844 0.763164
vn -0.379900 -0.388128 0.839662
vn -0.525617 -0.365934 0.767997
vn -0.565131 -0.503658 0.653418
vn 0.564714 -0.503528 0.653879
vn 0.525048 -0.365862 0.768421
vn 0.379272 -0.388065 0.839975
vn 0.379274 -0.522788 0.763442
vn -0.595488 -0.630138 0.498317
vn -0.565131 -0.503658 0.653418
vn -0.775688 -0.333027 0.536099
vn -0.855912 -0.455453 0.244902
vn 0.855768 -0.455356 0.245587
vn 0.775334 -0.332857 0.536715
vn 0.564714 -0.503528 0.653879
vn 0.595213 -0.630029 0.498784
vn -0.379021 -0.650344 0.658328
vn -0.379757 -0.522844 0.763164
vn -0.565131 -0.503658 0.653418
vn -0.595488 -0.630138 0.498317
vn 0.595213 -0.630029 0.498784
vn 0.564714 -0.503528 0.653879
vn 0.379274 -0.522788 0.763442
vn 0.378667 -0.650304 0.658571
vn -0.371119 -0.690672 0.620680
vn -0.379021 -0.650344 0.658328
vn -0.595488 -0.630138 0.498317
vn -0.589156 -0.667762 0.454960
vn -0.589156 -0.667762 0.454960
vn -0.595488 -0.630138 0.498317
vn -0.855912 -0.455453 0.244902
vn -0.865278 -0.483312 0.133058
vn 0.588926 -0.667679 0.455381
vn 0.595213 -0.630029 0.498784
vn 0.378667 -0.650304 0.658571
vn 0.370815 -0.690623 0.620916
vn 0.865204 -0.483255 0.133737
vn 0.855768 -0.455356 0.245587
vn 0.595213 -0.630029 0.498784
vn 0.588926 -0.667679 0.455381
vn 0.098839 0.187206 0.977335
vn 0.122837 0.195280 0.973025
vn 0.032836 0.369462 0.928666
vn 0.003074 0.372400 0.928067
vn -0.333687 0.602345 0.725144
vn -0.305794 0.630635 0.713295
vn -0.575306 0.651376 0.494704
vn -0.573757 0.599024 0.558545
vn -0.003461 0.372568 0.927998
vn -0.033197 0.369596 0.928599
vn -0.123221 0.195299 0.972972
vn -0.099243 0.187261 0.977284
vn 0.003074 0.372400 0.928067
vn 0.032836 0.369462 0.928666
vn -0.091684 0.512544 0.853752
vn -0.132494 0.505426 0.852637
vn -0.132494 0.505426 0.852637
vn -0.091684 0.512544 0.853752
vn -0.305794 0.630635 0.713295
vn -0.333687 0.602345 0.725144
vn 0.128410 0.511363 0.849717
vn 0.093511 0.513903 0.852737
vn -0.033197 0.369596 0.928599
vn -0.003461 0.372568 0.927998
vn -0.323344 0.476615 0.817489
vn -0.333687 0.602345 0.725144
vn -0.573757 0.599024 0.558545
vn -0.497768 0.463763 0.732906
vn -0.038145 0.288119 0.956835
vn 0.003074 0.372400 0.928067
vn -0.132494 0.505426 0.852637
vn -0.161339 0.400463 0.901997
vn 0.031006 0.149390 0.988292
vn 0.098839 0.187206 0.977335
vn 0.003074 0.372400 0.928067
vn -0.038145 0.288119 0.956835
vn 0.153184 0.395885 0.905434
vn 0.128410 0.511363 0.849717
vn -0.003461 0.372568 0.927998
vn 0.037653 0.288304 0.956798
vn 0.037653 0.288304 0.956798
vn -0.003461 0.372568 0.927998
vn -0.099243 0.187261 0.977284
vn -0.031483 0.149463 0.988266
vn -0.161339 0.400463 0.901997
vn -0.132494 0.505426 0.852637
vn -0.333687 0.602345 0.725144
vn -0.323344 0.476615 0.817489
vn -0.309299 0.356520 0.881605
vn -0.323344 0.476615 0.817489
vn -0.497768 0.463763 0.732906
vn -0.449968 0.343939 0.824157
vn 0.031006 0.149390 0.988292
vn -0.038145 0.288119 0.956835
vn -0.082147 0.239674 0.967372
vn -0.029088 0.125911 0.991615
vn 0.383598 0.206820 0.900043
vn 0.448437 0.337019 0.827842
vn 0.308073 0.334882 0.890474
vn 0.294621 0.222664 0.929311
vn 0.448437 0.337019 0.827842
vn 0.504379 0.461298 0.729936
vn 0.325374 0.480113 0.814631
vn 0.308073 0.334882 0.890474
vn 0.028474 0.125978 0.991624
vn 0.081510 0.239848 0.967383
vn 0.037653 0.288304 0.956798
vn -0.031483 0.149463 0.988266
vn -0.082147 0.239674 0.967372
vn -0.038145 0.288119 0.956835
vn -0.161339 0.400463 0.901997
vn -0.183539 0.300837 0.935847
vn -0.183539 0.300837 0.935847
vn -0.161339 0.400463 0.901997
vn -0.323344 0.476615 0.817489
vn -0.309299 0.356520 0.881605
vn 0.184878 0.296582 0.936941
vn 0.153184 0.395885 0.905434
vn 0.037653 0.288304 0.956798
vn 0.081510 0.239848 0.967383
vn 0.308073 0.334882 0.890474
vn 0.325374 0.480113 0.814631
vn 0.153184 0.395885 0.905434
vn 0.184878 0.296582 0.936941
vn -0.296226 0.237543 0.925107
vn -0.309299 0.356520 0.881605
vn -0.449968 0.343939 0.824157
vn -0.380000 0.207802 0.901343
vn -0.222798 0.187485 0.956666
vn -0.183539 0.300837 0.935847
vn -0.309299 0.356520 0.881605
vn -0.296226 0.237543 0.925107
vn -0.142975 0.157911 0.977048
vn -0.082147 0.239674 0.967372
vn -0.183539 0.300837 0.935847
vn -0.222798 0.187485 0.956666
vn 0.294621 0.222664 0.929311
vn 0.308073 0.334882 0.890474
vn 0.184878 0.296582 0.936941
vn 0.220292 0.188181 0.957110
vn 0.220292 0.188181 0.957110
vn 0.184878 0.296582 0.936941
vn 0.081510 0.239848 0.967383
vn 0.142240 0.158054 0.977132
vn -0.281897 -0.038006 0.958692
vn -0.288597 0.094036 0.952821
vn -0.397647 0.071347 0.914760
vn -0.415625 -0.037679 0.908755
vn -0.288597 0.094036 0.952821
vn -0.296226 0.237543 0.925107
vn -0.380000 0.207802 0.901343
vn -0.397647 0.071347 0.914760
vn -0.029088 0.125911 0.991615
vn -0.082147 0.239674 0.967372
vn -0.142975 0.157911 0.977048
vn -0.112123 0.073867 0.990945
vn 0.399788 0.068629 0.914035
vn 0.383598 0.206820 0.900043
vn 0.294621 0.222664 0.929311
vn 0.287566 0.088070 0.953703
vn 0.111392 0.073908 0.991024
vn 0.142240 0.158054 0.977132
vn 0.081510 0.239848 0.967383
vn 0.028474 0.125978 0.991624
vn -0.212985 0.070386 0.974517
vn -0.222798 0.187485 0.956666
vn -0.296226 0.237543 0.925107
vn -0.288597 0.094036 0.952821
vn -0.112123 0.073867 0.990945
vn -0.142975 0.157911 0.977048
vn -0.222798 0.187485 0.956666
vn -0.212985 0.070386 0.974517
vn 0.287566 0.088070 0.953703
vn 0.294621 0.222664 0.929311
vn 0.220292 0.188181 0.957110
vn 0.210146 0.067652 0.975326
vn 0.210146 0.067652 0.975326
vn 0.220292 0.188181 0.957110
vn 0.142240 0.158054 0.977132
vn 0.111392 0.073908 0.991024
vn -0.002238 -0.019620 0.999805
vn -0.029088 0.125911 0.991615
vn -0.112123 0.073867 0.990945
vn -0.093858 -0.022128 0.995340
vn -0.198923 -0.030434 0.979542
vn -0.212985 0.070386 0.974517
vn -0.288597 0.094036 0.952821
vn -0.281897 -0.038006 0.958692
vn 0.093157 -0.022117 0.995406
vn 0.111392 0.073908 0.991024
vn 0.028474 0.125978 0.991624
vn 0.001654 -0.019615 0.999806
vn 0.281120 -0.037949 0.958922
vn 0.287566 0.088070 0.953703
vn 0.210146 0.067652 0.975326
vn 0.198148 -0.030423 0.979700
vn 0.414892 -0.037585 0.909094
vn 0.399788 0.068629 0.914035
vn 0.287566 0.088070 0.953703
vn 0.281120 -0.037949 0.958922
vn -0.093858 -0.022128 0.995340
vn -0.112123 0.073867 0.990945
vn -0.212985 0.070386 0.974517
vn -0.198923 -0.030434 0.979542
vn 0.198148 -0.030423 0.979700
vn 0.210146 0.067652 0.975326
vn 0.111392 0.073908 0.991024
vn 0.093157 -0.022117 0.995406
vn -0.273626 -0.143670 0.951046
vn -0.281897 -0.038006 0.958692
vn -0.415625 -0.037679 0.908755
vn -0.394513 -0.135289 0.908877
vn -0.015033 -0.128445 0.991603
vn -0.002238 -0.019620 0.999805
vn -0.093858 -0.022128 0.995340
vn -0.100572 -0.099348 0.989957
vn 0.393759 -0.135230 0.909212
vn 0.414892 -0.037585 0.909094
vn 0.281120 -0.037949 0.958922
vn 0.272844 -0.143623 0.951277
vn 0.099823 -0.099341 0.990034
vn 0.093157 -0.022117 0.995406
vn 0.001654 -0.019615 0.999806
vn 0.014376 -0.128485 0.991607
vn -0.194202 -0.116153 0.974061
vn -0.198923 -0.030434 0.979542
vn -0.281897 -0.038006 0.958692
vn -0.273626 -0.143670 0.951046
vn -0.100572 -0.099348 0.989957
vn -0.093858 -0.022128 0.995340
vn -0.198923 -0.030434 0.979542
vn -0.194202 -0.116153 0.974061
vn 0.272844 -0.143623 0.951277
vn 0.281120 -0.037949 0.958922
vn 0.198148 -0.030423 0.979700
vn 0.193425 -0.116131 0.974218
vn 0.193425 -0.116131 0.974218
vn 0.198148 -0.030423 0.979700
vn 0.093157 -0.022117 0.995406
vn 0.099823 -0.099341 0.990034
vn -0.261785 -0.268980 0.926887
vn -0.273626 -0.143670 0.951046
vn -0.394513 -0.135289 0.908877
vn -0.368308 -0.271931 0.889046
vn 0.367577 -0.271850 0.889373
vn 0.393759 -0.135230 0.909212
vn 0.272844 -0.143623 0.951277
vn 0.261046 -0.268914 0.927114
vn -0.112723 -0.196727 0.973957
vn -0.100572 -0.099348 0.989957
vn -0.194202 -0.116153 0.974061
vn -0.186998 -0.230333 0.954976
vn -0.186998 -0.230333 0.954976
vn -0.194202 -0.116153 0.974061
vn -0.273626 -0.143670 0.951046
vn -0.261785 -0.268980 0.926887
vn 0.186234 -0.230304 0.955132
vn 0.193425 -0.116131 0.974218
vn 0.099823 -0.099341 0.990034
vn 0.111984 -0.196737 0.974040
vn 0.261046 -0.268914 0.927114
vn 0.272844 -0.143623 0.951277
vn 0.193425 -0.116131 0.974218
vn 0.186234 -0.230304 0.955132
vn -0.252095 -0.380067 0.889942
vn -0.261785 -0.268980 0.926887
vn -0.368308 -0.271931 0.889046
vn -0.379900 -0.388128 0.839662
vn -0.074489 -0.241715 0.967484
vn -0.112723 -0.196727 0.973957
vn -0.186998 -0.230333 0.954976
vn -0.156836 -0.323961 0.932980
vn -0.074489 -0.241715 0.967484
vn -0.015033 -0.128445 0.991603
vn -0.100572 -0.099348 0.989957
vn -0.112723 -0.196727 0.973957
vn 0.379274 -0.522788 0.763442
vn 0.379272 -0.388065 0.839975
vn 0.251447 -0.380019 0.890146
vn 0.228987 -0.495468 0.837900
vn 0.379272 -0.388065 0.839975
vn 0.367577 -0.271850 0.889373
vn 0.261046 -0.268914 0.927114
vn 0.251447 -0.380019 0.890146
vn 0.156152 -0.323944 0.933101
vn 0.186234 -0.230304 0.955132
vn 0.111984 -0.196737 0.974040
vn 0.073841 -0.241763 0.967522
vn 0.111984 -0.196737 0.974040
vn 0.099823 -0.099341 0.990034
vn 0.014376 -0.128485 0.991607
vn 0.073841 -0.241763 0.967522
vn -0.156836 -0.323961 0.932980
vn -0.186998 -0.230333 0.954976
vn -0.261785 -0.268980 0.926887
vn -0.252095 -0.380067 0.889942
vn 0.251447 -0.380019 0.890146
vn 0.261046 -0.268914 0.927114
vn 0.186234 -0.230304 0.955132
vn 0.156152 -0.323944 0.933101
vn -0.229509 -0.495483 0.837748
vn -0.252095 -0.380067 0.889942
vn -0.379900 -0.388128 0.839662
vn -0.379757 -0.522844 0.763164
vn -0.005726 -0.308911 0.951074
vn 0.060810 -0.165501 0.984333
vn -0.015033 -0.128445 0.991603
vn -0.074489 -0.241715 0.967484
vn 0.073841 -0.241763 0.967522
vn 0.014376 -0.128485 0.991607
vn -0.061327 -0.165598 0.984285
vn 0.005189 -0.309016 0.951043
vn -0.111597 -0.410617 0.904953
vn -0.156836 -0.323961 0.932980
vn -0.252095 -0.380067 0.889942
vn -0.229509 -0.495483 0.837748
vn -0.005726 -0.308911 0.951074
vn -0.074489 -0.241715 0.967484
vn -0.156836 -0.323961 0.932980
vn -0.111597 -0.410617 0.904953
vn 0.228987 -0.495468 0.837900
vn 0.251447 -0.380019 0.890146
vn 0.156152 -0.323944 0.933101
vn 0.111060 -0.410644 0.905007
vn 0.111060 -0.410644 0.905007
vn 0.156152 -0.323944 0.933101
vn 0.073841 -0.241763 0.967522
vn 0.005189 -0.309016 0.951043
vn -0.201643 -0.604663 0.770534
vn -0.229509 -0.495483 0.837748
vn -0.379757 -0.522844 0.763164
vn -0.379021 -0.650344 0.658328
vn 0.122259 -0.211502 0.969701
vn 0.060810 -0.165501 0.984333
vn -0.005726 -0.308911 0.951074
vn 0.057914 -0.378030 0.923980
vn 0.378667 -0.650304 0.658571
vn 0.379274 -0.522788 0.763442
vn 0.228987 -0.495468 0.837900
vn 0.201245 -0.604645 0.770652
vn -0.058364 -0.378184 0.923889
vn 0.005189 -0.309016 0.951043
vn -0.061327 -0.165598 0.984285
vn -0.122694 -0.211650 0.969614
vn -0.065856 -0.507511 0.859125
vn -0.111597 -0.410617 0.904953
vn -0.229509 -0.495483 0.837748
vn -0.201643 -0.604663 0.770534
vn 0.057914 -0.378030 0.923980
vn -0.005726 -0.308911 0.951074
vn -0.111597 -0.410617 0.904953
vn -0.065856 -0.507511 0.859125
vn 0.201245 -0.604645 0.770652
vn 0.228987 -0.495468 0.837900
vn 0.111060 -0.410644 0.905007
vn 0.065428 -0.507563 0.859127
vn 0.065428 -0.507563 0.859127
vn 0.111060 -0.410644 0.905007
vn 0.005189 -0.309016 0.951043
vn -0.058364 -0.378184 0.923889
vn 0.140046 -0.223702 0.964544
vn 0.122259 -0.211502 0.969701
vn 0.057914 -0.378030 0.923980
vn 0.075911 -0.387172 0.918877
vn 0.075911 -0.387172 0.918877
vn 0.057914 -0.378030 0.923980
vn -0.065856 -0.507511 0.859125
vn -0.031250 -0.511043 0.858987
vn -0.031250 -0.511043 0.858987
vn -0.065856 -0.507511 0.859125
vn -0.201643 -0.604663 0.770534
vn -0.181810 -0.634009 0.751650
vn -0.181810 -0.634009 0.751650
vn -0.201643 -0.604663 0.770534
vn -0.379021 -0.650344 0.658328
vn -0.371119 -0.690672 0.620680
vn -0.076330 -0.387343 0.918770
vn -0.058364 -0.378184 0.923889
vn -0.122694 -0.211650 0.969614
vn -0.140452 -0.223863 0.964447
vn 0.030850 -0.511123 0.858953
vn 0.065428 -0.507563 0.859127
vn -0.058364 -0.378184 0.923889
vn -0.076330 -0.387343 0.918770
vn 0.181458 -0.633983 0.751757
vn 0.201245 -0.604645 0.770652
vn 0.065428 -0.507563 0.859127
vn 0.030850 -0.511123 0.858953
vn 0.370815 -0.690623 0.620916
vn 0.378667 -0.650304 0.658571
vn 0.201245 -0.604645 0.770652
vn 0.181458 -0.633983 0.751757
vn 0.325374 0.480113 0.814631
vn 0.338148 0.618572 0.709242
vn 0.128410 0.511363 0.849717
vn 0.153184 0.395885 0.905434
vn 0.504379 0.461298 0.729936
vn 0.576703 0.607786 0.545902
vn 0.338148 0.618572 0.709242
vn 0.325374 0.480113 0.814631
vn 0.722653 0.361728 0.589004
vn 0.795544 0.501400 0.340159
vn 0.576703 0.607786 0.545902
vn 0.504379 0.461298 0.729936
vn 0.576703 0.607786 0.545902
vn 0.576640 0.654336 0.489215
vn 0.312763 0.635548 0.705874
vn 0.338148 0.618572 0.709242
vn 0.338148 0.618572 0.709242
vn 0.312763 0.635548 0.705874
vn 0.093511 0.513903 0.852737
vn 0.128410 0.511363 0.849717
vn 0.977108 0.191946 0.091739
vn 0.975713 0.210949 -0.059033
vn 0.804159 0.544423 0.238604
vn 0.795544 0.501400 0.340159
vn 0.795544 0.501400 0.340159
vn 0.804159 0.544423 0.238604
vn 0.576640 0.654336 0.489215
vn 0.576703 0.607786 0.545902
vn -0.124007 -0.341627 0.931619
vn -0.124007 -0.341627 0.931619
vn -0.124007 -0.341627 0.931619
vn -0.124007 -0.341627 0.931619
vn 0.199346 -0.294286 0.934696
vn 0.238023 -0.297865 0.924457
vn -0.000589 -0.361751 0.932275
vn -0.000825 -0.303175 0.952935
vn -0.000896 -0.424806 0.905284
vn -0.000825 -0.303175 0.952935
vn -0.200451 -0.294710 0.934326
vn -0.210579 -0.389168 0.896775
vn 0.209061 -0.388891 0.897250
vn 0.199346 -0.294286 0.934696
vn -0.000825 -0.303175 0.952935
vn -0.000896 -0.424806 0.905284
vn -0.000705 -0.672137 0.740426
vn -0.000896 -0.424806 0.905284
vn -0.210579 -0.389168 0.896775
vn -0.216058 -0.614385 0.758848
vn 0.214628 -0.614367 0.759269
vn 0.209061 -0.388891 0.897250
vn -0.000896 -0.424806 0.905284
vn -0.000705 -0.672137 0.740426
vn -0.000410 -0.841795 0.539797
vn -0.000705 -0.672137 0.740426
vn -0.216058 -0.614385 0.758848
vn -0.137420 -0.823877 0.549856
vn 0.136605 -0.823985 0.549898
vn 0.214628 -0.614367 0.759269
vn -0.000705 -0.672137 0.740426
vn -0.000410 -0.841795 0.539797
vn 0.197087 -0.769248 -0.607794
vn 0.180858 -0.801263 -0.570322
vn 0.000454 -0.814121 -0.580695
vn 0.000550 -0.765149 -0.643853
vn 0.000550 -0.765149 -0.643853
vn 0.000454 -0.814121 -0.580695
vn -0.179954 -0.801146 -0.570773
vn -0.196020 -0.769108 -0.608317
vn 0.000454 -0.814121 -0.580695
vn 0.000292 -0.930930 -0.365197
vn -0.295056 -0.830219 -0.472947
vn -0.179954 -0.801146 -0.570773
vn -0.196020 -0.769108 -0.608317
vn -0.179954 -0.801146 -0.570773
vn -0.295056 -0.830219 -0.472947
vn -0.328525 -0.774514 -0.540554
vn 0.295810 -0.830271 -0.472384
vn 0.366804 -0.885844 -0.284139
vn 0.000166 -0.976878 -0.213795
vn 0.000292 -0.930930 -0.365197
vn 0.180858 -0.801263 -0.570322
vn 0.295810 -0.830271 -0.472384
vn 0.000292 -0.930930 -0.365197
vn 0.000454 -0.814121 -0.580695
vn 0.329480 -0.774716 -0.539683
vn 0.295810 -0.830271 -0.472384
vn 0.180858 -0.801263 -0.570322
vn 0.197087 -0.769248 -0.607794
vn 0.000292 -0.930930 -0.365197
vn 0.000166 -0.976878 -0.213795
vn -0.368077 -0.884337 -0.287172
vn -0.295056 -0.830219 -0.472947
vn 0.329480 -0.774716 -0.539683
vn 0.548123 -0.741890 -0.386212
vn 0.366804 -0.885844 -0.284139
vn 0.295810 -0.830271 -0.472384
vn -0.295056 -0.830219 -0.472947
vn -0.368077 -0.884337 -0.287172
vn -0.542120 -0.743800 -0.390983
vn -0.328525 -0.774514 -0.540554
vn 0.259467 -0.072559 0.963023
vn 0.236420 -0.024458 0.971343
vn -0.000591 -0.000394 1.000000
vn -0.000464 -0.133362 0.991067
vn 0.238023 -0.297865 0.924457
vn 0.259467 -0.072559 0.963023
vn -0.000464 -0.133362 0.991067
vn -0.000589 -0.361751 0.932275
vn -0.000464 -0.133362 0.991067
vn -0.000591 -0.000394 1.000000
vn -0.236986 -0.024240 0.971211
vn -0.260046 -0.072416 0.962877
vn -0.000589 -0.361751 0.932275
vn -0.000464 -0.133362 0.991067
vn -0.260046 -0.072416 0.962877
vn -0.238763 -0.298523 0.924054
vn 0.236420 -0.024458 0.971343
vn 0.204511 -0.141686 0.968556
vn -0.000429 -0.136864 0.990590
vn -0.000591 -0.000394 1.000000
vn -0.000591 -0.000394 1.000000
vn -0.000429 -0.136864 0.990590
vn -0.205121 -0.142062 0.968372
vn -0.236986 -0.024240 0.971211
vn 0.198454 -0.149650 0.968618
vn 0.181693 -0.055017 0.981815
vn -0.000262 -0.023862 0.999715
vn -0.000199 -0.142478 0.989798
vn -0.000199 -0.142478 0.989798
vn -0.000262 -0.023862 0.999715
vn -0.182268 -0.055073 0.981705
vn -0.198994 -0.149620 0.968512
vn -0.000429 -0.136864 0.990590
vn -0.000199 -0.142478 0.989798
vn -0.198994 -0.149620 0.968512
vn -0.205121 -0.142062 0.968372
vn 0.204511 -0.141686 0.968556
vn 0.198454 -0.149650 0.968618
vn -0.000199 -0.142478 0.989798
vn -0.000429 -0.136864 0.990590
vn -0.555453 -0.219419 0.802077
vn -0.428049 -0.073318 0.900776
vn -0.745903 -0.019821 0.665759
vn -0.859884 -0.189675 0.473944
vn 0.859086 -0.189562 0.475433
vn 0.745163 -0.019661 0.666592
vn 0.427481 -0.073526 0.901029
vn 0.554411 -0.219363 0.802813
vn -0.633676 -0.385360 0.670785
vn -0.555453 -0.219419 0.802077
vn -0.859884 -0.189675 0.473944
vn -0.857391 -0.330712 0.394349
vn 0.856520 -0.330709 0.396238
vn 0.859086 -0.189562 0.475433
vn 0.554411 -0.219363 0.802813
vn 0.632441 -0.385212 0.672034
vn -0.647404 -0.509975 0.566387
vn -0.633676 -0.385360 0.670785
vn -0.857391 -0.330712 0.394349
vn -0.824934 -0.469597 0.314581
vn 0.824041 -0.469545 0.316991
vn 0.856520 -0.330709 0.396238
vn 0.632441 -0.385212 0.672034
vn 0.645386 -0.510453 0.568256
vn -0.767208 -0.588968 0.253985
vn -0.637761 -0.606928 0.474236
vn -0.647404 -0.509975 0.566387
vn -0.824934 -0.469597 0.314581
vn 0.824041 -0.469545 0.316991
vn 0.645386 -0.510453 0.568256
vn 0.633435 -0.608302 0.478256
vn 0.768740 -0.583172 0.262583
vn -0.615290 -0.757273 0.218990
vn -0.553932 -0.739629 0.382241
vn -0.637761 -0.606928 0.474236
vn -0.767208 -0.588968 0.253985
vn 0.768740 -0.583172 0.262583
vn 0.633435 -0.608302 0.478256
vn 0.550989 -0.737282 0.390930
vn 0.608645 -0.760992 0.224595
vn -0.470769 -0.861563 0.189961
vn -0.419750 -0.857481 0.297551
vn -0.553932 -0.739629 0.382241
vn -0.615290 -0.757273 0.218990
vn 0.608645 -0.760992 0.224595
vn 0.550989 -0.737282 0.390930
vn 0.420099 -0.855262 0.303387
vn 0.470000 -0.862565 0.187302
vn -0.217153 -0.955903 0.197721
vn -0.210596 -0.944951 0.250434
vn -0.419750 -0.857481 0.297551
vn -0.470769 -0.861563 0.189961
vn 0.470000 -0.862565 0.187302
vn 0.420099 -0.855262 0.303387
vn 0.213834 -0.943456 0.253310
vn 0.219050 -0.955754 0.196345
vn -0.000074 -0.957387 0.288810
vn -0.000410 -0.841795 0.539797
vn -0.137420 -0.823877 0.549856
vn -0.120444 -0.940519 0.317676
vn 0.120230 -0.940605 0.317502
vn 0.136605 -0.823985 0.549898
vn -0.000410 -0.841795 0.539797
vn -0.000074 -0.957387 0.288810
vn -0.000055 -0.980596 0.196040
vn -0.000024 -0.970029 0.242990
vn -0.210596 -0.944951 0.250434
vn -0.217153 -0.955903 0.197721
vn 0.219050 -0.955754 0.196345
vn 0.213834 -0.943456 0.253310
vn -0.000024 -0.970029 0.242990
vn -0.000055 -0.980596 0.196040
vn 0.554411 -0.219363 0.802813
vn 0.427481 -0.073526 0.901029
vn 0.228962 0.095441 0.968745
vn 0.390054 -0.139892 0.910104
vn -0.238763 -0.298523 0.924054
vn -0.260046 -0.072416 0.962877
vn -0.281342 -0.082586 0.956047
vn -0.267737 -0.279616 0.922026
vn -0.464709 -0.371430 0.803795
vn -0.390635 -0.139739 0.909878
vn -0.555453 -0.219419 0.802077
vn -0.633676 -0.385360 0.670785
vn 0.267106 -0.278684 0.922491
vn 0.280769 -0.082487 0.956224
vn 0.259467 -0.072559 0.963023
vn 0.238023 -0.297865 0.924457
vn 0.632441 -0.385212 0.672034
vn 0.554411 -0.219363 0.802813
vn 0.390054 -0.139892 0.910104
vn 0.463879 -0.370976 0.804483
vn -0.267737 -0.279616 0.922026
vn -0.281342 -0.082586 0.956047
vn -0.327158 -0.078225 0.941726
vn -0.342886 -0.322616 0.882240
vn -0.342886 -0.322616 0.882240
vn -0.327158 -0.078225 0.941726
vn -0.390635 -0.139739 0.909878
vn -0.464709 -0.371430 0.803795
vn 0.342042 -0.321990 0.882796
vn 0.326387 -0.078267 0.941990
vn 0.280769 -0.082487 0.956224
vn 0.267106 -0.278684 0.922491
vn 0.463879 -0.370976 0.804483
vn 0.390054 -0.139892 0.910104
vn 0.326387 -0.078267 0.941990
vn 0.342042 -0.321990 0.882796
vn -0.502940 -0.468568 0.726289
vn -0.464709 -0.371430 0.803795
vn -0.633676 -0.385360 0.670785
vn -0.647404 -0.509975 0.566387
vn -0.200451 -0.294710 0.934326
vn -0.238763 -0.298523 0.924054
vn -0.267737 -0.279616 0.922026
vn -0.290029 -0.315506 0.903515
vn 0.645386 -0.510453 0.568256
vn 0.632441 -0.385212 0.672034
vn 0.463879 -0.370976 0.804483
vn 0.502990 -0.468141 0.726530
vn 0.289279 -0.314685 0.904042
vn 0.267106 -0.278684 0.922491
vn 0.238023 -0.297865 0.924457
vn 0.199346 -0.294286 0.934696
vn -0.401233 -0.408020 0.820080
vn -0.342886 -0.322616 0.882240
vn -0.464709 -0.371430 0.803795
vn -0.502940 -0.468568 0.726289
vn -0.290029 -0.315506 0.903515
vn -0.267737 -0.279616 0.922026
vn -0.342886 -0.322616 0.882240
vn -0.401233 -0.408020 0.820080
vn 0.502990 -0.468141 0.726530
vn 0.463879 -0.370976 0.804483
vn 0.342042 -0.321990 0.882796
vn 0.398461 -0.405092 0.822879
vn 0.398461 -0.405092 0.822879
vn 0.342042 -0.321990 0.882796
vn 0.267106 -0.278684 0.922491
vn 0.289279 -0.314685 0.904042
vn -0.210579 -0.389168 0.896775
vn -0.200451 -0.294710 0.934326
vn -0.290029 -0.315506 0.903515
vn -0.330543 -0.420422 0.844977
vn -0.525648 -0.575196 0.626773
vn -0.502940 -0.468568 0.726289
vn -0.647404 -0.509975 0.566387
vn -0.637761 -0.606928 0.474236
vn 0.329537 -0.419664 0.845747
vn 0.289279 -0.314685 0.904042
vn 0.199346 -0.294286 0.934696
vn 0.209061 -0.388891 0.897250
vn 0.633435 -0.608302 0.478256
vn 0.645386 -0.510453 0.568256
vn 0.502990 -0.468141 0.726530
vn 0.524982 -0.574397 0.628062
vn -0.330543 -0.420422 0.844977
vn -0.290029 -0.315506 0.903515
vn -0.401233 -0.408020 0.820080
vn -0.443995 -0.529676 0.722712
vn -0.443995 -0.529676 0.722712
vn -0.401233 -0.408020 0.820080
vn -0.502940 -0.468568 0.726289
vn -0.525648 -0.575196 0.626773
vn 0.439007 -0.523957 0.729892
vn 0.398461 -0.405092 0.822879
vn 0.289279 -0.314685 0.904042
vn 0.329537 -0.419664 0.845747
vn 0.524982 -0.574397 0.628062
vn 0.502990 -0.468141 0.726530
vn 0.398461 -0.405092 0.822879
vn 0.439007 -0.523957 0.729892
vn -0.216058 -0.614385 0.758848
vn -0.210579 -0.389168 0.896775
vn -0.330543 -0.420422 0.844977
vn -0.342023 -0.620742 0.705478
vn -0.553932 -0.739629 0.382241
vn -0.493121 -0.696627 0.521097
vn -0.525648 -0.575196 0.626773
vn -0.637761 -0.606928 0.474236
vn 0.340900 -0.620417 0.706307
vn 0.329537 -0.419664 0.845747
vn 0.209061 -0.388891 0.897250
vn 0.214628 -0.614367 0.759269
vn 0.633435 -0.608302 0.478256
vn 0.524982 -0.574397 0.628062
vn 0.490886 -0.696452 0.523436
vn 0.550989 -0.737282 0.390930
vn -0.342023 -0.620742 0.705478
vn -0.330543 -0.420422 0.844977
vn -0.443995 -0.529676 0.722712
vn -0.431720 -0.674628 0.598745
vn -0.431720 -0.674628 0.598745
vn -0.443995 -0.529676 0.722712
vn -0.525648 -0.575196 0.626773
vn -0.493121 -0.696627 0.521097
vn 0.426029 -0.670728 0.607144
vn 0.439007 -0.523957 0.729892
vn 0.329537 -0.419664 0.845747
vn 0.340900 -0.620417 0.706307
vn 0.490886 -0.696452 0.523436
vn 0.524982 -0.574397 0.628062
vn 0.439007 -0.523957 0.729892
vn 0.426029 -0.670728 0.607144
vn -0.419750 -0.857481 0.297551
vn -0.409115 -0.820732 0.398779
vn -0.493121 -0.696627 0.521097
vn -0.553932 -0.739629 0.382241
vn -0.210596 -0.944951 0.250434
vn -0.229774 -0.925980 0.299609
vn -0.409115 -0.820732 0.398779
vn -0.419750 -0.857481 0.297551
vn -0.137420 -0.823877 0.549856
vn -0.216058 -0.614385 0.758848
vn -0.342023 -0.620742 0.705478
vn -0.280751 -0.793844 0.539435
vn -0.000074 -0.957387 0.288810
vn -0.120444 -0.940519 0.317676
vn -0.190574 -0.934036 0.302088
vn -0.229774 -0.925980 0.299609
vn -0.000024 -0.970029 0.242990
vn -0.000074 -0.957387 0.288810
vn -0.229774 -0.925980 0.299609
vn -0.210596 -0.944951 0.250434
vn 0.550989 -0.737282 0.390930
vn 0.490886 -0.696452 0.523436
vn 0.408294 -0.821635 0.397758
vn 0.420099 -0.855262 0.303387
vn 0.420099 -0.855262 0.303387
vn 0.408294 -0.821635 0.397758
vn 0.230690 -0.925846 0.299318
vn 0.213834 -0.943456 0.253310
vn 0.279922 -0.793928 0.539743
vn 0.340900 -0.620417 0.706307
vn 0.214628 -0.614367 0.759269
vn 0.136605 -0.823985 0.549898
vn 0.230690 -0.925846 0.299318
vn 0.189817 -0.934329 0.301659
vn 0.120230 -0.940605 0.317502
vn -0.000074 -0.957387 0.288810
vn 0.213834 -0.943456 0.253310
vn 0.230690 -0.925846 0.299318
vn -0.000074 -0.957387 0.288810
vn -0.000024 -0.970029 0.242990
vn -0.229774 -0.925980 0.299609
vn -0.190574 -0.934036 0.302088
vn -0.369138 -0.809851 0.455937
vn -0.409115 -0.820732 0.398779
vn -0.120444 -0.940519 0.317676
vn -0.137420 -0.823877 0.549856
vn -0.280751 -0.793844 0.539435
vn -0.190574 -0.934036 0.302088
vn -0.190574 -0.934036 0.302088
vn -0.280751 -0.793844 0.539435
vn -0.369138 -0.809851 0.455937
vn -0.369138 -0.809851 0.455937
vn -0.431720 -0.674628 0.598745
vn -0.493121 -0.696627 0.521097
vn -0.409115 -0.820732 0.398779
vn -0.280751 -0.793844 0.539435
vn -0.342023 -0.620742 0.705478
vn -0.431720 -0.674628 0.598745
vn -0.369138 -0.809851 0.455937
vn 0.408294 -0.821635 0.397758
vn 0.363372 -0.810870 0.458748
vn 0.189817 -0.934329 0.301659
vn 0.230690 -0.925846 0.299318
vn 0.189817 -0.934329 0.301659
vn 0.279922 -0.793928 0.539743
vn 0.136605 -0.823985 0.549898
vn 0.120230 -0.940605 0.317502
vn 0.363372 -0.810870 0.458748
vn 0.279922 -0.793928 0.539743
vn 0.189817 -0.934329 0.301659
vn 0.408294 -0.821635 0.397758
vn 0.490886 -0.696452 0.523436
vn 0.426029 -0.670728 0.607144
vn 0.363372 -0.810870 0.458748
vn 0.363372 -0.810870 0.458748
vn 0.426029 -0.670728 0.607144
vn 0.340900 -0.620417 0.706307
vn 0.279922 -0.793928 0.539743
vn -0.198994 -0.149620 0.968512
vn -0.182268 -0.055073 0.981705
vn -0.422999 -0.192117 0.885530
vn -0.481480 -0.148362 0.863809
vn 0.480928 -0.148361 0.864117
vn 0.422471 -0.192048 0.885796
vn 0.181693 -0.055017 0.981815
vn 0.198454 -0.149650 0.968618
vn -0.205121 -0.142062 0.968372
vn -0.198994 -0.149620 0.968512
vn -0.481480 -0.148362 0.863809
vn -0.407484 -0.022847 0.912926
vn -0.407484 -0.022847 0.912926
vn -0.481480 -0.148362 0.863809
vn -0.626752 -0.033151 0.778513
vn -0.481480 -0.148362 0.863809
vn -0.422999 -0.192117 0.885530
vn -0.626752 -0.033151 0.778513
vn 0.407050 -0.022415 0.913131
vn 0.480928 -0.148361 0.864117
vn 0.198454 -0.149650 0.968618
vn 0.204511 -0.141686 0.968556
vn 0.626353 -0.033034 0.778839
vn 0.480928 -0.148361 0.864117
vn 0.407050 -0.022415 0.913131
vn 0.626353 -0.033034 0.778839
vn 0.422471 -0.192048 0.885796
vn 0.480928 -0.148361 0.864117
vn -0.236986 -0.024240 0.971211
vn -0.205121 -0.142062 0.968372
vn -0.407484 -0.022847 0.912926
vn -0.351632 0.113569 0.929224
vn -0.260046 -0.072416 0.962877
vn -0.236986 -0.024240 0.971211
vn -0.351632 0.113569 0.929224
vn -0.281342 -0.082586 0.956047
vn -0.351632 0.113569 0.929224
vn -0.407484 -0.022847 0.912926
vn -0.626752 -0.033151 0.778513
vn -0.417235 0.377730 0.826580
vn 0.351218 0.113383 0.929403
vn 0.407050 -0.022415 0.913131
vn 0.204511 -0.141686 0.968556
vn 0.236420 -0.024458 0.971343
vn 0.280769 -0.082487 0.956224
vn 0.351218 0.113383 0.929403
vn 0.236420 -0.024458 0.971343
vn 0.259467 -0.072559 0.963023
vn 0.416697 0.377786 0.826826
vn 0.626353 -0.033034 0.778839
vn 0.407050 -0.022415 0.913131
vn 0.351218 0.113383 0.929403
vn -0.281342 -0.082586 0.956047
vn -0.351632 0.113569 0.929224
vn -0.284866 0.177650 0.941962
vn -0.327158 -0.078225 0.941726
vn -0.351632 0.113569 0.929224
vn -0.417235 0.377730 0.826580
vn -0.148220 0.372087 0.916287
vn -0.284866 0.177650 0.941962
vn 0.326387 -0.078267 0.941990
vn 0.284346 0.177294 0.942186
vn 0.351218 0.113383 0.929403
vn 0.280769 -0.082487 0.956224
vn 0.284346 0.177294 0.942186
vn 0.147904 0.372155 0.916311
vn 0.416697 0.377786 0.826826
vn 0.351218 0.113383 0.929403
vn -0.390635 -0.139739 0.909878
vn -0.229285 0.095770 0.968636
vn -0.428049 -0.073318 0.900776
vn -0.555453 -0.219419 0.802077
vn -0.327158 -0.078225 0.941726
vn -0.284866 0.177650 0.941962
vn -0.229285 0.095770 0.968636
vn -0.390635 -0.139739 0.909878
vn 0.390054 -0.139892 0.910104
vn 0.228962 0.095441 0.968745
vn 0.284346 0.177294 0.942186
vn 0.326387 -0.078267 0.941990
vn -0.428049 -0.073318 0.900776
vn -0.229285 0.095770 0.968636
vn -0.195030 0.039403 0.980005
vn 0.194631 0.039389 0.980085
vn 0.228962 0.095441 0.968745
vn 0.427481 -0.073526 0.901029
vn -0.195030 0.039403 0.980005
vn -0.577974 -0.000419 0.816055
vn -0.745903 -0.019821 0.665759
vn -0.428049 -0.073318 0.900776
vn -0.577974 -0.000419 0.816055
vn -0.195030 0.039403 0.980005
vn -0.001298 -0.132285 0.991211
vn -0.284866 0.177650 0.941962
vn -0.148220 0.372087 0.916287
vn -0.001298 -0.132285 0.991211
vn -0.229285 0.095770 0.968636
vn -0.195030 0.039403 0.980005
vn -0.229285 0.095770 0.968636
vn -0.001298 -0.132285 0.991211
vn 0.427481 -0.073526 0.901029
vn 0.745163 -0.019661 0.666592
vn 0.577443 -0.000227 0.816431
vn 0.194631 0.039389 0.980085
vn 0.000831 -0.131958 0.991255
vn 0.194631 0.039389 0.980085
vn 0.577443 -0.000227 0.816431
vn 0.228962 0.095441 0.968745
vn 0.000831 -0.131958 0.991255
vn 0.147904 0.372155 0.916311
vn 0.284346 0.177294 0.942186
vn 0.000831 -0.131958 0.991255
vn 0.228962 0.095441 0.968745
vn 0.194631 0.039389 0.980085
vn -0.001298 -0.132285 0.991211
vn -0.113510 -0.465562 0.877706
vn -0.436435 -0.153939 0.886469
vn -0.577974 -0.000419 0.816055
vn 0.577443 -0.000227 0.816431
vn 0.435937 -0.153410 0.886806
vn 0.113135 -0.465131 0.877983
vn 0.000831 -0.131958 0.991255
vn -0.113510 -0.465562 0.877706
vn -0.415716 -0.478668 0.773342
vn -0.386280 -0.259742 0.885055
vn -0.436435 -0.153939 0.886469
vn -0.415716 -0.478668 0.773342
vn -0.429513 -0.306419 0.849486
vn -0.382859 -0.294015 0.875771
vn -0.386280 -0.259742 0.885055
vn -0.626752 -0.033151 0.778513
vn -0.415716 -0.478668 0.773342
vn -0.148220 0.372087 0.916287
vn -0.417235 0.377730 0.826580
vn -0.422999 -0.192117 0.885530
vn -0.429513 -0.306419 0.849486
vn -0.415716 -0.478668 0.773342
vn -0.626752 -0.033151 0.778513
vn -0.415716 -0.478668 0.773342
vn -0.113510 -0.465562 0.877706
vn -0.001298 -0.132285 0.991211
vn -0.148220 0.372087 0.916287
vn 0.435937 -0.153410 0.886806
vn 0.385830 -0.259392 0.885354
vn 0.415373 -0.478430 0.773673
vn 0.113135 -0.465131 0.877983
vn 0.385830 -0.259392 0.885354
vn 0.382349 -0.293704 0.876098
vn 0.429109 -0.306222 0.849761
vn 0.415373 -0.478430 0.773673
vn 0.416697 0.377786 0.826826
vn 0.147904 0.372155 0.916311
vn 0.415373 -0.478430 0.773673
vn 0.626353 -0.033034 0.778839
vn 0.626353 -0.033034 0.778839
vn 0.415373 -0.478430 0.773673
vn 0.429109 -0.306222 0.849761
vn 0.422471 -0.192048 0.885796
vn 0.147904 0.372155 0.916311
vn 0.000831 -0.131958 0.991255
vn 0.113135 -0.465131 0.877983
vn 0.415373 -0.478430 0.773673
vn 0.181693 -0.055017 0.981815
vn 0.192792 0.169641 0.966464
vn -0.000296 0.230416 0.973092
vn -0.000262 -0.023862 0.999715
vn -0.000262 -0.023862 0.999715
vn -0.000296 0.230416 0.973092
vn -0.193437 0.169513 0.966358
vn -0.182268 -0.055073 0.981705
vn -0.000213 0.581275 0.813707
vn -0.000088 0.806036 0.591866
vn -0.115691 0.805082 0.581772
vn -0.170657 0.569214 0.804283
vn 0.170131 0.569235 0.804380
vn 0.115404 0.805046 0.581878
vn -0.000088 0.806036 0.591866
vn -0.000213 0.581275 0.813707
vn -0.000296 0.230416 0.973092
vn -0.000213 0.581275 0.813707
vn -0.170657 0.569214 0.804283
vn -0.193437 0.169513 0.966358
vn 0.192792 0.169641 0.966464
vn 0.170131 0.569235 0.804380
vn -0.000213 0.581275 0.813707
vn -0.000296 0.230416 0.973092
vn -0.182268 -0.055073 0.981705
vn -0.193437 0.169513 0.966358
vn -0.308017 0.140590 0.940936
vn -0.422999 -0.192117 0.885530
vn -0.115691 0.805082 0.581772
vn -0.196503 0.804743 0.560157
vn -0.262253 0.577451 0.773159
vn -0.170657 0.569214 0.804283
vn -0.422999 -0.192117 0.885530
vn -0.308017 0.140590 0.940936
vn -0.354385 0.198303 0.913831
vn -0.429513 -0.306419 0.849486
vn 0.382349 -0.293704 0.876098
vn 0.450305 0.316515 0.834892
vn 0.353867 0.198579 0.913972
vn 0.429109 -0.306222 0.849761
vn -0.429513 -0.306419 0.849486
vn -0.354385 0.198303 0.913831
vn -0.450849 0.316247 0.834699
vn -0.382859 -0.294015 0.875771
vn -0.354385 0.198303 0.913831
vn -0.313987 0.651522 0.690602
vn -0.426814 0.664388 0.613529
vn -0.450849 0.316247 0.834699
vn -0.280155 0.808912 0.516889
vn -0.387706 0.799174 0.459353
vn -0.426814 0.664388 0.613529
vn -0.313987 0.651522 0.690602
vn 0.450305 0.316515 0.834892
vn 0.426415 0.664392 0.613802
vn 0.313529 0.651531 0.690802
vn 0.353867 0.198579 0.913972
vn 0.313529 0.651531 0.690802
vn 0.426415 0.664392 0.613802
vn 0.387468 0.799088 0.459703
vn 0.279801 0.808823 0.517220
vn -0.382859 -0.294015 0.875771
vn -0.450849 0.316247 0.834699
vn -0.516918 0.349038 0.781645
vn -0.386280 -0.259742 0.885055
vn 0.385830 -0.259392 0.885354
vn 0.516556 0.349338 0.781750
vn 0.450305 0.316515 0.834892
vn 0.382349 -0.293704 0.876098
vn -0.426814 0.664388 0.613529
vn -0.387706 0.799174 0.459353
vn -0.491565 0.769064 0.408540
vn -0.513008 0.677334 0.527296
vn -0.450849 0.316247 0.834699
vn -0.426814 0.664388 0.613529
vn -0.513008 0.677334 0.527296
vn -0.516918 0.349038 0.781645
vn 0.512777 0.677285 0.527584
vn 0.491438 0.768958 0.408891
vn 0.387468 0.799088 0.459703
vn 0.426415 0.664392 0.613802
vn 0.516556 0.349338 0.781750
vn 0.512777 0.677285 0.527584
vn 0.426415 0.664392 0.613802
vn 0.450305 0.316515 0.834892
vn -0.436435 -0.153939 0.886469
vn -0.386280 -0.259742 0.885055
vn -0.516918 0.349038 0.781645
vn -0.640655 0.322738 0.696708
vn 0.640224 0.323223 0.696879
vn 0.516556 0.349338 0.781750
vn 0.385830 -0.259392 0.885354
vn 0.435937 -0.153410 0.886806
vn -0.516918 0.349038 0.781645
vn -0.513008 0.677334 0.527296
vn -0.661428 0.606224 0.441595
vn -0.640655 0.322738 0.696708
vn -0.513008 0.677334 0.527296
vn -0.491565 0.769064 0.408540
vn -0.656640 0.680660 0.324849
vn -0.661428 0.606224 0.441595
vn 0.640224 0.323223 0.696879
vn 0.661157 0.606293 0.441904
vn 0.512777 0.677285 0.527584
vn 0.516556 0.349338 0.781750
vn 0.661157 0.606293 0.441904
vn 0.656488 0.680578 0.325327
vn 0.491438 0.768958 0.408891
vn 0.512777 0.677285 0.527584
vn -0.577974 -0.000419 0.816055
vn -0.436435 -0.153939 0.886469
vn -0.640655 0.322738 0.696708
vn -0.777048 0.226087 0.587436
vn 0.883706 0.092579 0.458795
vn 0.776600 0.226334 0.587934
vn 0.577443 -0.000227 0.816431
vn 0.745163 -0.019661 0.666592
vn 0.776600 0.226334 0.587934
vn 0.640224 0.323223 0.696879
vn 0.435937 -0.153410 0.886806
vn 0.577443 -0.000227 0.816431
vn -0.661428 0.606224 0.441595
vn -0.656640 0.680660 0.324849
vn -0.827921 0.514238 0.223845
vn -0.829797 0.450703 0.329095
vn -0.640655 0.322738 0.696708
vn -0.661428 0.606224 0.441595
vn -0.829797 0.450703 0.329095
vn -0.777048 0.226087 0.587436
vn 0.829508 0.450848 0.329624
vn 0.827762 0.514219 0.224472
vn 0.656488 0.680578 0.325327
vn 0.661157 0.606293 0.441904
vn 0.776600 0.226334 0.587934
vn 0.829508 0.450848 0.329624
vn 0.661157 0.606293 0.441904
vn 0.640224 0.323223 0.696879
vn -0.745903 -0.019821 0.665759
vn -0.577974 -0.000419 0.816055
vn -0.777048 0.226087 0.587436
vn -0.884256 0.092312 0.457788
vn 0.961016 -0.085654 0.262892
vn 0.883706 0.092579 0.458795
vn 0.745163 -0.019661 0.666592
vn 0.859086 -0.189562 0.475433
vn -0.777048 0.226087 0.587436
vn -0.829797 0.450703 0.329095
vn -0.948062 0.265881 0.174603
vn -0.884256 0.092312 0.457788
vn -0.829797 0.450703 0.329095
vn -0.827921 0.514238 0.223845
vn -0.929235 0.350976 0.115493
vn -0.948062 0.265881 0.174603
vn 0.883706 0.092579 0.458795
vn 0.947891 0.265967 0.175396
vn 0.829508 0.450848 0.329624
vn 0.776600 0.226334 0.587934
vn 0.947891 0.265967 0.175396
vn 0.929151 0.350940 0.116277
vn 0.827762 0.514219 0.224472
vn 0.829508 0.450848 0.329624
vn -0.859884 -0.189675 0.473944
vn -0.745903 -0.019821 0.665759
vn -0.884256 0.092312 0.457788
vn -0.961326 -0.085874 0.261683
vn -0.884256 0.092312 0.457788
vn -0.948062 0.265881 0.174603
vn -0.996860 0.071791 0.033414
vn -0.961326 -0.085874 0.261683
vn -0.948062 0.265881 0.174603
vn -0.929235 0.350976 0.115493
vn -0.989318 0.144261 -0.020925
vn -0.996860 0.071791 0.033414
vn 0.961016 -0.085654 0.262892
vn 0.996806 0.071958 0.034648
vn 0.947891 0.265967 0.175396
vn 0.883706 0.092579 0.458795
vn 0.996806 0.071958 0.034648
vn 0.989339 0.144292 -0.019686
vn 0.929151 0.350940 0.116277
vn 0.947891 0.265967 0.175396
vn -0.857391 -0.330712 0.394349
vn -0.859884 -0.189675 0.473944
vn -0.961326 -0.085874 0.261683
vn -0.944943 -0.250819 0.210171
vn -0.989318 0.144261 -0.020925
vn -0.993694 -0.066055 -0.090609
vn -0.993370 -0.109611 -0.034659
vn -0.996860 0.071791 0.033414
vn 0.944667 -0.250701 0.211550
vn 0.961016 -0.085654 0.262892
vn 0.859086 -0.189562 0.475433
vn 0.856520 -0.330709 0.396238
vn 0.996806 0.071958 0.034648
vn 0.993425 -0.109594 -0.033098
vn 0.993865 -0.066056 -0.088702
vn 0.989339 0.144292 -0.019686
vn -0.944943 -0.250819 0.210171
vn -0.961326 -0.085874 0.261683
vn -0.996860 0.071791 0.033414
vn -0.993370 -0.109611 -0.034659
vn 0.993425 -0.109594 -0.033098
vn 0.996806 0.071958 0.034648
vn 0.961016 -0.085654 0.262892
vn 0.944667 -0.250701 0.211550
vn -0.824934 -0.469597 0.314581
vn -0.857391 -0.330712 0.394349
vn -0.944943 -0.250819 0.210171
vn -0.902574 -0.408019 0.137404
vn 0.902399 -0.407803 0.139188
vn 0.944667 -0.250701 0.211550
vn 0.856520 -0.330709 0.396238
vn 0.824041 -0.469545 0.316991
vn -0.951213 -0.273791 -0.142241
vn -0.943301 -0.320816 -0.085202
vn -0.993370 -0.109611 -0.034659
vn -0.993694 -0.066055 -0.090609
vn -0.943301 -0.320816 -0.085202
vn -0.902574 -0.408019 0.137404
vn -0.944943 -0.250819 0.210171
vn -0.993370 -0.109611 -0.034659
vn 0.993865 -0.066056 -0.088702
vn 0.993425 -0.109594 -0.033098
vn 0.943476 -0.320811 -0.083266
vn 0.951489 -0.274012 -0.139952
vn 0.993425 -0.109594 -0.033098
vn 0.944667 -0.250701 0.211550
vn 0.902399 -0.407803 0.139188
vn 0.943476 -0.320811 -0.083266
vn -0.827450 -0.545996 0.131206
vn -0.767208 -0.588968 0.253985
vn -0.824934 -0.469597 0.314581
vn -0.902574 -0.408019 0.137404
vn 0.902399 -0.407803 0.139188
vn 0.824041 -0.469545 0.316991
vn 0.768740 -0.583172 0.262583
vn 0.831074 -0.540196 0.132301
vn -0.871867 -0.485215 -0.066444
vn -0.827450 -0.545996 0.131206
vn -0.902574 -0.408019 0.137404
vn -0.943301 -0.320816 -0.085202
vn -0.824749 -0.505142 -0.254204
vn -0.871867 -0.485215 -0.066444
vn -0.943301 -0.320816 -0.085202
vn -0.951213 -0.273791 -0.142241
vn 0.943476 -0.320811 -0.083266
vn 0.902399 -0.407803 0.139188
vn 0.831074 -0.540196 0.132301
vn 0.861831 -0.499167 -0.089888
vn 0.951489 -0.274012 -0.139952
vn 0.943476 -0.320811 -0.083266
vn 0.861831 -0.499167 -0.089888
vn 0.813575 -0.526321 -0.247147
vn 0.000166 -0.976878 -0.213795
vn 0.000091 -0.989706 -0.143117
vn -0.401769 -0.893984 -0.198429
vn -0.368077 -0.884337 -0.287172
vn -0.542120 -0.743800 -0.390983
vn -0.626528 -0.726588 -0.282014
vn -0.824749 -0.505142 -0.254204
vn -0.729862 -0.570977 -0.375881
vn -0.653050 -0.752330 0.086750
vn -0.615290 -0.757273 0.218990
vn -0.767208 -0.588968 0.253985
vn -0.827450 -0.545996 0.131206
vn 0.715533 -0.603306 -0.352186
vn 0.813575 -0.526321 -0.247147
vn 0.619067 -0.732121 -0.284175
vn 0.548123 -0.741890 -0.386212
vn 0.831074 -0.540196 0.132301
vn 0.768740 -0.583172 0.262583
vn 0.608645 -0.760992 0.224595
vn 0.660716 -0.744851 0.093014
vn -0.683802 -0.729039 -0.030274
vn -0.653050 -0.752330 0.086750
vn -0.827450 -0.545996 0.131206
vn -0.871867 -0.485215 -0.066444
vn -0.626528 -0.726588 -0.282014
vn -0.683802 -0.729039 -0.030274
vn -0.871867 -0.485215 -0.066444
vn -0.824749 -0.505142 -0.254204
vn 0.861831 -0.499167 -0.089888
vn 0.831074 -0.540196 0.132301
vn 0.660716 -0.744851 0.093014
vn 0.673899 -0.733859 -0.085511
vn 0.813575 -0.526321 -0.247147
vn 0.861831 -0.499167 -0.089888
vn 0.673899 -0.733859 -0.085511
vn 0.619067 -0.732121 -0.284175
vn -0.368077 -0.884337 -0.287172
vn -0.401769 -0.893984 -0.198429
vn -0.626528 -0.726588 -0.282014
vn -0.542120 -0.743800 -0.390983
vn -0.486197 -0.866839 0.110466
vn -0.470769 -0.861563 0.189961
vn -0.615290 -0.757273 0.218990
vn -0.653050 -0.752330 0.086750
vn 0.548123 -0.741890 -0.386212
vn 0.619067 -0.732121 -0.284175
vn 0.400568 -0.895660 -0.193232
vn 0.366804 -0.885844 -0.284139
vn 0.366804 -0.885844 -0.284139
vn 0.400568 -0.895660 -0.193232
vn 0.000091 -0.989706 -0.143117
vn 0.000166 -0.976878 -0.213795
vn 0.660716 -0.744851 0.093014
vn 0.608645 -0.760992 0.224595
vn 0.470000 -0.862565 0.187302
vn 0.491104 -0.864669 0.105660
vn -0.485200 -0.874403 0.000454
vn -0.486197 -0.866839 0.110466
vn -0.653050 -0.752330 0.086750
vn -0.683802 -0.729039 -0.030274
vn -0.401769 -0.893984 -0.198429
vn -0.485200 -0.874403 0.000454
vn -0.683802 -0.729039 -0.030274
vn -0.626528 -0.726588 -0.282014
vn 0.673899 -0.733859 -0.085511
vn 0.660716 -0.744851 0.093014
vn 0.491104 -0.864669 0.105660
vn 0.496259 -0.867893 -0.022132
vn 0.619067 -0.732121 -0.284175
vn 0.673899 -0.733859 -0.085511
vn 0.496259 -0.867893 -0.022132
vn 0.400568 -0.895660 -0.193232
vn -0.219628 -0.963323 0.154181
vn -0.217153 -0.955903 0.197721
vn -0.470769 -0.861563 0.189961
vn -0.486197 -0.866839 0.110466
vn 0.400568 -0.895660 -0.193232
vn 0.183757 -0.978602 -0.092583
vn 0.000048 -0.996576 -0.082677
vn 0.000091 -0.989706 -0.143117
vn 0.491104 -0.864669 0.105660
vn 0.470000 -0.862565 0.187302
vn 0.219050 -0.955754 0.196345
vn 0.219902 -0.963217 0.154455
vn -0.183644 -0.978605 -0.092770
vn -0.207803 -0.972910 0.101308
vn -0.485200 -0.874403 0.000454
vn -0.401769 -0.893984 -0.198429
vn -0.207803 -0.972910 0.101308
vn -0.219628 -0.963323 0.154181
vn -0.486197 -0.866839 0.110466
vn -0.485200 -0.874403 0.000454
vn 0.400568 -0.895660 -0.193232
vn 0.496259 -0.867893 -0.022132
vn 0.205143 -0.973479 0.101267
vn 0.183757 -0.978602 -0.092583
vn 0.496259 -0.867893 -0.022132
vn 0.491104 -0.864669 0.105660
vn 0.219902 -0.963217 0.154455
vn 0.205143 -0.973479 0.101267
vn 0.000091 -0.989706 -0.143117
vn 0.000048 -0.996576 -0.082677
vn -0.183644 -0.978605 -0.092770
vn -0.401769 -0.893984 -0.198429
vn -0.000059 -0.983744 0.179577
vn -0.000055 -0.980596 0.196040
vn -0.217153 -0.955903 0.197721
vn -0.219628 -0.963323 0.154181
vn 0.219902 -0.963217 0.154455
vn 0.219050 -0.955754 0.196345
vn -0.000055 -0.980596 0.196040
vn -0.000059 -0.983744 0.179577
vn 0.000048 -0.996576 -0.082677
vn 0.000018 -0.990160 0.139940
vn -0.207803 -0.972910 0.101308
vn -0.183644 -0.978605 -0.092770
vn 0.183757 -0.978602 -0.092583
vn 0.205143 -0.973479 0.101267
vn 0.000018 -0.990160 0.139940
vn 0.000048 -0.996576 -0.082677
vn 0.000018 -0.990160 0.139940
vn -0.000059 -0.983744 0.179577
vn -0.219628 -0.963323 0.154181
vn -0.207803 -0.972910 0.101308
vn 0.205143 -0.973479 0.101267
vn 0.219902 -0.963217 0.154455
vn -0.000059 -0.983744 0.179577
vn 0.000018 -0.990160 0.139940
vn 0.422471 -0.192048 0.885796
vn 0.307368 0.140798 0.941117
vn 0.192792 0.169641 0.966464
vn 0.181693 -0.055017 0.981815
vn 0.429109 -0.306222 0.849761
vn 0.353867 0.198579 0.913972
vn 0.307368 0.140798 0.941117
vn 0.422471 -0.192048 0.885796
vn -0.193437 0.169513 0.966358
vn -0.170657 0.569214 0.804283
vn -0.262253 0.577451 0.773159
vn -0.308017 0.140590 0.940936
vn -0.262253 0.577451 0.773159
vn -0.313987 0.651522 0.690602
vn -0.354385 0.198303 0.913831
vn -0.308017 0.140590 0.940936
vn -0.196503 0.804743 0.560157
vn -0.280155 0.808912 0.516889
vn -0.313987 0.651522 0.690602
vn -0.262253 0.577451 0.773159
vn 0.307368 0.140798 0.941117
vn 0.261676 0.577531 0.773294
vn 0.170131 0.569235 0.804380
vn 0.192792 0.169641 0.966464
vn 0.170131 0.569235 0.804380
vn 0.261676 0.577531 0.773294
vn 0.196136 0.804677 0.560380
vn 0.115404 0.805046 0.581878
vn 0.307368 0.140798 0.941117
vn 0.353867 0.198579 0.913972
vn 0.313529 0.651531 0.690802
vn 0.261676 0.577531 0.773294
vn 0.261676 0.577531 0.773294
vn 0.313529 0.651531 0.690802
vn 0.279801 0.808823 0.517220
vn 0.196136 0.804677 0.560380
s off
g Character:Mesh4 Character_Model
f 2627/1787/6243 2628/1788/6244 2629/1789/6245 2626/1790/6246
f 2631/1791/6247 2627/1787/6248 2626/1790/6249 2630/1792/6250
f 2628/1788/6251 2632/1793/6252 2633/1794/6253 2629/1789/6254
f 2632/1793/6255 2634/1795/6256 2635/1796/6257 2633/1794/6258
f 2634/1795/6259 2636/1797/6260 2637/1798/6261 2635/1796/6262
f 2636/1797/6263 2638/1799/6264 2639/1800/6265 2637/1798/6266
f 2638/1799/6267 2640/1801/6268 2641/1802/6269 2639/1800/6270
f 2640/1801/6271 2631/1791/6272 2630/1792/6273 2641/1802/6274
f 2626/1790/6275 2629/1789/6276 2642/1803/6277 2643/1804/6278
f 2630/1792/6279 2626/1790/6280 2643/1804/6281 2644/1805/6282
f 2629/1789/6283 2633/1794/6284 2645/1806/6285 2642/1803/6286
f 2633/1794/6287 2635/1796/6288 2646/1807/6289 2645/1806/6290
f 2635/1796/6291 2637/1798/6292 2647/1808/6293 2646/1807/6294
f 2637/1798/6295 2639/1800/6296 2648/1809/6297 2647/1808/6298
f 2639/1800/6299 2641/1802/6300 2649/1810/6301 2648/1809/6302
f 2641/1802/6303 2630/1792/6304 2644/1805/6305 2649/1810/6306
f 2643/1804/6307 2642/1803/6308 2650/1811/6309 2651/1812/6310
f 2644/1805/6311 2643/1804/6312 2651/1812/6313 2652/1813/6314
f 2642/1803/6315 2645/1806/6316 2653/1814/6317 2650/1811/6318
f 2645/1806/6319 2646/1807/6320 2654/1815/6321 2653/1814/6322
f 2646/1807/6323 2647/1808/6324 2655/1816/6325 2654/1815/6326
f 2647/1808/6327 2648/1809/6328 2656/1817/6329 2655/1816/6330
f 2656/1817/6331 2648/1809/6332 2649/1810/6333 2657/1818/6334
f 2649/1810/6335 2644/1805/6336 2652/1813/6337 2657/1818/6338
f 2659/1819/6339 2660/1820/6340 2661/1821/6341 2658/1822/6342
f 2663/1823/6343 2659/1819/6344 2658/1822/6345 2662/1824/6346
f 2660/1820/6347 2664/1825/6348 2665/2434/6349 2661/1821/6350
f 2664/1825/6351 2666/1826/6352 2667/1827/6353 2665/2434/6354
f 2666/1826/6355 2668/1828/6356 2669/2435/6357 2667/1827/6358
f 2668/1828/6359 2670/1829/6360 2671/2436/6361 2669/2435/6362
f 2670/1829/6363 2672/1830/6364 2673/2437/6365 2671/2436/6366
f 2672/1830/6367 2663/1823/6368 2662/1824/6369 2673/2437/6370
f 2674/1831/6371 2675/1832/6372 2660/1820/6373 2659/1819/6374
f 2676/1833/6375 2674/1831/6376 2659/1819/6377 2663/1823/6378
f 2675/1832/6379 2677/1834/6380 2664/1825/6381 2660/1820/6382
f 2677/1834/6383 2678/1835/6384 2666/1826/6385 2664/1825/6386
f 2678/1835/6387 2679/1836/6388 2668/1828/6389 2666/1826/6390
f 2679/1836/6391 2680/1837/6392 2670/1829/6393 2668/1828/6394
f 2680/1837/6395 2681/1838/6396 2672/1830/6397 2670/1829/6398
f 2681/1838/6399 2676/1833/6400 2663/1823/6401 2672/1830/6402
f 2682/1839/6403 2683/1840/6404 2675/1832/6405 2674/1831/6406
f 2684/1841/6407 2682/1839/6408 2674/1831/6409 2676/1833/6410
f 2683/1840/6411 2685/1842/6412 2677/1834/6413 2675/1832/6414
f 2685/1842/6415 2686/1843/6416 2678/1835/6417 2677/1834/6418
f 2686/1843/6419 2687/1844/6420 2679/1836/6421 2678/1835/6422
f 2687/1844/6423 2688/1845/6424 2680/1837/6425 2679/1836/6426
f 2689/1846/6427 2681/1838/6428 2680/1837/6429 2688/1845/6430
f 2689/1846/6431 2684/1841/6432 2676/1833/6433 2681/1838/6434
f 2690/1847/6435 2691/2438/6436 2692/1848/6437 2693/1849/6438
f 2695/1850/6439 2690/1847/6440 2693/1849/6441 2694/1851/6442
f 2691/2438/6443 2696/1852/6444 2697/1853/6445 2692/1848/6446
f 2698/1854/6447 2699/1855/6448 2697/1853/6449 2696/1852/6450
f 2701/1856/6451 2699/1855/6452 2698/1854/6453 2700/1857/6454
f 2700/1857/6455 2702/1858/6456 2703/1859/6457 2701/1856/6458
f 2702/1858/6459 2704/1860/6460 2705/1861/6461 2703/1859/6462
f 2704/1860/6463 2695/1850/6464 2694/1851/6465 2705/1861/6466
f 2693/1849/6467 2692/1848/6468 2706/1862/6469 2707/1863/6470
f 2694/1851/6471 2693/1849/6472 2707/1863/6473 2708/1864/6474
f 2692/1848/6475 2697/1853/6476 2709/1865/6477 2706/1862/6478
f 2699/1855/6479 2710/1866/6480 2709/1865/6481 2697/1853/6482
f 2711/1867/6483 2710/1866/6484 2699/1855/6485 2701/1856/6486
f 2711/1867/6487 2701/1856/6488 2703/1859/6489 2712/1868/6490
f 2712/1868/6491 2703/1859/6492 2705/1861/6493 2713/1869/6494
f 2705/1861/6495 2694/1851/6496 2708/1864/6497 2713/1869/6498
f 2714/1870/6499 2715/1871/6500 2716/1872/6501 2717/1873/6502
f 2719/1874/6503 2714/1870/6504 2717/1873/6505 2718/2439/6506
f 2715/1871/6507 2720/1875/6508 2721/2440/6509 2716/1872/6510
f 2720/1875/6511 2722/1876/6512 2723/2441/6513 2721/2440/6514
f 2722/1876/6515 2724/1877/6516 2725/2442/6517 2723/2441/6518
f 2724/1877/6519 2726/1878/6520 2727/1879/6521 2725/2442/6522
f 2726/1878/6523 2728/1880/6524 2729/2443/6525 2727/1879/6526
f 2728/1880/6527 2719/1874/6528 2718/2439/6529 2729/2443/6530
f 2730/1881/6531 2731/1882/6532 2715/1871/6533 2714/1870/6534
f 2732/1883/6535 2730/1881/6536 2714/1870/6537 2719/1874/6538
f 2731/1882/6539 2733/1884/6540 2720/1875/6541 2715/1871/6542
f 2720/1875/6543 2733/1884/6544 2734/1885/6545 2722/1876/6546
f 2724/1877/6547 2722/1876/6548 2734/1885/6549 2735/1886/6550
f 2736/1887/6551 2726/1878/6552 2724/1877/6553 2735/1886/6554
f 2737/1888/6555 2728/1880/6556 2726/1878/6557 2736/1887/6558
f 2737/1888/6559 2732/1883/6560 2719/1874/6561 2728/1880/6562
f 2653/1814/6563 2738/1889/6564 2739/1890/6565 2650/1811/6566
f 2683/1840/6567 2740/1891/6568 2741/1892/6569 2685/1842/6570
f 2654/1815/6571 2742/1893/6572 2738/1889/6573 2653/1814/6574
f 2685/1842/6575 2741/1892/6576 2743/1894/6577 2686/1843/6578
f 2744/1895/6579 2742/1893/6580 2654/1815/6581 2655/1816/6582
f 2687/1844/6583 2686/1843/6584 2743/1894/6585 2745/1896/6586
f 2650/1811/6587 2739/1890/6588 2746/1897/6589 2651/1812/6590
f 2682/1839/6591 2747/1898/6592 2740/1891/6593 2683/1840/6594
f 2748/1899/6595 2652/1813/6596 2651/1812/6597 2746/1897/6598
f 2747/1898/6599 2682/1839/6600 2684/1841/6601 2749/1900/6602
f 2750/1901/6603 2657/1818/6604 2652/1813/6605 2748/1899/6606
f 2749/1900/6607 2684/1841/6608 2689/1846/6609 2751/1902/6610
f 2752/1903/6611 2744/1895/6612 2655/1816/6613 2656/1817/6614
f 2752/1903/6615 2656/1817/6616 2657/1818/6617 2750/1901/6618
f 2688/1845/6619 2687/1844/6620 2745/1896/6621 2753/1904/6622
f 2751/1902/6623 2689/1846/6624 2688/1845/6625 2753/1904/6626
f 2706/1862/6627 2754/1905/6628 2755/1906/6629 2707/1863/6630
f 2730/1881/6631 2756/1907/6632 2757/1908/6633 2731/1882/6634
f 2708/1864/6635 2707/1863/6636 2755/1906/6637 2758/1909/6638
f 2759/1910/6639 2756/1907/6640 2730/1881/6641 2732/1883/6642
f 2709/1865/6643 2760/1911/6644 2754/1905/6645 2706/1862/6646
f 2731/1882/6647 2757/1908/6648 2761/1912/6649 2733/1884/6650
f 2762/1913/6651 2760/1911/6652 2709/1865/6653 2710/1866/6654
f 2734/1885/6655 2733/1884/6656 2761/1912/6657 2763/1914/6658
f 2764/1915/6659 2762/1913/6660 2710/1866/6661 2711/1867/6662
f 2735/1886/6663 2734/1885/6664 2763/1914/6665 2765/1916/6666
f 2766/1917/6667 2764/1915/6668 2711/1867/6669 2712/1868/6670
f 2736/1887/6671 2735/1886/6672 2765/1916/6673 2767/1918/6674
f 2766/1917/6675 2712/1868/6676 2713/1869/6677 2768/1919/6678
f 2768/1919/6679 2713/1869/6680 2708/1864/6681 2758/1909/6682
f 2769/1920/6683 2737/1888/6684 2736/1887/6685 2767/1918/6686
f 2759/1910/6687 2732/1883/6688 2737/1888/6689 2769/1920/6690
f 2770/1921/6691 2750/1901/6692 2748/1899/6693 2771/1922/6694
f 2772/1923/6695 2749/1900/6696 2751/1902/6697 2773/1924/6698
f 2748/1899/6699 2746/1897/6700 2774/1925/6701 2771/1922/6702
f 2772/1923/6703 2775/1926/6704 2747/1898/6705 2749/1900/6706
f 2739/1890/6707 2776/1927/6708 2774/1925/6709 2746/1897/6710
f 2747/1898/6711 2775/1926/6712 2777/1928/6713 2740/1891/6714
f 2758/1909/6715 2755/1906/6716 2778/1929/6717 2779/1930/6718
f 2780/1931/6719 2781/1932/6720 2756/1907/6721 2759/1910/6722
f 2754/1905/6723 2782/1933/6724 2778/1929/6725 2755/1906/6726
f 2756/1907/6727 2781/1932/6728 2783/1934/6729 2757/1908/6730
f 2779/1930/6731 2778/1929/6732 2785/1935/6733 2784/1936/6734
f 2787/1937/6735 2786/1938/6736 2781/1932/6737 2780/1931/6738
f 2760/1911/6739 2788/1939/6740 2782/1933/6741 2754/1905/6742
f 2757/1908/6743 2783/1934/6744 2789/1940/6745 2761/1912/6746
f 2782/1933/6747 2790/1941/6748 2785/1935/6749 2778/1929/6750
f 2781/1932/6751 2786/1938/6752 2791/1942/6753 2783/1934/6754
f 2762/1913/6755 2792/1943/6756 2788/1939/6757 2760/1911/6758
f 2761/1912/6759 2789/1940/6760 2793/1944/6761 2763/1914/6762
f 2788/1939/6763 2794/1945/6764 2790/1941/6765 2782/1933/6766
f 2783/1934/6767 2791/1942/6768 2795/1946/6769 2789/1940/6770
f 2796/1947/6771 2792/1943/6772 2762/1913/6773 2764/1915/6774
f 2765/1916/6775 2763/1914/6776 2793/1944/6777 2797/1948/6778
f 2792/1943/6779 2798/1949/6780 2794/1945/6781 2788/1939/6782
f 2789/1940/6783 2795/1946/6784 2799/1950/6785 2793/1944/6786
f 2800/1951/6787 2796/1947/6788 2764/1915/6789 2766/1917/6790
f 2767/1918/6791 2765/1916/6792 2797/1948/6793 2801/1952/6794
f 2802/1953/6795 2798/1949/6796 2792/1943/6797 2796/1947/6798
f 2797/1948/6799 2793/1944/6800 2799/1950/6801 2803/1954/6802
f 2800/1951/6803 2766/1917/6804 2768/1919/6805 2804/1955/6806
f 2804/1955/6807 2768/1919/6808 2758/1909/6809 2779/1930/6810
f 2805/1956/6811 2769/1920/6812 2767/1918/6813 2801/1952/6814
f 2780/1931/6815 2759/1910/6816 2769/1920/6817 2805/1956/6818
f 2806/1957/6819 2802/1953/6820 2796/1947/6821 2800/1951/6822
f 2801/1952/6823 2797/1948/6824 2803/1954/6825 2807/1958/6826
f 2738/1889/6827 2808/1959/6828 2776/1927/6829 2739/1890/6830
f 2740/1891/6831 2777/1928/6832 2809/1960/6833 2741/1892/6834
f 2742/1893/6835 2810/1961/6836 2808/1959/6837 2738/1889/6838
f 2811/1962/6839 2779/1930/6840 2784/1936/6841 2812/1963/6842
f 2741/1892/6843 2809/1960/6844 2813/1964/6845 2743/1894/6846
f 2814/1965/6847 2787/1937/6848 2780/1931/6849 2815/1966/6850
f 2810/1961/6851 2817/1967/6852 2816/1968/6853 2808/1959/6854
f 2817/1967/6855 2811/1962/6856 2812/1963/6857 2816/1968/6858
f 2809/1960/6859 2819/1969/6860 2818/1970/6861 2813/1964/6862
f 2819/1969/6863 2814/1965/6864 2815/1966/6865 2818/1970/6866
f 2806/1957/6867 2800/1951/6868 2804/1955/6869 2820/1971/6870
f 2820/1971/6871 2804/1955/6872 2779/1930/6873 2811/1962/6874
f 2821/1972/6875 2805/1956/6876 2801/1952/6877 2807/1958/6878
f 2815/1966/6879 2780/1931/6880 2805/1956/6881 2821/1972/6882
f 2822/1973/6883 2820/1971/6884 2811/1962/6885 2817/1967/6886
f 2818/1970/6887 2815/1966/6888 2821/1972/6889 2823/1974/6890
f 2824/1975/6891 2810/1961/6892 2742/1893/6893 2744/1895/6894
f 2824/1975/6895 2822/1973/6896 2817/1967/6897 2810/1961/6898
f 2745/1896/6899 2743/1894/6900 2813/1964/6901 2825/1976/6902
f 2813/1964/6903 2818/1970/6904 2823/1974/6905 2825/1976/6906
f 2826/1977/6907 2824/1975/6908 2744/1895/6909 2752/1903/6910
f 2826/1977/6911 2752/1903/6912 2750/1901/6913 2770/1921/6914
f 2753/1904/6915 2745/1896/6916 2825/1976/6917 2827/1978/6918
f 2773/1924/6919 2751/1902/6920 2753/1904/6921 2827/1978/6922
f 2828/1979/6923 2824/1975/6924 2826/1977/6925 2829/1980/6926
f 2830/1981/6927 2827/1978/6928 2825/1976/6929 2831/1982/6930
f 2828/1979/6931 2832/1983/6932 2822/1973/6933 2824/1975/6934
f 2825/1976/6935 2823/1974/6936 2833/1984/6937 2831/1982/6938
f 2836/1985/6939 2837/1986/6940 2834/1987/6941 2835/1988/6942
f 2838/1989/6943 2830/1981/6944 2831/1982/6945 2839/1990/6946
f 2837/1986/6947 2828/1979/6948 2829/1980/6949 2834/1987/6950
f 2840/1991/6951 2838/1989/6952 2839/1990/6953 2841/1992/6954
f 2842/1993/6955 2840/1991/6956 2841/1992/6957 2843/1994/6958
f 2844/1995/6959 2836/1985/6960 2835/1988/6961 2845/1996/6962
f 2846/1997/6963 2842/1993/6964 2843/1994/6965 2847/1998/6966
f 2848/1999/6967 2844/1995/6968 2845/1996/6969 2849/2000/6970
f 2846/1997/6971 2847/1998/6972 2851/2001/6973 2850/2002/6974
f 2853/2003/6975 2852/2004/6976 2848/1999/6977 2849/2000/6978
f 2850/2002/6979 2851/2001/6980 2855/2005/6981 2854/2006/6982
f 2857/2007/6983 2856/2008/6984 2852/2004/6985 2853/2003/6986
f 2860/2009/6987 2861/2010/6988 2858/2011/6989 2859/2012/6990
f 2862/2013/6991 2863/2014/6992 2861/2010/6993 2860/2009/6994
f 2859/2012/6995 2858/2011/6996 2865/2015/6997 2864/2016/6998
f 2867/2017/6999 2866/2018/7000 2863/2014/7001 2862/2013/7002
f 2861/2019/7003 2869/2020/7004 2868/2021/7005 2858/2022/7006
f 2863/2023/7007 2870/2024/7008 2869/2020/7009 2861/2019/7010
f 2858/2022/7011 2868/2021/7012 2871/2025/7013 2865/2026/7014
f 2866/2027/7015 2872/2028/7016 2870/2024/7017 2863/2023/7018
f 2869/2020/7019 2874/2029/7020 2873/2030/7021 2868/2021/7022
f 2870/2024/7023 2875/2031/7024 2874/2029/7025 2869/2020/7026
f 2868/2021/7027 2873/2030/7028 2876/2032/7029 2871/2025/7030
f 2872/2028/7031 2877/2033/7032 2875/2031/7033 2870/2024/7034
f 2874/2029/7035 2879/2034/7036 2878/2035/7037 2873/2030/7038
f 2875/2031/7039 2880/2036/7040 2879/2034/7041 2874/2029/7042
f 2873/2030/7043 2878/2035/7044 2881/2037/7045 2876/2032/7046
f 2877/2033/7047 2882/2038/7048 2880/2036/7049 2875/2031/7050
f 2879/2034/7051 2884/2039/7052 2883/2040/7053 2878/2035/7054
f 2880/2036/7055 2885/2041/7056 2884/2039/7057 2879/2034/7058
f 2878/2035/7059 2883/2040/7060 2886/2042/7061 2881/2037/7062
f 2882/2038/7063 2887/2043/7064 2885/2041/7065 2880/2036/7066
f 2884/2039/7067 2889/2044/7068 2888/2045/7069 2883/2040/7070
f 2885/2041/7071 2890/2046/7072 2889/2044/7073 2884/2039/7074
f 2883/2040/7075 2888/2045/7076 2891/2047/7077 2886/2042/7078
f 2887/2043/7079 2892/2048/7080 2890/2046/7081 2885/2041/7082
f 2889/2044/7083 2894/2049/7084 2893/2050/7085 2888/2045/7086
f 2890/2046/7087 2895/2051/7088 2894/2049/7089 2889/2044/7090
f 2888/2045/7091 2893/2050/7092 2896/2052/7093 2891/2047/7094
f 2892/2048/7095 2897/2053/7096 2895/2051/7097 2890/2046/7098
f 2894/2049/7099 2899/2054/7100 2898/2055/7101 2893/2050/7102
f 2895/2051/7103 2900/2056/7104 2899/2054/7105 2894/2049/7106
f 2893/2050/7107 2898/2055/7108 2901/2057/7109 2896/2052/7110
f 2897/2053/7111 2902/2058/7112 2900/2056/7113 2895/2051/7114
f 2899/2054/7115 2904/2059/7116 2903/2060/7117 2898/2055/7118
f 2900/2056/7119 2905/2061/7120 2904/2059/7121 2899/2054/7122
f 2898/2055/7123 2903/2060/7124 2906/2062/7125 2901/2057/7126
f 2902/2058/7127 2907/2063/7128 2905/2061/7129 2900/2056/7130
f 2904/2059/7131 2909/2064/7132 2908/2065/7133 2903/2060/7134
f 2912/2066/7135 2910/2067/7136 2911/2068/7137 2909/2064/7138
f 2905/2061/7139 2912/2066/7140 2909/2064/7141 2904/2059/7142
f 2903/2060/7143 2908/2065/7144 2913/2069/7145 2906/2062/7146
f 2907/2063/7147 2914/2070/7148 2912/2066/7149 2905/2061/7150
f 2909/2064/7151 2911/2068/7152 2915/2071/7153 2908/2065/7154
f 2908/2065/7155 2915/2071/7156 2916/2072/7157 2913/2069/7158
f 2914/2070/7159 2917/2073/7160 2910/2067/7161 2912/2066/7162
f 2911/2074/7163 2918/2075/7164 2919/2076/7165 2915/2077/7166
f 2910/2078/7167 2920/2079/7168 2918/2075/7169 2911/2074/7170
f 2916/2080/7171 2921/2081/7172 2922/2082/7173 2923/2083/7174
f 2915/2077/7175 2919/2076/7176 2921/2081/7177 2916/2080/7178
f 2924/2084/7179 2925/2085/7180 2926/2086/7181 2917/2087/7182
f 2917/2087/7183 2926/2086/7184 2920/2079/7185 2910/2078/7186
f 2922/2082/7187 2927/2088/7188 2856/2008/7189 2857/2007/7190
f 2918/2075/7191 2928/2089/7192 2929/2090/7193 2919/2076/7194
f 2854/2006/7195 2855/2005/7196 2930/2091/7197 2925/2085/7198
f 2920/2079/7199 2931/2092/7200 2928/2089/7201 2918/2075/7202
f 2921/2081/7203 2932/2093/7204 2927/2088/7205 2922/2082/7206
f 2919/2076/7207 2929/2090/7208 2932/2093/7209 2921/2081/7210
f 2925/2085/7211 2930/2091/7212 2933/2094/7213 2926/2086/7214
f 2926/2086/7215 2933/2094/7216 2931/2092/7217 2920/2079/7218
f 2934/2095/7219 2935/2096/7220 2927/2088/7221 2932/2093/7222
f 2928/2089/7223 2936/2097/7224 2937/2098/7225 2929/2090/7226
f 2937/2098/7227 2934/2095/7228 2932/2093/7229 2929/2090/7230
f 2933/2094/7231 2930/2091/7232 2938/2099/7233 2939/2100/7234
f 2931/2092/7235 2940/2101/7236 2936/2097/7237 2928/2089/7238
f 2931/2092/7239 2933/2094/7240 2939/2100/7241 2940/2101/7242
f 2923/2083/7243 2922/2082/7244 2857/2007/7245 2941/2102/7246
f 2942/2103/7247 2854/2006/7248 2925/2085/7249 2924/2084/7250
f 2913/2069/7251 2916/2072/7252 2923/2104/7253 2943/2105/7254
f 2944/2106/7255 2924/2107/7256 2917/2073/7257 2914/2070/7258
f 2906/2062/7259 2913/2069/7260 2943/2105/7261 2945/2108/7262
f 2946/2109/7263 2944/2106/7264 2914/2070/7265 2907/2063/7266
f 2901/2057/7267 2906/2062/7268 2945/2108/7269 2947/2110/7270
f 2948/2111/7271 2946/2109/7272 2907/2063/7273 2902/2058/7274
f 2896/2052/7275 2901/2057/7276 2947/2110/7277 2949/2112/7278
f 2950/2113/7279 2948/2111/7280 2902/2058/7281 2897/2053/7282
f 2891/2047/7283 2896/2052/7284 2949/2112/7285 2951/2114/7286
f 2952/2115/7287 2950/2113/7288 2897/2053/7289 2892/2048/7290
f 2886/2042/7291 2891/2047/7292 2951/2114/7293 2953/2116/7294
f 2954/2117/7295 2952/2115/7296 2892/2048/7297 2887/2043/7298
f 2881/2037/7299 2886/2042/7300 2953/2116/7301 2955/2118/7302
f 2956/2119/7303 2954/2117/7304 2887/2043/7305 2882/2038/7306
f 2876/2032/7307 2881/2037/7308 2955/2118/7309 2957/2120/7310
f 2958/2121/7311 2956/2119/7312 2882/2038/7313 2877/2033/7314
f 2871/2025/7315 2876/2032/7316 2957/2120/7317 2959/2122/7318
f 2960/2123/7319 2958/2121/7320 2877/2033/7321 2872/2028/7322
f 2865/2026/7323 2871/2025/7324 2959/2122/7325 2961/2124/7326
f 2962/2125/7327 2960/2123/7328 2872/2028/7329 2866/2027/7330
f 2864/2016/7331 2865/2015/7332 2961/2126/7333 2963/2127/7334
f 2964/2128/7335 2962/2129/7336 2866/2018/7337 2867/2017/7338
f 2965/2130/7339 2850/2002/7340 2854/2006/7341 2942/2103/7342
f 2941/2102/7343 2857/2007/7344 2853/2003/7345 2966/2131/7346
f 2967/2132/7347 2968/2133/7348 2944/2106/7349 2946/2109/7350
f 2968/2133/7351 2942/2134/7352 2924/2107/7353 2944/2106/7354
f 2945/2108/7355 2943/2105/7356 2969/2135/7357 2970/2136/7358
f 2943/2105/7359 2923/2104/7360 2941/2137/7361 2969/2135/7362
f 2971/2138/7363 2972/2139/7364 2962/2129/7365 2964/2128/7366
f 2963/2127/7367 2961/2126/7368 2973/2140/7369 2974/2141/7370
f 2972/2142/7371 2975/2143/7372 2960/2123/7373 2962/2125/7374
f 2961/2124/7375 2959/2122/7376 2976/2144/7377 2973/2145/7378
f 2975/2143/7379 2977/2146/7380 2958/2121/7381 2960/2123/7382
f 2959/2122/7383 2957/2120/7384 2978/2147/7385 2976/2144/7386
f 2977/2146/7387 2979/2148/7388 2956/2119/7389 2958/2121/7390
f 2957/2120/7391 2955/2118/7392 2980/2149/7393 2978/2147/7394
f 2979/2148/7395 2981/2150/7396 2954/2117/7397 2956/2119/7398
f 2955/2118/7399 2953/2116/7400 2982/2151/7401 2980/2149/7402
f 2981/2150/7403 2983/2152/7404 2952/2115/7405 2954/2117/7406
f 2953/2116/7407 2951/2114/7408 2984/2153/7409 2982/2151/7410
f 2983/2152/7411 2985/2154/7412 2950/2113/7413 2952/2115/7414
f 2951/2114/7415 2949/2112/7416 2986/2155/7417 2984/2153/7418
f 2985/2154/7419 2987/2156/7420 2948/2111/7421 2950/2113/7422
f 2987/2156/7423 2967/2132/7424 2946/2109/7425 2948/2111/7426
f 2949/2112/7427 2947/2110/7428 2988/2157/7429 2986/2155/7430
f 2947/2110/7431 2945/2108/7432 2970/2136/7433 2988/2157/7434
f 2966/2131/7435 2853/2003/7436 2849/2000/7437 2989/2158/7438
f 2990/2159/7439 2846/1997/7440 2850/2002/7441 2965/2130/7442
f 2969/2135/7443 2941/2137/7444 2966/2160/7445 2991/2161/7446
f 2992/2162/7447 2965/2163/7448 2942/2134/7449 2968/2133/7450
f 2970/2136/7451 2969/2135/7452 2991/2161/7453 2993/2164/7454
f 2994/2165/7455 2992/2162/7456 2968/2133/7457 2967/2132/7458
f 2988/2157/7459 2970/2136/7460 2993/2164/7461 2995/2166/7462
f 2996/2167/7463 2994/2165/7464 2967/2132/7465 2987/2156/7466
f 2986/2155/7467 2988/2157/7468 2995/2166/7469 2997/2168/7470
f 2998/2169/7471 2996/2167/7472 2987/2156/7473 2985/2154/7474
f 2984/2153/7475 2986/2155/7476 2997/2168/7477 2999/2170/7478
f 3000/2171/7479 2998/2169/7480 2985/2154/7481 2983/2152/7482
f 2982/2151/7483 2984/2153/7484 2999/2170/7485 3001/2172/7486
f 3002/2173/7487 3000/2171/7488 2983/2152/7489 2981/2150/7490
f 2980/2149/7491 2982/2151/7492 3001/2172/7493 3003/2174/7494
f 3004/2175/7495 3002/2173/7496 2981/2150/7497 2979/2148/7498
f 2978/2147/7499 2980/2149/7500 3003/2174/7501 3005/2176/7502
f 3006/2177/7503 3004/2175/7504 2979/2148/7505 2977/2146/7506
f 2976/2144/7507 2978/2147/7508 3005/2176/7509 3007/2178/7510
f 3008/2179/7511 3006/2177/7512 2977/2146/7513 2975/2143/7514
f 2973/2145/7515 2976/2144/7516 3007/2178/7517 3009/2180/7518
f 3010/2181/7519 3008/2179/7520 2975/2143/7521 2972/2142/7522
f 2974/2141/7523 2973/2140/7524 3009/2182/7525 3011/2183/7526
f 3012/2184/7527 3010/2185/7528 2972/2139/7529 2971/2138/7530
f 2812/1963/7531 3014/2186/7532 3013/2187/7533 2816/1968/7534
f 2784/1936/7535 3015/2188/7536 3014/2186/7537 2812/1963/7538
f 2819/1969/7539 3017/2189/7540 3016/2190/7541 2814/1965/7542
f 2814/1965/7543 3016/2190/7544 3018/2191/7545 2787/1937/7546
f 2785/1935/7547 3019/2192/7548 3015/2188/7549 2784/1936/7550
f 2787/1937/7551 3018/2191/7552 3020/2193/7553 2786/1938/7554
f 2790/1941/7555 3021/2194/7556 3019/2192/7557 2785/1935/7558
f 2794/1945/7559 3022/2195/7560 3021/2194/7561 2790/1941/7562
f 2786/1938/7563 3020/2193/7564 3023/2196/7565 2791/1942/7566
f 2791/1942/7567 3023/2196/7568 3024/2197/7569 2795/1946/7570
f 3025/2198/7571 3026/2199/7572 3012/2184/7573 3027/2200/7574
f 3028/2201/7575 3011/2183/7576 3029/2202/7577 3030/2203/7578
f 3031/2204/7579 3028/2201/7580 3030/2203/7581 3032/2205/7582
f 3033/2206/7583 3025/2198/7584 3027/2200/7585 3034/2207/7586
f 3035/2208/7587 2974/2141/7588 3011/2183/7589 3028/2201/7590
f 3027/2200/7591 3012/2184/7592 2971/2138/7593 3036/2209/7594
f 3037/2210/7595 3035/2208/7596 3028/2201/7597 3031/2204/7598
f 3034/2207/7599 3027/2200/7600 3036/2209/7601 3038/2211/7602
f 3039/2212/7603 2963/2127/7604 2974/2141/7605 3035/2208/7606
f 3036/2209/7607 2971/2138/7608 2964/2128/7609 3040/2213/7610
f 3041/2214/7611 3039/2212/7612 3035/2208/7613 3037/2210/7614
f 3038/2211/7615 3036/2209/7616 3040/2213/7617 3042/2215/7618
f 3043/2216/7619 2864/2016/7620 2963/2127/7621 3039/2212/7622
f 3040/2213/7623 2964/2128/7624 2867/2017/7625 3044/2217/7626
f 3045/2218/7627 3043/2216/7628 3039/2212/7629 3041/2214/7630
f 3042/2215/7631 3040/2213/7632 3044/2217/7633 3046/2219/7634
f 3047/2220/7635 2859/2012/7636 2864/2016/7637 3043/2216/7638
f 3050/2221/7639 3051/2222/7640 3048/2223/7641 3049/2224/7642
f 3052/2225/7643 2860/2009/7644 2859/2012/7645 3047/2220/7646
f 3044/2217/7647 2867/2017/7648 2862/2013/7649 3053/2226/7650
f 3056/2227/7651 3057/2228/7652 3054/2229/7653 3055/2230/7654
f 3051/2222/7655 3058/2231/7656 3045/2218/7657 3048/2223/7658
f 3058/2231/7659 3047/2220/7660 3043/2216/7661 3045/2218/7662
f 3057/2228/7663 3046/2219/7664 3059/2232/7665 3054/2229/7666
f 3046/2219/7667 3044/2217/7668 3053/2226/7669 3059/2232/7670
f 3053/2226/7671 2862/2013/7672 2860/2009/7673 3052/2225/7674
f 3061/2233/7675 3060/2234/7676 3051/2222/7677 3050/2221/7678
f 3055/2230/7679 3054/2229/7680 3060/2234/7681 3061/2233/7682
f 3062/2235/7683 3052/2225/7684 3047/2220/7685 3058/2231/7686
f 3059/2232/7687 3053/2226/7688 3052/2225/7689 3062/2235/7690
f 3060/2234/7691 3062/2235/7692 3058/2231/7693 3051/2222/7694
f 3054/2229/7695 3059/2232/7696 3062/2235/7697 3060/2234/7698
f 2798/1949/7699 3063/2236/7700 3022/2195/7701 2794/1945/7702
f 2802/1953/7703 3064/2237/7704 3063/2236/7705 2798/1949/7706
f 3063/2236/7707 3065/2238/7708 3021/2194/7709 3022/2195/7710
f 2795/1946/7711 3024/2197/7712 3066/2239/7713 2799/1950/7714
f 2799/1950/7715 3066/2239/7716 3067/2240/7717 2803/1954/7718
f 3024/2197/7719 3023/2196/7720 3068/2241/7721 3066/2239/7722
f 2809/1960/7723 3069/2242/7724 3017/2189/7725 2819/1969/7726
f 3017/2189/7727 3069/2242/7728 3070/2243/7729 3016/2190/7730
f 3068/2241/7731 3070/2243/7732 3025/2198/7733 3033/2206/7734
f 3018/2191/7735 3016/2190/7736 3070/2243/7737 3020/2193/7738
f 3023/2196/7739 3020/2193/7740 3070/2243/7741 3068/2241/7742
f 2816/1968/7743 3013/2187/7744 3071/2244/7745 2808/1959/7746
f 3014/2186/7747 3072/2245/7748 3071/2244/7749 3013/2187/7750
f 3032/2205/7751 3030/2203/7752 3072/2245/7753 3065/2238/7754
f 3019/2192/7755 3072/2245/7756 3014/2186/7757 3015/2188/7758
f 3065/2238/7759 3072/2245/7760 3019/2192/7761 3021/2194/7762
f 2777/1928/7763 3073/2246/7764 3069/2242/7765 2809/1960/7766
f 2808/1959/7767 3071/2244/7768 3074/2247/7769 2776/1927/7770
f 2775/1926/7771 3075/2248/7772 3073/2246/7773 2777/1928/7774
f 3069/2242/7775 3073/2246/7776 3076/2249/7777 3070/2243/7778
f 2776/1927/7779 3074/2247/7780 3077/2250/7781 2774/1925/7782
f 3072/2245/7783 3078/2251/7784 3074/2247/7785 3071/2244/7786
f 3026/2199/7787 3079/2252/7788 3010/2185/7789 3012/2184/7790
f 3011/2183/7791 3009/2182/7792 3080/2253/7793 3029/2202/7794
f 3070/2243/7795 3076/2249/7796 3026/2199/7797 3025/2198/7798
f 3076/2249/7799 3073/2246/7800 3075/2248/7801
f 3030/2203/7802 3029/2202/7803 3078/2251/7804 3072/2245/7805
f 3077/2250/7806 3074/2247/7807 3078/2251/7808
f 2849/2000/7809 2845/1996/7810 3081/2254/7811 2989/2158/7812
f 2990/2159/7813 3082/2255/7814 2842/1993/7815 2846/1997/7816
f 2999/2170/7817 2997/2168/7818 3083/2256/7819 3084/2257/7820
f 3085/2258/7821 3086/2259/7822 2998/2169/7823 3000/2171/7824
f 2997/2168/7825 2995/2166/7826 3087/2260/7827 3083/2256/7828
f 3086/2259/7829 3088/2261/7830 2996/2167/7831 2998/2169/7832
f 2995/2166/7833 2993/2164/7834 3089/2262/7835 3087/2260/7836
f 3088/2261/7837 3090/2263/7838 2994/2165/7839 2996/2167/7840
f 2993/2164/7841 2991/2161/7842 3091/2264/7843 3089/2262/7844
f 2991/2161/7845 2966/2160/7846 2989/2265/7847 3091/2264/7848
f 3090/2263/7849 3092/2266/7850 2992/2162/7851 2994/2165/7852
f 3092/2266/7853 2990/2267/7854 2965/2163/7855 2992/2162/7856
f 3084/2257/7857 3083/2256/7858 3087/2260/7859 3093/2268/7860
f 3094/2269/7861 3088/2261/7862 3086/2259/7863 3085/2258/7864
f 2845/1996/7865 2835/1988/7866 3095/2270/7867 3081/2254/7868
f 3082/2255/7869 3096/2271/7870 2840/1991/7871 2842/1993/7872
f 3001/2172/7873 2999/2170/7874 3084/2257/7875 3097/2272/7876
f 3097/2272/7877 3084/2257/7878 3093/2268/7879 3098/2273/7880
f 3099/2274/7881 3085/2258/7882 3000/2171/7883 3002/2173/7884
f 3100/2275/7885 3094/2269/7886 3085/2258/7887 3099/2274/7888
f 3087/2260/7889 3089/2262/7890 3101/2276/7891 3093/2268/7892
f 3094/2269/7893 3102/2277/7894 3090/2263/7895 3088/2261/7896
f 3091/2264/7897 2989/2265/7898 3081/2278/7899 3103/2279/7900
f 3089/2262/7901 3091/2264/7902 3103/2279/7903 3101/2276/7904
f 3104/2280/7905 3082/2281/7906 2990/2267/7907 3092/2266/7908
f 3102/2277/7909 3104/2280/7910 3092/2266/7911 3090/2263/7912
f 3009/2180/7913 3007/2178/7914 3105/2282/7915 3080/2283/7916
f 3079/2284/7917 3106/2285/7918 3008/2179/7919 3010/2181/7920
f 2771/1922/7921 2774/1925/7922 3077/2250/7923 3107/2286/7924
f 3108/2287/7925 3075/2248/7926 2775/1926/7927 2772/1923/7928
f 3081/2278/7929 3095/2288/7930 3109/2289/7931 3103/2279/7932
f 3104/2280/7933 3110/2290/7934 3096/2291/7935 3082/2281/7936
f 3101/2276/7937 3103/2279/7938 3109/2289/7939 3111/2292/7940
f 3093/2268/7941 3101/2276/7942 3111/2292/7943 3098/2273/7944
f 3112/2293/7945 3110/2290/7946 3104/2280/7947 3102/2277/7948
f 3100/2275/7949 3112/2293/7950 3102/2277/7951 3094/2269/7952
f 3007/2178/7953 3005/2176/7954 3113/2294/7955 3105/2282/7956
f 3106/2285/7957 3114/2295/7958 3006/2177/7959 3008/2179/7960
f 3117/2296/7961 3118/2297/7962 3115/2298/7963 3116/2299/7964
f 2770/1921/7965 2771/1922/7966 3107/2286/7967 3119/2300/7968
f 2829/1980/7969 2826/1977/7970 2770/1921/7971 3119/2300/7972
f 3120/2301/7973 3108/2287/7974 2772/1923/7975 2773/1924/7976
f 3120/2301/7977 2773/1924/7978 2827/1978/7979 2830/1981/7980
f 3029/2202/7981 3080/2253/7982 3121/2302/7983 3078/2251/7984
f 3105/2282/7985 3113/2294/7986 3122/2303/7987 3123/2304/7988
f 3123/2304/7989 3122/2303/7990 3124/2305/7991 3125/2306/7992
f 3076/2249/7993 3126/2307/7994 3079/2252/7995 3026/2199/7996
f 3116/2299/7997 3115/2298/7998 3114/2295/7999 3106/2285/8000
f 3078/2251/8001 3121/2302/8002 3107/2286/8003 3077/2250/8004
f 3127/2308/8005 3107/2309/8006 3121/2310/8007
f 3080/2283/8008 3105/2282/8009 3123/2304/8010 3121/2310/8011
f 3121/2310/8012 3123/2304/8013 3125/2306/8014 3127/2308/8015
f 3128/2311/8016 3127/2308/8017 3125/2306/8018 3124/2305/8019
f 3119/2312/8020 3107/2309/8021 3127/2308/8022 3128/2311/8023
f 3075/2248/8024 3108/2287/8025 3126/2307/8026 3076/2249/8027
f 3126/2313/8028 3108/2314/8029 3129/2315/8030
f 3126/2313/8031 3116/2299/8032 3106/2285/8033 3079/2284/8034
f 3129/2315/8035 3117/2296/8036 3116/2299/8037 3126/2313/8038
f 3118/2297/8039 3117/2296/8040 3129/2315/8041 3130/2316/8042
f 3130/2316/8043 3129/2315/8044 3108/2314/8045 3120/2317/8046
f 3005/2176/8047 3003/2174/8048 3131/2318/8049 3113/2294/8050
f 3003/2174/8051 3001/2172/8052 3097/2272/8053 3131/2318/8054
f 3114/2295/8055 3132/2319/8056 3004/2175/8057 3006/2177/8058
f 3132/2319/8059 3099/2274/8060 3002/2173/8061 3004/2175/8062
f 3131/2318/8063 3097/2272/8064 3098/2273/8065 3133/2320/8066
f 3113/2294/8067 3131/2318/8068 3133/2320/8069 3122/2303/8070
f 3134/2321/8071 3100/2275/8072 3099/2274/8073 3132/2319/8074
f 3115/2298/8075 3134/2321/8076 3132/2319/8077 3114/2295/8078
f 3109/2289/8079 3136/2322/8080 3135/2323/8081 3111/2292/8082
f 3133/2320/8083 3098/2273/8084 3111/2292/8085 3135/2323/8086
f 3122/2303/8087 3133/2320/8088 3135/2323/8089 3124/2305/8090
f 3112/2293/8091 3138/2324/8092 3137/2325/8093 3110/2290/8094
f 3138/2324/8095 3112/2293/8096 3100/2275/8097 3134/2321/8098
f 3118/2297/8099 3138/2324/8100 3134/2321/8101 3115/2298/8102
f 2835/1988/8103 2834/1987/8104 3139/2326/8105 3095/2270/8106
f 3095/2288/8107 3139/2327/8108 3136/2322/8109 3109/2289/8110
f 2834/1987/8111 2829/1980/8112 3119/2300/8113 3139/2326/8114
f 3139/2327/8115 3119/2312/8116 3128/2311/8117 3136/2322/8118
f 3136/2322/8119 3128/2311/8120 3124/2305/8121 3135/2323/8122
f 3096/2271/8123 3140/2328/8124 2838/1989/8125 2840/1991/8126
f 3110/2290/8127 3137/2325/8128 3140/2329/8129 3096/2291/8130
f 3140/2328/8131 3120/2301/8132 2830/1981/8133 2838/1989/8134
f 3137/2325/8135 3130/2316/8136 3120/2317/8137 3140/2329/8138
f 3138/2324/8139 3118/2297/8140 3130/2316/8141 3137/2325/8142
f 3141/2330/8143 3064/2237/8144 2802/1953/8145 2806/1957/8146
f 2807/1958/8147 2803/1954/8148 3067/2240/8149 3142/2331/8150
f 3048/2223/8151 3045/2218/8152 3041/2214/8153 3143/2332/8154
f 3144/2333/8155 3042/2215/8156 3046/2219/8157 3057/2228/8158
f 3143/2332/8159 3041/2214/8160 3037/2210/8161 3145/2334/8162
f 3146/2335/8163 3038/2211/8164 3042/2215/8165 3144/2333/8166
f 3145/2334/8167 3037/2210/8168 3031/2204/8169 3147/2336/8170
f 3148/2337/8171 3034/2207/8172 3038/2211/8173 3146/2335/8174
f 3147/2336/8175 3031/2204/8176 3032/2205/8177 3149/2338/8178
f 3150/2339/8179 3033/2206/8180 3034/2207/8181 3148/2337/8182
f 3151/2340/8183 3149/2338/8184 3032/2205/8185 3065/2238/8186
f 3064/2237/8187 3151/2340/8188 3065/2238/8189 3063/2236/8190
f 3068/2241/8191 3033/2206/8192 3150/2339/8193 3152/2341/8194
f 3066/2239/8195 3068/2241/8196 3152/2341/8197 3067/2240/8198
f 3049/2224/8199 3048/2223/8200 3143/2332/8201 3153/2342/8202
f 3154/2343/8203 3144/2333/8204 3057/2228/8205 3056/2227/8206
f 3155/2344/8207 3156/2345/8208 3157/2346/8209
f 3158/2347/8210 3159/2348/8211 3160/2349/8212
f 3156/2345/8213 3155/2344/8214 3161/2350/8215
f 3162/2351/8216 3160/2349/8217 3159/2348/8218
f 3161/2350/8219 3164/2352/8220 3163/2353/8221 3156/2345/8222
f 3164/2352/8223 3049/2224/8224 3153/2342/8225 3163/2353/8226
f 3159/2348/8227 3166/2354/8228 3165/2355/8229 3162/2351/8230
f 3166/2354/8231 3154/2343/8232 3056/2227/8233 3165/2355/8234
f 3167/2356/8235 3161/2350/8236 3155/2344/8237 3157/2346/8238
f 3158/2347/8239 3160/2349/8240 3162/2351/8241 3168/2357/8242
f 3169/2358/8243 3061/2233/8244 3050/2221/8245 3170/2359/8246
f 3170/2359/8247 3050/2221/8248 3049/2224/8249 3164/2352/8250
f 3171/2360/8251 3055/2230/8252 3061/2233/8253 3169/2358/8254
f 3165/2355/8255 3056/2227/8256 3055/2230/8257 3171/2360/8258
f 3172/2361/8259 3169/2358/8260 3170/2359/8261 3173/2362/8262
f 3174/2363/8263 3171/2360/8264 3169/2358/8265 3172/2361/8266
f 3176/2364/8267 3172/2361/8268 3173/2362/8269 3175/2365/8270
f 3177/2366/8271 3174/2363/8272 3172/2361/8273 3176/2364/8274
f 3178/2367/8275 3177/2366/8276 3176/2364/8277 3175/2365/8278
f 3179/2368/8279 3174/2363/8280 3177/2366/8281 3178/2367/8282
f 3178/2367/8283 3175/2365/8284 3173/2362/8285 3180/2369/8286
f 3181/2370/8287 3171/2360/8288 3174/2363/8289 3179/2368/8290
f 3180/2369/8291 3173/2362/8292 3170/2359/8293 3182/2371/8294
f 3183/2372/8295 3179/2368/8296 3178/2367/8297 3180/2369/8298
f 3168/2357/8299 3162/2351/8300 3165/2355/8301 3184/2373/8302
f 3185/2374/8303 3164/2352/8304 3161/2350/8305 3167/2356/8306
f 3186/2375/8307 3183/2372/8308 3180/2369/8309 3182/2371/8310
f 3181/2370/8311 3179/2368/8312 3183/2372/8313 3186/2375/8314
f 3166/2354/8315 3159/2348/8316 3158/2347/8317 3187/2376/8318
f 3187/2376/8319 3158/2347/8320 3168/2357/8321 3184/2373/8322
f 3184/2373/8323 3165/2355/8324 3171/2360/8325 3181/2370/8326
f 3182/2371/8327 3170/2359/8328 3164/2352/8329 3185/2374/8330
f 3188/2377/8331 3157/2346/8332 3156/2345/8333 3163/2353/8334
f 3185/2374/8335 3167/2356/8336 3157/2346/8337 3188/2377/8338
f 3189/2378/8339 3154/2343/8340 3166/2354/8341 3187/2376/8342
f 3188/2377/8343 3163/2353/8344 3153/2342/8345 3190/2379/8346
f 3187/2376/8347 3184/2373/8348 3192/2380/8349 3191/2381/8350
f 3184/2373/8351 3181/2370/8352 3186/2375/8353 3192/2380/8354
f 3192/2380/8355 3186/2375/8356 3182/2371/8357 3185/2374/8358
f 3192/2380/8359 3185/2374/8360 3188/2377/8361 3193/2382/8362
f 3189/2378/8363 3187/2376/8364 3191/2381/8365 3194/2383/8366
f 3195/2384/8367 3193/2382/8368 3188/2377/8369 3190/2379/8370
f 3196/2385/8371 3192/2380/8372 3193/2382/8373 3195/2384/8374
f 3194/2383/8375 3191/2381/8376 3192/2380/8377 3196/2385/8378
f 3142/2331/8379 3067/2240/8380 3152/2341/8381 3197/2386/8382
f 3198/2387/8383 3151/2340/8384 3064/2237/8385 3141/2330/8386
f 2831/1982/8387 2833/1984/8388 3199/2388/8389 2839/1990/8390
f 2837/1986/8391 3200/2389/8392 2832/1983/8393 2828/1979/8394
f 2821/1972/8395 2807/1958/8396 3142/2331/8397 3201/2390/8398
f 2823/1974/8399 2821/1972/8400 3201/2390/8401 2833/1984/8402
f 2833/1984/8403 3201/2390/8404 3202/2391/8405 3199/2388/8406
f 3203/2392/8407 3141/2330/8408 2806/1957/8409 2820/1971/8410
f 2832/1983/8411 3203/2392/8412 2820/1971/8413 2822/1973/8414
f 3200/2389/8415 3204/2393/8416 3203/2392/8417 2832/1983/8418
f 3197/2386/8419 3152/2341/8420 3150/2339/8421 3205/2394/8422
f 3206/2395/8423 3149/2338/8424 3151/2340/8425 3198/2387/8426
f 2841/1992/8427 2839/1990/8428 3199/2388/8429 3207/2396/8430
f 3208/2397/8431 3200/2389/8432 2837/1986/8433 2836/1985/8434
f 3201/2390/8435 3142/2331/8436 3197/2386/8437 3202/2391/8438
f 3204/2393/8439 3198/2387/8440 3141/2330/8441 3203/2392/8442
f 3205/2394/8443 3150/2339/8444 3148/2337/8445 3209/2398/8446
f 3210/2399/8447 3147/2336/8448 3149/2338/8449 3206/2395/8450
f 3202/2391/8451 3197/2386/8452 3205/2394/8453 3211/2400/8454
f 3212/2401/8455 3206/2395/8456 3198/2387/8457 3204/2393/8458
f 3209/2398/8459 3148/2337/8460 3146/2335/8461 3213/2402/8462
f 3214/2403/8463 3145/2334/8464 3147/2336/8465 3210/2399/8466
f 3213/2402/8467 3146/2335/8468 3144/2333/8469 3215/2404/8470
f 3144/2333/8471 3154/2343/8472 3189/2378/8473 3215/2404/8474
f 3216/2405/8475 3143/2332/8476 3145/2334/8477 3214/2403/8478
f 3216/2405/8479 3190/2379/8480 3153/2342/8481 3143/2332/8482
f 3218/2406/8483 3213/2402/8484 3215/2404/8485 3217/2407/8486
f 3220/2408/8487 3216/2405/8488 3214/2403/8489 3219/2409/8490
f 3215/2404/8491 3189/2378/8492 3194/2383/8493 3221/2410/8494
f 3222/2411/8495 3195/2384/8496 3190/2379/8497 3216/2405/8498
f 3217/2407/8499 3215/2404/8500 3221/2410/8501 3223/2412/8502
f 3224/2413/8503 3222/2411/8504 3216/2405/8505 3220/2408/8506
f 3221/2410/8507 3194/2383/8508 3196/2385/8509 3225/2414/8510
f 3225/2414/8511 3196/2385/8512 3195/2384/8513 3222/2411/8514
f 3226/2415/8515 3225/2414/8516 3222/2411/8517 3224/2413/8518
f 3223/2412/8519 3221/2410/8520 3225/2414/8521 3227/2416/8522
f 3227/2416/8523 3225/2414/8524 3226/2415/8525 3228/2417/8526
f 3229/2418/8527 3210/2399/8528 3206/2395/8529 3212/2401/8530
f 3219/2409/8531 3214/2403/8532 3210/2399/8533 3229/2418/8534
f 3211/2400/8535 3205/2394/8536 3209/2398/8537 3230/2419/8538
f 3230/2419/8539 3209/2398/8540 3213/2402/8541 3218/2406/8542
f 3208/2397/8543 3212/2401/8544 3204/2393/8545 3200/2389/8546
f 3199/2388/8547 3202/2391/8548 3211/2400/8549 3207/2396/8550
f 3231/2420/8551 3229/2418/8552 3212/2401/8553 3208/2397/8554
f 3207/2396/8555 3211/2400/8556 3230/2419/8557 3232/2421/8558
f 3233/2422/8559 3208/2397/8560 2836/1985/8561 2844/1995/8562
f 2843/1994/8563 2841/1992/8564 3207/2396/8565 3234/2423/8566
f 3235/2424/8567 3231/2420/8568 3208/2397/8569 3233/2422/8570
f 3234/2423/8571 3207/2396/8572 3232/2421/8573 3236/2425/8574
f 3237/2426/8575 3233/2422/8576 2844/1995/8577 2848/1999/8578
f 3238/2427/8579 3237/2426/8580 2848/1999/8581 2852/2004/8582
f 2847/1998/8583 2843/1994/8584 3234/2423/8585 3239/2428/8586
f 2851/2001/8587 2847/1998/8588 3239/2428/8589 3240/2429/8590
f 2856/2008/8591 3241/2430/8592 3238/2427/8593 2852/2004/8594
f 3241/2430/8595 3242/2431/8596 3237/2426/8597 3238/2427/8598
f 2927/2088/8599 2935/2096/8600 3241/2430/8601 2856/2008/8602
f 3242/2431/8603 3235/2424/8604 3233/2422/8605 3237/2426/8606
f 2851/2001/8607 3240/2429/8608 3243/2432/8609 2855/2005/8610
f 3240/2429/8611 3239/2428/8612 3244/2433/8613 3243/2432/8614
f 2855/2005/8615 3243/2432/8616 2938/2099/8617 2930/2091/8618
f 3239/2428/8619 3234/2423/8620 3236/2425/8621 3244/2433/8622
f 4248/2444/8623 4249/2445/8624 4250/2446/8625 4251/2447/8626
f 4251/2447/8627 4250/2446/8628 4252/2448/8629 4253/2449/8630
f 4254/2450/8631 4255/2451/8632 4256/2452/8633 4257/2453/8634
f 4250/2446/8635 4254/2450/8636 4257/2453/8637 4252/2448/8638
f 4258/2454/8639 4259/2455/8640 4255/2451/8641 4254/2450/8642
f 4249/2445/8643 4258/2454/8644 4254/2450/8645 4250/2446/8646
f 4260/2456/8647 4261/2457/8648 4259/2455/8649 4258/2454/8650
f 4257/2453/8651 4256/2452/8652 4262/2458/8653 4263/2459/8654
f 4264/2460/8655 4251/2447/8656 4253/2449/8657 4265/2461/8658
f 4266/2462/8659 4248/2444/8660 4251/2447/8661 4264/2460/8662
f 4267/2463/8663 4264/2460/8664 4265/2461/8665 4268/2464/8666
f 4269/2465/8667 4266/2462/8668 4264/2460/8669 4267/2463/8670
f 4268/2464/8671 4265/2461/8672 4270/2466/8673 4271/2467/8674
f 4272/2468/8675 4273/2469/8676 4266/2462/8677 4269/2465/8678
f 4271/2467/8679 4270/2466/8680 4274/2470/8681 4275/2471/8682
f 4276/2472/8683 4277/2473/8684 4273/2469/8685 4272/2468/8686
f 4278/2474/8687 4279/2475/8688 4280/2476/8689 4281/2477/8690
f 4282/2478/8691 4283/2479/8692 4284/2480/8693 4285/2481/8694
f 4281/2477/8695 4280/2476/8696 4286/2482/8697 4287/2483/8698
f 4288/2484/8699 4289/2485/8700 4290/2486/8701 4291/2487/8702
f 4292/2488/8703 4293/2489/8704 4283/2479/8705 4282/2478/8706
f 4294/2490/8707 4295/2491/8708 4296/2492/8709 4297/2493/8710
f 4298/2494/8711 4281/2477/8712 4287/2483/8713 4299/2495/8714
f 4289/2485/8715 4298/2494/8716 4299/2495/8717 4290/2486/8718
f 4300/2496/8719 4292/2488/8720 4282/2478/8721 4301/2497/8722
f 4295/2491/8723 4300/2496/8724 4301/2497/8725 4296/2492/8726
f 4302/2498/8727 4303/2499/8728 4279/2475/8729 4278/2474/8730
f 4285/2481/8731 4284/2480/8732 4303/2499/8733 4302/2498/8734
f 4302/2498/8735 4304/2500/8736 4305/2501/8737
f 4306/2502/8738 4304/2500/8739 4302/2498/8740
f 4307/2503/8741 4260/2456/8742 4258/2454/8743 4249/2445/8744
f 4252/2448/8745 4257/2453/8746 4263/2459/8747 4308/2504/8748
f 4273/2469/8749 4309/2505/8750 4248/2444/8751 4266/2462/8752
f 4265/2461/8753 4253/2449/8754 4310/2506/8755 4270/2466/8756
f 4311/2507/8757 4312/2508/8758 4313/2509/8759 4314/2510/8760
f 4314/2510/8761 4313/2509/8762 4315/2511/8763 4316/2512/8764
f 4317/2513/8765 4318/2514/8766 4319/2515/8767 4320/2516/8768
f 4321/2517/8769 4322/2518/8770 4318/2514/8771 4317/2513/8772
f 4312/2508/8773 4321/2517/8774 4317/2513/8775 4313/2509/8776
f 4313/2509/8777 4317/2513/8778 4320/2516/8779 4315/2511/8780
f 4318/2514/8781 4323/2519/8782 4324/2520/8783 4319/2515/8784
f 4322/2518/8785 4325/2521/8786 4323/2519/8787 4318/2514/8788
f 4309/2505/8789 4307/2503/8790 4249/2445/8791 4248/2444/8792
f 4253/2449/8793 4252/2448/8794 4308/2504/8795 4310/2506/8796
f 4277/2473/8797 4326/2522/8798 4309/2505/8799 4273/2469/8800
f 4270/2466/8801 4310/2506/8802 4327/2523/8803 4274/2470/8804
f 4301/2497/8805 4282/2478/8806 4285/2481/8807 4328/2524/8808
f 4328/2524/8809 4285/2481/8810 4302/2498/8811 4305/2501/8812
f 4329/2525/8813 4278/2474/8814 4281/2477/8815 4298/2494/8816
f 4306/2502/8817 4302/2498/8818 4278/2474/8819 4329/2525/8820
f 4296/2492/8821 4301/2497/8822 4328/2524/8823 4330/2526/8824
f 4331/2527/8825 4329/2525/8826 4298/2494/8827 4289/2485/8828
f 4297/2493/8829 4296/2492/8830 4330/2526/8831 4332/2528/8832
f 4333/2529/8833 4331/2527/8834 4289/2485/8835 4288/2484/8836
f 4334/2530/8837 4333/2531/8838 4335/2532/8839 4336/2533/8840
f 4337/2534/8841 4297/2493/8842 4332/2528/8843 4338/2535/8844
f 4335/2536/8845 4333/2529/8846 4288/2484/8847 4339/2537/8848
f 4340/2538/8849 4294/2490/8850 4297/2493/8851 4337/2534/8852
f 4339/2537/8853 4288/2484/8854 4291/2487/8855 4341/2539/8856
f 4342/2540/8857 4343/2541/8858 4294/2490/8859 4340/2538/8860
f 4341/2539/8861 4291/2487/8862 4344/2542/8863 4345/2543/8864
f 4343/2541/8865 4346/2544/8866 4295/2491/8867 4294/2490/8868
f 4291/2487/8869 4290/2486/8870 4347/2545/8871 4344/2542/8872
f 4346/2544/8873 4348/2546/8874 4300/2496/8875 4295/2491/8876
f 4290/2486/8877 4299/2495/8878 4349/2547/8879 4347/2545/8880
f 4350/2548/8881 4351/2549/8882 4293/2489/8883 4292/2488/8884
f 4348/2546/8885 4350/2548/8886 4292/2488/8887 4300/2496/8888
f 4287/2483/8889 4286/2482/8890 4352/2550/8891 4353/2551/8892
f 4299/2495/8893 4287/2483/8894 4353/2551/8895 4349/2547/8896
f 4354/2552/8897 4337/2553/8898 4338/2554/8899 4355/2555/8900
f 4356/2556/8901 4340/2557/8902 4337/2553/8903 4354/2552/8904
f 4336/2533/8905 4335/2532/8906 4339/2558/8907 4357/2559/8908
f 4357/2559/8909 4339/2558/8910 4341/2560/8911 4358/2561/8912
f 4355/2555/8913 4338/2554/8914 4332/2562/8915 4359/2563/8916
f 4360/2564/8917 4342/2565/8918 4340/2557/8919 4356/2556/8920
f 4358/2561/8921 4341/2560/8922 4345/2566/8923 4361/2567/8924
f 4362/2568/8925 4343/2569/8926 4342/2565/8927 4360/2564/8928
f 4361/2567/8929 4345/2566/8930 4344/2570/8931 4363/2571/8932
f 4364/2572/8933 4354/2552/8934 4355/2555/8935 4359/2563/8936
f 4360/2564/8937 4356/2556/8938 4354/2552/8939 4364/2572/8940
f 4334/2530/8941 4336/2533/8942 4357/2559/8943 4365/2573/8944
f 4365/2573/8945 4357/2559/8946 4358/2561/8947 4361/2567/8948
f 4359/2563/8949 4332/2562/8950 4330/2574/8951 4366/2575/8952
f 4362/2568/8953 4360/2564/8954 4364/2572/8955 4367/2576/8956
f 4368/2577/8957 4331/2578/8958 4333/2531/8959 4334/2530/8960
f 4369/2579/8961 4365/2573/8962 4361/2567/8963 4363/2571/8964
f 4367/2576/8965 4364/2572/8966 4359/2563/8967 4366/2575/8968
f 4368/2577/8969 4334/2530/8970 4365/2573/8971 4369/2579/8972
f 4370/2580/8973 4346/2581/8974 4343/2569/8975 4362/2568/8976
f 4363/2571/8977 4344/2570/8978 4347/2582/8979 4371/2583/8980
f 4370/2580/8981 4362/2568/8982 4367/2576/8983 4372/2584/8984
f 4373/2585/8985 4369/2579/8986 4363/2571/8987 4371/2583/8988
f 4374/2586/8989 4375/2587/8990 4353/2588/8991 4352/2589/8992
f 4376/2590/8993 4348/2591/8994 4346/2581/8995 4370/2580/8996
f 4350/2592/8997 4348/2591/8998 4376/2590/8999 4377/2593/9000
f 4371/2583/9001 4347/2582/9002 4349/2594/9003 4378/2595/9004
f 4375/2587/9005 4378/2595/9006 4349/2594/9007 4353/2588/9008
f 4376/2590/9009 4370/2580/9010 4372/2584/9011 4379/2596/9012
f 4380/2597/9013 4373/2585/9014 4371/2583/9015 4378/2595/9016
f 4381/2598/9017 4366/2575/9018 4330/2574/9019 4328/2599/9020
f 4372/2584/9021 4367/2576/9022 4366/2575/9023 4381/2598/9024
f 4329/2600/9025 4331/2578/9026 4368/2577/9027 4382/2601/9028
f 4382/2601/9029 4368/2577/9030 4369/2579/9031 4373/2585/9032
f 4379/2596/9033 4372/2584/9034 4381/2598/9035 4383/2602/9036
f 4384/2603/9037 4382/2601/9038 4373/2585/9039 4380/2597/9040
f 4381/2598/9041 4328/2599/9042 4305/2604/9043 4385/2605/9044
f 4385/2605/9045 4305/2604/9046 4304/2606/9047 4386/2607/9048
f 4387/2608/9049 4306/2609/9050 4329/2600/9051 4382/2601/9052
f 4383/2602/9053 4381/2598/9054 4385/2605/9055 4388/2610/9056
f 4389/2611/9057 4383/2602/9058 4388/2610/9059 4390/2612/9060
f 4391/2613/9061 4387/2608/9062 4382/2601/9063 4384/2603/9064
f 4392/2614/9065 4391/2613/9066 4384/2603/9067 4393/2615/9068
f 4386/2607/9069 4304/2606/9070 4306/2609/9071 4387/2608/9072
f 4394/2616/9073 4395/2617/9074 4392/2614/9075 4396/2618/9076
f 4397/2619/9077 4390/2612/9078 4395/2617/9079 4394/2616/9080
f 4398/2620/9081 4386/2607/9082 4387/2608/9083 4391/2613/9084
f 4388/2610/9085 4385/2605/9086 4386/2607/9087 4398/2620/9088
f 4390/2612/9089 4388/2610/9090 4398/2620/9091 4395/2617/9092
f 4395/2617/9093 4398/2620/9094 4391/2613/9095 4392/2614/9096
f 4377/2593/9097 4376/2590/9098 4379/2596/9099 4399/2621/9100
f 4399/2621/9101 4379/2596/9102 4383/2602/9103 4389/2611/9104
f 4400/2622/9105 4380/2597/9106 4378/2595/9107 4375/2587/9108
f 4393/2615/9109 4384/2603/9110 4380/2597/9111 4400/2622/9112
f 4401/2623/9113 4389/2611/9114 4390/2612/9115 4397/2619/9116
f 4351/2624/9117 4350/2592/9118 4377/2593/9119 4402/2625/9120
f 4396/2618/9121 4392/2614/9122 4393/2615/9123 4403/2626/9124
f 4404/2627/9125 4400/2622/9126 4375/2587/9127 4374/2586/9128
f 4402/2625/9129 4377/2593/9130 4399/2621/9131 4405/2628/9132
f 4405/2628/9133 4399/2621/9134 4389/2611/9135 4401/2623/9136
f 4403/2626/9137 4393/2615/9138 4400/2622/9139 4404/2627/9140
f 4284/2480/9141 4406/2629/9142 4407/2630/9143 4303/2499/9144
f 4303/2499/9145 4407/2630/9146 4408/2631/9147 4279/2475/9148
f 4406/2629/9149 4409/2632/9150 4410/2633/9151 4407/2630/9152
f 4407/2630/9153 4410/2633/9154 4411/2634/9155 4408/2631/9156
f 4283/2479/9157 4412/2635/9158 4406/2629/9159 4284/2480/9160
f 4279/2475/9161 4408/2631/9162 4413/2636/9163 4280/2476/9164
f 4412/2635/9165 4414/2637/9166 4409/2632/9167 4406/2629/9168
f 4408/2631/9169 4411/2634/9170 4415/2638/9171 4413/2636/9172
f 4293/2489/9173 4416/2639/9174 4412/2635/9175 4283/2479/9176
f 4280/2476/9177 4413/2636/9178 4417/2640/9179 4286/2482/9180
f 4416/2639/9181 4418/2641/9182 4414/2637/9183 4412/2635/9184
f 4413/2636/9185 4415/2638/9186 4419/2642/9187 4417/2640/9188
f 4351/2549/9189 4420/2643/9190 4416/2639/9191 4293/2489/9192
f 4286/2482/9193 4417/2640/9194 4421/2644/9195 4352/2550/9196
f 4420/2643/9197 4422/2645/9198 4418/2641/9199 4416/2639/9200
f 4417/2640/9201 4419/2642/9202 4423/2646/9203 4421/2644/9204
f 4420/2647/9205 4351/2624/9206 4402/2625/9207 4424/2648/9208
f 4425/2649/9209 4374/2586/9210 4352/2589/9211 4421/2650/9212
f 4422/2651/9213 4420/2647/9214 4424/2648/9215 4426/2652/9216
f 4427/2653/9217 4425/2649/9218 4421/2650/9219 4423/2654/9220
f 4424/2648/9221 4402/2625/9222 4405/2628/9223 4428/2655/9224
f 4429/2656/9225 4404/2627/9226 4374/2586/9227 4425/2649/9228
f 4426/2652/9229 4424/2648/9230 4428/2655/9231 4430/2657/9232
f 4431/2658/9233 4429/2656/9234 4425/2649/9235 4427/2653/9236
f 4428/2655/9237 4405/2628/9238 4401/2623/9239 4432/2659/9240
f 4433/2660/9241 4403/2626/9242 4404/2627/9243 4429/2656/9244
f 4430/2657/9245 4428/2655/9246 4432/2659/9247 4434/2661/9248
f 4435/2662/9249 4433/2660/9250 4429/2656/9251 4431/2658/9252
f 4432/2659/9253 4401/2623/9254 4397/2619/9255 4436/2663/9256
f 4436/2663/9257 4397/2619/9258 4394/2616/9259 4437/2664/9260
f 4438/2665/9261 4396/2618/9262 4403/2626/9263 4433/2660/9264
f 4434/2661/9265 4432/2659/9266 4436/2663/9267 4439/2666/9268
f 4440/2667/9269 4438/2665/9270 4433/2660/9271 4435/2662/9272
f 4437/2664/9273 4394/2616/9274 4396/2618/9275 4438/2665/9276
f 4441/2668/9277 4437/2664/9278 4438/2665/9279 4440/2667/9280
f 4439/2666/9281 4436/2663/9282 4437/2664/9283 4441/2668/9284
f 4442/2669/9285 4269/2465/9286 4267/2463/9287 4443/2670/9288
f 4409/2632/9289 4444/2671/9290 4445/2672/9291 4410/2633/9292
f 4443/2670/9293 4267/2463/9294 4268/2464/9295 4446/2673/9296
f 4410/2633/9297 4445/2672/9298 4447/2674/9299 4411/2634/9300
f 4448/2675/9301 4442/2669/9302 4443/2670/9303 4449/2676/9304
f 4444/2671/9305 4448/2675/9306 4449/2676/9307 4445/2672/9308
f 4449/2676/9309 4443/2670/9310 4446/2673/9311 4450/2677/9312
f 4445/2672/9313 4449/2676/9314 4450/2677/9315 4447/2674/9316
f 4451/2678/9317 4272/2468/9318 4269/2465/9319 4442/2669/9320
f 4414/2637/9321 4452/2679/9322 4444/2671/9323 4409/2632/9324
f 4446/2673/9325 4268/2464/9326 4271/2467/9327 4453/2680/9328
f 4411/2634/9329 4447/2674/9330 4454/2681/9331 4415/2638/9332
f 4455/2682/9333 4451/2678/9334 4442/2669/9335 4448/2675/9336
f 4452/2679/9337 4455/2682/9338 4448/2675/9339 4444/2671/9340
f 4450/2677/9341 4446/2673/9342 4453/2680/9343 4456/2683/9344
f 4447/2674/9345 4450/2677/9346 4456/2683/9347 4454/2681/9348
f 4457/2684/9349 4276/2472/9350 4272/2468/9351 4451/2678/9352
f 4418/2641/9353 4458/2685/9354 4452/2679/9355 4414/2637/9356
f 4453/2680/9357 4271/2467/9358 4275/2471/9359 4459/2686/9360
f 4415/2638/9361 4454/2681/9362 4460/2687/9363 4419/2642/9364
f 4461/2688/9365 4457/2684/9366 4451/2678/9367 4455/2682/9368
f 4458/2685/9369 4461/2688/9370 4455/2682/9371 4452/2679/9372
f 4456/2683/9373 4453/2680/9374 4459/2686/9375 4462/2689/9376
f 4454/2681/9377 4456/2683/9378 4462/2689/9379 4460/2687/9380
f 4422/2645/9381 4463/2690/9382 4458/2685/9383 4418/2641/9384
f 4419/2642/9385 4460/2687/9386 4464/2691/9387 4423/2646/9388
f 4463/2690/9389 4465/2692/9390 4461/2688/9391 4458/2685/9392
f 4460/2687/9393 4462/2689/9394 4466/2693/9395 4464/2691/9396
f 4465/2694/9397 4463/2695/9398 4467/2696/9399 4468/2697/9400
f 4422/2651/9401 4426/2652/9402 4467/2696/9403 4463/2695/9404
f 4469/2698/9405 4470/2699/9406 4464/2700/9407 4466/2701/9408
f 4464/2700/9409 4470/2699/9410 4427/2653/9411 4423/2654/9412
f 4467/2696/9413 4426/2652/9414 4430/2657/9415 4471/2702/9416
f 4472/2703/9417 4431/2658/9418 4427/2653/9419 4470/2699/9420
f 4468/2697/9421 4467/2696/9422 4471/2702/9423 4473/2704/9424
f 4474/2705/9425 4472/2703/9426 4470/2699/9427 4469/2698/9428
f 4471/2702/9429 4430/2657/9430 4434/2661/9431 4475/2706/9432
f 4476/2707/9433 4440/2667/9434 4435/2662/9435 4477/2708/9436
f 4477/2708/9437 4435/2662/9438 4431/2658/9439 4472/2703/9440
f 4473/2704/9441 4471/2702/9442 4475/2706/9443 4478/2709/9444
f 4479/2710/9445 4477/2708/9446 4472/2703/9447 4474/2705/9448
f 4475/2706/9449 4434/2661/9450 4439/2666/9451 4480/2711/9452
f 4480/2711/9453 4439/2666/9454 4441/2668/9455 4481/2712/9456
f 4478/2709/9457 4475/2706/9458 4480/2711/9459 4482/2713/9460
f 4483/2714/9461 4476/2707/9462 4477/2708/9463 4479/2710/9464
f 4481/2712/9465 4441/2668/9466 4440/2667/9467 4476/2707/9468
f 4484/2715/9469 4481/2712/9470 4476/2707/9471 4483/2714/9472
f 4482/2713/9473 4480/2711/9474 4481/2712/9475 4484/2715/9476
f 4325/2521/9477 4485/2716/9478 4486/2717/9479 4323/2519/9480
f 4323/2519/9481 4486/2717/9482 4487/2718/9483 4324/2520/9484
f 4319/2515/9485 4324/2520/9486 4488/2719/9487 4489/2720/9488
f 4324/2520/9489 4487/2718/9490 4490/2721/9491 4488/2719/9492
f 4491/2722/9493 4492/2723/9494 4485/2716/9495 4325/2521/9496
f 4493/2724/9497 4488/2719/9498 4490/2721/9499 4494/2725/9500
f 4495/2726/9501 4492/2723/9502 4491/2722/9503 4496/2727/9504
f 4310/2506/9505 4497/2728/9506 4498/2729/9507 4327/2523/9508
f 4499/2730/9509 4491/2722/9510 4325/2521/9511 4322/2518/9512
f 4326/2522/9513 4500/2731/9514 4501/2732/9515 4309/2505/9516
f 4502/2733/9517 4489/2720/9518 4488/2719/9519 4493/2724/9520
f 4497/2734/9521 4502/2733/9522 4493/2724/9523 4498/2735/9524
f 4496/2727/9525 4491/2722/9526 4499/2730/9527 4503/2736/9528
f 4500/2737/9529 4496/2727/9530 4503/2736/9531 4501/2738/9532
f 4308/2504/9533 4504/2739/9534 4497/2728/9535 4310/2506/9536
f 4505/2740/9537 4506/2741/9538 4489/2720/9539 4502/2733/9540
f 4320/2516/9541 4319/2515/9542 4489/2720/9543 4506/2741/9544
f 4507/2742/9545 4508/2743/9546 4260/2456/9547 4307/2503/9548
f 4309/2505/9549 4501/2732/9550 4507/2742/9551 4307/2503/9552
f 4503/2736/9553 4499/2730/9554 4509/2744/9555 4510/2745/9556
f 4509/2744/9557 4499/2730/9558 4322/2518/9559 4321/2517/9560
f 4504/2746/9561 4505/2740/9562 4502/2733/9563 4497/2734/9564
f 4501/2738/9565 4503/2736/9566 4510/2745/9567 4507/2747/9568
f 4308/2504/9569 4263/2459/9570 4511/2748/9571 4504/2739/9572
f 4315/2511/9573 4320/2516/9574 4506/2741/9575 4512/2749/9576
f 4513/2750/9577 4509/2744/9578 4321/2517/9579 4312/2508/9580
f 4514/2751/9581 4505/2740/9582 4504/2746/9583 4511/2752/9584
f 4512/2749/9585 4506/2741/9586 4505/2740/9587 4514/2751/9588
f 4508/2753/9589 4507/2747/9590 4510/2745/9591 4515/2754/9592
f 4515/2754/9593 4510/2745/9594 4509/2744/9595 4513/2750/9596
f 4316/2512/9597 4315/2511/9598 4512/2749/9599 4516/2755/9600
f 4516/2755/9601 4512/2749/9602 4514/2751/9603 4517/2756/9604
f 4263/2459/9605 4262/2458/9606 4518/2757/9607 4511/2748/9608
f 4517/2756/9609 4514/2751/9610 4511/2752/9611 4518/2758/9612
f 4519/2759/9613 4513/2750/9614 4312/2508/9615 4311/2507/9616
f 4520/2760/9617 4515/2754/9618 4513/2750/9619 4519/2759/9620
f 4508/2743/9621 4521/2761/9622 4261/2457/9623 4260/2456/9624
f 4521/2762/9625 4508/2753/9626 4515/2754/9627 4520/2760/9628
f 4462/2689/9629 4459/2686/9630 4522/2763/9631 4466/2693/9632
f 4523/2764/9633 4469/2698/9634 4466/2701/9635 4522/2765/9636
f 4465/2692/9637 4524/2766/9638 4457/2684/9639 4461/2688/9640
f 4524/2767/9641 4465/2694/9642 4468/2697/9643 4525/2768/9644
f 4526/2769/9645 4523/2764/9646 4522/2765/9647 4527/2770/9648
f 4528/2771/9649 4524/2767/9650 4525/2768/9651 4529/2772/9652
f 4530/2773/9653 4474/2705/9654 4469/2698/9655 4523/2764/9656
f 4531/2774/9657 4473/2704/9658 4478/2709/9659 4532/2775/9660
f 4525/2768/9661 4468/2697/9662 4473/2704/9663 4531/2774/9664
f 4533/2776/9665 4530/2773/9666 4523/2764/9667 4526/2769/9668
f 4529/2772/9669 4525/2768/9670 4531/2774/9671 4534/2777/9672
f 4535/2778/9673 4483/2714/9674 4479/2710/9675 4536/2779/9676
f 4536/2779/9677 4479/2710/9678 4474/2705/9679 4530/2773/9680
f 4490/2721/9681 4537/2780/9682 4538/2781/9683 4494/2725/9684
f 4495/2726/9685 4539/2782/9686 4540/2783/9687 4492/2723/9688
f 4541/2784/9689 4536/2779/9690 4530/2773/9691 4533/2776/9692
f 4537/2780/9693 4541/2784/9694 4533/2776/9695 4538/2781/9696
f 4534/2777/9697 4531/2774/9698 4532/2775/9699 4542/2785/9700
f 4539/2782/9701 4534/2777/9702 4542/2785/9703 4540/2783/9704
f 4487/2718/9705 4543/2786/9706 4537/2780/9707 4490/2721/9708
f 4544/2787/9709 4482/2713/9710 4484/2715/9711 4545/2788/9712
f 4532/2775/9713 4478/2709/9714 4482/2713/9715 4544/2787/9716
f 4492/2723/9717 4540/2783/9718 4546/2789/9719 4485/2716/9720
f 4547/2790/9721 4535/2778/9722 4536/2779/9723 4541/2784/9724
f 4543/2786/9725 4547/2790/9726 4541/2784/9727 4537/2780/9728
f 4542/2785/9729 4532/2775/9730 4544/2787/9731 4548/2791/9732
f 4540/2783/9733 4542/2785/9734 4548/2791/9735 4546/2789/9736
f 4545/2788/9737 4484/2715/9738 4483/2714/9739 4535/2778/9740
f 4485/2716/9741 4546/2789/9742 4549/2792/9743 4486/2717/9744
f 4486/2717/9745 4549/2792/9746 4543/2786/9747 4487/2718/9748
f 4550/2793/9749 4545/2788/9750 4535/2778/9751 4547/2790/9752
f 4548/2791/9753 4544/2787/9754 4545/2788/9755 4550/2793/9756
f 4549/2792/9757 4550/2793/9758 4547/2790/9759 4543/2786/9760
f 4546/2789/9761 4548/2791/9762 4550/2793/9763 4549/2792/9764
f 4551/2794/9765 4552/2795/9766 4553/2796/9767 4554/2797/9768
f 4555/2798/9769 4556/2799/9770 4557/2800/9771 4558/2801/9772
f 4559/2802/9773 4560/2803/9774 4552/2795/9775 4551/2794/9776
f 4558/2801/9777 4557/2800/9778 4561/2804/9779 4562/2805/9780
f 4563/2806/9781 4564/2807/9782 4560/2803/9783 4559/2802/9784
f 4562/2805/9785 4561/2804/9786 4565/2808/9787 4566/2809/9788
f 4567/2810/9789 4551/2811/9790 4554/2812/9791 4568/2813/9792
f 4569/2814/9793 4555/2815/9794 4558/2816/9795 4570/2817/9796
f 4571/2818/9797 4559/2819/9798 4551/2811/9799 4567/2810/9800
f 4570/2817/9801 4558/2816/9802 4562/2820/9803 4572/2821/9804
f 4573/2822/9805 4563/2823/9806 4559/2819/9807 4571/2818/9808
f 4572/2821/9809 4562/2820/9810 4566/2824/9811 4574/2825/9812
f 4575/2826/9813 4573/2822/9814 4571/2818/9815 4576/2827/9816
f 4577/2828/9817 4572/2821/9818 4574/2825/9819 4578/2829/9820
f 4576/2827/9821 4571/2818/9822 4567/2810/9823 4579/2830/9824
f 4580/2831/9825 4570/2817/9826 4572/2821/9827 4577/2828/9828
f 4579/2830/9829 4567/2810/9830 4568/2813/9831 4581/2832/9832
f 4582/2833/9833 4569/2814/9834 4570/2817/9835 4580/2831/9836
f 4583/2834/9837 4579/2830/9838 4581/2832/9839 4584/2835/9840
f 4585/2836/9841 4582/2833/9842 4580/2831/9843 4586/2837/9844
f 4587/2838/9845 4583/2834/9846 4584/2835/9847 4588/2839/9848
f 4589/2840/9849 4585/2836/9850 4586/2837/9851 4590/2841/9852
f 4591/2842/9853 4576/2827/9854 4579/2830/9855 4583/2834/9856
f 4586/2837/9857 4580/2831/9858 4577/2828/9859 4592/2843/9860
f 4593/2844/9861 4591/2842/9862 4583/2834/9863 4587/2838/9864
f 4590/2841/9865 4586/2837/9866 4592/2843/9867 4594/2845/9868
f 4595/2846/9869 4575/2826/9870 4576/2827/9871 4591/2842/9872
f 4596/2847/9873 4595/2846/9874 4591/2842/9875 4593/2844/9876
f 4592/2843/9877 4577/2828/9878 4578/2829/9879 4597/2848/9880
f 4594/2845/9881 4592/2843/9882 4597/2848/9883 4598/2849/9884
f 4527/2770/9885 4522/2765/9886 4599/2850/9887
f 4600/2851/9888 4524/2767/9889 4528/2771/9890
f 4601/2852/9891 4602/2853/9892 4564/2807/9893 4563/2806/9894
f 4566/2809/9895 4565/2808/9896 4603/2854/9897 4604/2855/9898
f 4605/2856/9899 4606/2857/9900 4602/2853/9901 4601/2852/9902
f 4604/2855/9903 4603/2854/9904 4607/2858/9905 4608/2859/9906
f 4609/2860/9907 4601/2861/9908 4563/2823/9909 4573/2822/9910
f 4574/2825/9911 4566/2824/9912 4604/2862/9913 4610/2863/9914
f 4611/2864/9915 4605/2865/9916 4601/2861/9917 4609/2860/9918
f 4610/2863/9919 4604/2862/9920 4608/2866/9921 4612/2867/9922
f 4613/2868/9923 4609/2860/9924 4573/2822/9925 4575/2826/9926
f 4578/2829/9927 4574/2825/9928 4610/2863/9929 4614/2869/9930
f 4615/2870/9931 4611/2864/9932 4609/2860/9933 4613/2868/9934
f 4614/2869/9935 4610/2863/9936 4612/2867/9937 4616/2871/9938
f 4617/2872/9939 4613/2868/9940 4575/2826/9941 4595/2846/9942
f 4597/2848/9943 4578/2829/9944 4614/2869/9945 4618/2873/9946
f 4619/2874/9947 4615/2870/9948 4613/2868/9949 4617/2872/9950
f 4618/2873/9951 4614/2869/9952 4616/2871/9953 4620/2875/9954
f 4621/2876/9955 4617/2872/9956 4595/2846/9957 4596/2847/9958
f 4598/2849/9959 4597/2848/9960 4618/2873/9961 4622/2877/9962
f 4623/2878/9963 4619/2874/9964 4617/2872/9965 4621/2876/9966
f 4622/2877/9967 4618/2873/9968 4620/2875/9969 4624/2879/9970
f 4624/2879/9971 4620/2875/9972 4625/2880/9973 4626/2881/9974
f 4627/2882/9975 4628/2883/9976 4619/2874/9977 4623/2878/9978
f 4620/2875/9979 4616/2871/9980 4629/2884/9981 4625/2880/9982
f 4628/2883/9983 4630/2885/9984 4615/2870/9985 4619/2874/9986
f 4616/2871/9987 4612/2867/9988 4631/2886/9989 4629/2884/9990
f 4630/2885/9991 4632/2887/9992 4611/2864/9993 4615/2870/9994
f 4632/2887/9995 4633/2888/9996 4605/2865/9997 4611/2864/9998
f 4612/2867/9999 4608/2866/10000 4634/2889/10001 4631/2886/10002
f 4633/2890/10003 4635/2891/10004 4606/2857/10005 4605/2856/10006
f 4608/2859/10007 4607/2858/10008 4636/2892/10009 4634/2893/10010
f 4635/2891/10011 4637/2894/10012 4638/2895/10013 4606/2857/10014
f 4607/2858/10015 4639/2896/10016 4640/2897/10017 4636/2892/10018
f 4606/2857/10019 4638/2895/10020 4641/2898/10021 4602/2853/10022
f 4603/2854/10023 4642/2899/10024 4639/2896/10025 4607/2858/10026
f 4602/2853/10027 4641/2898/10028 4643/2900/10029 4564/2807/10030
f 4565/2808/10031 4644/2901/10032 4642/2899/10033 4603/2854/10034
f 4564/2807/10035 4643/2900/10036 4645/2902/10037 4560/2803/10038
f 4561/2804/10039 4646/2903/10040 4644/2901/10041 4565/2808/10042
f 4560/2803/10043 4645/2902/10044 4647/2904/10045 4552/2795/10046
f 4557/2800/10047 4648/2905/10048 4646/2903/10049 4561/2804/10050
f 4552/2795/10051 4647/2904/10052 4649/2906/10053 4553/2796/10054
f 4556/2799/10055 4650/2907/10056 4648/2905/10057 4557/2800/10058
f 4651/2908/10059 4652/2909/10060 4569/2814/10061 4582/2833/10062
f 4584/2835/10063 4581/2832/10064 4653/2910/10065 4654/2911/10066
f 4655/2912/10067 4656/2913/10068 4657/2914/10069 4658/2915/10070
f 4659/2916/10071 4655/2912/10072 4658/2915/10073 4660/2917/10074
f 4661/2918/10075 4662/2919/10076 4663/2920/10077 4664/2921/10078
f 4665/2922/10079 4661/2918/10080 4664/2921/10081 4666/2923/10082
f 4667/2924/10083 4587/2838/10084 4588/2839/10085 4656/2913/10086
f 4668/2925/10087 4590/2841/10088 4594/2845/10089 4669/2926/10090
f 4663/2920/10091 4589/2840/10092 4590/2841/10093 4668/2925/10094
f 4670/2927/10095 4671/2928/10096 4655/2912/10097 4659/2916/10098
f 4671/2928/10099 4667/2924/10100 4656/2913/10101 4655/2912/10102
f 4666/2923/10103 4664/2921/10104 4672/2929/10105 4673/2930/10106
f 4664/2921/10107 4663/2920/10108 4668/2925/10109 4672/2929/10110
f 4674/2931/10111 4593/2844/10112 4587/2838/10113 4667/2924/10114
f 4675/2932/10115 4674/2931/10116 4667/2924/10117 4671/2928/10118
f 4676/2933/10119 4675/2932/10120 4671/2928/10121 4670/2927/10122
f 4672/2929/10123 4668/2925/10124 4669/2926/10125 4677/2934/10126
f 4673/2930/10127 4672/2929/10128 4677/2934/10129 4678/2935/10130
f 4679/2936/10131 4596/2847/10132 4593/2844/10133 4674/2931/10134
f 4669/2926/10135 4594/2845/10136 4598/2849/10137 4680/2937/10138
f 4681/2938/10139 4679/2936/10140 4674/2931/10141 4675/2932/10142
f 4682/2939/10143 4681/2938/10144 4675/2932/10145 4676/2933/10146
f 4677/2934/10147 4669/2926/10148 4680/2937/10149 4683/2940/10150
f 4678/2935/10151 4677/2934/10152 4683/2940/10153 4684/2941/10154
f 4685/2942/10155 4686/2943/10156 4679/2936/10157 4681/2938/10158
f 4686/2943/10159 4621/2876/10160 4596/2847/10161 4679/2936/10162
f 4683/2940/10163 4680/2937/10164 4687/2944/10165 4688/2945/10166
f 4680/2937/10167 4598/2849/10168 4622/2877/10169 4687/2944/10170
f 4689/2946/10171 4685/2942/10172 4681/2938/10173 4682/2939/10174
f 4684/2941/10175 4683/2940/10176 4688/2945/10177 4690/2947/10178
f 4691/2948/10179 4692/2949/10180 4689/2946/10181 4682/2939/10182
f 4693/2950/10183 4623/2878/10184 4621/2876/10185 4686/2943/10186
f 4684/2941/10187 4690/2947/10188 4694/2951/10189 4695/2952/10190
f 4687/2944/10191 4622/2877/10192 4624/2879/10193 4696/2953/10194
f 4697/2954/10195 4693/2950/10196 4686/2943/10197 4685/2942/10198
f 4692/2949/10199 4697/2954/10200 4685/2942/10201 4689/2946/10202
f 4688/2945/10203 4687/2944/10204 4696/2953/10205 4698/2955/10206
f 4690/2947/10207 4688/2945/10208 4698/2955/10209 4694/2951/10210
f 4599/2956/10211 4699/2957/10212 4692/2949/10213 4691/2948/10214
f 4700/2958/10215 4627/2882/10216 4623/2878/10217 4693/2950/10218
f 4695/2952/10219 4694/2951/10220 4701/2959/10221 4600/2960/10222
f 4696/2953/10223 4624/2879/10224 4626/2881/10225 4702/2961/10226
f 4703/2962/10227 4700/2958/10228 4693/2950/10229 4697/2954/10230
f 4699/2957/10231 4703/2962/10232 4697/2954/10233 4692/2949/10234
f 4698/2955/10235 4696/2953/10236 4702/2961/10237 4704/2963/10238
f 4694/2951/10239 4698/2955/10240 4704/2963/10241 4701/2959/10242
f 4459/2686/10243 4275/2471/10244 4705/2964/10245 4522/2763/10246
f 4522/2763/10247 4705/2964/10248 4699/2957/10249 4599/2956/10250
f 4706/2965/10251 4628/2883/10252 4627/2882/10253 4700/2958/10254
f 4524/2766/10255 4707/2966/10256 4276/2472/10257 4457/2684/10258
f 4600/2960/10259 4701/2959/10260 4707/2966/10261 4524/2766/10262
f 4702/2961/10263 4626/2881/10264 4625/2880/10265 4708/2967/10266
f 4709/2968/10267 4706/2965/10268 4700/2958/10269 4703/2962/10270
f 4705/2964/10271 4709/2968/10272 4703/2962/10273 4699/2957/10274
f 4704/2963/10275 4702/2961/10276 4708/2967/10277 4710/2969/10278
f 4701/2959/10279 4704/2963/10280 4710/2969/10281 4707/2966/10282
f 4275/2471/10283 4274/2470/10284 4711/2970/10285 4705/2964/10286
f 4712/2971/10287 4630/2885/10288 4628/2883/10289 4706/2965/10290
f 4707/2966/10291 4713/2972/10292 4277/2473/10293 4276/2472/10294
f 4708/2967/10295 4625/2880/10296 4629/2884/10297 4714/2973/10298
f 4715/2974/10299 4712/2971/10300 4706/2965/10301 4709/2968/10302
f 4711/2970/10303 4715/2974/10304 4709/2968/10305 4705/2964/10306
f 4710/2969/10307 4708/2967/10308 4714/2973/10309 4716/2975/10310
f 4707/2966/10311 4710/2969/10312 4716/2975/10313 4713/2972/10314
f 4274/2470/10315 4327/2523/10316 4717/2976/10317 4711/2970/10318
f 4712/2971/10319 4718/2977/10320 4632/2887/10321 4630/2885/10322
f 4713/2972/10323 4719/2978/10324 4326/2522/10325 4277/2473/10326
f 4631/2886/10327 4634/2889/10328 4720/2979/10329 4721/2980/10330
f 4629/2884/10331 4631/2886/10332 4721/2980/10333 4714/2973/10334
f 4715/2974/10335 4722/2981/10336 4718/2977/10337 4712/2971/10338
f 4711/2970/10339 4717/2976/10340 4722/2981/10341 4715/2974/10342
f 4714/2973/10343 4721/2980/10344 4723/2982/10345 4716/2975/10346
f 4716/2975/10347 4723/2982/10348 4719/2978/10349 4713/2972/10350
f 4327/2523/10351 4498/2729/10352 4724/2983/10353 4717/2976/10354
f 4498/2735/10355 4493/2724/10356 4494/2725/10357 4724/2984/10358
f 4718/2977/10359 4725/2985/10360 4633/2888/10361 4632/2887/10362
f 4719/2978/10363 4726/2986/10364 4500/2731/10365 4326/2522/10366
f 4726/2987/10367 4495/2726/10368 4496/2727/10369 4500/2737/10370
f 4722/2981/10371 4727/2988/10372 4725/2985/10373 4718/2977/10374
f 4717/2976/10375 4724/2983/10376 4727/2988/10377 4722/2981/10378
f 4721/2980/10379 4720/2979/10380 4728/2989/10381 4723/2982/10382
f 4723/2982/10383 4728/2989/10384 4726/2986/10385 4719/2978/10386
f 4724/2984/10387 4494/2725/10388 4538/2781/10389 4729/2990/10390
f 4538/2781/10391 4533/2776/10392 4526/2769/10393 4729/2990/10394
f 4633/2890/10395 4725/2991/10396 4730/2992/10397 4635/2891/10398
f 4731/2993/10399 4539/2782/10400 4495/2726/10401 4726/2987/10402
f 4731/2993/10403 4529/2772/10404 4534/2777/10405 4539/2782/10406
f 4640/2897/10407 4732/2994/10408 4733/2995/10409 4636/2892/10410
f 4636/2892/10411 4733/2995/10412 4720/2996/10413 4634/2893/10414
f 4725/2991/10415 4727/2997/10416 4734/2998/10417 4730/2992/10418
f 4727/2997/10419 4724/2984/10420 4729/2990/10421 4734/2998/10422
f 4733/2995/10423 4735/2999/10424 4728/3000/10425 4720/2996/10426
f 4735/2999/10427 4731/2993/10428 4726/2987/10429 4728/3000/10430
f 4729/2990/10431 4526/2769/10432 4527/2770/10433 4736/3001/10434
f 4527/2770/10435 4599/2850/10436 4736/3001/10437
f 4635/2891/10438 4730/2992/10439 4737/3002/10440 4637/2894/10441
f 4738/3003/10442 4528/2771/10443 4529/2772/10444 4731/2993/10445
f 4738/3003/10446 4600/2851/10447 4528/2771/10448
f 4730/2992/10449 4734/2998/10450 4739/3004/10451 4737/3002/10452
f 4734/2998/10453 4729/2990/10454 4736/3001/10455 4739/3004/10456
f 4732/2994/10457 4740/3005/10458 4735/2999/10459 4733/2995/10460
f 4740/3005/10461 4738/3003/10462 4731/2993/10463 4735/2999/10464
f 4741/3006/10465 4691/3007/10466 4682/3008/10467 4742/3009/10468
f 4736/3001/10469 4599/2850/10470 4691/3007/10471 4741/3006/10472
f 4637/2894/10473 4737/3002/10474 4743/3010/10475 4638/2895/10476
f 4744/3011/10477 4695/3012/10478 4600/2851/10479 4738/3003/10480
f 4639/2896/10481 4745/3013/10482 4732/2994/10483 4640/2897/10484
f 4739/3004/10485 4736/3001/10486 4741/3006/10487 4746/3014/10488
f 4737/3002/10489 4739/3004/10490 4746/3014/10491 4743/3010/10492
f 4747/3015/10493 4744/3011/10494 4738/3003/10495 4740/3005/10496
f 4745/3013/10497 4747/3015/10498 4740/3005/10499 4732/2994/10500
f 4638/2895/10501 4743/3010/10502 4748/3016/10503 4641/2898/10504
f 4749/3017/10505 4684/3018/10506 4695/3012/10507 4744/3011/10508
f 4642/2899/10509 4750/3019/10510 4745/3013/10511 4639/2896/10512
f 4746/3014/10513 4741/3006/10514 4742/3009/10515 4751/3020/10516
f 4743/3010/10517 4746/3014/10518 4751/3020/10519 4748/3016/10520
f 4752/3021/10521 4749/3017/10522 4744/3011/10523 4747/3015/10524
f 4750/3019/10525 4752/3021/10526 4747/3015/10527 4745/3013/10528
f 4742/3009/10529 4682/3008/10530 4676/3022/10531 4753/3023/10532
f 4641/2898/10533 4748/3016/10534 4754/3024/10535 4643/2900/10536
f 4755/3025/10537 4678/3026/10538 4684/3018/10539 4749/3017/10540
f 4644/2901/10541 4756/3027/10542 4750/3019/10543 4642/2899/10544
f 4748/3016/10545 4751/3020/10546 4757/3028/10547 4754/3024/10548
f 4751/3020/10549 4742/3009/10550 4753/3023/10551 4757/3028/10552
f 4756/3027/10553 4758/3029/10554 4752/3021/10555 4750/3019/10556
f 4758/3029/10557 4755/3025/10558 4749/3017/10559 4752/3021/10560
f 4753/3023/10561 4676/3022/10562 4670/3030/10563 4759/3031/10564
f 4643/2900/10565 4754/3024/10566 4760/3032/10567 4645/2902/10568
f 4761/3033/10569 4673/3034/10570 4678/3026/10571 4755/3025/10572
f 4646/2903/10573 4762/3035/10574 4756/3027/10575 4644/2901/10576
f 4754/3024/10577 4757/3028/10578 4763/3036/10579 4760/3032/10580
f 4757/3028/10581 4753/3023/10582 4759/3031/10583 4763/3036/10584
f 4762/3035/10585 4764/3037/10586 4758/3029/10587 4756/3027/10588
f 4764/3037/10589 4761/3033/10590 4755/3025/10591 4758/3029/10592
f 4759/3031/10593 4670/3030/10594 4659/3038/10595 4765/3039/10596
f 4645/2902/10597 4760/3032/10598 4766/3040/10599 4647/2904/10600
f 4767/3041/10601 4666/3042/10602 4673/3034/10603 4761/3033/10604
f 4648/2905/10605 4768/3043/10606 4762/3035/10607 4646/2903/10608
f 4760/3032/10609 4763/3036/10610 4769/3044/10611 4766/3040/10612
f 4763/3036/10613 4759/3031/10614 4765/3039/10615 4769/3044/10616
f 4768/3043/10617 4770/3045/10618 4764/3037/10619 4762/3035/10620
f 4770/3045/10621 4767/3041/10622 4761/3033/10623 4764/3037/10624
f 4765/3039/10625 4659/3038/10626 4660/3046/10627 4771/3047/10628
f 4647/2904/10629 4766/3040/10630 4772/3048/10631 4649/2906/10632
f 4773/3049/10633 4665/3050/10634 4666/3042/10635 4767/3041/10636
f 4650/2907/10637 4774/3051/10638 4768/3043/10639 4648/2905/10640
f 4766/3040/10641 4769/3044/10642 4775/3052/10643 4772/3048/10644
f 4769/3044/10645 4765/3039/10646 4771/3047/10647 4775/3052/10648
f 4774/3051/10649 4776/3053/10650 4770/3045/10651 4768/3043/10652
f 4776/3053/10653 4773/3049/10654 4767/3041/10655 4770/3045/10656
f 4588/2839/10657 4584/2835/10658 4654/2911/10659 4777/3054/10660
f 4656/2913/10661 4588/2839/10662 4777/3054/10663 4657/2914/10664
f 4658/2915/10665 4657/2914/10666 4777/3054/10667 4778/3055/10668
f 4662/2919/10669 4779/3056/10670 4589/2840/10671 4663/2920/10672
f 4780/3057/10673 4779/3056/10674 4662/2919/10675 4661/2918/10676
f 4553/2796/10677 4649/2906/10678 4781/3058/10679 4782/3059/10680
f 4554/2797/10681 4553/2796/10682 4782/3059/10683 4783/3060/10684
f 4568/2813/10685 4554/2812/10686 4783/3061/10687 4784/3062/10688
f 4581/2832/10689 4568/2813/10690 4784/3062/10691 4653/2910/10692
f 4785/3063/10693 4653/2910/10694 4784/3062/10695
f 4786/3064/10696 4787/3065/10697 4556/2799/10698 4555/2798/10699
f 4652/2909/10700 4786/3066/10701 4555/2815/10702 4569/2814/10703
f 4783/3060/10704 4782/3059/10705 4788/3067/10706
f 4784/3062/10707 4783/3061/10708 4788/3068/10709 4785/3063/10710
f 4654/2911/10711 4653/2910/10712 4785/3063/10713 4789/3069/10714
f 4782/3059/10715 4781/3058/10716 4790/3070/10717 4788/3067/10718
f 4785/3063/10719 4788/3068/10720 4790/3071/10721 4789/3069/10722
f 4649/2906/10723 4772/3048/10724 4791/3072/10725 4781/3058/10726
f 4777/3054/10727 4654/2911/10728 4789/3069/10729 4792/3073/10730
f 4793/3074/10731 4794/3075/10732 4776/3053/10733 4774/3051/10734
f 4781/3058/10735 4791/3072/10736 4795/3076/10737 4790/3070/10738
f 4792/3073/10739 4789/3069/10740 4790/3071/10741 4795/3077/10742
f 4772/3048/10743 4775/3052/10744 4796/3078/10745 4791/3072/10746
f 4775/3052/10747 4771/3047/10748 4797/3079/10749 4796/3078/10750
f 4777/3054/10751 4792/3073/10752 4798/3080/10753
f 4798/3080/10754 4778/3055/10755 4777/3054/10756
f 4779/3056/10757 4780/3057/10758 4799/3081/10759
f 4771/3047/10760 4660/3046/10761 4800/3082/10762 4797/3079/10763
f 4660/2917/10764 4658/2915/10765 4778/3055/10766 4800/3083/10767
f 4797/3079/10768 4800/3082/10769 4801/3084/10770 4796/3078/10771
f 4800/3083/10772 4778/3055/10773 4798/3080/10774 4801/3085/10775
f 4791/3072/10776 4796/3078/10777 4801/3084/10778 4795/3076/10779
f 4798/3080/10780 4792/3073/10781 4795/3077/10782 4801/3085/10783
f 4802/3086/10784 4780/3057/10785 4661/2918/10786 4665/2922/10787
f 4787/3065/10788 4803/3087/10789 4650/2907/10790 4556/2799/10791
f 4779/3056/10792 4804/3088/10793 4585/2836/10794 4589/2840/10795
f 4803/3087/10796 4793/3074/10797 4774/3051/10798 4650/2907/10799
f 4805/3089/10800 4787/3065/10801 4786/3064/10802
f 4805/3089/10803 4806/3090/10804 4803/3087/10805 4787/3065/10806
f 4807/3091/10807 4805/3092/10808 4786/3066/10809 4652/2909/10810
f 4807/3091/10811 4652/2909/10812 4651/2908/10813
f 4804/3088/10814 4651/2908/10815 4582/2833/10816 4585/2836/10817
f 4806/3090/10818 4808/3093/10819 4793/3074/10820 4803/3087/10821
f 4809/3094/10822 4807/3091/10823 4651/2908/10824 4804/3088/10825
f 4809/3094/10826 4806/3095/10827 4805/3092/10828 4807/3091/10829
f 4810/3096/10830 4809/3094/10831 4804/3088/10832 4779/3056/10833
f 4808/3097/10834 4806/3095/10835 4809/3094/10836 4810/3096/10837
f 4811/3098/10838 4810/3096/10839 4779/3056/10840 4799/3081/10841
f 4812/3099/10842 4808/3097/10843 4810/3096/10844 4811/3098/10845
f 4808/3093/10846 4812/3100/10847 4794/3075/10848 4793/3074/10849
f 4813/3101/10850 4802/3102/10851 4665/3050/10852 4773/3049/10853
f 4794/3075/10854 4813/3101/10855 4773/3049/10856 4776/3053/10857
f 4814/3103/10858 4802/3102/10859 4813/3101/10860
f 4812/3100/10861 4814/3103/10862 4813/3101/10863 4794/3075/10864
f 4812/3099/10865 4811/3098/10866 4799/3081/10867 4814/3104/10868
f 4814/3104/10869 4799/3081/10870 4780/3057/10871 4802/3086/10872
f 4815/3105/10873 4816/3106/10874 4817/3107/10875 4818/3108/10876
f 4819/3109/10877 4820/3110/10878 4821/3111/10879 4822/3112/10880
f 4823/3113/10881 4824/3114/10882 4825/3115/10883 4826/3116/10884
f 4827/3117/10885 4828/3118/10886 4829/3119/10887 4830/3120/10888
f 4831/3121/10889 4832/3122/10890 4833/3123/10891 4834/3124/10892
f 4835/3125/10893 4836/3126/10894 4837/3127/10895 4838/3128/10896
f 4834/3124/10897 4833/3123/10898 4828/3118/10899 4827/3117/10900
f 4826/3116/10901 4825/3115/10902 4836/3126/10903 4835/3125/10904
f 4828/3118/10905 4839/3129/10906 4840/3130/10907 4829/3119/10908
f 4832/3122/10909 4841/3131/10910 4842/3132/10911 4833/3123/10912
f 4824/3114/10913 4843/3133/10914 4844/3134/10915 4825/3115/10916
f 4836/3126/10917 4845/3135/10918 4846/3136/10919 4837/3127/10920
f 4833/3123/10921 4842/3132/10922 4839/3129/10923 4828/3118/10924
f 4825/3115/10925 4844/3134/10926 4845/3135/10927 4836/3126/10928
f 4817/3107/10929 4847/3137/10930 4848/3138/10931 4818/3108/10932
f 4819/3109/10933 4849/3139/10934 4850/3140/10935 4820/3110/10936
f 4851/3141/10937 4815/3105/10938 4818/3108/10939 4852/3142/10940
f 4818/3108/10941 4848/3138/10942 4853/3143/10943 4852/3142/10944
f 4854/3144/10945 4851/3141/10946 4852/3142/10947 4855/3145/10948
f 4856/3146/10949 4855/3145/10950 4852/3142/10951 4853/3143/10952
f 4857/3147/10953 4819/3109/10954 4822/3112/10955 4858/3148/10956
f 4857/3147/10957 4859/3149/10958 4849/3139/10959 4819/3109/10960
f 4860/3150/10961 4857/3147/10962 4858/3148/10963 4861/3151/10964
f 4859/3149/10965 4857/3147/10966 4860/3150/10967 4862/3152/10968
f 4863/3153/10969 4864/3154/10970 4856/3146/10971 4853/3143/10972
f 4865/3155/10973 4866/3156/10974 4864/3154/10975 4863/3153/10976
f 4867/3157/10977 4863/3153/10978 4853/3143/10979 4848/3138/10980
f 4849/3139/10981 4859/3149/10982 4868/3158/10983 4869/3159/10984
f 4870/3160/10985 4865/3155/10986 4863/3153/10987 4867/3157/10988
f 4871/3161/10989 4867/3157/10990 4848/3138/10991 4847/3137/10992
f 4850/3140/10993 4849/3139/10994 4869/3159/10995 4872/3162/10996
f 4873/3163/10997 4870/3160/10998 4867/3157/10999 4871/3161/11000
f 4872/3162/11001 4869/3159/11002 4874/3164/11003 4875/3165/11004
f 4876/3166/11005 4873/3163/11006 4871/3161/11007 4877/3167/11008
f 4878/3168/11009 4872/3162/11010 4875/3165/11011 4879/3169/11012
f 4880/3170/11013 4877/3167/11014 4871/3161/11015 4847/3137/11016
f 4850/3140/11017 4872/3162/11018 4878/3168/11019 4881/3171/11020
f 4882/3172/11021 4876/3166/11022 4877/3167/11023 4880/3170/11024
f 4881/3171/11025 4878/3168/11026 4879/3169/11027 4883/3173/11028
f 4884/3174/11029 4880/3170/11030 4847/3137/11031 4817/3107/11032
f 4820/3110/11033 4850/3140/11034 4881/3171/11035 4885/3175/11036
f 4886/3176/11037 4882/3172/11038 4880/3170/11039 4884/3174/11040
f 4885/3175/11041 4881/3171/11042 4883/3173/11043 4887/3177/11044
f 4888/3178/11045 4884/3174/11046 4817/3107/11047 4816/3106/11048
f 4821/3111/11049 4820/3110/11050 4885/3175/11051 4889/3179/11052
f 4890/3180/11053 4886/3176/11054 4884/3174/11055 4888/3178/11056
f 4889/3179/11057 4885/3175/11058 4887/3177/11059 4891/3181/11060
f 4892/3182/11061 4890/3180/11062 4888/3178/11063 4893/3183/11064
f 4894/3184/11065 4889/3179/11066 4891/3181/11067 4895/3185/11068
f 4896/3186/11069 4893/3183/11070 4888/3178/11071 4816/3106/11072
f 4822/3112/11073 4821/3111/11074 4897/3187/11075 4898/3188/11076
f 4821/3111/11077 4889/3179/11078 4894/3184/11079 4897/3187/11080
f 4899/3189/11081 4892/3182/11082 4893/3183/11083 4896/3186/11084
f 4897/3187/11085 4894/3184/11086 4895/3185/11087 4900/3190/11088
f 4901/3191/11089 4896/3186/11090 4816/3106/11091 4815/3105/11092
f 4902/3192/11093 4899/3189/11094 4896/3186/11095 4901/3191/11096
f 4898/3188/11097 4897/3187/11098 4900/3190/11099 4903/3193/11100
f 4904/3194/11101 4901/3191/11102 4815/3105/11103 4851/3141/11104
f 4858/3148/11105 4822/3112/11106 4898/3188/11107 4905/3195/11108
f 4906/3196/11109 4902/3192/11110 4901/3191/11111 4904/3194/11112
f 4905/3195/11113 4898/3188/11114 4903/3193/11115 4907/3197/11116
f 4908/3198/11117 4906/3196/11118 4904/3194/11119 4909/3199/11120
f 4909/3199/11121 4904/3194/11122 4851/3141/11123 4854/3144/11124
f 4910/3200/11125 4905/3195/11126 4907/3197/11127 4911/3201/11128
f 4861/3151/11129 4858/3148/11130 4905/3195/11131 4910/3200/11132
f 4842/3132/11133 4841/3131/11134 4912/3202/11135 4913/3203/11136
f 4914/3204/11137 4915/3205/11138 4866/3156/11139 4865/3155/11140
f 4916/3206/11141 4917/3207/11142 4846/3136/11143 4845/3135/11144
f 4913/3203/11145 4912/3202/11146 4918/3208/11147 4919/3209/11148
f 4919/3209/11149 4918/3208/11150 4915/3205/11151 4914/3204/11152
f 4920/3210/11153 4921/3211/11154 4917/3207/11155 4916/3206/11156
f 4922/3212/11157 4914/3204/11158 4865/3155/11159 4870/3160/11160
f 4923/3213/11161 4913/3203/11162 4919/3209/11163 4924/3214/11164
f 4839/3129/11165 4842/3132/11166 4913/3203/11167 4923/3213/11168
f 4925/3215/11169 4920/3210/11170 4916/3206/11171 4926/3216/11172
f 4926/3216/11173 4916/3206/11174 4845/3135/11175 4844/3134/11176
f 4924/3214/11177 4919/3209/11178 4914/3204/11179 4922/3212/11180
f 4927/3217/11181 4922/3212/11182 4870/3160/11183 4873/3163/11184
f 4839/3129/11185 4923/3213/11186 4928/3218/11187 4840/3130/11188
f 4879/3169/11189 4875/3165/11190 4929/3219/11191 4930/3220/11192
f 4875/3165/11193 4874/3164/11194 4931/3221/11195 4929/3219/11196
f 4843/3133/11197 4932/3222/11198 4926/3216/11199 4844/3134/11200
f 4928/3218/11201 4923/3213/11202 4924/3214/11203 4933/3223/11204
f 4933/3223/11205 4924/3214/11206 4922/3212/11207 4927/3217/11208
f 4934/3224/11209 4925/3215/11210 4926/3216/11211 4932/3222/11212
f 4929/3219/11213 4931/3221/11214 4925/3215/11215 4934/3224/11216
f 4935/3225/11217 4927/3217/11218 4873/3163/11219 4876/3166/11220
f 4936/3226/11221 4933/3223/11222 4927/3217/11223 4935/3225/11224
f 4937/3227/11225 4928/3218/11226 4933/3223/11227 4936/3226/11228
f 4930/3220/11229 4929/3219/11230 4934/3224/11231 4938/3228/11232
f 4938/3228/11233 4934/3224/11234 4932/3222/11235 4939/3229/11236
f 4940/3230/11237 4941/3231/11238 4882/3172/11239 4886/3176/11240
f 4941/3231/11241 4935/3225/11242 4876/3166/11243 4882/3172/11244
f 4840/3130/11245 4928/3218/11246 4937/3227/11247 4942/3232/11248
f 4883/3173/11249 4879/3169/11250 4930/3220/11251 4943/3233/11252
f 4944/3234/11253 4939/3229/11254 4932/3222/11255 4843/3133/11256
f 4945/3235/11257 4936/3226/11258 4935/3225/11259 4941/3231/11260
f 4942/3232/11261 4937/3227/11262 4936/3226/11263 4945/3235/11264
f 4943/3233/11265 4930/3220/11266 4938/3228/11267 4946/3236/11268
f 4946/3236/11269 4938/3228/11270 4939/3229/11271 4944/3234/11272
f 4829/3119/11273 4840/3130/11274 4942/3232/11275 4947/3237/11276
f 4948/3238/11277 4945/3235/11278 4941/3231/11279 4940/3230/11280
f 4949/3239/11281 4944/3234/11282 4843/3133/11283 4824/3114/11284
f 4950/3240/11285 4943/3233/11286 4946/3236/11287 4951/3241/11288
f 4887/3177/11289 4883/3173/11290 4943/3233/11291 4950/3240/11292
f 4947/3237/11293 4942/3232/11294 4945/3235/11295 4948/3238/11296
f 4951/3241/11297 4946/3236/11298 4944/3234/11299 4949/3239/11300
f 4952/3242/11301 4940/3230/11302 4886/3176/11303 4890/3180/11304
f 4830/3120/11305 4829/3119/11306 4947/3237/11307 4953/3243/11308
f 4891/3181/11309 4887/3177/11310 4950/3240/11311 4954/3244/11312
f 4955/3245/11313 4949/3239/11314 4824/3114/11315 4823/3113/11316
f 4956/3246/11317 4948/3238/11318 4940/3230/11319 4952/3242/11320
f 4953/3243/11321 4947/3237/11322 4948/3238/11323 4956/3246/11324
f 4954/3244/11325 4950/3240/11326 4951/3241/11327 4957/3247/11328
f 4957/3247/11329 4951/3241/11330 4949/3239/11331 4955/3245/11332
f 4958/3248/11333 4952/3242/11334 4890/3180/11335 4892/3182/11336
f 4895/3185/11337 4891/3181/11338 4954/3244/11339 4959/3249/11340
f 4960/3250/11341 4953/3243/11342 4956/3246/11343 4961/3251/11344
f 4961/3251/11345 4956/3246/11346 4952/3242/11347 4958/3248/11348
f 4962/3252/11349 4957/3247/11350 4955/3245/11351 4963/3253/11352
f 4959/3249/11353 4954/3244/11354 4957/3247/11355 4962/3252/11356
f 4964/3254/11357 4958/3248/11358 4892/3182/11359 4899/3189/11360
f 4965/3255/11361 4960/3250/11362 4961/3251/11363 4966/3256/11364
f 4965/3255/11365 4830/3120/11366 4953/3243/11367 4960/3250/11368
f 4903/3193/11369 4900/3190/11370 4967/3257/11371 4968/3258/11372
f 4900/3190/11373 4895/3185/11374 4959/3249/11375 4967/3257/11376
f 4969/3259/11377 4962/3252/11378 4963/3253/11379 4970/3260/11380
f 4963/3253/11381 4955/3245/11382 4823/3113/11383 4970/3260/11384
f 4966/3256/11385 4961/3251/11386 4958/3248/11387 4964/3254/11388
f 4967/3257/11389 4959/3249/11390 4962/3252/11391 4969/3259/11392
f 4971/3261/11393 4964/3254/11394 4899/3189/11395 4902/3192/11396
f 4972/3262/11397 4827/3117/11398 4830/3120/11399 4965/3255/11400
f 4970/3260/11401 4823/3113/11402 4826/3116/11403 4973/3263/11404
f 4974/3264/11405 4966/3256/11406 4964/3254/11407 4971/3261/11408
f 4972/3262/11409 4965/3255/11410 4966/3256/11411 4974/3264/11412
f 4968/3258/11413 4967/3257/11414 4969/3259/11415 4975/3265/11416
f 4975/3265/11417 4969/3259/11418 4970/3260/11419 4973/3263/11420
f 4976/3266/11421 4971/3261/11422 4902/3192/11423 4906/3196/11424
f 4834/3124/11425 4827/3117/11426 4972/3262/11427 4977/3267/11428
f 4907/3197/11429 4903/3193/11430 4968/3258/11431 4978/3268/11432
f 4979/3269/11433 4973/3263/11434 4826/3116/11435 4835/3125/11436
f 4980/3270/11437 4974/3264/11438 4971/3261/11439 4976/3266/11440
f 4977/3267/11441 4972/3262/11442 4974/3264/11443 4980/3270/11444
f 4978/3268/11445 4968/3258/11446 4975/3265/11447 4981/3271/11448
f 4981/3271/11449 4975/3265/11450 4973/3263/11451 4979/3269/11452
f 4831/3121/11453 4834/3124/11454 4977/3267/11455 4982/3272/11456
f 4982/3272/11457 4977/3267/11458 4980/3270/11459 4983/3273/11460
f 4983/3273/11461 4980/3270/11462 4976/3266/11463 4984/3274/11464
f 4984/3274/11465 4976/3266/11466 4906/3196/11467 4908/3198/11468
f 4985/3275/11469 4979/3269/11470 4835/3125/11471 4838/3128/11472
f 4986/3276/11473 4981/3271/11474 4979/3269/11475 4985/3275/11476
f 4987/3277/11477 4978/3268/11478 4981/3271/11479 4986/3276/11480
f 4911/3201/11481 4907/3197/11482 4978/3268/11483 4987/3277/11484
f 4931/3221/11485 4988/3278/11486 4920/3210/11487 4925/3215/11488
f 4874/3164/11489 4989/3279/11490 4988/3278/11491 4931/3221/11492
f 4869/3159/11493 4868/3158/11494 4989/3279/11495 4874/3164/11496
f 4989/3279/11497 4990/3280/11498 4991/3281/11499 4988/3278/11500
f 4988/3278/11501 4991/3281/11502 4921/3211/11503 4920/3210/11504
f 4859/3149/11505 4862/3152/11506 4992/3282/11507 4868/3158/11508
f 4868/3158/11509 4992/3282/11510 4990/3280/11511 4989/3279/11512
f 4993/3283/11513 4994/3284/11514 4995/3285/11515 4996/3286/11516
f 4997/3287/11517 4998/3288/11518 4994/3284/11519 4993/3283/11520
f 4999/3289/11521 4993/3283/11522 4996/3286/11523 5000/3290/11524
f 5001/3291/11525 4997/3287/11526 4993/3283/11527 4999/3289/11528
f 5002/3292/11529 4999/3289/11530 5000/3290/11531 5003/3293/11532
f 5004/3294/11533 5001/3291/11534 4999/3289/11535 5002/3292/11536
f 5005/3295/11537 5002/3292/11538 5003/3293/11539 5006/3296/11540
f 5007/3297/11541 5004/3294/11542 5002/3292/11543 5005/3295/11544
f 5008/3298/11545 5009/3299/11546 5010/3300/11547 5011/3301/11548
f 5011/3301/11549 5010/3300/11550 5012/3302/11551 5013/3303/11552
f 5010/3300/11553 5014/3304/11554 5015/3305/11555 5012/3302/11556
f 5013/3303/11557 5012/3302/11558 5015/3305/11559 5016/3306/11560
f 5017/3307/11561 5018/3308/11562 5019/3309/11563 5014/3304/11564
f 5009/3299/11565 5017/3307/11566 5014/3304/11567 5010/3300/11568
f 5020/3310/11569 5017/3307/11570 5009/3299/11571 5008/3298/11572
f 5014/3304/11573 5019/3309/11574 5021/3311/11575 5015/3305/11576
f 5020/3310/11577 5022/3312/11578 5018/3308/11579 5017/3307/11580
f 5015/3305/11581 5021/3311/11582 5023/3313/11583 5016/3306/11584
f 5024/3314/11585 5025/3315/11586 5026/3316/11587 5027/3317/11588
f 4998/3288/11589 5024/3314/11590 5027/3317/11591 4994/3284/11592
f 5027/3317/11593 5026/3316/11594 5028/3318/11595 5029/3319/11596
f 4994/3284/11597 5027/3317/11598 5029/3319/11599 4995/3285/11600
f 5025/3315/11601 5030/3320/11602 5031/3321/11603 5026/3316/11604
f 5026/3316/11605 5031/3321/11606 5032/3322/11607 5028/3318/11608
f 5033/3323/11609 5034/3324/11610 5035/3325/11611 5036/3326/11612
f 5036/3326/11613 5035/3325/11614 5037/3327/11615 5038/3328/11616
f 5031/3321/11617 5036/3326/11618 5038/3328/11619 5032/3322/11620
f 5030/3320/11621 5033/3323/11622 5036/3326/11623 5031/3321/11624
f 5039/3329/11625 5040/3330/11626 5041/3331/11627 5042/3332/11628
f 5043/3333/11629 5044/3334/11630 5045/3335/11631 5046/3336/11632
f 5047/3337/11633 5039/3329/11634 5042/3332/11635 5048/3338/11636
f 5049/3339/11637 5043/3333/11638 5046/3336/11639 5050/3340/11640
f 5051/3341/11641 5047/3337/11642 5048/3338/11643 5052/3342/11644
f 5053/3343/11645 5049/3339/11646 5050/3340/11647 5054/3344/11648
f 5055/3345/11649 5056/3346/11650 5051/3341/11651 5052/3342/11652
f 5053/3343/11653 5054/3344/11654 5057/3347/11655 5058/3348/11656
f 5059/3349/11657 5060/3350/11658 5056/3346/11659 5055/3345/11660
f 5058/3348/11661 5057/3347/11662 5061/3351/11663 5062/3352/11664
f 5063/3353/11665 5064/3354/11666 5060/3350/11667 5059/3349/11668
f 5062/3352/11669 5061/3351/11670 5065/3355/11671 5066/3356/11672
f 5067/3357/11673 5068/3358/11674 5064/3354/11675 5063/3353/11676
f 5066/3356/11677 5065/3355/11678 5069/3359/11679 5070/3360/11680
f 5071/3361/11681 5005/3295/11682 5006/3296/11683 5072/3362/11684
f 5073/3363/11685 5007/3297/11686 5005/3295/11687 5071/3361/11688
f 5074/3364/11689 5075/3365/11690 5068/3358/11691 5067/3357/11692
f 5070/3360/11693 5069/3359/11694 5075/3365/11695 5074/3364/11696
f 5046/3336/11697 5045/3335/11698 5076/3366/11699 5077/3367/11700
f 4995/3285/11701 5029/3319/11702 5078/3368/11703 5079/3369/11704
f 5080/3370/11705 5081/3371/11706 5039/3329/11707 5047/3337/11708
f 5082/3372/11709 5083/3373/11710 5024/3314/11711 4998/3288/11712
f 5050/3340/11713 5046/3336/11714 5077/3367/11715 5084/3374/11716
f 5079/3369/11717 5078/3368/11718 5085/3375/11719 5086/3376/11720
f 5086/3376/11721 5085/3375/11722 5081/3371/11723 5080/3370/11724
f 5087/3377/11725 5088/3378/11726 5083/3373/11727 5082/3372/11728
f 5084/3374/11729 5077/3367/11730 5088/3378/11731 5087/3377/11732
f 5089/3379/11733 5080/3370/11734 5047/3337/11735 5051/3341/11736
f 4996/3286/11737 4995/3285/11738 5079/3369/11739 5090/3380/11740
f 5054/3344/11741 5050/3340/11742 5084/3374/11743 5091/3381/11744
f 5092/3382/11745 5082/3372/11746 4998/3288/11747 4997/3287/11748
f 5093/3383/11749 5086/3376/11750 5080/3370/11751 5089/3379/11752
f 5090/3380/11753 5079/3369/11754 5086/3376/11755 5093/3383/11756
f 5091/3381/11757 5084/3374/11758 5087/3377/11759 5094/3384/11760
f 5094/3384/11761 5087/3377/11762 5082/3372/11763 5092/3382/11764
f 5000/3290/11765 4996/3286/11766 5090/3380/11767 5095/3385/11768
f 5096/3386/11769 5089/3379/11770 5051/3341/11771 5056/3346/11772
f 5097/3387/11773 5092/3382/11774 4997/3287/11775 5001/3291/11776
f 5057/3347/11777 5054/3344/11778 5091/3381/11779 5098/3388/11780
f 5095/3385/11781 5090/3380/11782 5093/3383/11783 5099/3389/11784
f 5099/3389/11785 5093/3383/11786 5089/3379/11787 5096/3386/11788
f 5100/3390/11789 5094/3384/11790 5092/3382/11791 5097/3387/11792
f 5098/3388/11793 5091/3381/11794 5094/3384/11795 5100/3390/11796
f 5003/3293/11797 5000/3290/11798 5095/3385/11799 5101/3391/11800
f 5060/3350/11801 5102/3392/11802 5096/3386/11803 5056/3346/11804
f 5103/3393/11805 5097/3387/11806 5001/3291/11807 5004/3294/11808
f 5057/3347/11809 5098/3388/11810 5104/3394/11811 5061/3351/11812
f 5101/3391/11813 5095/3385/11814 5099/3389/11815 5105/3395/11816
f 5105/3395/11817 5099/3389/11818 5096/3386/11819 5102/3392/11820
f 5106/3396/11821 5100/3390/11822 5097/3387/11823 5103/3393/11824
f 5104/3394/11825 5098/3388/11826 5100/3390/11827 5106/3396/11828
f 5064/3354/11829 5107/3397/11830 5102/3392/11831 5060/3350/11832
f 5068/3358/11833 5108/3398/11834 5107/3397/11835 5064/3354/11836
f 5006/3296/11837 5003/3293/11838 5101/3391/11839 5109/3399/11840
f 5071/3361/11841 5072/3362/11842 5110/3400/11843 5108/3398/11844
f 5075/3365/11845 5071/3361/11846 5108/3398/11847 5068/3358/11848
f 5061/3351/11849 5104/3394/11850 5111/3401/11851 5065/3355/11852
f 5065/3355/11853 5111/3401/11854 5112/3402/11855 5069/3359/11856
f 5113/3403/11857 5103/3393/11858 5004/3294/11859 5007/3297/11860
f 5112/3402/11861 5114/3404/11862 5073/3363/11863 5071/3361/11864
f 5069/3359/11865 5112/3402/11866 5071/3361/11867 5075/3365/11868
f 5108/3398/11869 5110/3400/11870 5115/3405/11871 5107/3397/11872
f 5072/3362/11873 5006/3296/11874 5109/3399/11875 5110/3400/11876
f 5110/3400/11877 5109/3399/11878 5115/3405/11879
f 5115/3405/11880 5105/3395/11881 5102/3392/11882 5107/3397/11883
f 5109/3399/11884 5101/3391/11885 5105/3395/11886 5115/3405/11887
f 5111/3401/11888 5116/3406/11889 5114/3404/11890 5112/3402/11891
f 5114/3404/11892 5113/3403/11893 5007/3297/11894 5073/3363/11895
f 5116/3406/11896 5113/3403/11897 5114/3404/11898
f 5111/3401/11899 5104/3394/11900 5106/3396/11901 5116/3406/11902
f 5116/3406/11903 5106/3396/11904 5103/3393/11905 5113/3403/11906
f 5038/3328/11907 5037/3327/11908 5117/3407/11909 5118/3408/11910
f 5119/3409/11911 5120/3410/11912 5034/3324/11913 5033/3323/11914
f 5032/3322/11915 5038/3328/11916 5118/3408/11917 5121/3411/11918
f 5121/3411/11919 5118/3408/11920 5122/3412/11921
f 5118/3408/11922 5117/3407/11923 5122/3412/11924
f 5123/3413/11925 5119/3409/11926 5033/3323/11927 5030/3320/11928
f 5124/3414/11929 5119/3409/11930 5123/3413/11931
f 5124/3414/11932 5120/3410/11933 5119/3409/11934
f 5028/3318/11935 5032/3322/11936 5121/3411/11937 5125/3415/11938
f 5029/3319/11939 5028/3318/11940 5125/3415/11941 5078/3368/11942
f 5125/3415/11943 5121/3411/11944 5122/3412/11945 5126/3416/11946
f 5127/3417/11947 5123/3413/11948 5030/3320/11949 5025/3315/11950
f 5083/3373/11951 5127/3417/11952 5025/3315/11953 5024/3314/11954
f 5128/3418/11955 5124/3414/11956 5123/3413/11957 5127/3417/11958
f 5078/3368/11959 5125/3415/11960 5129/3419/11961 5085/3375/11962
f 5125/3415/11963 5126/3416/11964 5130/3420/11965 5129/3419/11966
f 5088/3378/11967 5131/3421/11968 5127/3417/11969 5083/3373/11970
f 5131/3421/11971 5132/3422/11972 5128/3418/11973 5127/3417/11974
f 5081/3371/11975 5133/3423/11976 5040/3330/11977 5039/3329/11978
f 5085/3375/11979 5129/3419/11980 5133/3423/11981 5081/3371/11982
f 5077/3367/11983 5076/3366/11984 5131/3421/11985 5088/3378/11986
f 5040/3330/11987 5133/3423/11988 5134/3424/11989
f 5135/3425/11990 5076/3366/11991 5045/3335/11992
f 5134/3424/11993 5136/3426/11994 5041/3331/11995 5040/3330/11996
f 5136/3426/11997 5134/3424/11998 5137/3427/11999
f 5129/3419/12000 5130/3420/12001 5137/3427/12002 5133/3423/12003
f 5134/3424/12004 5133/3423/12005 5137/3427/12006
f 5045/3335/12007 5044/3334/12008 5138/3428/12009 5135/3425/12010
f 5139/3429/12011 5135/3425/12012 5138/3428/12013
f 5076/3366/12014 5139/3429/12015 5132/3422/12016 5131/3421/12017
f 5139/3429/12018 5076/3366/12019 5135/3425/12020
f 5137/3427/12021 5140/3430/12022 5141/3431/12023 5136/3426/12024
f 5138/3428/12025 5142/3432/12026 5143/3433/12027 5139/3429/12028
f 5140/3430/12029 5144/3434/12030 5145/3435/12031 5141/3431/12032
f 5144/3434/12033 5146/3436/12034 5147/3437/12035 5145/3435/12036
f 5122/3412/12037 5144/3434/12038 5130/3420/12039 5126/3416/12040
f 5117/3407/12041 5146/3436/12042 5144/3434/12043 5122/3412/12044
f 5144/3434/12045 5140/3430/12046 5137/3427/12047 5130/3420/12048
f 5142/3432/12049 5148/3438/12050 5149/3439/12051 5143/3433/12052
f 5148/3438/12053 5150/3440/12054 5151/3441/12055 5149/3439/12056
f 5128/3418/12057 5132/3422/12058 5149/3439/12059 5124/3414/12060
f 5124/3414/12061 5149/3439/12062 5151/3441/12063 5120/3410/12064
f 5132/3422/12065 5139/3429/12066 5143/3433/12067 5149/3439/12068
f 5034/3324/12069 5152/3442/12070 5153/3443/12071 5035/3325/12072
f 5035/3325/12073 5153/3443/12074 5154/3444/12075 5037/3327/12076
f 5155/3445/12077 5156/3446/12078 5157/3447/12079 5158/3448/12080
f 5159/3449/12081 5160/3450/12082 5156/3446/12083 5155/3445/12084
f 5153/3443/12085 5155/3451/12086 5158/3452/12087 5154/3444/12088
f 5152/3442/12089 5159/3453/12090 5155/3451/12091 5153/3443/12092
f 5037/3327/12093 5154/3444/12094 5161/3454/12095 5117/3407/12096
f 5157/3447/12097 5162/3455/12098 5163/3456/12099 5158/3448/12100
f 5117/3407/12101 5161/3454/12102 5164/3457/12103 5146/3436/12104
f 5150/3440/12105 5165/3458/12106 5166/3459/12107 5151/3441/12108
f 5146/3436/12109 5164/3457/12110 5167/3460/12111 5147/3437/12112
f 5164/3457/12113 5168/3461/12114 5169/3462/12115 5167/3460/12116
f 5170/3463/12117 5171/3464/12118 5169/3465/12119 5168/3466/12120
f 5165/3458/12121 5172/3467/12122 5173/3468/12123 5166/3459/12124
f 5173/3469/12125 5172/3470/12126 5174/3471/12127 5175/3472/12128
f 5147/3437/12129 5167/3460/12130 5176/3473/12131 5145/3435/12132
f 5148/3438/12133 5177/3474/12134 5165/3458/12135 5150/3440/12136
f 5169/3465/12137 5171/3464/12138 5178/3475/12139 5179/3476/12140
f 5167/3460/12141 5169/3462/12142 5179/3477/12143 5176/3473/12144
f 5180/3478/12145 5181/3479/12146 5174/3471/12147 5172/3470/12148
f 5177/3474/12149 5180/3480/12150 5172/3467/12151 5165/3458/12152
f 5141/3431/12153 5145/3435/12154 5176/3473/12155 5182/3481/12156
f 5183/3482/12157 5177/3474/12158 5148/3438/12159 5142/3432/12160
f 5176/3473/12161 5179/3477/12162 5184/3483/12163 5182/3481/12164
f 5179/3476/12165 5178/3475/12166 5185/3484/12167 5184/3485/12168
f 5183/3482/12169 5186/3486/12170 5180/3480/12171 5177/3474/12172
f 5186/3487/12173 5187/3488/12174 5181/3479/12175 5180/3478/12176
f 5136/3426/12177 5141/3431/12178 5182/3481/12179 5188/3489/12180
f 5189/3490/12181 5190/3491/12182 5138/3428/12183 5044/3334/12184
f 5190/3491/12185 5183/3482/12186 5142/3432/12187 5138/3428/12188
f 5184/3485/12189 5185/3484/12190 5191/3492/12191 5192/3493/12192
f 5182/3481/12193 5184/3483/12194 5192/3494/12195 5188/3489/12196
f 5193/3495/12197 5194/3496/12198 5187/3488/12199 5186/3487/12200
f 5190/3491/12201 5193/3497/12202 5186/3486/12203 5183/3482/12204
f 5041/3331/12205 5136/3426/12206 5188/3489/12207 5195/3498/12208
f 5196/3499/12209 5189/3490/12210 5044/3334/12211 5043/3333/12212
f 5188/3489/12213 5192/3494/12214 5197/3500/12215 5195/3498/12216
f 5192/3493/12217 5191/3492/12218 5198/3501/12219 5197/3502/12220
f 5189/3490/12221 5199/3503/12222 5193/3497/12223 5190/3491/12224
f 5199/3504/12225 5200/3505/12226 5194/3496/12227 5193/3495/12228
f 5042/3332/12229 5041/3331/12230 5195/3498/12231 5201/3506/12232
f 5195/3498/12233 5197/3500/12234 5202/3507/12235 5201/3506/12236
f 5197/3502/12237 5198/3501/12238 5203/3508/12239 5202/3509/12240
f 5196/3499/12241 5204/3510/12242 5199/3503/12243 5189/3490/12244
f 5204/3511/12245 5205/3512/12246 5200/3505/12247 5199/3504/12248
f 5048/3338/12249 5042/3332/12250 5201/3506/12251 5206/3513/12252
f 5203/3508/12253 5207/3514/12254 5208/3515/12255 5202/3509/12256
f 5209/3516/12257 5196/3499/12258 5043/3333/12259 5049/3339/12260
f 5204/3511/12261 5210/3517/12262 5211/3518/12263 5205/3512/12264
f 5206/3513/12265 5201/3506/12266 5202/3507/12267 5208/3519/12268
f 5210/3520/12269 5204/3510/12270 5196/3499/12271 5209/3516/12272
f 5052/3342/12273 5048/3338/12274 5206/3513/12275 5212/3521/12276
f 5213/3522/12277 5209/3516/12278 5049/3339/12279 5053/3343/12280
f 5214/3523/12281 5215/3524/12282 5208/3515/12283 5207/3514/12284
f 5215/3525/12285 5212/3521/12286 5206/3513/12287 5208/3519/12288
f 5211/3518/12289 5210/3517/12290 5216/3526/12291 5217/3527/12292
f 5210/3520/12293 5209/3516/12294 5213/3522/12295 5216/3528/12296
f 5218/3529/12297 5055/3345/12298 5052/3342/12299 5212/3521/12300
f 5213/3522/12301 5053/3343/12302 5058/3348/12303 5219/3530/12304
f 5220/3531/12305 5218/3529/12306 5212/3521/12307 5215/3525/12308
f 5221/3532/12309 5220/3533/12310 5215/3524/12311 5214/3523/12312
f 5216/3528/12313 5213/3522/12314 5219/3530/12315 5222/3534/12316
f 5217/3527/12317 5216/3526/12318 5222/3535/12319 5223/3536/12320
f 5019/3309/12321 5224/3537/12322 5225/3538/12323 5021/3311/12324
f 5023/3313/12325 5226/3539/12326 5221/3532/12327 5227/3540/12328
f 5228/3541/12329 5059/3349/12330 5055/3345/12331 5218/3529/12332
f 5229/3542/12333 5223/3536/12334 5230/3543/12335 5022/3312/12336
f 5219/3530/12337 5058/3348/12338 5062/3352/12339 5231/3544/12340
f 5232/3545/12341 5228/3541/12342 5218/3529/12343 5220/3531/12344
f 5226/3539/12345 5232/3546/12346 5220/3533/12347 5221/3532/12348
f 5222/3534/12349 5219/3530/12350 5231/3544/12351 5233/3547/12352
f 5223/3536/12353 5222/3535/12354 5233/3548/12355 5230/3543/12356
f 5021/3311/12357 5225/3538/12358 5226/3539/12359 5023/3313/12360
f 5234/3549/12361 5063/3353/12362 5059/3349/12363 5228/3541/12364
f 5022/3312/12365 5230/3543/12366 5235/3550/12367 5018/3308/12368
f 5018/3308/12369 5235/3550/12370 5224/3537/12371 5019/3309/12372
f 5231/3544/12373 5062/3352/12374 5066/3356/12375 5236/3551/12376
f 5237/3552/12377 5234/3549/12378 5228/3541/12379 5232/3545/12380
f 5225/3538/12381 5237/3553/12382 5232/3546/12383 5226/3539/12384
f 5233/3547/12385 5231/3544/12386 5236/3551/12387 5238/3554/12388
f 5230/3543/12389 5233/3548/12390 5238/3555/12391 5235/3550/12392
f 5239/3556/12393 5067/3357/12394 5063/3353/12395 5234/3549/12396
f 5235/3550/12397 5240/3557/12398 5241/3558/12399 5224/3537/12400
f 5236/3551/12401 5066/3356/12402 5070/3360/12403 5242/3559/12404
f 5243/3560/12405 5244/3561/12406 5237/3553/12407 5225/3538/12408
f 5244/3562/12409 5239/3556/12410 5234/3549/12411 5237/3552/12412
f 5235/3550/12413 5238/3555/12414 5245/3563/12415 5240/3557/12416
f 5238/3554/12417 5236/3551/12418 5242/3559/12419 5245/3564/12420
f 5224/3537/12421 5241/3558/12422 5243/3560/12423 5225/3538/12424
f 5246/3565/12425 5074/3364/12426 5067/3357/12427 5239/3556/12428
f 5242/3559/12429 5070/3360/12430 5074/3364/12431 5246/3565/12432
f 5241/3558/12433 5247/3566/12434 5244/3561/12435 5243/3560/12436
f 5240/3557/12437 5245/3563/12438 5247/3566/12439 5241/3558/12440
f 5247/3567/12441 5246/3565/12442 5239/3556/12443 5244/3562/12444
f 5245/3564/12445 5242/3559/12446 5246/3565/12447 5247/3567/12448
f 5120/3410/12449 5248/3568/12450 5152/3442/12451 5034/3324/12452
f 5151/3441/12453 5166/3459/12454 5248/3568/12455 5120/3410/12456
f 5154/3444/12457 5158/3452/12458 5163/3569/12459 5161/3454/12460
f 5163/3569/12461 5168/3461/12462 5164/3457/12463 5161/3454/12464
f 5162/3455/12465 5170/3463/12466 5168/3466/12467 5163/3456/12468
f 5248/3568/12469 5249/3570/12470 5159/3453/12471 5152/3442/12472
f 5159/3449/12473 5249/3571/12474 5250/3572/12475 5160/3450/12476
f 5248/3568/12477 5166/3459/12478 5173/3468/12479 5249/3570/12480
f 5249/3571/12481 5173/3469/12482 5175/3472/12483 5250/3572/12484
