# This file uses centimeters as units for non-parametric coordinates.

mtllib RetopoMajesticFishDoneNormals.mtl
g default
v 0.000000 -0.569000 -0.810000
v 0.000000 -0.717841 -0.659618
v 0.000000 -0.879425 -0.370106
v 0.000000 -0.988708 -0.132057
v 0.000000 -0.981680 0.159892
v 0.000000 -0.848557 0.500586
v -0.000857 -0.718282 0.679098
v 0.000000 -0.043359 1.256523
v 0.000000 0.075808 1.449875
v -0.001297 0.031210 1.690885
v 0.000000 -0.082948 1.950102
v 0.002941 -0.183409 2.216620
v 0.000000 -0.268038 2.427682
v 0.012934 -0.245700 2.632560
v 0.005703 -0.188617 2.950960
v 0.000000 -0.055231 3.197385
v 0.000536 0.050768 3.348802
v 0.000000 0.176882 3.396488
v 0.000000 0.429279 3.351637
v 0.000000 0.549735 3.353055
v 0.000000 0.632426 3.455578
v -0.005373 0.729187 3.529292
v -0.005670 0.904608 3.696684
v 0.000000 1.060269 3.737360
v 0.001898 1.284778 3.732336
v 0.000000 1.489515 3.712159
v 0.000000 1.685450 3.658527
v -0.005666 1.794611 3.631945
v 0.000000 2.207739 3.750332
v 0.000000 2.427977 3.761878
v 0.000000 2.581956 3.692350
v 0.000000 2.802477 3.454045
v 0.000000 2.786062 3.167122
v 0.000000 2.849117 2.627407
v -0.006334 2.767251 2.312601
v 0.000000 2.654290 2.172975
v 0.000000 2.581048 2.006675
v 0.000000 2.612491 1.613113
v 0.000000 2.719221 1.216537
v 0.000000 2.674341 0.747784
v 0.000000 2.256050 0.511053
v 0.000000 1.859023 0.487707
v 0.000000 1.520219 0.361749
v 0.000000 1.347122 0.243397
v 0.000000 1.069518 -0.012866
v 0.000000 0.902996 -0.423032
v 0.000000 0.608624 -0.790348
v 0.000000 0.281863 -0.950174
v 0.000000 -0.079494 -0.984124
v 0.000000 -0.351337 -0.909038
v 0.196378 -0.289495 -0.854326
v -0.196378 -0.289495 -0.854326
v 0.190265 -0.536105 -0.736932
v -0.190265 -0.536105 -0.736932
v 0.171829 -0.710675 -0.634361
v -0.171829 -0.710674 -0.634360
v 0.120102 -0.869379 -0.480693
v -0.120102 -0.869379 -0.480693
v 0.109802 -0.965660 -0.155040
v -0.109802 -0.965660 -0.155040
v 0.126747 -0.953287 0.117901
v -0.126746 -0.953286 0.117901
v 0.172337 -0.828086 0.457310
v -0.172336 -0.828085 0.457310
v 0.176183 -0.535763 0.775588
v -0.176183 -0.535763 0.775587
v 0.165180 -0.079043 1.096785
v -0.165181 -0.079044 1.096786
v 0.079737 0.181192 1.404852
v -0.079736 0.181192 1.404851
v -0.038250 0.207650 1.511135
v 0.038250 0.207650 1.511135
v -0.038346 0.503315 1.726792
v 0.038345 0.503315 1.726792
v -0.041772 0.787379 1.910260
v 0.041772 0.787379 1.910260
v -0.037376 1.274954 2.131485
v 0.037376 1.274954 2.131483
v -0.070701 1.384056 2.046256
v 0.070701 1.384056 2.046256
v -0.054040 1.472748 1.762938
v 0.054040 1.472747 1.762938
v -0.053859 1.436124 1.462910
v 0.053859 1.436123 1.462910
v -0.075121 1.367518 1.148203
v 0.075121 1.367518 1.148203
v -0.099099 1.286672 0.804290
v 0.099099 1.286672 0.804290
v -0.096114 1.189975 0.513743
v 0.096114 1.189975 0.513743
v -0.090694 1.095117 0.243901
v 0.090694 1.095117 0.243901
v -0.050903 1.412082 0.588657
v 0.050904 1.412082 0.588657
v -0.051466 1.459186 0.842844
v 0.051465 1.459186 0.842844
v -0.036919 1.541050 1.081812
v 0.036919 1.541050 1.081812
v -0.039912 2.101056 1.087417
v 0.039913 2.101056 1.087417
v -0.037187 2.235045 1.267723
v 0.037187 2.235045 1.267723
v -0.036648 2.050434 0.690268
v 0.036648 2.050434 0.690268
v -0.037752 1.739706 0.634339
v 0.037752 1.739706 0.634339
v -0.021920 1.458224 3.533301
v -0.025829 1.774589 3.431124
v -0.027948 2.318050 3.550710
v -0.030278 2.463652 3.478836
v -0.034240 2.560710 3.348225
v -0.035833 2.556650 3.155134
v -0.034261 2.593965 2.708385
v -0.034829 2.560819 2.417499
v -0.034323 2.381566 2.195588
v -0.031109 2.265882 1.999064
v -0.028484 2.286136 1.598500
v 0.028735 2.309608 1.577046
v 0.029741 2.362105 1.982666
v 0.033553 2.425993 2.201868
v 0.034177 2.599708 2.378336
v 0.033839 2.640980 2.698030
v 0.035971 2.535712 3.145617
v 0.031510 2.347950 3.347208
v 0.028297 2.206002 3.488722
v 0.027222 2.016789 3.485586
v 0.024983 1.683635 3.433203
v 0.023806 1.580246 3.450113
v 0.022904 1.436487 3.466363
v -0.023243 1.604410 3.495263
v 0.040014 1.547149 2.074521
v 0.039668 1.696655 2.128831
v 0.039346 1.612721 1.790823
v 0.031206 1.576757 1.444924
v 0.029445 2.005453 1.441411
v 0.032385 2.141354 1.944496
v 0.037280 1.988362 2.509255
v 0.036113 2.171392 2.560633
v 0.035304 2.382958 2.643275
v -0.031599 1.677843 1.482127
v -0.039595 1.679056 1.815188
v -0.041206 1.574647 2.170496
v -0.033364 1.419052 2.226457
v -0.037438 1.952053 2.318003
v -0.035832 2.292736 2.711840
v -0.032252 1.975274 1.900712
v -0.028261 1.997117 1.574209
v -0.031631 1.960639 1.297886
v -0.023908 1.089657 3.528051
v -0.022648 0.928668 3.479562
v -0.023472 0.813018 3.363246
v -0.024300 0.631582 3.198650
v -0.024631 0.560897 3.137842
v -0.019524 0.420613 3.220728
v -0.020250 0.208133 3.227973
v -0.020267 0.096291 3.189620
v -0.021539 0.000950 3.081029
v -0.022635 -0.089966 2.735833
v -0.022962 -0.151039 2.518031
v -0.025459 -0.125730 2.387060
v -0.039331 0.032036 1.976856
v -0.035995 0.151142 1.714755
v -0.036353 0.428016 1.946425
v -0.035771 0.333954 2.134869
v -0.029552 0.146782 2.409137
v -0.028644 0.128180 2.536006
v -0.028097 0.131571 2.690013
v -0.026831 0.187716 2.907890
v -0.025895 0.239813 3.022812
v -0.025143 0.352099 3.058782
v -0.025136 0.496275 3.054808
v -0.025658 0.678809 2.991186
v -0.025414 0.789601 3.058506
v -0.025631 0.902999 3.043183
v -0.025400 1.034914 3.054585
v -0.025826 1.156439 2.905980
v -0.026552 0.755537 2.646862
v -0.026796 0.538553 2.710379
v -0.026747 0.377068 2.755054
v -0.028120 0.323275 2.488236
v -0.027473 0.339130 2.616257
v -0.029398 0.616859 2.105229
v -0.028986 0.473460 2.318268
v -0.027975 0.437523 2.469490
v -0.027298 0.445878 2.608875
v -0.027639 0.573859 2.416664
v -0.027922 0.769631 2.337392
v -0.046879 1.129605 2.071780
v -0.027241 1.010118 2.496650
v -0.022880 1.274984 3.501124
v 0.023575 1.249028 3.451913
v 0.024229 1.056317 3.439612
v 0.024845 0.866611 3.235880
v 0.025140 0.745663 3.115889
v 0.025561 0.630027 3.023560
v 0.025863 0.534081 2.947677
v 0.026008 0.413876 2.906417
v 0.026657 0.198470 2.929507
v 0.027538 0.081806 2.846477
v 0.024853 -0.057331 2.803109
v 0.022063 -0.115776 2.647537
v 0.022993 -0.166900 2.416075
v 0.027315 -0.099926 2.246447
v 0.021157 -0.169677 2.547017
v 0.038126 -0.006869 1.973621
v 0.037553 0.116420 1.756126
v 0.036003 0.389267 1.835425
v 0.029001 0.700569 2.063374
v 0.037374 0.301520 2.117068
v 0.030415 0.210843 2.362338
v 0.027273 -0.046476 2.475026
v 0.028399 0.085003 2.599300
v 0.028197 0.212429 2.607117
v 0.028554 0.587787 2.292518
v 0.027747 0.489449 2.482971
v 0.027105 0.475669 2.648288
v 0.026469 0.620664 2.725822
v 0.026157 0.735323 2.811885
v 0.025696 0.782877 2.966360
v 0.025559 0.891984 3.072366
v 0.025136 1.073158 3.106129
v 0.026136 1.205278 2.865543
v 0.031003 1.216821 2.269912
v 0.027358 0.964228 2.429323
v 0.026049 1.017772 2.810745
v 0.026553 0.883021 2.665262
v 0.026595 0.776955 2.652133
v 0.026806 0.650062 2.589345
v 0.026936 0.867280 2.553975
v 0.026987 0.735991 2.509269
v -0.150765 1.229557 1.927688
v 0.150765 1.229557 1.927688
v -0.174062 1.303746 1.773511
v 0.174062 1.303746 1.773511
v -0.164421 1.336737 1.596679
v 0.164421 1.336737 1.596679
v -0.168760 1.313137 1.376927
v 0.168761 1.313138 1.376927
v -0.198389 1.253509 1.127287
v 0.198389 1.253509 1.127287
v -0.219940 1.177185 0.860098
v 0.219940 1.177185 0.860098
v -0.208532 1.076713 0.588373
v 0.208532 1.076713 0.588373
v -0.169616 0.966882 0.238716
v 0.169616 0.966882 0.238716
v -0.109446 1.008067 -0.010044
v 0.109446 1.008066 -0.010044
v -0.120991 0.859254 -0.393967
v 0.120991 0.859254 -0.393967
v -0.160010 0.583523 -0.724495
v 0.160010 0.583523 -0.724495
v -0.174258 0.275806 -0.874006
v 0.174258 0.275806 -0.874006
v -0.167216 0.015788 -0.925590
v 0.167216 0.015789 -0.925590
v -0.139020 1.077611 1.927629
v -0.120433 0.862319 1.858130
v 0.118942 0.858896 1.858210
v -0.115571 0.623069 1.703262
v 0.115571 0.623069 1.703262
v -0.100306 0.354167 1.514004
v 0.100306 0.354167 1.514004
v -0.189331 0.319768 1.303250
v 0.189331 0.319768 1.303250
v -0.227000 0.114343 1.064647
v 0.227002 0.114343 1.064647
v -0.266787 -0.185754 0.649108
v 0.266787 -0.185754 0.649108
v -0.269413 -0.325903 0.829024
v -0.213498 -0.123166 0.928897
v -0.331268 -0.523227 0.842019
v 0.331268 -0.523227 0.842019
v -0.275590 -0.621940 0.596468
v 0.275590 -0.621940 0.596468
v -0.273675 -0.569284 0.744957
v 0.273675 -0.569284 0.744957
v -0.363234 -0.382454 0.790555
v 0.363233 -0.382454 0.790554
v -0.328271 -0.310278 0.740044
v 0.328271 -0.310278 0.740044
v -0.348376 -0.293527 0.628829
v 0.348377 -0.293526 0.628829
v -0.438825 -0.340230 0.712874
v 0.438825 -0.340230 0.712874
v -0.459718 -0.356585 0.631109
v 0.459718 -0.356585 0.631109
v -0.292658 -0.251962 0.473011
v 0.292657 -0.251963 0.473011
v -0.394073 -0.392760 0.463088
v 0.394073 -0.392760 0.463088
v -0.296141 -0.666365 0.395440
v 0.296140 -0.666365 0.395440
v -0.366102 -0.550664 0.399185
v 0.366102 -0.550664 0.399185
v -0.321576 -0.815391 0.148307
v 0.321576 -0.815391 0.148307
v -0.405149 -0.565497 0.211928
v 0.405149 -0.565497 0.211928
v -0.337756 -0.364253 0.328789
v 0.337756 -0.364253 0.328789
v -0.296273 -0.203484 0.293853
v 0.296272 -0.203485 0.293853
v -0.462269 -0.489956 0.519726
v 0.462269 -0.489956 0.519726
v -0.409683 -0.565452 0.519172
v 0.409683 -0.565453 0.519172
v -0.487836 -0.647363 0.799018
v 0.487836 -0.647363 0.799018
v -0.612869 -0.644229 1.120453
v 0.612869 -0.644228 1.120453
v -0.823838 -0.469874 1.543457
v 0.823838 -0.469874 1.543457
v -1.148991 -0.151925 2.020860
v 1.146589 -0.153564 2.022921
v -1.302613 -0.036450 2.251776
v -0.573467 -0.614719 0.738947
v 0.573467 -0.614721 0.738947
v -0.734735 -0.593533 1.045380
v 0.734735 -0.593533 1.045380
v -0.929438 -0.374007 1.468971
v 0.929438 -0.374007 1.468971
v -1.186429 -0.104564 1.921477
v 1.186429 -0.104564 1.921477
v -1.332986 0.012579 2.190624
v -1.341789 0.023949 2.283202
v -0.589468 -0.357598 0.770558
v 0.589468 -0.357598 0.770558
v -0.730560 -0.320678 1.031934
v 0.730560 -0.320678 1.031934
v -0.848094 -0.223759 1.320110
v 0.848094 -0.223759 1.320110
v -1.156298 -0.034938 1.820136
v 1.156298 -0.034938 1.820136
v -1.308744 0.045439 2.171951
v -0.654828 -0.474280 0.748501
v 0.654828 -0.474280 0.748501
v -0.802349 -0.434825 1.053144
v 0.802349 -0.434825 1.053144
v -0.927564 -0.282755 1.342278
v 0.927564 -0.282755 1.342278
v -1.193040 -0.047057 1.852781
v 1.193040 -0.047057 1.852781
v -1.326933 0.031159 2.168385
v -0.530156 -0.330472 0.877786
v 0.530156 -0.330472 0.877786
v -0.626428 -0.295609 1.116373
v 0.626428 -0.295609 1.116373
v -0.739324 -0.250072 1.402204
v 0.739324 -0.250072 1.402204
v -0.987105 -0.122320 1.794743
v 0.987105 -0.122320 1.794743
v -1.233418 0.000026 2.169249
v 1.233418 0.000026 2.169249
v -0.425648 -0.408581 0.900114
v 0.425648 -0.408581 0.900114
v -0.547286 -0.354106 1.171861
v 0.547287 -0.354106 1.171861
v -0.670581 -0.319785 1.424838
v 0.670581 -0.319785 1.424838
v -0.887211 -0.232637 1.751468
v 0.887211 -0.232637 1.751468
v -1.191876 -0.054342 2.170360
v 1.191876 -0.054342 2.170360
v -0.441872 -0.536058 1.101514
v 0.441872 -0.536058 1.101514
v -0.551361 -0.509151 1.305751
v 0.551362 -0.509151 1.305751
v -0.696163 -0.448981 1.524009
v 0.696163 -0.448981 1.524009
v -0.883636 -0.324562 1.778654
v 0.883636 -0.324562 1.778654
v -1.191298 -0.089550 2.191169
v 1.191298 -0.089550 2.191169
v -0.424573 -0.626398 0.932230
v 0.424573 -0.626398 0.932230
v -0.519594 -0.618503 1.148094
v 0.519594 -0.618503 1.148094
v -0.610993 -0.572397 1.317483
v 0.610993 -0.572397 1.317483
v -0.745033 -0.485087 1.526292
v 0.745033 -0.485086 1.526292
v -0.932220 -0.331917 1.779169
v 0.932220 -0.331917 1.779169
v -1.298573 -0.027876 2.276118
v -1.292894 -0.017071 2.274930
v -1.291342 0.012556 2.254509
v -1.349743 0.021745 2.253915
v -1.341653 0.001552 2.271623
v -1.338767 0.000024 2.279879
v -1.331655 -0.000065 2.285181
v -1.319785 0.019460 2.280083
v -1.333929 0.040598 2.259860
v -1.345388 0.035191 2.258354
v -0.726127 -0.575018 1.330151
v 0.726127 -0.575018 1.330151
v -0.844898 -0.477088 1.296154
v 0.844899 -0.477089 1.296154
v -1.003428 -0.218967 1.487179
v 1.003428 -0.218967 1.487178
v -0.787146 -0.387245 1.652735
v 0.787146 -0.387245 1.652735
v -0.963103 -0.157540 1.494708
v 0.963103 -0.157540 1.494708
v -0.887579 -0.170796 1.623277
v 0.887579 -0.170796 1.623277
v -0.776754 -0.278171 1.584718
v 0.776754 -0.278172 1.584718
v -1.040726 -0.139517 1.965191
v 1.040726 -0.139517 1.965191
v -1.043711 -0.200567 1.985300
v 1.043711 -0.200567 1.985300
v -1.057822 -0.222452 1.927920
v 1.057822 -0.222452 1.927920
v -1.081920 -0.209640 1.914167
v 1.081920 -0.209640 1.914167
v -1.146750 -0.148463 1.866802
v 1.146750 -0.148463 1.866802
v -0.974518 -0.316050 1.755975
v 0.974518 -0.316049 1.755975
v -1.053219 -0.254287 1.702637
v 1.053219 -0.254287 1.702637
v -1.111597 -0.123769 1.690284
v 1.111597 -0.123769 1.690284
v -1.086689 -0.082473 1.690038
v 1.086688 -0.082473 1.690038
v -1.159617 -0.084095 1.776945
v 1.159617 -0.084095 1.776945
v -1.107890 -0.063373 1.737120
v 1.107890 -0.063373 1.737120
v -0.954072 -0.133945 1.727933
v 0.954072 -0.133945 1.727933
v -0.924177 -0.149942 1.679093
v 0.924177 -0.149941 1.679093
v -0.834863 -0.250120 1.665976
v 0.834863 -0.250120 1.665976
v -0.863109 -0.239785 1.709903
v 0.863108 -0.239784 1.709903
v -0.824443 -0.298525 1.704064
v 0.824443 -0.298525 1.704064
v -0.855535 -0.280154 1.742863
v 0.855535 -0.280154 1.742863
v -1.101062 -0.065440 1.971962
v 1.101063 -0.065441 1.971962
v -1.242591 0.017956 2.006025
v 1.242592 0.017957 2.006025
v -1.263115 0.005556 2.010279
v 1.261392 0.005593 2.007238
v -1.243872 -0.057791 2.041802
v 1.243872 -0.057791 2.041802
v -1.209140 -0.102733 2.119061
v 1.209140 -0.102732 2.119061
v -1.241817 -0.064557 2.237476
v 1.241817 -0.064557 2.237476
v -1.244116 -0.029241 2.228864
v 1.244116 -0.029241 2.228864
v -1.271894 0.012547 2.223944
v 0.138358 1.026940 1.908547
v 0.050415 0.994815 2.014751
v 0.027772 0.942622 2.153526
v 0.028085 0.900425 2.279312
v 0.256054 -0.345736 0.843400
v 0.208776 -0.149539 0.935415
v 0.272001 -0.262306 0.766984
v 0.230875 -0.136299 0.866683
v 0.241613 -0.050562 0.839162
v 0.223619 -0.033582 0.972873
v 1.340851 0.014383 2.284911
v 1.348691 0.028893 2.269735
v 1.327887 0.039456 2.259903
v 1.334077 0.041335 2.217389
v 1.333279 0.027283 2.281001
v 1.344661 0.005609 2.270024
v 1.348468 0.018347 2.249286
v 1.296156 -0.040077 2.228633
v 1.279070 -0.050462 2.178759
v 1.290774 -0.028972 2.119183
v 1.309031 0.025288 2.119343
v 1.287211 0.041533 2.125893
v 1.259189 0.034148 2.128334
v 1.272850 0.024001 2.205906
v 1.328162 0.037356 2.177548
v 1.314182 0.045740 2.184715
v 1.292780 0.031167 2.225818
v 1.270848 -0.009328 2.247002
v 1.298284 0.011402 2.265379
v 1.311077 -0.009289 2.283374
v 1.329159 -0.013485 2.260172
v 1.315169 -0.026056 2.247375
v 1.288028 -0.033151 2.272228
v 1.258029 -0.066670 2.158588
v 1.282724 -0.050141 2.241825
v 1.307843 -0.031464 2.268538
v 1.325293 -0.015220 2.275691
v 1.340235 0.003106 2.281988
v 1.334291 0.003330 2.215949
v 1.337225 0.028034 2.198547
v 1.312647 -0.013593 2.169579
v 1.297705 -0.032441 2.179943
v 1.271705 -0.041199 2.089408
v 1.292451 -0.010012 2.081694
v 1.218473 0.020472 2.045124
v 1.171849 -0.021457 2.064309
v 1.124109 -0.087577 2.077615
v 1.122376 -0.139322 2.092014
v 0.447608 -0.505315 0.121843
v -0.447608 -0.505315 0.121843
v 0.457987 -0.644693 0.029518
v -0.457987 -0.644693 0.029518
v 0.437397 -0.678864 0.095187
v -0.437397 -0.678864 0.095187
v 0.429271 -0.761935 -0.034525
v -0.429270 -0.761935 -0.034525
v 0.411017 -0.809637 -0.231499
v -0.411017 -0.809637 -0.231499
v 0.336121 -0.805381 -0.343463
v -0.336121 -0.805382 -0.343463
v 0.303358 -0.719118 -0.400654
v -0.303358 -0.719118 -0.400654
v 0.341229 -0.677279 -0.300276
v -0.341229 -0.677279 -0.300276
v 0.409984 -0.732079 -0.236453
v -0.409983 -0.732079 -0.236453
v 0.415487 -0.725064 -0.189465
v -0.415487 -0.725064 -0.189465
v 0.433237 -0.715700 -0.089659
v -0.433237 -0.715700 -0.089659
v 0.340231 -0.667490 -0.216231
v -0.340231 -0.667490 -0.216231
v 0.346095 -0.653352 -0.126429
v -0.346095 -0.653353 -0.126429
v 0.367842 -0.588172 -0.027174
v -0.367842 -0.588172 -0.027174
v 0.385368 -0.488093 0.030777
v -0.385368 -0.488093 0.030777
v 0.357814 -0.817799 0.049354
v -0.357814 -0.817799 0.049354
v 0.251399 -0.940589 -0.057693
v -0.251399 -0.940589 -0.057693
v 0.337363 -0.871933 -0.111757
v -0.337364 -0.871933 -0.111757
v 0.326073 -0.879714 -0.221819
v -0.326073 -0.879714 -0.221819
v 0.249807 -0.829871 -0.406193
v -0.249807 -0.829871 -0.406193
v 0.257398 -0.738134 -0.474180
v -0.257398 -0.738134 -0.474180
v 0.278935 -0.595159 -0.466165
v -0.278935 -0.595159 -0.466165
v 0.393625 -0.357899 -0.003571
v -0.393625 -0.357898 -0.003571
v 0.361396 -0.195941 -0.107246
v -0.361396 -0.195941 -0.107246
v 0.301391 -0.181018 -0.269983
v -0.301391 -0.181018 -0.269983
v 0.283475 -0.257414 -0.435988
v -0.283475 -0.257414 -0.435988
v 0.275622 -0.428232 -0.492635
v -0.275622 -0.428232 -0.492635
v 0.299839 -0.569490 -0.376146
v -0.299839 -0.569490 -0.376146
v 0.307385 -0.575188 -0.279398
v -0.307385 -0.575188 -0.279398
v 0.324883 -0.562417 -0.171540
v -0.324883 -0.562417 -0.171540
v 0.329788 -0.505248 -0.051752
v -0.329788 -0.505248 -0.051752
v 0.327981 -0.374110 -0.120555
v -0.327982 -0.374110 -0.120555
v 0.327353 -0.378364 -0.250508
v -0.327353 -0.378364 -0.250508
v 0.322608 -0.262081 -0.209073
v -0.322608 -0.262081 -0.209073
v 0.320503 -0.312492 -0.317056
v -0.320503 -0.312492 -0.317056
v 0.312941 -0.459375 -0.368164
v -0.312940 -0.459375 -0.368164
v 0.445753 -0.341215 0.061560
v -0.445753 -0.341215 0.061560
v 0.424214 -0.187926 -0.003875
v -0.424213 -0.187926 -0.003874
v 0.416005 -0.183243 0.094064
v -0.416005 -0.183243 0.094064
v 0.455778 -0.323957 0.116202
v -0.455778 -0.323957 0.116202
v 0.437388 -0.463230 0.158504
v -0.437389 -0.463230 0.158504
v 0.417844 -0.482145 0.197522
v -0.417842 -0.482145 0.197522
v 0.373610 -0.375701 0.259861
v -0.373610 -0.375701 0.259861
v 0.420195 -0.339115 0.192228
v -0.420194 -0.339115 0.192227
v 0.363250 -0.180241 0.155089
v -0.363250 -0.180241 0.155089
v 0.337804 -0.293624 0.257004
v -0.337804 -0.293624 0.257004
v -0.205414 -0.943141 -0.248661
v 0.205413 -0.943139 -0.248661
v 0.247776 -0.614369 -0.579512
v -0.247776 -0.614369 -0.579512
v 0.263340 -0.424169 -0.642426
v -0.263340 -0.424169 -0.642426
v 0.272242 -0.257609 -0.668137
v -0.272242 -0.257609 -0.668137
v 0.252599 -0.092877 -0.811246
v -0.252599 -0.092877 -0.811246
v 0.245365 0.133243 -0.771846
v -0.245364 0.133244 -0.771846
v 0.242785 0.306813 -0.708681
v -0.242785 0.306813 -0.708681
v 0.214582 0.514246 -0.591685
v -0.214582 0.514246 -0.591685
v 0.187315 0.673897 -0.477393
v -0.187315 0.673897 -0.477393
v -0.439424 -0.024932 -0.012493
v 0.439424 -0.024932 -0.012493
v -0.383997 -0.050201 -0.166292
v 0.383997 -0.050201 -0.166292
v -0.333981 -0.028483 -0.257899
v 0.333981 -0.028483 -0.257899
v -0.297509 -0.095135 -0.407916
v 0.297509 -0.095135 -0.407916
v -0.273241 -0.046224 -0.625456
v 0.273240 -0.046224 -0.625456
v -0.267720 0.128967 -0.601338
v 0.267719 0.128967 -0.601338
v -0.267101 0.291431 -0.381494
v 0.267101 0.291431 -0.381494
v -0.244814 0.429555 -0.339017
v 0.244814 0.429555 -0.339017
v -0.229885 0.543809 -0.266934
v 0.229885 0.543809 -0.266934
v -0.283514 0.098837 -0.393329
v 0.283514 0.098837 -0.393329
v -0.357808 0.373326 -0.389832
v 0.357808 0.373326 -0.389832
v -0.337701 0.466142 -0.403823
v 0.337701 0.466142 -0.403823
v -0.378618 0.216989 -0.361257
v 0.378618 0.216989 -0.361257
v -0.479634 0.120288 -0.277321
v 0.479634 0.120288 -0.277321
v -0.547730 0.099969 -0.161458
v 0.547730 0.099969 -0.161458
v -0.266506 0.624329 0.037569
v 0.266505 0.624328 0.037568
v -0.235542 0.613085 -0.147160
v 0.235542 0.613085 -0.147160
v -0.317101 0.581010 -0.372178
v 0.317101 0.581010 -0.372178
v -0.322774 0.639312 -0.237544
v 0.322774 0.639312 -0.237544
v -0.363062 0.635285 0.019466
v 0.363062 0.635285 0.019466
v -0.295565 0.517791 0.215514
v 0.295565 0.517791 0.215514
v -0.304232 0.116700 0.292369
v 0.304232 0.116700 0.292369
v -0.392458 0.490608 0.192589
v 0.392458 0.490608 0.192589
v -0.393577 0.139882 0.263557
v 0.393577 0.139882 0.263557
v -0.405889 0.026841 0.243495
v 0.405889 0.026841 0.243495
v -0.296987 -0.032484 0.230246
v 0.296986 -0.032484 0.230246
v -0.442490 -0.012114 0.186970
v 0.442490 -0.012114 0.186970
v -0.332895 -0.062232 0.131194
v 0.332896 -0.062232 0.131194
v -0.300940 -0.108001 0.196709
v 0.300939 -0.108001 0.196709
v -0.535268 0.072639 0.022221
v 0.535268 0.072639 0.022221
v -0.602998 -0.007462 0.298904
v 0.602998 -0.007462 0.298904
v -0.554068 0.011828 0.365898
v 0.554068 0.011828 0.365898
v -0.646806 -0.008757 0.576084
v 0.646806 -0.008757 0.576084
v -0.611552 -0.049801 0.794097
v 0.611552 -0.049801 0.794097
v -0.604635 -0.049129 0.997275
v 0.604635 -0.049129 0.997275
v -0.710041 0.083148 1.183895
v 0.710041 0.083148 1.183895
v -0.748840 0.271331 1.345785
v 0.748840 0.271331 1.345785
v -0.693907 0.501696 1.691243
v 0.693907 0.501696 1.691243
v -0.697090 0.724310 1.900179
v 0.697090 0.724310 1.900179
v -0.814918 0.989349 1.879560
v 0.814918 0.989349 1.879560
v -0.884140 1.220782 1.767244
v 0.884140 1.220782 1.767244
v -0.851934 1.352729 1.834367
v 0.851934 1.352729 1.834368
v -0.838359 1.594450 1.768358
v 0.838359 1.594450 1.768358
v -0.883408 1.770729 1.704915
v 0.883408 1.770729 1.704915
v -1.042048 1.926385 1.550529
v 1.042048 1.926385 1.550529
v -1.405438 2.035062 1.309032
v 1.405438 2.035062 1.309032
v -1.483944 1.969489 1.034818
v 1.483944 1.969489 1.034818
v -1.640090 1.835131 0.744900
v 1.640090 1.835131 0.744900
v -1.644789 1.833865 0.529180
v 1.644789 1.833865 0.529180
v -1.713298 1.998003 0.318070
v 1.713298 1.998003 0.318070
v -1.686365 2.106575 0.167957
v 1.686365 2.106575 0.167957
v -1.511513 2.007883 0.088585
v 1.511513 2.007883 0.088584
v -1.330460 1.861773 0.068690
v 1.330460 1.861773 0.068690
v -1.116121 1.678471 0.061418
v 1.116121 1.678471 0.061418
v -0.939596 1.505930 0.032864
v 0.939595 1.505931 0.032865
v -0.926999 1.648653 0.067413
v 0.926999 1.648653 0.067413
v -1.105119 1.849983 0.121104
v 1.105119 1.849983 0.121104
v -1.310913 2.075473 0.134265
v 1.310913 2.075473 0.134265
v -1.444610 2.303118 0.114866
v 1.444610 2.303118 0.114867
v -1.444571 2.413533 0.055381
v 1.444571 2.413533 0.055381
v -1.345223 2.485455 -0.085815
v 1.345223 2.485455 -0.085815
v -1.330401 2.567178 -0.280058
v 1.330401 2.567178 -0.280058
v -1.165052 2.533637 -0.392592
v 1.165052 2.533637 -0.392592
v -0.945236 2.376896 -0.403016
v 0.945236 2.376896 -0.403016
v -0.754516 2.268554 -0.394612
v 0.754517 2.268553 -0.394612
v -0.493630 2.154802 -0.581398
v 0.493630 2.154802 -0.581398
v -0.511471 1.955184 -0.739489
v 0.511471 1.955184 -0.739489
v -0.541843 1.670050 -0.750158
v 0.541843 1.670050 -0.750158
v -0.521887 1.367881 -0.826705
v 0.521888 1.367881 -0.826705
v -0.484736 1.001893 -0.749428
v 0.484736 1.001893 -0.749428
v -0.412246 0.687587 -0.563890
v 0.412246 0.687587 -0.563890
v -1.304838 2.245049 0.015589
v 1.304838 2.245049 0.015589
v -1.285166 2.312828 -0.041607
v 1.285166 2.312828 -0.041607
v -1.171793 2.368153 -0.214977
v 1.171793 2.368153 -0.214977
v -0.966763 2.313622 -0.248513
v 0.966762 2.313622 -0.248513
v -0.734631 2.222077 -0.249223
v 0.734631 2.222077 -0.249223
v -0.540155 2.093115 -0.439660
v 0.540154 2.093115 -0.439660
v -0.504543 1.920478 -0.560450
v 0.504542 1.920478 -0.560449
v -0.524572 1.691732 -0.584551
v 0.524571 1.691732 -0.584551
v -0.503490 1.319822 -0.645241
v 0.503490 1.319822 -0.645241
v -0.489449 1.012066 -0.575170
v 0.489449 1.012066 -0.575170
v -0.450076 0.769328 -0.450116
v 0.450076 0.769328 -0.450116
v -1.063340 2.162572 -0.061514
v 1.063340 2.162572 -0.061514
v -0.793088 2.086226 -0.091634
v 0.793088 2.086226 -0.091634
v -0.587906 1.920740 -0.307506
v 0.587906 1.920740 -0.307506
v -0.539395 1.785992 -0.455180
v 0.539396 1.785992 -0.455180
v -0.547011 1.589319 -0.484269
v 0.547011 1.589319 -0.484269
v -0.540682 1.304586 -0.477733
v 0.540682 1.304586 -0.477733
v -0.524777 1.077732 -0.471840
v 0.524777 1.077732 -0.471840
v -0.506807 0.848337 -0.343341
v 0.506807 0.848337 -0.343341
v -1.222260 2.127530 0.052190
v 1.222260 2.127530 0.052190
v -1.051240 2.013384 0.032283
v 1.051240 2.013384 0.032283
v -0.892299 1.869370 0.019930
v 0.892299 1.869370 0.019930
v -0.771533 1.623252 -0.021931
v 0.771533 1.623252 -0.021930
v -0.725996 1.892836 -0.096033
v 0.725995 1.892836 -0.096033
v -0.662574 1.563219 -0.145866
v 0.662573 1.563219 -0.145866
v -0.585220 1.654894 -0.310535
v 0.585220 1.654894 -0.310535
v -0.571454 1.435551 -0.313431
v 0.571453 1.435551 -0.313431
v -0.560303 1.169537 -0.321815
v 0.560303 1.169537 -0.321815
v -0.567466 0.958763 -0.216290
v 0.567467 0.958763 -0.216290
v -0.431970 0.555276 -0.564861
v 0.431969 0.555275 -0.564861
v -0.461690 0.420432 -0.480651
v 0.461690 0.420432 -0.480651
v -0.505735 0.305000 -0.383734
v 0.505735 0.305000 -0.383734
v -0.572016 0.236955 -0.300309
v 0.572016 0.236955 -0.300309
v -0.638837 0.215703 -0.185456
v 0.638837 0.215703 -0.185456
v -0.637540 0.226977 -0.082255
v 0.637540 0.226977 -0.082255
v -0.691689 0.212028 0.215017
v 0.691689 0.212028 0.215017
v -0.697162 -0.021490 0.543672
v 0.697162 -0.021490 0.543672
v -0.678705 -0.072534 0.806245
v 0.678705 -0.072534 0.806245
v -0.643037 -0.074590 0.957642
v 0.643037 -0.074591 0.957642
v -0.753242 0.060618 1.160693
v 0.753242 0.060618 1.160693
v -0.795473 0.263843 1.349685
v 0.795473 0.263843 1.349686
v -0.765313 0.517265 1.687949
v 0.765313 0.517265 1.687949
v -0.771898 0.716598 1.881633
v 0.771897 0.716598 1.881632
v -0.857992 0.976142 1.868270
v 0.857992 0.976143 1.868270
v -0.919081 1.197097 1.769768
v 0.919081 1.197097 1.769768
v -0.892368 1.351024 1.851820
v 0.892368 1.351024 1.851821
v -0.897699 1.599526 1.823896
v 0.897699 1.599526 1.823897
v -0.949518 1.756941 1.760632
v 0.949518 1.756941 1.760632
v -1.044065 1.872564 1.653726
v 1.044065 1.872565 1.653727
v -1.335175 1.970098 1.421991
v 1.335175 1.970098 1.421991
v -1.619714 1.756089 0.768703
v 1.619714 1.756089 0.768703
v -1.667938 1.774063 0.508608
v 1.667938 1.774063 0.508608
v -1.760563 1.927131 0.274316
v 1.760563 1.927131 0.274316
v -1.723362 1.953592 0.138641
v 1.723361 1.953592 0.138641
v -1.532113 1.904515 0.086595
v 1.532113 1.904515 0.086595
v -1.348744 1.796189 0.079917
v 1.348744 1.796189 0.079917
v -1.149859 1.681308 0.018158
v 1.149859 1.681308 0.018158
v -0.977684 1.509034 0.003356
v 0.977684 1.509034 0.003356
v -0.866652 1.513274 0.008822
v 0.866590 1.513102 0.011375
v -0.862125 1.503017 -0.028368
v 0.862125 1.503017 -0.028368
v -0.939852 1.656465 0.045807
v 0.939852 1.656465 0.045807
v -1.145074 1.863550 0.109771
v 1.145074 1.863550 0.109771
v -1.313435 2.071840 0.080191
v 1.313434 2.071840 0.080191
v -1.453496 2.289013 0.059812
v 1.453496 2.289013 0.059812
v -1.458866 2.412300 0.010804
v 1.458866 2.412300 0.010804
v -1.383148 2.489155 -0.120137
v 1.383148 2.489155 -0.120137
v -1.356835 2.546102 -0.302875
v 1.356835 2.546102 -0.302875
v -1.245316 2.552129 -0.394882
v 1.245316 2.552129 -0.394882
v -0.764848 2.276073 -0.465283
v 0.764849 2.276072 -0.465283
v -0.932792 2.363536 -0.486729
v 0.932792 2.363536 -0.486729
v -1.138939 2.515262 -0.454476
v 1.138939 2.515262 -0.454476
v -1.182388 2.482410 -0.457513
v 1.182388 2.482410 -0.457513
v -1.252104 2.465573 -0.374014
v 1.252104 2.465573 -0.374014
v -1.358646 2.436930 -0.283101
v 1.358646 2.436930 -0.283101
v -1.466815 2.341540 -0.129215
v 1.466815 2.341540 -0.129215
v -1.365305 2.264856 0.056616
v 1.365305 2.264856 0.056616
v -1.353831 2.361147 0.011710
v 1.353831 2.361147 0.011709
v -1.286457 2.434466 -0.145377
v 1.286457 2.434466 -0.145377
v -1.259342 2.541926 -0.338601
v 1.259341 2.541926 -0.338600
v -1.297182 2.566929 -0.350266
v 1.297182 2.566930 -0.350266
v -1.267940 2.099255 0.102695
v 1.267939 2.099256 0.102696
v -1.083749 1.930909 0.100099
v 1.083749 1.930909 0.100099
v -0.914562 1.764965 0.066737
v 0.914562 1.764965 0.066736
v -1.455792 2.266904 -0.067874
v 1.455792 2.266904 -0.067874
v -1.235203 2.079467 -0.022507
v 1.235203 2.079468 -0.022507
v -1.077643 1.855805 0.021547
v 1.077643 1.855806 0.021547
v -0.910119 1.694660 -0.023629
v 0.910119 1.694660 -0.023629
v -0.829785 1.530444 -0.095921
v 0.829785 1.530444 -0.095921
v -0.855727 1.436849 -0.048420
v 0.855727 1.436849 -0.048420
v -0.813385 1.457869 -0.114595
v 0.813385 1.457869 -0.114595
v -0.938227 1.433803 0.007947
v 0.938227 1.433803 0.007947
v -0.985777 1.464815 0.018827
v 0.985777 1.464815 0.018827
v -0.895010 1.324864 -0.014451
v 0.895010 1.324864 -0.014451
v -1.203762 1.585581 0.072567
v 1.203761 1.585582 0.072567
v -1.383837 1.685577 0.104769
v 1.383837 1.685577 0.104769
v -1.550659 1.761569 0.153372
v 1.550659 1.761569 0.153372
v -1.708838 1.778769 0.241139
v 1.708912 1.777327 0.243906
v -1.647323 1.684732 0.388556
v 1.647323 1.684732 0.388556
v -1.593764 1.637414 0.542235
v 1.593764 1.637414 0.542235
v -1.507785 1.576340 0.753155
v 1.507785 1.576340 0.753155
v -1.368489 1.693917 1.091658
v 1.368489 1.693917 1.091658
v -1.328425 1.754062 1.359889
v 1.328425 1.754062 1.359889
v -1.178225 1.762065 1.593500
v 1.178225 1.762065 1.593500
v -1.049294 1.703595 1.766786
v 1.049294 1.703595 1.766786
v -1.010036 1.595513 1.833613
v 1.010036 1.595513 1.833613
v -0.996964 1.382694 1.853780
v 0.996964 1.382694 1.853779
v -0.986763 1.218191 1.700057
v 0.986763 1.218191 1.700057
v -0.944436 0.974976 1.751061
v 0.944436 0.974976 1.751061
v -0.932898 0.727935 1.688990
v 0.934943 0.728871 1.686763
v -0.922637 0.589998 1.649820
v 0.922638 0.589998 1.649820
v -0.982816 0.353171 1.399023
v 0.982815 0.353171 1.399022
v -0.914278 0.166957 1.206869
v 0.914279 0.166956 1.206869
v -0.829726 0.063854 0.940479
v 0.829727 0.063854 0.940479
v -0.819798 0.073677 0.714165
v 0.819798 0.073677 0.714165
v -0.803324 0.080710 0.479726
v 0.803324 0.080710 0.479726
v -1.189008 0.627220 1.232433
v 1.189008 0.627220 1.232433
v -1.099014 0.723681 1.529059
v 1.099014 0.723681 1.529059
v -1.095357 0.966247 1.459488
v 1.095356 0.966247 1.459488
v -1.132443 1.197177 1.522900
v 1.132443 1.197177 1.522900
v -1.107925 1.424543 1.570141
v 1.107925 1.424543 1.570141
v -1.092342 1.544029 1.660922
v 1.092343 1.544028 1.660922
v -1.101284 1.642090 1.690676
v 1.101284 1.642090 1.690676
v -1.238289 1.611930 1.450797
v 1.238289 1.611930 1.450797
v -1.300104 1.547621 1.163982
v 1.300104 1.547621 1.163982
v -1.227648 1.480899 1.420907
v 1.227648 1.480899 1.420907
v -1.236840 1.296584 1.406375
v 1.236841 1.296583 1.406376
v -1.312606 1.374650 1.209652
v 1.312606 1.374650 1.209652
v -1.226171 1.088842 1.347229
v 1.226170 1.088843 1.347228
v -1.280273 0.865711 1.170889
v 1.280273 0.865711 1.170890
v -1.310344 1.188605 1.156184
v 1.310344 1.188605 1.156184
v -1.301438 1.020732 1.141202
v 1.301438 1.020732 1.141202
v -1.360273 0.934868 1.131481
v 1.360273 0.934868 1.131481
v -1.338626 1.063431 0.996727
v 1.338626 1.063432 0.996727
v -1.429483 0.994199 1.084639
v 1.429484 0.994200 1.084639
v -1.374239 1.022688 0.830479
v 1.374240 1.022689 0.830479
v -1.461367 0.938940 0.847781
v 1.461367 0.938940 0.847781
v -1.478703 0.924068 1.042131
v 1.478703 0.924068 1.042131
v -1.476231 0.906751 0.863403
v 1.476232 0.906751 0.863403
v -1.440066 0.911507 1.106582
v 1.440065 0.911507 1.106582
v -1.383082 0.788700 1.113295
v 1.383082 0.788700 1.113295
v -1.448349 0.780690 1.009824
v 1.448348 0.780691 1.009824
v -1.282120 0.649943 1.157018
v 1.282120 0.649943 1.157018
v -1.191420 0.452942 1.257436
v 1.191420 0.452942 1.257437
v -1.060445 0.317987 1.236583
v 1.060444 0.317987 1.236583
v -1.041483 0.291280 1.305602
v 1.041483 0.291280 1.305602
v -0.990396 0.238529 1.223210
v 0.990397 0.238529 1.223210
v -0.938265 0.177494 1.023101
v 0.938265 0.177494 1.023101
v -1.011521 0.306931 1.131100
v 1.011521 0.306931 1.131100
v -1.157207 0.445512 1.142263
v 1.157207 0.445512 1.142263
v -1.290341 0.553059 1.048032
v 1.290342 0.553059 1.048032
v -1.035331 0.254777 0.944163
v 1.035331 0.254776 0.944163
v -1.201610 0.438328 0.963733
v 1.201610 0.438328 0.963733
v -1.311968 0.536814 0.840565
v 1.311968 0.536814 0.840565
v -1.439457 0.789160 0.782101
v 1.439457 0.789160 0.782101
v -1.335214 1.255423 0.936383
v 1.335214 1.255423 0.936383
v -1.300573 1.390672 0.944471
v 1.300573 1.390672 0.944471
v -1.387961 1.457998 0.811571
v 1.387961 1.457998 0.811571
v -1.484934 1.493647 0.559365
v 1.484934 1.493647 0.559365
v -1.508920 1.539623 0.341165
v 1.507310 1.539402 0.334246
v -1.405541 1.542106 0.177410
v 1.405542 1.542105 0.177409
v -1.211390 1.413305 0.158318
v 1.211390 1.413305 0.158317
v -1.043845 1.299084 0.112586
v 1.043845 1.299084 0.112586
v -1.244144 2.109841 -0.159057
v 1.244144 2.109842 -0.159057
v -1.083357 1.964083 -0.109645
v 1.083357 1.964083 -0.109645
v -0.920204 1.825990 -0.121485
v 0.920204 1.825990 -0.121485
v -0.828834 1.647024 -0.167782
v 0.828832 1.647024 -0.167782
v -0.806705 1.436124 -0.253793
v 0.806704 1.436123 -0.253793
v -0.807832 1.289943 -0.150065
v 0.807832 1.289943 -0.150065
v -0.911943 1.138688 0.016589
v 0.911943 1.138688 0.016589
v -1.051791 1.166628 0.157353
v 1.051790 1.166628 0.157354
v -1.177355 1.212480 0.306271
v 1.177355 1.212480 0.306271
v -1.261074 1.211812 0.553684
v 1.261075 1.211811 0.553684
v -1.304666 1.281300 0.808949
v 1.304665 1.281300 0.808949
v -1.336699 1.159013 0.754907
v 1.336699 1.159013 0.754907
v -1.364486 1.018052 0.654491
v 1.364486 1.018052 0.654491
v -1.297190 1.123827 0.546643
v 1.297190 1.123827 0.546643
v -1.195415 1.106946 0.297317
v 1.195415 1.106946 0.297317
v -1.076266 1.053586 0.179951
v 1.076266 1.053586 0.179951
v -0.979346 0.910823 0.108327
v 0.979346 0.910823 0.108328
v -1.352027 1.021193 0.489078
v 1.352027 1.021193 0.489078
v -1.267779 1.026480 0.307323
v 1.267779 1.026480 0.307323
v -1.152051 0.977975 0.183037
v 1.152051 0.977975 0.183037
v -1.085203 0.871723 0.130759
v 1.085203 0.871723 0.130759
v -1.417133 0.912523 0.661811
v 1.417132 0.912523 0.661812
v -1.428514 0.841859 0.657828
v 1.428515 0.841859 0.657828
v -1.369123 0.909341 0.486627
v 1.369123 0.909341 0.486627
v -1.307234 0.902063 0.289174
v 1.307234 0.902063 0.289174
v -1.238448 0.874042 0.199861
v 1.238448 0.874042 0.199861
v -1.216393 0.811429 0.173008
v 1.216394 0.811429 0.173007
v -1.386150 0.832859 0.495454
v 1.386151 0.832859 0.495454
v -1.318172 0.825163 0.298917
v 1.318172 0.825163 0.298917
v -1.267539 0.803938 0.227095
v 1.267540 0.803938 0.227095
v -1.243752 0.741727 0.221058
v 1.243752 0.741727 0.221059
v -1.375750 0.706791 0.612638
v 1.375750 0.706791 0.612638
v -1.300337 0.533574 0.684022
v 1.300337 0.533574 0.684022
v -1.187934 0.401910 0.805828
v 1.187934 0.401910 0.805828
v -1.062635 0.297901 0.768329
v 1.062635 0.297901 0.768329
v -0.958677 0.288491 0.538725
v 0.958677 0.288491 0.538725
v -1.074986 0.415882 0.487423
v 1.074986 0.415881 0.487423
v -1.206166 0.552617 0.406322
v 1.206166 0.552617 0.406322
v -1.306282 0.700004 0.357707
v 1.306282 0.700004 0.357707
v -1.291106 0.738344 0.282496
v 1.291106 0.738344 0.282496
v -1.133452 0.587961 0.272923
v 1.133452 0.587961 0.272923
v -0.994998 0.454804 0.357201
v 0.994998 0.454804 0.357201
v -0.876478 0.285070 0.423033
v 0.876478 0.285070 0.423033
v -0.783786 0.323568 0.284187
v 0.783786 0.323568 0.284187
v -0.860115 0.486044 0.254030
v 0.860115 0.486043 0.254029
v -0.936730 0.618024 0.225847
v 0.936730 0.618024 0.225847
v -0.929624 0.743757 0.144792
v 0.929624 0.743757 0.144792
v -0.949800 0.812255 0.117270
v 0.949800 0.812254 0.117269
v -0.922138 0.933254 0.033678
v 0.922138 0.933254 0.033678
v -0.829956 0.603076 0.090208
v 0.829956 0.603076 0.090208
v -0.716969 0.398744 0.043900
v 0.716970 0.398743 0.043900
v -0.760296 0.545362 -0.132644
v 0.760296 0.545361 -0.132644
v -0.861627 0.790586 -0.127287
v 0.861627 0.790586 -0.127287
v -0.855312 0.994378 -0.153029
v 0.855312 0.994378 -0.153029
v -0.863595 1.129806 -0.050815
v 0.863595 1.129806 -0.050815
v -0.843182 1.107802 -0.275808
v 0.843182 1.107802 -0.275808
v -0.798173 1.271671 -0.478923
v 0.798173 1.271671 -0.478922
v -0.711609 1.412619 -0.564888
v 0.711609 1.412619 -0.564888
v -0.683623 1.678157 -0.533913
v 0.683623 1.678157 -0.533913
v -0.704602 1.897834 -0.473856
v 0.704602 1.897834 -0.473856
v -0.937998 1.978662 -0.200426
v 0.937998 1.978663 -0.200425
v -0.866415 1.910490 -0.195372
v 0.866415 1.910491 -0.195372
v -0.746545 1.961636 -0.408345
v 0.746545 1.961636 -0.408345
v -1.062839 2.125005 -0.218747
v 1.062839 2.125005 -0.218747
v -1.301815 2.266623 -0.221146
v 1.301816 2.266623 -0.221147
v -1.232006 2.331625 -0.274934
v 1.232006 2.331625 -0.274934
v -1.126705 2.362473 -0.396508
v 1.126705 2.362473 -0.396508
v -1.004251 2.344895 -0.474863
v 1.004251 2.344895 -0.474863
v -0.868825 2.116971 -0.233947
v 0.868825 2.116971 -0.233947
v -0.772719 2.033801 -0.272468
v 0.772720 2.033801 -0.272469
v -0.777744 2.191720 -0.427453
v 0.777744 2.191720 -0.427453
v -0.723847 2.103654 -0.419647
v 0.723846 2.103654 -0.419646
v -0.665077 2.042940 -0.537639
v 0.665077 2.042940 -0.537639
v -0.618577 1.936534 -0.612944
v 0.618577 1.936534 -0.612944
v -0.584061 1.698117 -0.678388
v 0.584061 1.698117 -0.678388
v -0.614137 1.388223 -0.696253
v 0.614137 1.388223 -0.696253
v -0.695930 1.186433 -0.596908
v 0.695930 1.186433 -0.596908
v -0.779796 1.021639 -0.483189
v 0.779796 1.021639 -0.483189
v -0.834606 0.863742 -0.350298
v 0.834606 0.863742 -0.350298
v -0.822895 0.722567 -0.296151
v 0.822894 0.722567 -0.296152
v -0.760028 0.535124 -0.257073
v 0.760028 0.535124 -0.257073
v -0.715431 0.369278 -0.205335
v 0.715431 0.369278 -0.205335
v -0.698712 0.407542 -0.335163
v 0.698712 0.407542 -0.335163
v -0.623700 0.375052 -0.404418
v 0.623700 0.375052 -0.404418
v -0.559682 0.432975 -0.508848
v 0.559682 0.432975 -0.508848
v -0.521977 0.506547 -0.575743
v 0.521977 0.506547 -0.575743
v -0.517490 0.636837 -0.652147
v 0.517490 0.636837 -0.652146
v -0.549021 0.941744 -0.731202
v 0.549021 0.941744 -0.731201
v -0.457816 0.740985 -0.667328
v 0.457816 0.740985 -0.667328
v -0.489227 0.893998 -0.731491
v 0.489227 0.893998 -0.731491
v -0.530500 1.058556 -0.759793
v 0.530500 1.058556 -0.759793
v -0.558524 1.301878 -0.785854
v 0.558524 1.301878 -0.785854
v -0.572377 1.661126 -0.743800
v 0.572377 1.661126 -0.743800
v -0.638393 1.159309 -0.679680
v 0.638393 1.159309 -0.679680
v -0.689711 0.997264 -0.627951
v 0.689711 0.997264 -0.627951
v -0.691363 0.734522 -0.609086
v 0.691363 0.734522 -0.609086
v -0.690601 0.588171 -0.559811
v 0.690601 0.588171 -0.559811
v -0.704725 0.516030 -0.462047
v 0.704725 0.516030 -0.462047
v -0.789904 0.815386 -0.530933
v 0.789904 0.815386 -0.530933
v -0.799273 0.658948 -0.444237
v 0.799273 0.658948 -0.444237
v -0.754667 0.533771 -0.362911
v 0.754667 0.533771 -0.362911
v -0.679475 0.447503 -0.418577
v 0.679475 0.447503 -0.418577
v -0.594756 1.395058 -0.736960
v 0.594756 1.395058 -0.736960
v -0.576853 1.693770 -0.717968
v 0.576852 1.693770 -0.717968
v -0.565985 1.956312 -0.694273
v 0.565985 1.956312 -0.694273
v -0.553485 2.113965 -0.651361
v 0.553485 2.113965 -0.651361
v -0.557934 1.674810 -0.766081
v 0.557934 1.674810 -0.766081
v -0.556448 1.579822 -0.780955
v 0.556448 1.579822 -0.780955
v -0.568898 1.572261 -0.767633
v 0.568898 1.572261 -0.767632
v -0.584685 1.558999 -0.724467
v 0.584685 1.558999 -0.724467
v -0.595456 1.541285 -0.674798
v 0.595456 1.541285 -0.674798
v -0.701033 1.543940 -0.557475
v 0.701033 1.543940 -0.557475
v -0.793439 1.563873 -0.423463
v 0.793439 1.563873 -0.423463
v -0.541647 1.577856 -0.756944
v 0.541647 1.577856 -0.756944
v -0.536733 1.414886 -0.824270
v 0.536733 1.414886 -0.824270
v -0.544998 1.505567 -0.570841
v 0.544998 1.505567 -0.570841
v -0.546918 1.478849 -0.520700
v 0.546918 1.478849 -0.520700
v -0.537472 1.918673 -0.754834
v 0.537472 1.918673 -0.754834
v -0.551639 1.933308 -0.728306
v 0.551639 1.933308 -0.728306
v -0.525067 2.151173 -0.647446
v 0.525067 2.151173 -0.647446
v -0.540504 2.122957 -0.660022
v 0.540504 2.122957 -0.660022
v -0.734701 2.221208 -0.482486
v 0.734701 2.221208 -0.482485
v -0.661146 2.118946 -0.521324
v 0.661146 2.118946 -0.521324
v -0.670435 2.089333 -0.512476
v 0.670435 2.089333 -0.512476
v -0.710963 2.132696 -0.457082
v 0.710963 2.132696 -0.457082
v -0.885267 2.263839 -0.437421
v 0.885267 2.263839 -0.437421
v -0.932619 2.243805 -0.315445
v 0.932619 2.243805 -0.315445
v -0.830226 1.589655 0.025560
v 0.830226 1.589655 0.025561
v -0.758127 1.471933 -0.030735
v 0.758127 1.471933 -0.030735
v -0.672167 1.464268 -0.119073
v 0.672167 1.464268 -0.119073
v -0.644739 1.388953 -0.139367
v 0.644738 1.388953 -0.139367
v -0.648426 1.181784 -0.115606
v 0.648426 1.181784 -0.115606
v -0.689162 0.990492 -0.024283
v 0.689162 0.990492 -0.024283
v -0.745857 1.370498 -0.036786
v 0.745857 1.370498 -0.036785
v -0.752912 1.231415 -0.013499
v 0.752912 1.231415 -0.013499
v -0.799502 1.032927 0.078884
v 0.799502 1.032927 0.078884
v -0.857639 1.405175 0.027088
v 0.857639 1.405175 0.027088
v -0.866509 1.281815 0.068106
v 0.866508 1.281815 0.068107
v -0.904226 1.070277 0.168981
v 0.904226 1.070277 0.168980
v -0.964692 1.434955 0.099919
v 0.964691 1.434956 0.099919
v -0.967079 1.301060 0.152710
v 0.967079 1.301060 0.152710
v -0.989678 1.125619 0.245543
v 0.989678 1.125619 0.245543
v -1.135843 1.578313 0.145687
v 1.135843 1.578313 0.145687
v -1.322976 1.766745 0.151108
v 1.322976 1.766745 0.151108
v -1.494376 1.886884 0.192937
v 1.494376 1.886884 0.192937
v -1.488610 1.755256 0.432481
v 1.488610 1.755256 0.432481
v -1.492492 1.727772 0.651266
v 1.492492 1.727772 0.651266
v -1.421877 1.890220 1.006033
v 1.421877 1.890220 1.006033
v -1.127322 1.397720 0.257021
v 1.127322 1.397720 0.257022
v -1.109920 1.222080 0.376947
v 1.109920 1.222080 0.376947
v -1.321260 1.620963 0.310028
v 1.321261 1.620963 0.310028
v -1.272801 1.448794 0.481167
v 1.272801 1.448794 0.481167
v -1.218061 1.611675 0.829270
v 1.218061 1.611675 0.829270
v -1.137588 1.338782 0.696501
v 1.137588 1.338782 0.696501
v -1.073072 0.888302 0.492325
v 1.073072 0.888302 0.492325
v -0.945781 0.836980 0.308748
v 0.945781 0.836980 0.308748
v -0.819950 0.787456 0.209062
v 0.819950 0.787456 0.209062
v -0.701121 0.789411 0.094898
v 0.701121 0.789411 0.094899
v -0.556310 0.782445 -0.073300
v 0.556310 0.782445 -0.073301
v -0.470202 0.745754 -0.225443
v 0.470203 0.745753 -0.225443
v -0.405141 0.708130 -0.330957
v 0.405141 0.708130 -0.330957
v -0.441811 0.665044 -0.627769
v 0.441811 0.665044 -0.627769
v -0.636785 0.470809 -0.510124
v 0.636786 0.470809 -0.510125
v -0.604024 0.534166 -0.596270
v 0.604024 0.534167 -0.596269
v -0.609872 0.677383 -0.651575
v 0.609872 0.677383 -0.651575
v -0.619015 0.846280 -0.679171
v 0.619015 0.846280 -0.679171
v -0.505803 1.190447 -0.796616
v 0.505804 1.190447 -0.796616
v -0.545891 1.194003 -0.777121
v 0.545890 1.194003 -0.777121
v -0.587234 1.200189 -0.737090
v 0.587234 1.200189 -0.737090
v -0.475488 1.188114 -0.729731
v 0.475488 1.188114 -0.729731
v -0.390146 0.684422 -0.150597
v 0.390146 0.684422 -0.150598
v -0.487536 0.706342 -0.021310
v 0.487536 0.706342 -0.021310
v -0.647938 0.683925 0.118333
v 0.647938 0.683925 0.118333
v -0.820063 0.670661 0.287482
v 0.820063 0.670661 0.287482
v -0.941780 0.695706 0.380629
v 0.941780 0.695706 0.380630
v -1.085352 0.687599 0.590990
v 1.085353 0.687599 0.590989
v -1.103911 1.264010 0.767980
v 1.103911 1.264010 0.767980
v -1.142388 1.597419 0.971234
v 1.142389 1.597419 0.971234
v -1.326853 1.884057 1.136610
v 1.326853 1.884057 1.136610
v -1.462564 2.035939 1.189374
v 1.462564 2.035939 1.189374
v -1.322754 2.003200 1.262399
v 1.322754 2.003200 1.262399
v -1.072930 1.922579 1.427825
v 1.072930 1.922579 1.427825
v -0.853626 1.749875 1.637609
v 0.853626 1.749875 1.637609
v -1.396756 1.947648 1.156249
v 1.396756 1.947648 1.156249
v -1.310285 1.943180 1.210185
v 1.310285 1.943180 1.210185
v -1.301201 2.020648 1.382816
v 1.301201 2.020648 1.382816
v -1.240865 1.976441 1.468111
v 1.240865 1.976441 1.468111
v -1.119741 1.936399 1.549052
v 1.119741 1.936399 1.549052
v -1.081533 1.770292 1.340464
v 1.081533 1.770292 1.340464
v -0.918509 1.476612 1.546760
v 0.918509 1.476612 1.546760
v -1.095983 1.589340 1.187853
v 1.095983 1.589340 1.187853
v -1.056793 1.254821 1.080937
v 1.056793 1.254821 1.080937
v -1.164054 0.683567 0.981313
v 1.164054 0.683567 0.981313
v -1.079364 0.401075 0.776685
v 1.079364 0.401075 0.776685
v -0.910774 0.372760 0.571397
v 0.910774 0.372760 0.571396
v -0.835744 0.369672 0.458206
v 0.835744 0.369672 0.458206
v -0.633206 0.419738 0.234293
v 0.633206 0.419738 0.234293
v -0.452014 0.609706 0.106178
v 0.452014 0.609706 0.106178
v -0.391605 0.661485 -0.025713
v 0.391605 0.661485 -0.025713
v -0.824456 1.581269 1.704404
v 0.824456 1.581269 1.704404
v -0.907576 1.302043 1.597070
v 0.907576 1.302043 1.597070
v -0.943874 1.360956 1.388620
v 0.943873 1.360956 1.388620
v -0.987959 1.103213 1.232452
v 0.987959 1.103213 1.232452
v -1.075656 0.667817 1.138658
v 1.075656 0.667817 1.138658
v -1.022384 0.295453 0.905413
v 1.022384 0.295452 0.905413
v -0.855936 0.200064 0.724559
v 0.855936 0.200064 0.724559
v -0.766921 0.184278 0.594678
v 0.766921 0.184278 0.594678
v -0.639841 0.208736 0.353669
v 0.639841 0.208737 0.353670
v -0.581942 0.115847 0.392021
v 0.581942 0.115847 0.392021
v -0.569173 0.068938 0.406741
v 0.569173 0.068938 0.406741
v -0.456142 0.072106 0.289394
v 0.456141 0.072106 0.289395
v -0.699143 0.108036 0.617726
v 0.696141 0.104434 0.619579
v -0.804735 0.150587 0.741973
v 0.799911 0.146499 0.742624
v -0.957142 0.249187 0.947257
v 0.957142 0.249187 0.947257
v -0.969874 0.581034 1.236132
v 0.969873 0.581034 1.236132
v -0.926147 0.991557 1.336060
v 0.926147 0.991557 1.336059
v -0.876981 1.230017 1.488680
v 0.876981 1.230017 1.488680
v -0.826279 1.355754 1.790510
v 0.826279 1.355754 1.790510
v -0.880681 1.264252 1.679639
v 0.880681 1.264252 1.679639
v -0.637362 0.032958 0.615197
v 0.637362 0.032958 0.615197
v -0.612741 0.008729 0.807473
v 0.612741 0.008729 0.807473
v -0.591130 0.020981 0.974102
v 0.591129 0.020981 0.974102
v -0.694665 0.104780 1.114044
v 0.694665 0.104780 1.114044
v -0.700542 0.296131 1.308142
v 0.703994 0.287994 1.302397
v -0.685388 0.543141 1.557275
v 0.685672 0.534060 1.545735
v -0.689311 0.702274 1.688217
v 0.689321 0.700183 1.686354
v -0.747288 0.976250 1.802706
v 0.747288 0.976250 1.802706
v -0.823113 1.148697 1.641132
v 0.823841 1.150292 1.641090
v -0.847037 1.201366 1.618301
v 0.844144 1.197027 1.613823
v -1.437223 1.951067 1.224653
v 1.437223 1.951067 1.224653
v -1.495284 2.059837 1.185712
v 1.495284 2.059837 1.185712
v -1.460585 1.943542 1.165544
v 1.460585 1.943542 1.165544
v -1.555848 1.912103 0.876540
v 1.555848 1.912102 0.876540
v -1.472081 1.860034 0.847072
v 1.472081 1.860034 0.847072
v -1.631591 1.793592 0.824886
v 1.631591 1.793592 0.824886
v -1.629121 1.867883 0.820217
v 1.629121 1.867883 0.820217
v -1.569787 1.949150 0.921956
v 1.569787 1.949151 0.921956
v -1.521535 2.017083 1.038594
v 1.521535 2.017083 1.038594
v -1.527766 2.063961 1.111234
v 1.527766 2.063961 1.111235
v -1.537081 2.036195 1.128407
v 1.537081 2.036195 1.128407
v -1.527917 1.996562 1.078949
v 1.527917 1.996562 1.078949
v -1.515411 1.909146 0.992532
v 1.515411 1.909146 0.992532
v -1.441797 1.871889 1.127017
v 1.441797 1.871889 1.127017
v -1.386263 1.859973 1.264867
v 1.386263 1.859973 1.264867
v -1.743686 1.971721 0.306405
v 1.743685 1.971721 0.306405
v -1.734952 2.082096 0.195927
v 1.734952 2.082096 0.195927
v -1.723015 2.041276 0.140126
v 1.723015 2.041276 0.140126
v -1.549664 2.001788 0.072490
v 1.549664 2.001788 0.072490
v -1.759241 1.983447 0.183087
v 1.759242 1.983447 0.183086
v -1.718166 2.097547 0.195716
v 1.718166 2.097547 0.195716
v -1.599448 2.059078 0.129407
v 1.599448 2.059078 0.129407
v -1.610866 2.072158 0.109332
v 1.610866 2.072158 0.109332
v -1.632022 2.049955 0.096200
v 1.632022 2.049955 0.096200
v -1.637258 1.934988 0.107670
v 1.637258 1.934988 0.107670
v -1.637064 1.852853 0.134690
v 1.637064 1.852853 0.134690
v -1.741016 1.817717 0.261275
v 1.741016 1.817717 0.261275
v -1.718529 1.785813 0.319575
v 1.718529 1.785812 0.319575
v -1.691473 1.750173 0.422334
v 1.691473 1.750173 0.422334
v -1.684833 1.859392 0.448640
v 1.684832 1.859392 0.448640
v -1.752291 1.868275 0.212942
v 1.752292 1.868275 0.212942
v -1.702158 1.881645 0.152475
v 1.702158 1.881645 0.152475
v -1.726952 2.047948 0.272708
v 1.726952 2.047948 0.272708
v -1.764559 1.944288 0.194091
v 1.764559 1.944288 0.194091
v -1.617196 2.010446 0.212705
v 1.617196 2.010446 0.212705
v 1.555582 1.641524 0.206259
v -0.234854 1.013865 1.462723
v 0.234854 1.013865 1.462723
v -0.227269 0.916869 1.493683
v 0.227269 0.916869 1.493683
v -0.230431 0.740702 1.434055
v 0.230431 0.740702 1.434055
v -0.245346 0.551263 1.260507
v 0.245346 0.551263 1.260507
v -0.237966 1.091962 1.377692
v 0.237967 1.091963 1.377692
v -0.257744 1.074143 1.192800
v 0.257744 1.074143 1.192800
v -0.257640 1.110492 1.070213
v 0.257640 1.110492 1.070213
v -0.265176 1.084434 0.918589
v 0.265176 1.084434 0.918589
v -0.278745 0.864847 0.617828
v 0.278745 0.864847 0.617827
v -0.305560 0.892223 0.950682
v 0.305560 0.892223 0.950682
v -0.308434 0.725847 0.744618
v 0.308434 0.725847 0.744618
v -0.278604 0.860472 1.238925
v 0.278604 0.860472 1.238925
v -0.267779 0.814168 1.292950
v 0.267779 0.814168 1.292950
v -0.273062 0.680603 1.203969
v 0.273062 0.680603 1.203969
v -0.277469 0.475757 0.988736
v 0.277469 0.475757 0.988736
v -0.251190 0.301654 0.990084
v 0.251190 0.301654 0.990084
v -0.263488 0.155844 0.769609
v 0.263488 0.155844 0.769609
v -0.268620 -0.024701 0.521365
v 0.267572 -0.028160 0.528216
v -0.296690 -0.129436 0.227537
v 0.296690 -0.129436 0.227537
v -0.289773 -0.121804 0.290529
v 0.289773 -0.121804 0.290529
v -0.279972 0.008419 0.454335
v 0.279972 0.008419 0.454335
v -0.284683 0.218048 0.597446
v 0.284683 0.218048 0.597446
v -0.293372 -0.078827 0.253520
v 0.293372 -0.078827 0.253520
v -0.290264 0.069566 0.352250
v 0.290264 0.069566 0.352250
v -0.294178 0.378505 0.390691
v 0.294178 0.378505 0.390691
v -0.299877 0.469129 0.736291
v 0.299877 0.469129 0.736291
v -0.296236 0.582922 0.516712
v 0.296236 0.582922 0.516712
v -0.293781 0.741545 1.077944
v 0.293781 0.741545 1.077944
v -0.302045 0.597265 0.887853
v 0.302045 0.597265 0.887853
v -0.293238 0.504732 0.881771
v 0.293238 0.504732 0.881771
v 0.254746 0.015499 0.751957
v -0.680900 0.057927 0.767292
v -0.656180 0.037648 0.837665
v -0.634660 0.047431 0.972639
v -0.641729 0.061618 1.035095
v -0.640985 -0.002343 1.079739
v -0.686327 -0.023665 1.064228
v -0.783395 0.031442 1.071552
v -0.678086 0.073244 1.000959
v -0.709701 0.066999 0.868249
v -0.754805 0.091510 0.818744
v -0.814653 0.138509 0.840923
v -0.886522 0.201791 0.941781
v -0.838598 0.356035 1.205388
v -0.774132 0.162407 0.993065
v -0.724834 0.165177 1.096289
v -0.723640 0.261569 1.222425
v -0.863119 0.719155 1.387201
v -0.815156 0.933608 1.527164
v -0.751679 0.744538 1.571319
v -0.761990 0.496801 1.364846
v -0.709027 0.512281 1.449478
v -0.706514 0.347436 1.319926
v -0.707690 0.872494 1.794294
v -0.748598 0.885979 1.926206
v -0.794508 0.878615 1.928576
v -0.876769 0.832136 1.820879
v -0.717578 0.770859 1.676842
v 0.718976 0.077070 0.768927
v 0.680868 0.068073 0.688598
v 0.652620 0.041857 0.695510
v 0.655436 0.039463 0.792094
v 0.724574 0.070296 0.833203
v 0.741364 0.159391 1.045751
v 0.769850 0.223927 1.113968
v 0.827899 0.166568 0.919311
v 0.772735 0.106965 0.816092
v 0.807897 0.137967 0.807051
v 0.879670 0.194389 0.921457
v 0.856817 0.329254 1.160913
v 0.741398 0.403001 1.317234
v 0.725212 0.489640 1.410994
v 0.730362 0.623827 1.506424
v 0.760826 0.842054 1.602798
v 0.808101 1.057081 1.577789
v 0.845239 1.065395 1.500488
v 0.820342 0.847159 1.482286
v 0.799812 0.650478 1.422269
v 0.811242 0.482094 1.320835
v 0.923842 0.386372 1.151837
v 0.886662 0.541260 1.293899
v 0.864263 0.688266 1.376221
v 0.882940 0.819842 1.384571
v 0.930338 0.549795 1.257008
v 0.945765 0.413922 1.147561
v 0.821392 0.861064 1.898511
v 0.759785 0.888660 1.931152
v 0.707183 0.869336 1.799683
v 0.734791 0.791081 1.647358
v 0.888299 0.846875 1.808755
vt 0.450310 0.589278
vt 0.429498 0.609376
vt 0.430346 0.567559
vt 0.447158 0.556202
vt 0.856693 0.667562
vt 0.869530 0.651851
vt 0.911249 0.654798
vt 0.889345 0.673702
vt 0.420020 0.531058
vt 0.409006 0.512052
vt 0.445241 0.521358
vt 0.822168 0.662488
vt 0.816197 0.625556
vt 0.834120 0.638252
vt 0.827002 0.689362
vt 0.471562 0.528614
vt 0.894461 0.715492
vt 0.835546 0.714627
vt 0.955089 0.680005
vt 0.959587 0.729360
vt 0.908466 0.734528
vt 0.884235 0.752723
vt 0.839122 0.752877
vt 0.851375 0.824961
vt 0.835647 0.819190
vt 0.842678 0.789333
vt 0.898279 0.805742
vt 0.901165 0.870601
vt 0.881928 0.865115
vt 0.916192 0.767129
vt 0.921527 0.809856
vt 0.928151 0.832968
vt 0.923383 0.879400
vt 0.946298 0.851647
vt 0.950511 0.885274
vt 0.939250 0.932320
vt 0.919450 0.953450
vt 0.904465 0.968277
vt 0.884559 0.967875
vt 0.849497 0.962254
vt 0.861107 0.983465
vt 0.849644 0.986116
vt 0.838617 0.964009
vt 0.904564 0.995941
vt 0.927751 0.997223
vt 0.943997 0.989969
vt 0.967331 0.964977
vt 0.724258 0.667065
vt 0.760282 0.672651
vt 0.733213 0.693588
vt 0.965826 0.934763
vt 0.972727 0.877933
vt 0.964369 0.844650
vt 0.952445 0.829915
vt 0.944787 0.812413
vt 0.948199 0.771043
vt 0.740279 0.585492
vt 0.748632 0.568258
vt 0.765132 0.578341
vt 0.761255 0.589493
vt 0.769855 0.633883
vt 0.747714 0.643571
vt 0.769009 0.657110
vt 0.609939 0.552676
vt 0.617377 0.536838
vt 0.738844 0.658139
vt 0.704079 0.664862
vt 0.703224 0.689321
vt 0.646027 0.690858
vt 0.656917 0.664627
vt 0.660050 0.633068
vt 0.626745 0.658446
vt 0.613783 0.679283
vt 0.605134 0.637625
vt 0.600117 0.666217
vt 0.621908 0.593682
vt 0.495936 0.539421
vt 0.491465 0.598161
vt 0.450632 0.655322
vt 0.499379 0.664265
vt 0.509157 0.613822
vt 0.541918 0.656683
vt 0.543379 0.622195
vt 0.585570 0.623722
vt 0.583416 0.657004
vt 0.571658 0.560473
vt 0.577918 0.592333
vt 0.514821 0.585345
vt 0.536695 0.557361
vt 0.543471 0.591667
vt 0.704747 0.466383
vt 0.721261 0.455423
vt 0.726951 0.463432
vt 0.710736 0.478645
vt 0.700689 0.414105
vt 0.712234 0.420658
vt 0.714940 0.432769
vt 0.682868 0.432496
vt 0.618281 0.422035
vt 0.648825 0.405043
vt 0.662294 0.404311
vt 0.655421 0.424304
vt 0.678397 0.406136
vt 0.668685 0.427190
vt 0.652364 0.436103
vt 0.666891 0.438311
vt 0.713155 0.447849
vt 0.676644 0.449000
vt 0.645520 0.449894
vt 0.708036 0.490393
vt 0.667907 0.471148
vt 0.635334 0.469659
vt 0.612465 0.451403
vt 0.597624 0.430079
vt 0.636170 0.438421
vt 0.608886 0.520759
vt 0.754045 0.553300
vt 0.772620 0.558322
vt 0.707957 0.504338
vt 0.691208 0.515662
vt 0.757041 0.514622
vt 0.752450 0.533787
vt 0.649713 0.496408
vt 0.753518 0.497288
vt 0.776729 0.537055
vt 0.779393 0.513558
vt 0.776573 0.496842
vt 0.745066 0.443628
vt 0.744080 0.456259
vt 0.731276 0.441478
vt 0.753997 0.465930
vt 0.742447 0.484043
vt 0.760741 0.476820
vt 0.659905 0.879906
vt 0.654205 0.869336
vt 0.654492 0.855559
vt 0.667181 0.861732
vt 0.681048 0.874778
vt 0.666115 0.896254
vt 0.694465 0.875574
vt 0.680766 0.900787
vt 0.671286 0.808991
vt 0.684163 0.786093
vt 0.712886 0.794325
vt 0.703747 0.823990
vt 0.661498 0.837681
vt 0.694246 0.849820
vt 0.693058 0.909502
vt 0.722181 0.879852
vt 0.728397 0.911359
vt 0.730073 0.954108
vt 0.717392 0.953979
vt 0.715731 0.907040
vt 0.738519 0.919318
vt 0.738813 0.964865
vt 0.750712 0.929004
vt 0.749000 0.972634
vt 0.763472 0.941594
vt 0.767517 0.990193
vt 0.783494 0.962970
vt 0.783928 0.994404
vt 0.803772 0.964231
vt 0.807550 0.993828
vt 0.785182 0.927886
vt 0.823508 0.965719
vt 0.829067 0.991708
vt 0.799043 0.902535
vt 0.766105 0.924379
vt 0.779289 0.896813
vt 0.754593 0.913254
vt 0.749546 0.897011
vt 0.737458 0.887983
vt 0.723604 0.862446
vt 0.753897 0.880186
vt 0.740527 0.873609
vt 0.765067 0.881540
vt 0.749563 0.865156
vt 0.763393 0.869828
vt 0.690821 0.958727
vt 0.752118 0.417568
vt 0.734037 0.419268
vt 0.677525 0.953729
vt 0.748321 0.403859
vt 0.731081 0.407188
vt 0.666313 0.937823
vt 0.733469 0.391232
vt 0.720614 0.396183
vt 0.652250 0.911888
vt 0.708915 0.374829
vt 0.685321 0.383340
vt 0.646193 0.878368
vt 0.676138 0.365527
vt 0.663080 0.374877
vt 0.643584 0.856782
vt 0.649124 0.376256
vt 0.652360 0.834508
vt 0.662471 0.806222
vt 0.604632 0.388893
vt 0.602783 0.375948
vt 0.631767 0.368099
vt 0.654782 0.361507
vt 0.674765 0.779008
vt 0.576023 0.398807
vt 0.574517 0.385537
vt 0.598459 0.531402
vt 0.818188 0.816136
vt 0.568021 0.538333
vt 0.827871 0.786337
vt 0.383911 0.481225
vt 0.412547 0.484129
vt 0.788068 0.626542
vt 0.787782 0.597760
vt 0.439760 0.496817
vt 0.798229 0.654796
vt 0.469260 0.509492
vt 0.808170 0.685320
vt 0.504517 0.521446
vt 0.816826 0.721512
vt 0.536889 0.531756
vt 0.824137 0.754713
vt 0.590370 0.467416
vt 0.573881 0.435845
vt 0.724789 0.782832
vt 0.554158 0.402740
vt 0.693644 0.760251
vt 0.542763 0.400375
vt 0.549067 0.387710
vt 0.679147 0.753865
vt 0.692317 0.748644
vt 0.286564 0.220806
vt 0.310682 0.223205
vt 0.325699 0.241415
vt 0.316426 0.252168
vt 0.258490 0.168967
vt 0.266074 0.141579
vt 0.257346 0.193482
vt 0.269231 0.214399
vt 0.237575 0.126706
vt 0.256162 0.122092
vt 0.230689 0.088208
vt 0.244605 0.085865
vt 0.281794 0.510144
vt 0.295007 0.524003
vt 0.265742 0.548331
vt 0.255277 0.538862
vt 0.280294 0.028168
vt 0.276574 0.010353
vt 0.294126 0.012552
vt 0.345207 0.754512
vt 0.329565 0.762848
vt 0.326795 0.744892
vt 0.352925 0.346580
vt 0.333487 0.353439
vt 0.343883 0.326041
vt 0.328037 0.310107
vt 0.381557 0.749395
vt 0.393141 0.775152
vt 0.371824 0.768420
vt 0.361051 0.330000
vt 0.364076 0.341139
vt 0.360940 0.761184
vt 0.363990 0.748377
vt 0.305785 0.018639
vt 0.293324 0.032150
vt 0.307560 0.001018
vt 0.313205 0.012612
vt 0.337577 0.736671
vt 0.354245 0.745089
vt 0.288339 0.039750
vt 0.276489 0.039680
vt 0.317543 0.286686
vt 0.312230 0.296796
vt 0.307616 0.289994
vt 0.306517 0.280349
vt 0.334382 0.293688
vt 0.337687 0.308226
vt 0.396977 0.105906
vt 0.395685 0.108302
vt 0.393944 0.106725
vt 0.400153 0.108143
vt 0.397357 0.108540
vt 0.324553 0.231401
vt 0.325741 0.231626
vt 0.327150 0.231691
vt 0.324726 0.234352
vt 0.396576 0.108242
vt 0.322025 0.233583
vt 0.352913 0.287319
vt 0.349592 0.267366
vt 0.361656 0.299959
vt 0.933971 0.455953
vt 0.959400 0.450470
vt 0.971077 0.463710
vt 0.942247 0.469014
vt 0.372155 0.304614
vt 0.378027 0.718312
vt 0.366870 0.719214
vt 0.371524 0.265393
vt 0.361575 0.264233
vt 0.909176 0.454857
vt 0.906378 0.464884
vt 0.378394 0.240672
vt 0.367237 0.244806
vt 0.888866 0.451337
vt 0.880022 0.459636
vt 0.386338 0.270136
vt 0.379374 0.680665
vt 0.363998 0.683629
vt 0.394469 0.237817
vt 0.371226 0.655254
vt 0.354575 0.654383
vt 0.336969 0.073796
vt 0.335794 0.104683
vt 0.318824 0.119931
vt 0.321330 0.083201
vt 0.346545 0.679279
vt 0.333636 0.644862
vt 0.314380 0.048508
vt 0.327783 0.038274
vt 0.351112 0.714302
vt 0.300762 0.051085
vt 0.337629 0.716324
vt 0.306903 0.082366
vt 0.333250 0.684625
vt 0.308378 0.117091
vt 0.324444 0.650919
vt 0.294097 0.120037
vt 0.293593 0.087545
vt 0.319044 0.683885
vt 0.309924 0.652554
vt 0.326494 0.276152
vt 0.316687 0.266214
vt 0.291119 0.059895
vt 0.330200 0.731245
vt 0.325616 0.711236
vt 0.358918 0.244514
vt 0.338282 0.246142
vt 0.327461 0.241956
vt 0.903694 0.425410
vt 0.935859 0.427474
vt 0.917683 0.444552
vt 0.892849 0.443337
vt 0.904780 0.413820
vt 0.931083 0.414427
vt 0.351350 0.219260
vt 0.343215 0.212679
vt 0.368458 0.218202
vt 0.871928 0.414522
vt 0.873921 0.424817
vt 0.864920 0.439460
vt 0.381468 0.213997
vt 0.374489 0.218580
vt 0.861945 0.445110
vt 0.854304 0.448916
vt 0.387599 0.182748
vt 0.382219 0.182836
vt 0.387647 0.160038
vt 0.391019 0.159834
vt 0.827051 0.433187
vt 0.824034 0.437466
vt 0.398275 0.213279
vt 0.362607 0.629872
vt 0.345887 0.633184
vt 0.399521 0.181683
vt 0.347888 0.601922
vt 0.336220 0.604183
vt 0.319780 0.138566
vt 0.333799 0.127045
vt 0.328718 0.626842
vt 0.312186 0.140214
vt 0.320871 0.627731
vt 0.401649 0.158747
vt 0.327477 0.583104
vt 0.337879 0.581124
vt 0.321357 0.164827
vt 0.334437 0.157310
vt 0.321434 0.601506
vt 0.322258 0.175973
vt 0.333156 0.180152
vt 0.318606 0.590668
vt 0.316316 0.165576
vt 0.316744 0.171357
vt 0.316430 0.602413
vt 0.314918 0.596802
vt 0.298990 0.148857
vt 0.305554 0.623758
vt 0.372714 0.201314
vt 0.359137 0.200018
vt 0.352859 0.184556
vt 0.847901 0.434815
vt 0.842998 0.409250
vt 0.853440 0.422317
vt 0.300110 0.156519
vt 0.304040 0.616212
vt 0.300903 0.163208
vt 0.302540 0.609589
vt 0.377163 0.184159
vt 0.383673 0.154506
vt 0.830753 0.429744
vt 0.365229 0.184429
vt 0.367835 0.179995
vt 0.370614 0.185335
vt 0.835119 0.424819
vt 0.831988 0.419679
vt 0.837078 0.419748
vt 0.362733 0.189602
vt 0.355515 0.177396
vt 0.369139 0.190604
vt 0.358158 0.171443
vt 0.835719 0.407913
vt 0.842725 0.420250
vt 0.840395 0.426270
vt 0.829493 0.407060
vt 0.377120 0.152092
vt 0.362562 0.164542
vt 0.300134 0.601400
vt 0.313582 0.586390
vt 0.821552 0.407122
vt 0.371785 0.143430
vt 0.318830 0.181616
vt 0.301274 0.171641
vt 0.306920 0.194392
vt 0.322013 0.203460
vt 0.322606 0.185419
vt 0.315889 0.581630
vt 0.323201 0.575688
vt 0.324364 0.204191
vt 0.392636 0.145251
vt 0.331463 0.188783
vt 0.326647 0.222085
vt 0.328775 0.224270
vt 0.332002 0.204167
vt 0.403729 0.150473
vt 0.403510 0.115013
vt 0.394900 0.113889
vt 0.403350 0.135333
vt 0.393846 0.132147
vt 0.388894 0.126009
vt 0.393374 0.111838
vt 0.390863 0.119077
vt 0.384925 0.124932
vt 0.392486 0.111342
vt 0.388003 0.116837
vt 0.324206 0.222047
vt 0.319268 0.230050
vt 0.318138 0.226247
vt 0.315380 0.219404
vt 0.381071 0.118855
vt 0.385580 0.112190
vt 0.389598 0.109271
vt 0.604002 0.504880
vt 0.806291 0.825253
vt 0.754826 0.802021
vt 0.745737 0.818214
vt 0.733924 0.842374
vt 0.800144 0.839837
vt 0.773577 0.856678
vt 0.776775 0.812876
vt 0.771249 0.827646
vt 0.766831 0.840899
vt 0.948279 0.441655
vt 0.948033 0.411018
vt 0.949480 0.423656
vt 0.321965 0.485570
vt 0.313904 0.512938
vt 0.965979 0.442375
vt 0.997277 0.474795
vt 0.394969 0.467299
vt 0.373264 0.456528
vt 0.415215 0.445806
vt 0.417363 0.459842
vt 0.956436 0.415654
vt 0.319159 0.735433
vt 0.961783 0.424729
vt 0.963473 0.414423
vt 0.313726 0.751498
vt 0.270162 0.390658
vt 0.277912 0.412652
vt 0.265880 0.412622
vt 0.263797 0.395264
vt 0.334610 0.466855
vt 0.354590 0.455593
vt 0.263807 0.379467
vt 0.255107 0.391150
vt 0.306960 0.544497
vt 0.307249 0.551219
vt 0.301469 0.544737
vt 0.302962 0.541436
vt 0.760625 0.400052
vt 0.756463 0.399339
vt 0.757354 0.397043
vt 0.763071 0.396130
vt 0.766685 0.396397
vt 0.764358 0.401466
vt 0.767846 0.403185
vt 0.767716 0.406977
vt 0.761673 0.404523
vt 0.763250 0.407732
vt 0.759731 0.405176
vt 0.758976 0.402653
vt 0.757593 0.403708
vt 0.755936 0.400603
vt 0.754583 0.398820
vt 0.756041 0.401695
vt 0.754806 0.401946
vt 0.756522 0.404952
vt 0.309857 0.536819
vt 0.308382 0.534821
vt 0.311169 0.534623
vt 0.305864 0.536554
vt 0.307725 0.540623
vt 0.313981 0.535919
vt 0.311879 0.540444
vt 0.758600 0.407215
vt 0.316035 0.537651
vt 0.314126 0.545738
vt 0.309398 0.542229
vt 0.308716 0.544577
vt 0.761757 0.409395
vt 0.316011 0.551497
vt 0.316846 0.545086
vt 0.318388 0.540133
vt 0.769349 0.414807
vt 0.765815 0.413735
vt 0.777207 0.416369
vt 0.319724 0.545877
vt 0.317516 0.555240
vt 0.322178 0.548900
vt 0.327282 0.554979
vt 0.319315 0.561189
vt 0.310075 0.550850
vt 0.311883 0.563569
vt 0.313595 0.555184
vt 0.304693 0.552598
vt 0.298783 0.550867
vt 0.309782 0.564546
vt 0.305700 0.562375
vt 0.773209 0.398419
vt 0.798918 0.403638
vt 0.803435 0.412676
vt 0.298371 0.577983
vt 0.299241 0.564441
vt 0.776221 0.405088
vt 0.786475 0.399681
vt 0.788360 0.408259
vt 0.789578 0.421770
vt 0.774863 0.408950
vt 0.804728 0.425521
vt 0.802789 0.428092
vt 0.802086 0.419391
vt 0.332593 0.567339
vt 0.787571 0.414014
vt 0.210455 0.103269
vt 0.213756 0.133171
vt 0.197929 0.141871
vt 0.188909 0.124091
vt 0.246356 0.515274
vt 0.265259 0.491877
vt 0.238140 0.566260
vt 0.231666 0.556722
vt 0.220441 0.060425
vt 0.231030 0.055880
vt 0.220184 0.516254
vt 0.226457 0.503290
vt 0.233452 0.502413
vt 0.226706 0.516397
vt 0.194514 0.091712
vt 0.192640 0.107129
vt 0.187217 0.102616
vt 0.188932 0.088311
vt 0.237181 0.519024
vt 0.226217 0.532781
vt 0.202967 0.077655
vt 0.204755 0.095159
vt 0.212507 0.523056
vt 0.212874 0.531205
vt 0.191030 0.071776
vt 0.186101 0.078465
vt 0.209672 0.526480
vt 0.203529 0.540259
vt 0.187801 0.059089
vt 0.185482 0.074041
vt 0.193235 0.538356
vt 0.198830 0.527568
vt 0.177010 0.067266
vt 0.178123 0.055160
vt 0.203770 0.520321
vt 0.177275 0.076038
vt 0.209702 0.513388
vt 0.178546 0.085075
vt 0.214685 0.502400
vt 0.176819 0.097016
vt 0.206972 0.497852
vt 0.200538 0.509846
vt 0.168911 0.083117
vt 0.167865 0.096686
vt 0.192668 0.518238
vt 0.166800 0.071805
vt 0.174257 0.499283
vt 0.179947 0.487846
vt 0.194142 0.491306
vt 0.183398 0.500107
vt 0.149218 0.082077
vt 0.153523 0.095281
vt 0.139699 0.090543
vt 0.141070 0.077844
vt 0.184952 0.524676
vt 0.163768 0.062219
vt 0.166790 0.521017
vt 0.178938 0.514797
vt 0.153379 0.067298
vt 0.146496 0.055512
vt 0.226169 0.486042
vt 0.214775 0.490788
vt 0.170629 0.106843
vt 0.177664 0.116988
vt 0.204544 0.481409
vt 0.156949 0.109224
vt 0.210881 0.475384
vt 0.159035 0.117715
vt 0.256649 0.476035
vt 0.239463 0.486129
vt 0.253564 0.455766
vt 0.238683 0.459462
vt 0.173841 0.146126
vt 0.184361 0.157281
vt 0.227336 0.480335
vt 0.232505 0.479316
vt 0.179365 0.126075
vt 0.175564 0.122424
vt 0.214912 0.471361
vt 0.160258 0.123277
vt 0.223032 0.467573
vt 0.165047 0.130848
vt 0.232401 0.465354
vt 0.171737 0.137772
vt 0.227945 0.456801
vt 0.163366 0.142566
vt 0.214311 0.076960
vt 0.235405 0.539487
vt 0.199050 0.067442
vt 0.217407 0.539242
vt 0.195088 0.034151
vt 0.210774 0.031305
vt 0.207581 0.057901
vt 0.207845 0.576047
vt 0.196168 0.565196
vt 0.219467 0.551896
vt 0.189661 0.048622
vt 0.199410 0.550087
vt 0.171360 0.028478
vt 0.177219 0.011839
vt 0.178179 0.045993
vt 0.169104 0.574351
vt 0.173140 0.557176
vt 0.188335 0.546106
vt 0.179580 0.533193
vt 0.163835 0.052146
vt 0.153200 0.548484
vt 0.144304 0.568244
vt 0.171704 0.542867
vt 0.153025 0.003609
vt 0.149866 0.025048
vt 0.162419 0.039753
vt 0.118935 0.555087
vt 0.127786 0.534837
vt 0.154568 0.530827
vt 0.121092 0.022846
vt 0.124552 0.001018
vt 0.141490 0.040660
vt 0.101903 0.514696
vt 0.093536 0.533836
vt 0.091696 0.005231
vt 0.088425 0.025862
vt 0.089494 0.490036
vt 0.071810 0.498632
vt 0.054414 0.023174
vt 0.064673 0.039947
vt 0.080920 0.455560
vt 0.063137 0.457976
vt 0.025186 0.052745
vt 0.038862 0.064366
vt 0.137438 0.103827
vt 0.185209 0.475443
vt 0.129859 0.086674
vt 0.169580 0.485805
vt 0.131864 0.067340
vt 0.160845 0.503170
vt 0.124300 0.044161
vt 0.141979 0.518617
vt 0.103462 0.035665
vt 0.116828 0.075937
vt 0.104942 0.055719
vt 0.119850 0.514541
vt 0.131909 0.498450
vt 0.152819 0.487828
vt 0.082616 0.046779
vt 0.108286 0.493947
vt 0.067719 0.058422
vt 0.102019 0.476115
vt 0.088399 0.063785
vt 0.122327 0.482742
vt 0.115368 0.093739
vt 0.161193 0.472050
vt 0.078907 0.090871
vt 0.128941 0.454816
vt 0.097858 0.083655
vt 0.141012 0.471108
vt 0.121156 0.103664
vt 0.171419 0.466809
vt 0.013856 0.148320
vt 0.025652 0.173622
vt 0.010156 0.177025
vt 0.001018 0.149092
vt 0.094713 0.363818
vt 0.117459 0.345242
vt 0.128680 0.356451
vt 0.105111 0.371388
vt 0.019059 0.105011
vt 0.005857 0.101260
vt 0.073010 0.406703
vt 0.086154 0.410659
vt 0.050226 0.076003
vt 0.065984 0.099151
vt 0.036922 0.091799
vt 0.096768 0.451883
vt 0.122521 0.440881
vt 0.094079 0.431411
vt 0.056270 0.109625
vt 0.119986 0.426827
vt 0.052933 0.124200
vt 0.125034 0.412758
vt 0.057311 0.145089
vt 0.139985 0.397528
vt 0.007261 0.207669
vt 0.025080 0.213003
vt 0.149393 0.322979
vt 0.131502 0.317889
vt 0.141028 0.117212
vt 0.195453 0.466103
vt 0.145835 0.127270
vt 0.204927 0.460221
vt 0.124899 0.120835
vt 0.183830 0.454364
vt 0.137199 0.138432
vt 0.126654 0.139870
vt 0.195576 0.439281
vt 0.203685 0.446174
vt 0.564532 0.309493
vt 0.540271 0.316691
vt 0.529915 0.290994
vt 0.558609 0.288521
vt 0.547423 0.733249
vt 0.521336 0.720851
vt 0.540075 0.700569
vt 0.560693 0.715876
vt 0.594832 0.313023
vt 0.593197 0.289789
vt 0.614068 0.287417
vt 0.615286 0.305933
vt 0.580109 0.745006
vt 0.590616 0.723968
vt 0.606873 0.738882
vt 0.598454 0.755374
vt 0.608421 0.266390
vt 0.572516 0.273130
vt 0.554640 0.752641
vt 0.585237 0.772523
vt 0.330321 0.779329
vt 0.341629 0.782898
vt 0.338023 0.797256
vt 0.328059 0.789291
vt 0.978363 0.260159
vt 0.989953 0.255135
vt 0.989874 0.269719
vt 0.977542 0.271303
vt 0.326782 0.806643
vt 0.339783 0.816709
vt 0.997320 0.236780
vt 0.982063 0.242695
vt 0.316584 0.821269
vt 0.333462 0.835196
vt 0.996471 0.216971
vt 0.976367 0.225533
vt 0.325857 0.843442
vt 0.305951 0.831529
vt 0.968922 0.212575
vt 0.991359 0.206670
vt 0.297852 0.849955
vt 0.311806 0.853995
vt 0.980642 0.192485
vt 0.966085 0.192560
vt 0.302339 0.872026
vt 0.282809 0.877907
vt 0.959071 0.161539
vt 0.976316 0.172483
vt 0.567528 0.324904
vt 0.545798 0.333759
vt 0.550779 0.686407
vt 0.568761 0.702536
vt 0.083595 0.647355
vt 0.089221 0.661032
vt 0.084568 0.664284
vt 0.079904 0.649828
vt 0.481366 0.300540
vt 0.483960 0.287607
vt 0.494875 0.289017
vt 0.493212 0.300276
vt 0.490109 0.699275
vt 0.487681 0.710318
vt 0.476957 0.707774
vt 0.479115 0.694823
vt 0.091308 0.630422
vt 0.085944 0.629885
vt 0.518054 0.318233
vt 0.503594 0.300545
vt 0.704359 0.353438
vt 0.703231 0.332481
vt 0.706210 0.335725
vt 0.709641 0.354127
vt 0.499959 0.702688
vt 0.519681 0.691306
vt 0.502312 0.317746
vt 0.492102 0.316896
vt 0.494928 0.683411
vt 0.504774 0.686221
vt 0.519144 0.343821
vt 0.529490 0.667714
vt 0.508332 0.340481
vt 0.498726 0.338002
vt 0.508490 0.665988
vt 0.518323 0.667038
vt 0.104525 0.615402
vt 0.101892 0.612946
vt 0.716046 0.373882
vt 0.719095 0.372031
vt 0.502475 0.290719
vt 0.495430 0.711417
vt 0.513065 0.278978
vt 0.501227 0.726047
vt 0.504459 0.268526
vt 0.508477 0.272935
vt 0.494725 0.730065
vt 0.489385 0.732771
vt 0.533833 0.271532
vt 0.518014 0.740179
vt 0.531892 0.260056
vt 0.532167 0.251012
vt 0.512058 0.750210
vt 0.509095 0.758761
vt 0.554720 0.261626
vt 0.555333 0.249415
vt 0.530064 0.768326
vt 0.533885 0.756769
vt 0.711203 0.319452
vt 0.714955 0.323686
vt 0.109871 0.679845
vt 0.106145 0.683972
vt 0.736863 0.305360
vt 0.739523 0.310240
vt 0.131212 0.698911
vt 0.132908 0.702791
vt 0.767334 0.293323
vt 0.764796 0.296715
vt 0.158746 0.714609
vt 0.157934 0.717154
vt 0.794954 0.284815
vt 0.795190 0.287484
vt 0.072891 0.943873
vt 0.070646 0.955293
vt 0.051170 0.956445
vt 0.050835 0.946401
vt 0.755143 0.031474
vt 0.758274 0.021929
vt 0.776676 0.028478
vt 0.775640 0.040080
vt 0.027327 0.944459
vt 0.016039 0.929650
vt 0.025998 0.924434
vt 0.033282 0.935210
vt 0.735130 0.037295
vt 0.725089 0.045599
vt 0.716981 0.037817
vt 0.732001 0.026755
vt 0.034579 0.917088
vt 0.026725 0.901003
vt 0.719208 0.068280
vt 0.731313 0.055037
vt 0.044889 0.919174
vt 0.741839 0.055950
vt 0.059647 0.916901
vt 0.755397 0.062285
vt 0.047736 0.890476
vt 0.061353 0.893852
vt 0.750592 0.084876
vt 0.736546 0.084248
vt 0.079361 0.900274
vt 0.769682 0.083800
vt 0.083188 0.921354
vt 0.100987 0.905257
vt 0.791827 0.085116
vt 0.779246 0.064631
vt 0.129840 0.899261
vt 0.107599 0.928139
vt 0.804563 0.064976
vt 0.817814 0.098996
vt 0.116024 0.886047
vt 0.125108 0.888853
vt 0.810388 0.107647
vt 0.800909 0.107830
vt 0.130401 0.883441
vt 0.124462 0.879689
vt 0.131927 0.878010
vt 0.813989 0.120268
vt 0.807104 0.116414
vt 0.814088 0.114430
vt 0.140695 0.891854
vt 0.826169 0.109203
vt 0.150516 0.917800
vt 0.129369 0.942570
vt 0.829482 0.057236
vt 0.842808 0.086972
vt 0.171054 0.952396
vt 0.137522 0.966847
vt 0.188376 0.966292
vt 0.145241 0.983278
vt 0.872171 0.059512
vt 0.844132 0.036222
vt 0.856250 0.022700
vt 0.892801 0.051270
vt 0.897901 0.074131
vt 0.917881 0.070796
vt 0.919788 0.097629
vt 0.941457 0.088707
vt 0.887879 0.076045
vt 0.877622 0.071028
vt 0.181330 0.935919
vt 0.179585 0.942875
vt 0.165584 0.925643
vt 0.859407 0.083660
vt 0.877369 0.078192
vt 0.151656 0.906031
vt 0.840607 0.098622
vt 0.191394 0.929312
vt 0.190879 0.940951
vt 0.885173 0.087336
vt 0.902136 0.094000
vt 0.173754 0.918713
vt 0.865312 0.092594
vt 0.165409 0.900978
vt 0.852406 0.107318
vt 0.145188 0.881757
vt 0.827673 0.120209
vt 0.100462 0.878624
vt 0.783895 0.110545
vt 0.081070 0.874904
vt 0.764259 0.108627
vt 0.066663 0.863552
vt 0.747288 0.115411
vt 0.115702 0.745064
vt 0.113398 0.732317
vt 0.138282 0.732226
vt 0.138127 0.745137
vt 0.163978 0.736866
vt 0.174635 0.728144
vt 0.172189 0.740930
vt 0.165599 0.742022
vt 0.808604 0.261022
vt 0.814741 0.264018
vt 0.813653 0.277267
vt 0.805596 0.265714
vt 0.779565 0.262436
vt 0.783056 0.249985
vt 0.098857 0.653185
vt 0.121566 0.673119
vt 0.749328 0.319518
vt 0.722491 0.333526
vt 0.142162 0.694223
vt 0.774361 0.303796
vt 0.164219 0.707205
vt 0.798854 0.296007
vt 0.180987 0.720438
vt 0.818189 0.286620
vt 0.186913 0.726504
vt 0.180923 0.733355
vt 0.821279 0.273822
vt 0.825428 0.282065
vt 0.183785 0.747328
vt 0.827743 0.260904
vt 0.168148 0.763917
vt 0.817120 0.240464
vt 0.144914 0.764814
vt 0.119801 0.761647
vt 0.794970 0.232891
vt 0.092074 0.848333
vt 0.091318 0.830310
vt 0.761548 0.154356
vt 0.767362 0.137267
vt 0.105023 0.852917
vt 0.781079 0.136560
vt 0.118151 0.868080
vt 0.797938 0.125744
vt 0.110486 0.837999
vt 0.782175 0.152478
vt 0.124692 0.839758
vt 0.796323 0.154829
vt 0.098480 0.800602
vt 0.133148 0.815974
vt 0.797819 0.180082
vt 0.760148 0.184937
vt 0.105216 0.776676
vt 0.153499 0.791242
vt 0.810529 0.209740
vt 0.760308 0.210578
vt 0.174419 0.778221
vt 0.827076 0.228233
vt 0.141173 0.821475
vt 0.807078 0.177077
vt 0.162390 0.799193
vt 0.821295 0.204489
vt 0.180874 0.789305
vt 0.836347 0.219195
vt 0.131360 0.854162
vt 0.139940 0.861467
vt 0.817004 0.138293
vt 0.806739 0.142854
vt 0.142825 0.839370
vt 0.813636 0.160289
vt 0.141225 0.863981
vt 0.818969 0.136246
vt 0.151814 0.847278
vt 0.824473 0.155208
vt 0.153634 0.825765
vt 0.820252 0.176423
vt 0.166715 0.809158
vt 0.828238 0.196063
vt 0.183147 0.799455
vt 0.841360 0.209973
vt 0.162361 0.833010
vt 0.830660 0.171878
vt 0.176241 0.817857
vt 0.839821 0.190308
vt 0.185757 0.812266
vt 0.847430 0.198336
vt 0.157964 0.851241
vt 0.831483 0.153112
vt 0.155794 0.862699
vt 0.832581 0.141483
vt 0.176671 0.883393
vt 0.858348 0.127353
vt 0.181718 0.902102
vt 0.868344 0.110769
vt 0.209601 0.927647
vt 0.204086 0.913664
vt 0.892999 0.105868
vt 0.926994 0.121696
vt 0.944105 0.105968
vt 0.209537 0.895091
vt 0.193479 0.890510
vt 0.876446 0.125154
vt 0.893142 0.125175
vt 0.184982 0.870968
vt 0.862903 0.141598
vt 0.172945 0.854625
vt 0.846823 0.153999
vt 0.167684 0.838991
vt 0.837445 0.167599
vt 0.180663 0.823534
vt 0.188035 0.819556
vt 0.845665 0.186057
vt 0.851647 0.191938
vt 0.188476 0.834111
vt 0.856107 0.178012
vt 0.188995 0.827020
vt 0.854657 0.184999
vt 0.202090 0.847263
vt 0.872830 0.169091
vt 0.215981 0.863320
vt 0.890622 0.157458
vt 0.229051 0.876878
vt 0.241154 0.907713
vt 0.906930 0.148010
vt 0.264810 0.900155
vt 0.253551 0.927368
vt 0.254692 0.886452
vt 0.934263 0.145726
vt 0.947726 0.135220
vt 0.240607 0.867269
vt 0.915435 0.160362
vt 0.268121 0.855582
vt 0.938828 0.179030
vt 0.225449 0.849710
vt 0.896004 0.173112
vt 0.209833 0.834653
vt 0.876817 0.183331
vt 0.193379 0.823084
vt 0.857774 0.190019
vt 0.191858 0.815011
vt 0.854069 0.197397
vt 0.227205 0.825242
vt 0.890947 0.197115
vt 0.198554 0.802084
vt 0.856924 0.211708
vt 0.202989 0.791853
vt 0.858338 0.222833
vt 0.221735 0.809166
vt 0.881274 0.211110
vt 0.238442 0.837608
vt 0.905188 0.188264
vt 0.251538 0.852418
vt 0.921911 0.177567
vt 0.287333 0.829668
vt 0.950335 0.209122
vt 0.240089 0.815821
vt 0.263156 0.827467
vt 0.900821 0.209629
vt 0.926302 0.204650
vt 0.214971 0.801039
vt 0.872474 0.217140
vt 0.889893 0.238524
vt 0.210418 0.784275
vt 0.863483 0.232127
vt 0.194177 0.765869
vt 0.842795 0.245603
vt 0.203144 0.760661
vt 0.850124 0.253078
vt 0.200728 0.738803
vt 0.842045 0.273729
vt 0.164083 0.687442
vt 0.143776 0.676132
vt 0.771652 0.321859
vt 0.794071 0.315591
vt 0.098497 0.644416
vt 0.720001 0.341959
vt 0.126568 0.660267
vt 0.751143 0.333136
vt 0.118679 0.643427
vt 0.739410 0.347553
vt 0.108707 0.626009
vt 0.725547 0.362175
vt 0.119785 0.616869
vt 0.110143 0.610172
vt 0.110672 0.605857
vt 0.122682 0.601833
vt 0.117018 0.608070
vt 0.734116 0.373339
vt 0.723433 0.383078
vt 0.723568 0.378666
vt 0.729855 0.382173
vt 0.735812 0.389570
vt 0.124325 0.633844
vt 0.742571 0.358051
vt 0.130805 0.604356
vt 0.128559 0.609249
vt 0.740924 0.381788
vt 0.742040 0.385962
vt 0.144623 0.654643
vt 0.767394 0.342961
vt 0.160495 0.668491
vt 0.168678 0.673903
vt 0.786106 0.333371
vt 0.795314 0.330019
vt 0.189401 0.657556
vt 0.175075 0.656486
vt 0.797331 0.348765
vt 0.811442 0.350984
vt 0.199277 0.659937
vt 0.821627 0.350813
vt 0.224915 0.748278
vt 0.231284 0.721138
vt 0.867339 0.298613
vt 0.868006 0.270699
vt 0.223374 0.766379
vt 0.871284 0.252775
vt 0.237449 0.785006
vt 0.260850 0.802883
vt 0.917347 0.227574
vt 0.280865 0.808999
vt 0.938338 0.227093
vt 0.294707 0.821173
vt 0.955220 0.219306
vt 0.305013 0.810549
vt 0.962250 0.232418
vt 0.312245 0.798467
vt 0.965868 0.246111
vt 0.315078 0.781636
vt 0.963773 0.263046
vt 0.250081 0.718175
vt 0.248945 0.740577
vt 0.889227 0.284299
vt 0.884925 0.306249
vt 0.248442 0.762863
vt 0.266029 0.754288
vt 0.270514 0.771642
vt 0.894542 0.262686
vt 0.918090 0.259836
vt 0.909164 0.275352
vt 0.255469 0.777239
vt 0.269444 0.793542
vt 0.905164 0.250716
vt 0.923059 0.238800
vt 0.286570 0.796516
vt 0.276212 0.786154
vt 0.927517 0.247483
vt 0.940391 0.240505
vt 0.212548 0.647313
vt 0.199371 0.641292
vt 0.817244 0.369213
vt 0.831612 0.366254
vt 0.853717 0.352174
vt 0.841911 0.337363
vt 0.238364 0.680459
vt 0.230769 0.666044
vt 0.234529 0.664223
vt 0.242072 0.675987
vt 0.867161 0.345254
vt 0.856973 0.354864
vt 0.864533 0.339958
vt 0.181586 0.702300
vt 0.215835 0.677606
vt 0.201079 0.718711
vt 0.248057 0.693290
vt 0.231909 0.701665
vt 0.224348 0.689715
vt 0.814571 0.305004
vt 0.837382 0.293480
vt 0.863233 0.317687
vt 0.876992 0.329842
vt 0.853061 0.327528
vt 0.209383 0.697462
vt 0.840399 0.316296
vt 0.651482 0.288043
vt 0.645803 0.295678
vt 0.630252 0.287282
vt 0.639909 0.270275
vt 0.615411 0.781535
vt 0.613266 0.762106
vt 0.630862 0.761072
vt 0.632971 0.769875
vt 0.627674 0.271733
vt 0.643820 0.246583
vt 0.637241 0.264626
vt 0.604870 0.775202
vt 0.610846 0.785577
vt 0.610085 0.804656
vt 0.647413 0.297561
vt 0.653690 0.290035
vt 0.870316 0.351787
vt 0.871688 0.354436
vt 0.863832 0.358923
vt 0.862116 0.357288
vt 0.240129 0.663173
vt 0.246501 0.670419
vt 0.245384 0.672158
vt 0.238481 0.665838
vt 0.861206 0.354261
vt 0.869552 0.349809
vt 0.220687 0.640340
vt 0.838021 0.374973
vt 0.628101 0.319993
vt 0.624477 0.731638
vt 0.632421 0.319205
vt 0.846022 0.377018
vt 0.844295 0.381434
vt 0.602961 0.326999
vt 0.603938 0.713871
vt 0.606440 0.332537
vt 0.823751 0.390687
vt 0.822537 0.397765
vt 0.225247 0.640583
vt 0.228729 0.640544
vt 0.842645 0.375925
vt 0.210440 0.621199
vt 0.211557 0.624566
vt 0.825353 0.387921
vt 0.569797 0.332185
vt 0.788625 0.390829
vt 0.790037 0.383445
vt 0.210545 0.626418
vt 0.824831 0.386083
vt 0.194788 0.637518
vt 0.194516 0.633999
vt 0.810680 0.375407
vt 0.811781 0.372009
vt 0.184409 0.641565
vt 0.802666 0.365748
vt 0.186280 0.636670
vt 0.803273 0.371078
vt 0.182126 0.627219
vt 0.796955 0.379665
vt 0.176630 0.622922
vt 0.176730 0.633000
vt 0.163508 0.652436
vt 0.785296 0.349912
vt 0.793137 0.372439
vt 0.164273 0.626086
vt 0.779357 0.375794
vt 0.136340 0.622270
vt 0.156496 0.637281
vt 0.751399 0.371839
vt 0.774781 0.362741
vt 0.551063 0.341298
vt 0.157742 0.613949
vt 0.150799 0.617290
vt 0.524831 0.348545
vt 0.768987 0.384404
vt 0.766542 0.392780
vt 0.764037 0.379759
vt 0.559204 0.237772
vt 0.529509 0.780560
vt 0.572812 0.237093
vt 0.574736 0.227913
vt 0.809243 0.276851
vt 0.578332 0.243778
vt 0.541798 0.786009
vt 0.549288 0.781865
vt 0.170670 0.727504
vt 0.587780 0.230305
vt 0.540176 0.794970
vt 0.552939 0.797746
vt 0.165666 0.732411
vt 0.805935 0.270571
vt 0.140932 0.728181
vt 0.780933 0.267080
vt 0.111566 0.725627
vt 0.755612 0.255317
vt 0.751943 0.261220
vt 0.580866 0.217296
vt 0.584601 0.203679
vt 0.600887 0.207062
vt 0.594728 0.221287
vt 0.569069 0.223153
vt 0.567443 0.212762
vt 0.555752 0.808581
vt 0.555646 0.823871
vt 0.539560 0.820381
vt 0.541649 0.806705
vt 0.527767 0.805240
vt 0.533571 0.796636
vt 0.596774 0.247046
vt 0.599726 0.236344
vt 0.567411 0.785831
vt 0.566097 0.796779
vt 0.621243 0.246834
vt 0.607070 0.231157
vt 0.589688 0.795471
vt 0.570760 0.804344
vt 0.657713 0.227037
vt 0.638437 0.224158
vt 0.617611 0.211246
vt 0.596460 0.823039
vt 0.615101 0.828009
vt 0.572440 0.826685
vt 0.544853 0.220276
vt 0.546846 0.234053
vt 0.518514 0.777163
vt 0.510807 0.788747
vt 0.522415 0.236346
vt 0.523113 0.249722
vt 0.503800 0.752845
vt 0.497490 0.764662
vt 0.570627 0.197976
vt 0.524642 0.819822
vt 0.547216 0.197883
vt 0.503564 0.810039
vt 0.519148 0.213507
vt 0.484936 0.783988
vt 0.693628 0.165338
vt 0.707171 0.166448
vt 0.707456 0.178237
vt 0.694580 0.180094
vt 0.979902 0.284313
vt 0.994416 0.282937
vt 0.708420 0.198910
vt 0.695475 0.204564
vt 0.701748 0.209381
vt 0.314952 0.763840
vt 0.699029 0.217103
vt 0.955879 0.294779
vt 0.957615 0.279760
vt 0.949401 0.290626
vt 0.942054 0.296443
vt 0.297706 0.793151
vt 0.289869 0.787463
vt 0.304342 0.780529
vt 0.287635 0.767544
vt 0.286016 0.779711
vt 0.950213 0.246823
vt 0.941060 0.249977
vt 0.953019 0.260697
vt 0.935186 0.256258
vt 0.295795 0.778664
vt 0.944304 0.259937
vt 0.306590 0.769509
vt 0.310328 0.749692
vt 0.302820 0.753710
vt 0.951997 0.271629
vt 0.943658 0.284789
vt 0.933435 0.268246
vt 0.298271 0.767734
vt 0.943637 0.270880
vt 0.303994 0.741215
vt 0.281214 0.753291
vt 0.923421 0.280104
vt 0.292362 0.753293
vt 0.933907 0.282785
vt 0.265214 0.731485
vt 0.902617 0.297179
vt 0.292102 0.726973
vt 0.284005 0.725637
vt 0.282368 0.738680
vt 0.919412 0.307314
vt 0.927748 0.307267
vt 0.920808 0.294421
vt 0.667345 0.278605
vt 0.669984 0.274555
vt 0.685569 0.241286
vt 0.692656 0.233198
vt 0.890982 0.342133
vt 0.886340 0.343905
vt 0.920890 0.316437
vt 0.279078 0.713923
vt 0.286385 0.716768
vt 0.260197 0.681601
vt 0.263829 0.684797
vt 0.263258 0.693911
vt 0.252022 0.689816
vt 0.912540 0.317600
vt 0.892248 0.332973
vt 0.880169 0.334251
vt 0.274439 0.700233
vt 0.270360 0.702566
vt 0.901281 0.326338
vt 0.904765 0.329544
vt 0.260968 0.713835
vt 0.894608 0.313230
vt 0.265029 0.705650
vt 0.896723 0.322102
vt 0.671367 0.229215
vt 0.657535 0.258949
vt 0.672737 0.253671
vt 0.678130 0.258575
vt 0.627439 0.798721
vt 0.628365 0.831421
vt 0.639408 0.809592
vt 0.644781 0.788989
vt 0.646329 0.807227
vt 0.646214 0.826563
vt 0.679847 0.201709
vt 0.678233 0.187137
vt 0.624839 0.859785
vt 0.640011 0.863083
vt 0.617559 0.872218
vt 0.630063 0.883865
vt 0.681283 0.172812
vt 0.615500 0.886735
vt 0.682362 0.159264
vt 0.625850 0.897385
vt 0.612208 0.900032
vt 0.010538 0.911301
vt 0.706511 0.053918
vt 0.001018 0.903729
vt 0.006377 0.869482
vt 0.008654 0.881159
vt 0.006437 0.896959
vt 0.698453 0.066565
vt 0.695962 0.082392
vt 0.690394 0.092952
vt 0.695226 0.058516
vt 0.007905 0.933100
vt 0.710143 0.032229
vt 0.663833 0.199908
vt 0.664243 0.183154
vt 0.609702 0.855210
vt 0.603431 0.870757
vt 0.643926 0.199218
vt 0.646414 0.174606
vt 0.591425 0.848032
vt 0.583865 0.871586
vt 0.621197 0.188088
vt 0.566328 0.849204
vt 0.625311 0.162880
vt 0.559901 0.873813
vt 0.603906 0.183268
vt 0.609558 0.154126
vt 0.548706 0.846645
vt 0.541968 0.875386
vt 0.587721 0.178768
vt 0.591433 0.150066
vt 0.532223 0.844166
vt 0.523787 0.871655
vt 0.572183 0.176896
vt 0.568346 0.140099
vt 0.517442 0.839488
vt 0.498689 0.871209
vt 0.549479 0.174796
vt 0.517357 0.156483
vt 0.496097 0.831931
vt 0.459382 0.834981
vt 0.518996 0.186828
vt 0.484190 0.163708
vt 0.473736 0.808171
vt 0.432576 0.814468
vt 0.669178 0.145945
vt 0.663284 0.153900
vt 0.591750 0.897779
vt 0.594610 0.907432
vt 0.662729 0.159684
vt 0.668593 0.171118
vt 0.602977 0.883633
vt 0.593310 0.892041
vt 0.652988 0.163515
vt 0.585564 0.884393
vt 0.633854 0.151892
vt 0.563291 0.887204
vt 0.611778 0.138909
vt 0.537789 0.889996
vt 0.596282 0.133906
vt 0.521565 0.888184
vt 0.575342 0.117754
vt 0.495789 0.894313
vt 0.517357 0.144120
vt 0.454222 0.846168
vt 0.476015 0.147831
vt 0.418511 0.825315
vt 0.434534 0.123845
vt 0.428201 0.156383
vt 0.419547 0.156603
vt 0.416120 0.124869
vt 0.408678 0.149331
vt 0.406314 0.115736
vt 0.354903 0.819991
vt 0.371631 0.792711
vt 0.379178 0.796857
vt 0.371050 0.828952
vt 0.342152 0.823989
vt 0.358707 0.794365
vt 0.022439 0.950710
vt 0.729061 0.019389
vt 0.414973 0.089268
vt 0.407725 0.086582
vt 0.330957 0.851031
vt 0.338641 0.851727
vt 0.664262 0.131558
vt 0.655665 0.146290
vt 0.640880 0.121025
vt 0.581113 0.901186
vt 0.582676 0.918089
vt 0.557065 0.918102
vt 0.644132 0.094562
vt 0.549094 0.943426
vt 0.285425 0.886769
vt 0.304546 0.879860
vt 0.980537 0.165517
vt 0.963979 0.153695
vt 0.677517 0.084329
vt 0.672416 0.095015
vt 0.668991 0.085731
vt 0.568133 0.961627
vt 0.575075 0.954621
vt 0.575312 0.966443
vt 0.651106 0.083687
vt 0.550980 0.956106
vt 0.445307 0.083385
vt 0.363468 0.870114
vt 0.494249 0.114256
vt 0.438084 0.159819
vt 0.459779 0.126571
vt 0.465033 0.090096
vt 0.496338 0.089560
vt 0.394992 0.837425
vt 0.389475 0.798205
vt 0.420841 0.863418
vt 0.412269 0.886642
vt 0.384185 0.872543
vt 0.548525 0.087726
vt 0.539602 0.072988
vt 0.458694 0.910518
vt 0.444230 0.920414
vt 0.583238 0.083505
vt 0.583710 0.066590
vt 0.488725 0.928560
vt 0.482247 0.943982
vt 0.606306 0.095078
vt 0.514668 0.927450
vt 0.609305 0.069776
vt 0.507102 0.951451
vt 0.616789 0.101971
vt 0.527172 0.925516
vt 0.623095 0.076527
vt 0.522486 0.951115
vt 0.049909 0.960331
vt 0.758148 0.017845
vt 0.419253 0.068839
vt 0.424585 0.073470
vt 0.340546 0.870163
vt 0.333747 0.872036
vt 0.436800 0.048600
vt 0.438942 0.053078
vt 0.344697 0.894797
vt 0.340817 0.897893
vt 0.456665 0.067638
vt 0.366948 0.889261
vt 0.454513 0.057310
vt 0.360541 0.897811
vt 0.268736 0.905658
vt 0.952986 0.130954
vt 0.630072 0.066983
vt 0.653308 0.078289
vt 0.660063 0.075211
vt 0.555680 0.967446
vt 0.550800 0.961849
vt 0.637517 0.059520
vt 0.260396 0.929886
vt 0.951334 0.105269
vt 0.942974 0.082924
vt 0.919408 0.065296
vt 0.896034 0.047505
vt 0.190346 0.970861
vt 0.148320 0.990213
vt 0.861193 0.016946
vt 0.067045 0.958620
vt 0.774149 0.024264
vt 0.452432 0.047075
vt 0.354167 0.906334
vt 0.469859 0.071085
vt 0.464621 0.057600
vt 0.380372 0.891614
vt 0.013685 0.871195
vt 0.697963 0.093306
vt 0.010721 0.856110
vt 0.690578 0.107409
vt 0.419296 0.173034
vt 0.429862 0.166765
vt 0.493534 0.218631
vt 0.478835 0.200322
vt 0.444653 0.175650
vt 0.443145 0.779042
vt 0.463894 0.768529
vt 0.402164 0.787128
vt 0.385276 0.788363
vt 0.456345 0.188857
vt 0.418176 0.780235
vt 0.458747 0.208374
vt 0.447762 0.194897
vt 0.412868 0.771207
vt 0.427667 0.763680
vt 0.434723 0.181362
vt 0.396124 0.777929
vt 0.410647 0.162218
vt 0.366535 0.783508
vt 0.379067 0.777871
vt 0.417515 0.176557
vt 0.685336 0.122739
vt 0.689128 0.123431
vt 0.421396 0.183006
vt 0.419596 0.184281
vt 0.693086 0.129410
vt 0.692387 0.130466
vt 0.429640 0.185790
vt 0.694770 0.138300
vt 0.689438 0.142024
vt 0.451624 0.204767
vt 0.441699 0.194157
vt 0.702480 0.151237
vt 0.710795 0.163999
vt 0.714205 0.172322
vt 0.702122 0.157561
vt 0.425527 0.187977
vt 0.697157 0.134281
vt 0.432712 0.198073
vt 0.707213 0.141962
vt 0.045429 0.805989
vt 0.052005 0.799591
vt 0.058790 0.805470
vt 0.052528 0.808636
vt 0.718137 0.163883
vt 0.722952 0.168925
vt 0.079209 0.815543
vt 0.054991 0.849171
vt 0.732153 0.125829
vt 0.745628 0.165053
vt 0.035814 0.826555
vt 0.033929 0.816290
vt 0.025804 0.843467
vt 0.017300 0.833352
vt 0.023508 0.830835
vt 0.034846 0.843207
vt 0.711439 0.125715
vt 0.702998 0.122701
vt 0.022789 0.849589
vt 0.013175 0.839905
vt 0.701294 0.116260
vt 0.037121 0.873368
vt 0.030583 0.858501
vt 0.721501 0.097588
vt 0.711255 0.109895
vt 0.502566 0.246070
vt 0.483616 0.747490
vt 0.083460 0.722497
vt 0.086699 0.719614
vt 0.090998 0.730314
vt 0.733406 0.250955
vt 0.726236 0.259937
vt 0.723914 0.256200
vt 0.073279 0.723553
vt 0.065762 0.730967
vt 0.061718 0.724210
vt 0.072817 0.720668
vt 0.713194 0.254810
vt 0.703570 0.248207
vt 0.709372 0.242883
vt 0.714455 0.252181
vt 0.096037 0.746824
vt 0.081999 0.790398
vt 0.741298 0.189970
vt 0.083576 0.772751
vt 0.074244 0.771872
vt 0.075035 0.760595
vt 0.068419 0.779351
vt 0.737944 0.207259
vt 0.726511 0.216784
vt 0.728698 0.205613
vt 0.725027 0.196743
vt 0.472969 0.222756
vt 0.446845 0.756229
vt 0.061168 0.778737
vt 0.717814 0.195328
vt 0.062604 0.769120
vt 0.716693 0.205064
vt 0.079318 0.754806
vt 0.074162 0.753840
vt 0.084222 0.740856
vt 0.080158 0.733089
vt 0.076932 0.742010
vt 0.729832 0.238751
vt 0.742831 0.236781
vt 0.723751 0.245035
vt 0.723209 0.235502
vt 0.071776 0.736705
vt 0.716756 0.239083
vt 0.057482 0.729749
vt 0.058341 0.731645
vt 0.702450 0.240086
vt 0.701088 0.241663
vt 0.058193 0.748996
vt 0.054171 0.749295
vt 0.054737 0.740641
vt 0.703385 0.221974
vt 0.707192 0.223369
vt 0.701525 0.230432
vt 0.063555 0.749173
vt 0.071972 0.748149
vt 0.712430 0.224712
vt 0.723916 0.223181
vt 0.720220 0.228143
vt 0.065793 0.738532
vt 0.067424 0.741916
vt 0.711546 0.235585
vt 0.714075 0.232807
vt 0.729235 0.223503
vt 0.073280 0.718511
vt 0.713019 0.257016
vt 0.474079 0.250707
vt 0.481593 0.268847
vt 0.477512 0.266926
vt 0.474002 0.257913
vt 0.462708 0.724741
vt 0.469698 0.718056
vt 0.474206 0.718032
vt 0.459725 0.731302
vt 0.503259 0.263015
vt 0.492373 0.266007
vt 0.487585 0.256905
vt 0.491392 0.732423
vt 0.474597 0.731372
vt 0.482778 0.725138
vt 0.761488 0.243696
vt 0.769779 0.228722
vt 0.750590 0.225366
vt 0.056947 0.370655
vt 0.041963 0.379815
vt 0.042199 0.354982
vt 0.057893 0.351903
vt 0.089989 0.346854
vt 0.079090 0.340480
vt 0.115981 0.321532
vt 0.100985 0.319448
vt 0.125380 0.294435
vt 0.141997 0.292519
vt 0.270587 0.274052
vt 0.263777 0.244768
vt 0.276097 0.245066
vt 0.284347 0.280367
vt 0.290691 0.318793
vt 0.277709 0.308246
vt 0.031270 0.340672
vt 0.028032 0.372187
vt 0.237328 0.190427
vt 0.253124 0.191529
vt 0.239982 0.212543
vt 0.223106 0.218728
vt 0.023041 0.323590
vt 0.010129 0.345468
vt 0.207889 0.203312
vt 0.207022 0.228702
vt 0.019658 0.300439
vt 0.004520 0.313397
vt 0.185952 0.227336
vt 0.191766 0.246399
vt 0.020362 0.273046
vt 0.003494 0.278675
vt 0.166464 0.256055
vt 0.177668 0.269865
vt 0.022446 0.243676
vt 0.004620 0.240568
vt 0.146954 0.288767
vt 0.163656 0.295730
vt 0.074921 0.161905
vt 0.059994 0.141115
vt 0.078840 0.154143
vt 0.163002 0.401503
vt 0.140102 0.402312
vt 0.163895 0.392866
vt 0.054042 0.301780
vt 0.044024 0.294846
vt 0.035101 0.263732
vt 0.034374 0.247569
vt 0.175786 0.298883
vt 0.185080 0.285658
vt 0.041664 0.275419
vt 0.196891 0.279339
vt 0.209308 0.264238
vt 0.221491 0.263766
vt 0.064791 0.302865
vt 0.081674 0.292704
vt 0.097390 0.270338
vt 0.241152 0.313542
vt 0.239932 0.286238
vt 0.122984 0.269806
vt 0.141913 0.279777
vt 0.262444 0.327705
vt 0.283780 0.329465
vt 0.160121 0.239965
vt 0.138585 0.239519
vt 0.160493 0.220744
vt 0.259388 0.361533
vt 0.277729 0.372838
vt 0.179013 0.205081
vt 0.160962 0.189375
vt 0.271150 0.049501
vt 0.265785 0.026497
vt 0.311362 0.737203
vt 0.155488 0.151244
vt 0.226007 0.445243
vt 0.147911 0.136139
vt 0.211466 0.453871
vt 0.165972 0.167448
vt 0.243611 0.437311
vt 0.141266 0.179634
vt 0.127475 0.209848
vt 0.142699 0.144811
vt 0.145420 0.147343
vt 0.211762 0.443764
vt 0.215423 0.443097
vt 0.135755 0.150619
vt 0.124644 0.145984
vt 0.197184 0.433049
vt 0.209047 0.435136
vt 0.146348 0.153918
vt 0.140758 0.151630
vt 0.219761 0.438058
vt 0.213812 0.436977
vt 0.135566 0.173636
vt 0.119807 0.159605
vt 0.114881 0.151284
vt 0.126320 0.164603
vt 0.191826 0.423322
vt 0.200479 0.418966
vt 0.221381 0.415638
vt 0.208684 0.418264
vt 0.094806 0.176180
vt 0.188370 0.391542
vt 0.116751 0.193486
vt 0.216210 0.388772
vt 0.049774 0.211528
vt 0.076628 0.194226
vt 0.169404 0.337536
vt 0.182758 0.366556
vt 0.055141 0.246164
vt 0.192540 0.311235
vt 0.064781 0.275008
vt 0.070762 0.279557
vt 0.216173 0.292105
vt 0.082542 0.267350
vt 0.067405 0.221137
vt 0.098880 0.240468
vt 0.117238 0.236421
vt 0.189432 0.338920
vt 0.226374 0.339576
vt 0.239715 0.352846
vt 0.207818 0.359087
vt 0.073419 0.255724
vt 0.213095 0.313000
vt 0.223664 0.291479
vt 0.227041 0.308103
vt 0.083964 0.232785
vt 0.209649 0.337985
vt 0.093736 0.213977
vt 0.093429 0.229919
vt 0.254142 0.228649
vt 0.267095 0.221386
vt 0.231155 0.268607
vt 0.216109 0.345443
vt 0.251347 0.416282
vt 0.230258 0.413375
vt 0.234091 0.380785
vt 0.243537 0.392895
vt 0.643334 0.058720
vt 0.630974 0.038372
vt 0.625518 0.041373
vt 0.615798 0.022012
vt 0.612757 0.028774
vt 0.604509 0.019691
vt 0.603302 0.027802
vt 0.591785 0.025649
vt 0.588502 0.018572
vt 0.246573 0.943337
vt 0.246998 0.949347
vt 0.218027 0.955115
vt 0.217798 0.960867
vt 0.200002 0.945686
vt 0.227634 0.929079
vt 0.235634 0.955690
vt 0.234075 0.950529
vt 0.224360 0.944388
vt 0.609181 0.032026
vt 0.619286 0.042738
vt 0.622611 0.050513
vt 0.613278 0.063367
vt 0.585856 0.059328
vt 0.540782 0.056949
vt 0.605565 0.055201
vt 0.612449 0.051820
vt 0.591482 0.054581
vt 0.612085 0.044497
vt 0.593791 0.042578
vt 0.603026 0.033062
vt 0.562352 0.040023
vt 0.499561 0.071639
vt 0.468029 0.051740
vt 0.493423 0.048307
vt 0.520651 0.049485
vt 0.587694 0.031850
vt 0.570523 0.027049
vt 0.541144 0.032880
vt 0.562458 0.015161
vt 0.562461 0.021553
vt 0.557034 0.024073
vt 0.534765 0.024688
vt 0.519896 0.003902
vt 0.525310 0.017479
vt 0.507256 0.031222
vt 0.471859 0.009893
vt 0.482587 0.019423
vt 0.473186 0.026103
vt 0.463759 0.021412
vt 0.115139 0.997038
vt 0.115940 0.989240
vt 0.090168 0.974184
vt 0.087352 0.978248
vt 0.094895 0.959332
vt 0.122205 0.964029
vt 0.096593 0.990155
vt 0.098145 0.985926
vt 0.106555 0.973894
vt 0.487807 0.001018
vt 0.503534 0.016964
vt 0.498493 0.022983
vt 0.524954 0.963122
vt 0.533656 0.975368
vt 0.528707 0.972218
vt 0.519913 0.973939
vt 0.519261 0.969938
vt 0.510320 0.983551
vt 0.513988 0.988600
vt 0.510102 0.977947
vt 0.493595 0.990471
vt 0.493484 0.997738
vt 0.473662 0.984119
vt 0.467614 0.989021
vt 0.502591 0.972240
vt 0.477519 0.974522
vt 0.509686 0.970161
vt 0.502381 0.966245
vt 0.508522 0.959197
vt 0.501848 0.961745
vt 0.481445 0.951316
vt 0.486820 0.958577
vt 0.488705 0.963289
vt 0.445681 0.976104
vt 0.442149 0.981330
vt 0.467325 0.970165
vt 0.409838 0.965241
vt 0.397990 0.975096
vt 0.370418 0.902129
vt 0.370156 0.908703
vt 0.407462 0.904127
vt 0.380524 0.914549
vt 0.387409 0.908677
vt 0.424463 0.961950
vt 0.438118 0.965256
vt 0.458198 0.957920
vt 0.411678 0.923601
vt 0.419352 0.935840
vt 0.415837 0.944258
vt 0.400475 0.928298
vt 0.438261 0.935778
vt 0.438022 0.940605
vt 0.455411 0.946064
vt 0.434281 0.954440
vt 0.434835 0.944531
vt 0.456549 0.949126
vt 0.801133 0.031430
vt 0.828533 0.034880
vt 0.831313 0.001018
vt 0.829833 0.008670
vt 0.800751 0.015901
vt 0.799228 0.011243
vt 0.811191 0.003366
vt 0.813382 0.010777
vt 0.388220 0.956163
vt 0.367143 0.963958
vt 0.364069 0.934513
vt 0.353559 0.934847
vt 0.389196 0.936541
vt 0.355275 0.948682
vt 0.369548 0.945232
vt 0.408708 0.953370
vt 0.387577 0.944262
vt 0.814873 0.022384
vn -0.997716 0.038870 -0.055239
vn 0.000000 0.635915 -0.771759
vn 0.000000 0.206199 -0.978510
vn -0.993367 0.040224 -0.107725
vn 0.993367 0.040225 -0.107722
vn 0.997716 0.038870 -0.055240
vn -0.000000 0.401837 -0.915711
vn -0.000000 0.819878 -0.572539
vn -0.981389 0.155726 -0.112360
vn 0.981389 0.155726 -0.112358
vn 0.996324 0.085382 -0.007010
vn -0.996324 0.085383 -0.007010
vn 0.999465 0.032485 -0.003720
vn 0.998636 0.049967 0.015139
vn 0.000000 0.897068 -0.441892
vn -0.140039 0.989353 -0.039618
vn 0.998677 0.051280 0.003918
vn 0.999981 0.003231 0.005277
vn 0.999202 0.039926 0.001409
vn 0.999986 0.000687 0.005164
vn 0.998685 0.050716 0.007458
vn 0.999283 0.036193 -0.011126
vn 0.999916 0.009739 -0.008524
vn 0.999999 0.001153 0.001345
vn 0.999988 0.000848 0.004723
vn 0.998463 0.055118 0.005814
vn 0.998630 0.051086 -0.011366
vn 0.999024 0.036800 -0.024414
vn 0.999999 -0.000784 0.000753
vn 0.996230 0.079083 -0.035654
vn 0.996000 0.089324 0.002116
vn 0.998165 0.057518 0.018926
vn 0.999409 0.022669 0.025853
vn 0.999365 0.009101 0.034454
vn 0.999164 -0.012213 0.039022
vn 0.999282 0.028529 0.024934
vn 0.868650 -0.082719 0.488473
vn 0.288489 0.199208 0.936531
vn 0.999349 0.000249 0.036092
vn -0.431188 -0.169238 0.886248
vn 0.967719 0.038681 0.249046
vn 0.987109 0.092212 0.130812
vn 0.960794 0.246601 0.126742
vn -0.998401 0.052878 0.019971
vn 0.495803 0.858316 0.132187
vn -0.337278 0.941221 -0.018620
vn -0.565422 0.760964 -0.318171
vn -0.665981 0.598656 -0.445063
vn -0.718991 0.680877 -0.139493
vn -0.560729 0.823327 0.087838
vn -0.999810 -0.008251 0.017691
vn -0.999645 -0.004956 0.026181
vn -0.999679 -0.004355 0.024966
vn -0.999922 0.003753 0.011936
vn -0.999637 -0.010722 0.024705
vn -0.999742 0.000751 0.022713
vn -0.997697 0.067363 0.008002
vn -0.997261 0.073941 0.001879
vn -0.999986 -0.002494 0.004611
vn -0.998566 0.049638 -0.020046
vn -0.999214 0.031240 -0.024406
vn -0.999984 0.001523 0.005465
vn -0.998223 0.058487 0.011406
vn -0.999349 0.035430 -0.006841
vn -0.998628 0.052343 0.001591
vn -0.998392 0.055954 0.009119
vn -0.998962 0.043814 -0.012489
vn -0.998894 0.046070 -0.009438
vn -0.999875 0.013175 -0.008794
vn -0.999779 -0.003781 0.020704
vn -0.998841 0.048117 -0.001090
vn -0.999982 0.006070 0.000265
vn -0.999991 -0.000483 0.004222
vn -0.998906 -0.015512 0.044125
vn -0.998237 -0.041364 0.042561
vn -0.999988 -0.000907 0.004808
vn -0.999904 -0.010339 0.009264
vn -0.999871 -0.003971 0.015573
vn -0.999851 0.001523 0.017204
vn -0.999985 0.002538 0.004858
vn -0.999884 0.005513 0.014215
vn -0.999753 -0.007494 0.020931
vn -0.999900 -0.010746 0.009147
vn -0.999899 0.004878 0.013356
vn -0.999901 -0.012340 0.006776
vn -0.999985 0.003431 0.004329
vn -0.999909 0.008435 0.010511
vn -0.999989 0.002218 0.004116
vn -0.999945 -0.001142 0.010413
vn -0.999991 0.000934 0.004074
vn -0.999963 -0.002666 0.008237
vn -0.999991 0.000162 0.004250
vn -0.999958 -0.002983 0.008701
vn -0.999638 -0.015710 0.021839
vn -0.999764 -0.006293 0.020777
vn -0.999933 0.001230 0.011519
vn -0.999789 0.014957 0.014078
vn -0.996647 0.003892 0.081727
vn -0.999534 0.001159 0.030507
vn 0.783439 0.066365 0.617914
vn -0.999991 -0.001768 0.003782
vn -0.999931 -0.006535 0.009771
vn -0.998777 0.001789 0.049418
vn -0.999550 -0.003924 0.029753
vn -0.999721 -0.007167 0.022505
vn -0.999041 -0.022271 0.037699
vn 0.822695 0.019904 0.568134
vn 0.921191 -0.084187 0.379894
vn 0.946550 -0.185021 0.264216
vn 0.986439 0.015437 0.163399
vn 0.969649 -0.113988 0.216305
vn -0.995930 0.011104 0.089446
vn 0.882872 -0.283052 0.374725
vn -0.998834 -0.032277 0.035892
vn 0.929860 -0.244390 0.275016
vn 0.998255 -0.054481 0.022768
vn 0.994997 -0.099619 0.007613
vn 0.994527 -0.102723 -0.019059
vn 0.999758 -0.021123 0.006146
vn 0.999898 -0.013436 0.004917
vn 0.997431 -0.060336 0.038625
vn 0.999985 0.000500 0.005474
vn 0.999292 -0.022976 0.029803
vn 0.995639 -0.089753 -0.025459
vn 0.996430 -0.076892 -0.034863
vn 0.999911 0.003683 0.012835
vn 0.999892 0.005312 0.013713
vn 0.996422 -0.084241 -0.006776
vn 0.999817 -0.004387 0.018615
vn 0.999185 -0.001643 0.040341
vn 0.999979 0.003597 0.005358
vn 0.999293 -0.012345 0.035510
vn 0.999332 0.003425 0.036379
vn 0.998760 -0.029616 0.040014
vn 0.998541 -0.026489 0.047049
vn 0.998282 -0.038999 0.043739
vn 0.998504 -0.026270 0.047953
vn 0.999422 0.001350 0.033979
vn 0.999992 0.001416 0.003643
vn 0.997418 -0.056934 0.043766
vn 0.999806 -0.017534 0.008967
vn 0.999994 0.000067 0.003365
vn 0.999982 -0.003511 0.004777
vn 0.999996 0.000031 0.002836
vn 0.999996 0.000325 0.002883
vn 0.999992 0.001604 0.003618
vn 0.999902 0.006050 0.012660
vn 0.999995 0.000324 0.003035
vn 0.999992 0.001885 0.003626
vn 0.999996 0.000042 0.002996
vn 0.999986 0.000855 0.005162
vn 0.999990 0.000133 0.004433
vn 0.989717 -0.006401 0.142899
vn -0.996339 -0.004388 0.085375
vn 0.985823 -0.087624 0.143089
vn -0.996423 -0.052058 0.066564
vn 0.944551 -0.269119 0.188146
vn -0.994308 -0.097612 0.042714
vn -0.145385 -0.927624 0.344061
vn -0.993946 -0.107204 0.024036
vn -0.603159 -0.783289 0.150524
vn -0.992883 -0.116730 0.023634
vn -0.152405 -0.984379 -0.088148
vn -0.997341 -0.072842 0.002426
vn -0.631901 -0.739886 -0.230802
vn -0.546296 -0.782070 -0.299878
vn -0.996405 -0.081893 -0.021688
vn 0.650146 -0.729537 -0.212334
vn -0.998123 -0.057979 -0.019746
vn -0.976850 0.162083 0.139616
vn 0.995023 0.076080 0.064353
vn -0.960941 0.276235 0.016924
vn 0.933670 0.357375 0.023337
vn 0.000002 0.923850 -0.382756
vn -0.854034 0.466388 -0.230452
vn 0.854035 0.466387 -0.230453
vn -0.885957 0.423899 -0.188120
vn 0.885958 0.423898 -0.188120
vn -0.872366 0.473259 -0.122485
vn 0.872367 0.473259 -0.122484
vn -0.902331 0.427662 -0.053879
vn 0.880099 0.471626 -0.054718
vn -0.939415 0.340724 -0.037512
vn 0.905559 0.422093 -0.042427
vn -0.966483 -0.131393 0.220559
vn -0.972654 -0.136104 0.188203
vn 0.954149 -0.184810 0.235469
vn -0.960872 -0.214157 0.175678
vn 0.958385 -0.236682 0.159626
vn -0.821690 -0.382391 0.422615
vn 0.001038 -0.792581 0.609765
vn 0.821284 -0.382585 0.423227
vn -0.570841 -0.499409 0.651714
vn 0.000209 -0.665982 0.745968
vn -0.371268 -0.580502 0.724691
vn -0.000169 -0.707834 0.706379
vn -0.853059 -0.107968 0.510522
vn -0.928146 -0.127816 0.349582
vn -0.473750 -0.778525 0.411655
vn 0.000432 -0.854736 0.519063
vn -0.392671 -0.890236 0.230846
vn -0.000003 -0.968635 0.248489
vn 0.473090 -0.778557 0.412353
vn 0.392670 -0.890236 0.230845
vn -0.701059 0.712315 -0.033514
vn -0.965872 0.258570 0.015266
vn -0.904278 0.361512 -0.227137
vn 0.904277 0.361513 -0.227139
vn 0.964863 0.262354 0.014491
vn 0.708395 0.702313 -0.070234
vn -0.764819 -0.593355 0.250962
vn -0.349255 -0.922821 0.162552
vn 0.349255 -0.922820 0.162553
vn 0.764821 -0.593353 0.250961
vn -0.579920 -0.710714 -0.398219
vn -0.950668 -0.307916 0.037668
vn 0.950667 -0.307918 0.037667
vn 0.579919 -0.710714 -0.398220
vn -0.785451 0.017668 -0.618672
vn -0.608302 0.662768 -0.436700
vn 0.608304 0.662767 -0.436700
vn 0.785451 0.017667 -0.618672
vn -0.085984 0.993953 0.068291
vn -0.613784 0.700908 0.363315
vn 0.381101 0.726754 0.571481
vn 0.797102 -0.044735 0.602186
vn 0.406194 -0.878776 0.250517
vn -0.477618 0.459860 0.748605
vn 0.308656 0.066562 0.948842
vn 0.558535 0.663690 0.497549
vn -0.912688 -0.373495 -0.165836
vn -0.771177 -0.633508 -0.062885
vn 0.200008 0.962850 0.181430
vn -0.783333 0.614208 -0.095590
vn -0.560222 -0.687028 0.462758
vn 0.513249 -0.819253 0.255735
vn 0.904780 0.062740 0.421233
vn -0.034624 -0.996293 -0.078749
vn -0.513247 -0.819254 0.255735
vn -0.406193 -0.878776 0.250517
vn 0.034620 -0.996294 -0.078744
vn -0.559727 -0.736249 -0.380320
vn 0.559727 -0.736250 -0.380319
vn -0.209571 -0.974819 0.076215
vn 0.468400 -0.820512 0.327660
vn -0.468398 -0.820513 0.327660
vn 0.209568 -0.974819 0.076217
vn -0.398619 -0.895961 0.195847
vn 0.369852 -0.794033 0.482412
vn -0.369853 -0.794033 0.482412
vn 0.398615 -0.895963 0.195849
vn -0.706542 -0.679079 -0.199122
vn 0.706542 -0.679080 -0.199122
vn -0.808061 -0.582716 -0.086491
vn 0.808060 -0.582716 -0.086491
vn -0.902421 0.039990 -0.428996
vn -0.914363 -0.037110 -0.403192
vn 0.914362 -0.037108 -0.403193
vn 0.902421 0.039991 -0.428996
vn -0.850791 -0.016068 -0.525258
vn 0.850791 -0.016068 -0.525258
vn -0.566857 0.697336 -0.438629
vn 0.566857 0.697336 -0.438629
vn -0.462864 0.792801 -0.396513
vn 0.462864 0.792801 -0.396513
vn -0.189029 0.909301 -0.370729
vn 0.189029 0.909301 -0.370729
vn 0.447485 0.894253 0.008307
vn 0.321521 0.945828 -0.045086
vn -0.321522 0.945828 -0.045086
vn -0.447487 0.894252 0.008308
vn 0.722188 0.611904 0.322518
vn 0.212119 0.977034 -0.020254
vn 0.085983 0.993953 0.068294
vn -0.212120 0.977034 -0.020253
vn 0.875015 0.045172 0.481985
vn 0.782510 0.551881 0.288280
vn -0.782510 0.551880 0.288281
vn -0.722187 0.611904 0.322520
vn -0.904779 0.062742 0.421235
vn -0.875015 0.045174 0.481983
vn 0.803079 0.475898 0.358587
vn 0.829764 -0.016507 0.557871
vn -0.803080 0.475897 0.358586
vn -0.829764 -0.016507 0.557870
vn -0.521742 -0.831370 0.191335
vn 0.164296 -0.841349 0.514916
vn -0.164294 -0.841350 0.514916
vn 0.521740 -0.831371 0.191338
vn -0.597141 -0.792012 0.127044
vn -0.142496 -0.874806 0.463043
vn -0.268775 -0.886997 0.375495
vn -0.650156 -0.756314 0.072704
vn 0.142498 -0.874807 0.463041
vn 0.597140 -0.792012 0.127044
vn -0.797655 -0.596413 -0.089653
vn 0.797655 -0.596413 -0.089650
vn -0.794644 -0.598310 -0.102791
vn 0.794644 -0.598310 -0.102790
vn -0.902300 -0.114552 -0.415612
vn 0.902300 -0.114551 -0.415611
vn 0.003045 0.940907 -0.338652
vn -0.003045 0.940907 -0.338653
vn -0.783272 -0.616045 -0.083508
vn 0.783069 -0.616459 -0.082352
vn 0.650567 -0.755961 0.072697
vn -0.904469 -0.183707 -0.384952
vn 0.904469 -0.183706 -0.384952
vn -0.906594 -0.266100 -0.327533
vn 0.906594 -0.266100 -0.327534
vn -0.122312 0.900802 -0.416648
vn 0.189129 0.962935 -0.192319
vn 0.122312 0.900803 -0.416645
vn -0.189126 0.962935 -0.192319
vn 0.486502 0.873670 0.003955
vn -0.486504 0.873670 0.003954
vn 0.719811 -0.241963 0.650635
vn 0.798481 0.472339 0.373262
vn -0.719811 -0.241965 0.650634
vn -0.798481 0.472338 0.373263
vn 0.493355 0.869814 -0.004967
vn -0.493354 0.869815 -0.004972
vn 0.574297 0.814791 0.079363
vn -0.574296 0.814791 0.079372
vn 0.599564 -0.390100 0.698817
vn 0.611444 -0.377381 0.695500
vn -0.599565 -0.390101 0.698816
vn 0.754549 0.550867 0.356653
vn 0.814121 0.361428 0.454508
vn 0.779263 0.180912 0.600017
vn -0.779262 0.180909 0.600019
vn -0.814119 0.361429 0.454511
vn -0.754550 0.550867 0.356651
vn 0.800988 0.494718 0.337155
vn 0.847747 0.179012 0.499279
vn -0.800990 0.494718 0.337150
vn -0.847748 0.179011 0.499278
vn 0.815072 0.400960 0.418197
vn 0.640378 0.750497 0.163308
vn -0.640377 0.750498 0.163309
vn -0.348168 0.933252 -0.088427
vn 0.614454 0.777193 0.135711
vn 0.347261 0.933547 -0.088884
vn 0.355444 0.933597 -0.045350
vn -0.920956 -0.056699 -0.385519
vn 0.921292 -0.059392 -0.384310
vn 0.811446 -0.564633 -0.150813
vn -0.923739 -0.046192 -0.380227
vn -0.546273 -0.830070 0.112115
vn -0.811731 -0.563702 -0.152752
vn -0.929625 -0.002336 -0.368500
vn -0.800409 -0.568669 -0.189633
vn -0.796647 -0.577060 -0.179873
vn -0.636832 -0.770686 -0.022099
vn -0.620707 -0.783961 -0.011326
vn 0.577677 -0.438482 0.688493
vn -0.124907 -0.793563 0.595530
vn 0.016767 -0.818542 0.574202
vn 0.797990 0.437933 0.414038
vn 0.625437 0.240555 0.742268
vn 0.735708 0.413292 0.536586
vn 0.309176 0.950967 0.008524
vn 0.607675 0.683827 0.403871
vn 0.602547 0.727532 0.328076
vn 0.605878 0.778017 0.166137
vn -0.985474 -0.053415 0.161208
vn 0.991372 -0.084158 0.100490
vn 0.951223 -0.160815 0.263272
vn 0.999676 -0.002963 0.025279
vn 0.999875 0.011676 0.010635
vn 0.999505 -0.023435 0.021008
vn 0.999971 -0.005394 0.005446
vn 0.941831 -0.116188 0.315365
vn 0.998751 -0.019559 0.045968
vn 0.999994 -0.002386 0.002327
vn -0.735550 -0.049374 0.675669
vn -0.357531 0.580627 0.731467
vn 0.366410 -0.575921 0.730793
vn 0.567090 -0.502943 0.652270
vn 0.617079 0.679569 0.396737
vn 0.673567 -0.144020 0.724959
vn 0.913367 0.275702 0.299581
vn 0.981536 0.162671 0.100627
vn 0.845685 -0.226306 0.483324
vn 0.976739 0.041172 0.210443
vn 0.939404 -0.193700 0.282843
vn 0.992709 -0.024501 0.118018
vn -0.106821 0.994277 0.001373
vn 0.014646 0.991313 -0.130707
vn -0.582511 0.763937 0.277633
vn -0.483521 0.834745 0.263455
vn -0.620996 0.505144 0.599328
vn -0.422616 0.579801 0.696582
vn -0.310745 0.888017 0.338915
vn -0.705569 0.443278 0.552881
vn -0.729976 0.412952 0.544615
vn -0.037472 -0.806859 0.589555
vn -0.428810 -0.250834 0.867873
vn 0.441947 -0.881278 0.167426
vn 0.421549 -0.812727 0.402207
vn -0.398801 0.069802 0.914377
vn 0.512067 -0.675748 0.530238
vn 0.017030 0.171515 0.985034
vn 0.813863 0.543249 0.206174
vn 0.613057 -0.489872 0.619828
vn 0.869289 -0.494303 0.000561
vn 0.767378 -0.636068 -0.080930
vn 0.958746 -0.234004 -0.161395
vn 0.313069 0.949730 -0.000828
vn 0.875184 -0.440371 -0.200315
vn 0.710422 -0.697971 -0.090212
vn 0.846830 -0.480230 -0.228600
vn 0.953487 -0.083094 -0.289754
vn 0.925576 0.132766 -0.354516
vn 0.656993 -0.750796 -0.068309
vn 0.823180 -0.534312 -0.192055
vn 0.704288 -0.701021 -0.112017
vn 0.567967 -0.822960 -0.012257
vn 0.660440 -0.745857 -0.086693
vn 0.556563 -0.829617 0.044421
vn 0.735142 -0.642281 -0.216891
vn 0.783755 -0.595253 -0.177206
vn 0.862974 0.325687 -0.386269
vn 0.917964 -0.020641 -0.396126
vn 0.876289 -0.346924 -0.334307
vn -0.486712 0.865324 0.119692
vn -0.673538 0.680689 0.288113
vn -0.231541 0.959403 -0.161041
vn -0.504191 0.863578 -0.004906
vn -0.602285 0.791068 0.107069
vn -0.815387 0.401323 0.417235
vn -0.683298 0.709284 0.173265
vn -0.786098 0.450256 0.423460
vn -0.807109 0.430754 0.403765
vn 0.585577 -0.806616 0.080440
vn -0.342475 -0.677595 0.650827
vn 0.259641 -0.883948 0.388873
vn -0.657543 -0.296074 0.692804
vn -0.599458 -0.416523 0.683491
vn -0.682995 -0.661286 0.310192
vn -0.924578 -0.258618 0.279773
vn 0.682999 -0.661282 0.310191
vn -0.000001 -0.991075 -0.133310
vn 0.118050 -0.986147 -0.116525
vn -0.118046 -0.986148 -0.116523
vn 0.921327 0.287071 -0.262195
vn 0.967431 0.153263 -0.201462
vn 0.852019 -0.371227 0.369126
vn 0.842801 -0.523808 0.123738
vn -0.842803 -0.523806 0.123738
vn -0.852019 -0.371227 0.369126
vn -0.967432 0.153261 -0.201462
vn -0.921329 0.287068 -0.262194
vn 0.719523 -0.632238 0.287337
vn 0.649991 -0.756373 0.073565
vn -0.649994 -0.756370 0.073566
vn -0.719523 -0.632237 0.287337
vn 0.904822 0.379218 -0.193624
vn 0.805395 -0.561266 -0.190576
vn -0.805397 -0.561262 -0.190577
vn -0.904824 0.379215 -0.193622
vn 0.868930 0.283520 -0.405682
vn 0.737583 -0.424424 -0.525200
vn -0.737583 -0.424427 -0.525199
vn -0.868929 0.283520 -0.405683
vn 0.887008 -0.058266 -0.458064
vn 0.916714 0.239657 -0.319686
vn -0.916715 0.239655 -0.319685
vn -0.887008 -0.058266 -0.458064
vn 0.863054 0.487850 -0.130918
vn -0.863055 0.487848 -0.130918
vn 0.819148 0.488955 -0.299865
vn -0.819147 0.488957 -0.299865
vn 0.801177 0.353131 -0.483129
vn -0.801177 0.353130 -0.483130
vn 0.939909 -0.023053 -0.340645
vn 0.987716 0.044812 -0.149700
vn -0.987716 0.044810 -0.149701
vn -0.939910 -0.023056 -0.340643
vn 0.995524 0.060050 -0.072981
vn -0.995524 0.060050 -0.072984
vn 0.975847 0.079232 -0.203580
vn 0.972373 -0.005410 -0.233369
vn 0.967653 -0.093516 -0.234313
vn 0.995944 -0.009941 -0.089421
vn -0.995944 -0.009943 -0.089425
vn -0.967653 -0.093516 -0.234312
vn -0.972373 -0.005408 -0.233369
vn -0.975847 0.079230 -0.203580
vn 0.978023 0.010374 -0.208240
vn -0.978023 0.010376 -0.208240
vn 0.988763 -0.031003 -0.146245
vn 0.983740 -0.039486 -0.175206
vn -0.983740 -0.039486 -0.175207
vn -0.988763 -0.031003 -0.146244
vn 0.987870 0.001150 -0.155279
vn 0.806005 0.048558 -0.589913
vn -0.806005 0.048558 -0.589913
vn -0.987870 0.001150 -0.155279
vn 0.870759 -0.148148 -0.468861
vn -0.870761 -0.148146 -0.468858
vn 0.932072 -0.067253 -0.355975
vn -0.932072 -0.067251 -0.355978
vn 0.924577 -0.258620 0.279775
vn 0.961282 0.273365 0.034752
vn -0.961283 0.273362 0.034749
vn 0.960293 -0.031590 0.277198
vn 0.873555 0.006781 0.486679
vn -0.873554 0.006785 0.486680
vn -0.960289 -0.031587 0.277212
vn 0.948698 0.185901 0.255759
vn -0.948697 0.185901 0.255763
vn 0.815334 0.209948 0.539585
vn -0.815333 0.209947 0.539587
vn 0.841388 0.120338 0.526864
vn -0.841395 0.120340 0.526852
vn 0.821417 0.299632 0.485278
vn -0.821424 0.299626 0.485271
vn -0.412122 -0.903511 0.117568
vn 0.412126 -0.903510 0.117565
vn -0.573271 -0.792753 -0.207129
vn 0.573267 -0.792757 -0.207128
vn -0.128189 -0.837669 -0.530923
vn -0.000001 -0.904750 -0.425943
vn -0.287847 -0.921674 -0.260116
vn 0.128187 -0.837670 -0.530920
vn 0.287850 -0.921673 -0.260117
vn -0.564478 -0.672092 -0.479225
vn 0.564476 -0.672097 -0.479221
vn -0.362662 -0.653864 -0.664032
vn -0.000002 -0.717244 -0.696822
vn -0.750965 -0.430256 -0.500930
vn 0.362662 -0.653864 -0.664032
vn 0.750967 -0.430256 -0.500927
vn 0.963744 -0.054793 -0.261142
vn -0.963745 -0.054792 -0.261141
vn 0.589998 -0.409247 -0.696002
vn -0.000001 -0.511319 -0.859391
vn 0.898794 -0.230026 -0.373173
vn -0.589998 -0.409248 -0.696001
vn -0.898793 -0.230028 -0.373174
vn 0.000000 -0.335423 -0.942068
vn 0.613788 -0.245854 -0.750213
vn 0.951105 -0.139174 -0.275735
vn -0.613789 -0.245854 -0.750213
vn -0.951105 -0.139174 -0.275735
vn 0.535097 0.014496 -0.844666
vn 0.000000 -0.105590 -0.994410
vn -0.535097 0.014496 -0.844666
vn 0.600839 0.260262 -0.755815
vn -0.000000 0.293095 -0.956083
vn -0.600839 0.260262 -0.755815
vn 0.606611 0.522400 -0.599267
vn 0.000000 0.623016 -0.782209
vn -0.606611 0.522400 -0.599267
vn -0.898396 -0.164661 -0.407150
vn 0.898395 -0.164662 -0.407153
vn -0.968265 -0.083427 -0.235589
vn 0.968265 -0.083426 -0.235589
vn -0.992177 -0.003377 -0.124790
vn 0.992177 -0.003376 -0.124791
vn -0.976773 -0.079964 -0.198798
vn 0.976773 -0.079963 -0.198798
vn -0.912168 -0.004257 -0.409794
vn -0.992114 -0.004553 -0.125257
vn -0.993734 0.031495 -0.107241
vn 0.912169 -0.004258 -0.409793
vn 0.993734 0.031495 -0.107239
vn 0.992114 -0.004552 -0.125259
vn -0.948793 0.079484 -0.305735
vn 0.948794 0.079483 -0.305733
vn -0.959643 0.168894 -0.224855
vn 0.959644 0.168893 -0.224855
vn -0.993532 0.071084 -0.088556
vn 0.993532 0.071082 -0.088555
vn -0.849250 -0.295850 -0.437318
vn 0.849250 -0.295849 -0.437318
vn -0.924433 0.121002 -0.361638
vn 0.924433 0.121002 -0.361638
vn -0.925598 -0.061142 -0.373537
vn 0.925597 -0.061141 -0.373539
vn -0.797154 -0.477373 -0.369676
vn 0.797154 -0.477372 -0.369677
vn -0.809573 0.547592 -0.211506
vn -0.914626 0.372336 -0.157563
vn 0.914626 0.372335 -0.157564
vn 0.809574 0.547591 -0.211505
vn -0.729984 0.601633 -0.324285
vn 0.000001 0.857315 -0.514793
vn 0.729984 0.601633 -0.324284
vn -0.951439 0.249488 -0.180333
vn -0.901101 0.279590 -0.331431
vn -0.940040 0.316281 -0.127634
vn 0.951439 0.249488 -0.180333
vn 0.901101 0.279590 -0.331431
vn 0.940040 0.316281 -0.127634
vn -0.863268 0.457784 -0.212608
vn 0.863268 0.457784 -0.212608
vn -0.854164 0.497592 -0.151015
vn 0.854164 0.497593 -0.151014
vn -0.887447 0.452233 -0.089015
vn 0.887447 0.452233 -0.089015
vn -0.895725 0.399740 -0.194639
vn 0.895725 0.399741 -0.194640
vn -0.966776 -0.158406 -0.200626
vn 0.966776 -0.158406 -0.200630
vn -0.878774 0.369251 0.302342
vn 0.878774 0.369248 0.302346
vn -0.742740 -0.665242 -0.076091
vn 0.742741 -0.665241 -0.076092
vn -0.822616 -0.315480 0.473050
vn -0.399599 -0.910976 0.102199
vn 0.399599 -0.910975 0.102200
vn 0.822614 -0.315480 0.473052
vn 0.587647 0.580907 0.563221
vn 0.365818 0.734684 0.571329
vn 0.338514 0.614578 0.712532
vn 0.545531 0.412679 0.729446
vn -0.545531 0.412678 0.729447
vn -0.338514 0.614578 0.712533
vn -0.365819 0.734684 0.571328
vn -0.587647 0.580907 0.563221
vn 0.859869 0.326968 0.392067
vn 0.859095 0.131660 0.494593
vn 0.964793 -0.040480 0.259877
vn 0.990978 -0.051105 0.123902
vn -0.859094 0.131659 0.494594
vn -0.859869 0.326970 0.392067
vn -0.990978 -0.051105 0.123901
vn -0.964792 -0.040481 0.259881
vn 0.920778 0.053300 0.386428
vn 0.726651 0.136331 0.673344
vn -0.726652 0.136333 0.673343
vn -0.920780 0.053303 0.386424
vn 0.710462 -0.116480 -0.694029
vn 0.283968 -0.268601 -0.920443
vn -0.283968 -0.268601 -0.920443
vn -0.710464 -0.116480 -0.694027
vn -0.270522 -0.347092 -0.897967
vn 0.270522 -0.347092 -0.897967
vn -0.528787 -0.547296 -0.648730
vn 0.528787 -0.547296 -0.648730
vn -0.717512 -0.655304 -0.236120
vn 0.717512 -0.655304 -0.236120
vn -0.722641 -0.662363 -0.197649
vn 0.722641 -0.662363 -0.197649
vn -0.582307 -0.762498 -0.281985
vn 0.582307 -0.762498 -0.281985
vn 0.516716 0.823587 0.233902
vn 0.465779 0.825487 0.318779
vn -0.465781 0.825488 0.318777
vn -0.516715 0.823588 0.233897
vn -0.904675 0.426023 0.008275
vn -0.887475 -0.460371 -0.021145
vn -0.215102 0.081741 0.973165
vn 0.188570 0.595548 0.780874
vn 0.587108 0.410036 0.697979
vn 0.666950 0.395875 0.631238
vn -0.666951 0.395875 0.631236
vn -0.587107 0.410039 0.697978
vn 0.215103 0.081741 0.973165
vn -0.188572 0.595547 0.780874
vn -0.793598 0.593775 -0.132790
vn 0.483021 0.700406 0.525473
vn 0.453223 0.678413 0.578226
vn 0.512720 0.564080 0.647250
vn -0.483021 0.700404 0.525475
vn 0.904675 0.426022 0.008276
vn 0.793598 0.593776 -0.132789
vn -0.512718 0.564081 0.647250
vn -0.453222 0.678414 0.578226
vn 0.653969 0.560800 0.507768
vn -0.653969 0.560799 0.507769
vn 0.477421 0.791564 0.381439
vn -0.477421 0.791565 0.381437
vn 0.553785 0.692011 0.463080
vn 0.424321 0.824003 0.375460
vn -0.424317 0.824004 0.375462
vn -0.553786 0.692010 0.463080
vn -0.893042 0.252526 -0.372432
vn 0.893042 0.252527 -0.372432
vn 0.487188 0.491179 0.722074
vn -0.487190 0.491182 0.722071
vn 0.414297 0.515885 0.749814
vn -0.414300 0.515888 0.749810
vn -0.158380 -0.050169 0.986103
vn 0.450686 0.421884 0.786700
vn -0.450685 0.421884 0.786700
vn 0.158387 -0.050174 0.986102
vn 0.390112 0.431151 0.813586
vn -0.390113 0.431152 0.813585
vn 0.388089 0.311625 0.867339
vn 0.069568 -0.109175 0.991585
vn -0.388090 0.311622 0.867340
vn -0.069571 -0.109174 0.991585
vn 0.520309 0.225805 0.823584
vn 0.461367 0.148720 0.874656
vn -0.461608 0.149272 0.874434
vn -0.520308 0.225805 0.823585
vn 0.887474 -0.460372 -0.021146
vn -0.752791 -0.635535 -0.171466
vn 0.752790 -0.635536 -0.171469
vn -0.724621 -0.627925 -0.283964
vn 0.724621 -0.627923 -0.283969
vn -0.801961 -0.506633 -0.316514
vn 0.047005 -0.255853 0.965572
vn -0.043669 -0.253193 0.966430
vn 0.802631 -0.506331 -0.315297
vn -0.801208 -0.124319 0.585329
vn -0.595795 -0.104223 0.796345
vn 0.061433 -0.179673 0.981806
vn -0.685521 -0.202111 0.699437
vn 0.685522 -0.202112 0.699435
vn -0.061428 -0.179674 0.981806
vn 0.595796 -0.104224 0.796344
vn 0.801208 -0.124320 0.585329
vn 0.289397 0.269031 0.918625
vn 0.037411 0.610677 0.790996
vn -0.545030 0.334190 0.768934
vn -0.516547 0.108091 0.849409
vn 0.516552 0.108091 0.849406
vn 0.545032 0.334187 0.768934
vn -0.037413 0.610677 0.790996
vn -0.289393 0.269031 0.918626
vn -0.850970 -0.107780 0.514036
vn -0.763648 0.008211 0.645580
vn 0.763649 0.008210 0.645580
vn 0.850970 -0.107779 0.514036
vn -0.879284 -0.183661 0.439464
vn 0.879284 -0.183661 0.439465
vn -0.844737 -0.158760 0.511092
vn 0.844736 -0.158762 0.511093
vn -0.890421 -0.186380 0.415225
vn -0.906252 -0.072237 0.416520
vn 0.906253 -0.072236 0.416519
vn 0.890422 -0.186380 0.415225
vn -0.875131 -0.097618 0.473936
vn 0.875131 -0.097620 0.473937
vn -0.804994 -0.136489 0.577369
vn -0.833928 -0.198870 0.514796
vn 0.833927 -0.198872 0.514797
vn 0.804993 -0.136151 0.577450
vn -0.811486 -0.076239 0.579377
vn -0.848636 -0.160705 0.503974
vn 0.848798 -0.160413 0.503795
vn 0.811486 -0.076238 0.579378
vn -0.909548 0.053526 0.412138
vn -0.643212 0.161385 0.748487
vn 0.643211 0.161386 0.748488
vn 0.909546 0.053526 0.412142
vn -0.671003 -0.097388 0.735031
vn -0.663119 0.691955 0.285433
vn -0.984018 0.010072 0.177782
vn 0.984018 0.010066 0.177784
vn 0.663121 0.691952 0.285435
vn 0.671003 -0.097390 0.735030
vn -0.689609 -0.266975 0.673174
vn 0.689612 -0.266975 0.673172
vn -0.798042 -0.137829 0.586627
vn -0.824543 -0.201982 0.528518
vn 0.824682 -0.202449 0.528124
vn 0.798042 -0.137829 0.586628
vn -0.559003 -0.577656 0.594836
vn -0.627833 -0.476955 0.615093
vn -0.206330 -0.728106 0.653674
vn -0.319593 -0.682483 0.657326
vn 0.559003 -0.577657 0.594835
vn 0.627411 -0.478233 0.614531
vn 0.320565 -0.681858 0.657501
vn 0.206331 -0.728105 0.653674
vn 0.446940 -0.787532 0.424309
vn 0.398928 -0.832616 0.384197
vn 0.635418 -0.769126 0.068473
vn 0.400126 -0.905945 0.138431
vn 0.652024 -0.730725 0.202252
vn 0.615579 -0.666445 0.420611
vn -0.757596 -0.651496 0.040008
vn -0.615579 -0.666448 0.420607
vn -0.784619 -0.258603 0.563470
vn 0.784616 -0.258602 0.563474
vn 0.757598 -0.651495 0.040009
vn -0.730514 -0.257387 0.632535
vn 0.730515 -0.257388 0.632534
vn -0.751666 -0.651426 0.103166
vn -0.652019 -0.730729 0.202252
vn 0.751666 -0.651425 0.103167
vn 0.719564 -0.693761 0.030384
vn -0.747484 -0.655104 0.110028
vn 0.747483 -0.655105 0.110029
vn -0.816851 -0.554704 0.158295
vn 0.816852 -0.554703 0.158295
vn -0.893023 -0.426685 0.143003
vn 0.893023 -0.426685 0.143005
vn -0.972880 -0.023682 0.230094
vn 0.972880 -0.023684 0.230094
vn -0.973502 -0.033226 0.226254
vn 0.973502 -0.033225 0.226253
vn -0.925861 -0.260168 0.274033
vn 0.925861 -0.260168 0.274033
vn -0.436250 -0.361799 -0.823886
vn -0.214849 -0.112999 -0.970088
vn -0.157882 0.004468 -0.987448
vn -0.377284 -0.325557 -0.866989
vn -0.085830 0.073450 -0.993599
vn -0.814856 -0.075658 -0.574704
vn -0.530371 -0.133496 -0.837189
vn -0.434349 -0.298233 -0.849940
vn 0.434348 -0.298232 -0.849941
vn 0.530372 -0.133496 -0.837189
vn 0.816682 -0.074974 -0.572197
vn 0.085694 0.074979 -0.993496
vn 0.157881 0.004468 -0.987448
vn 0.377281 -0.325554 -0.866991
vn -0.790751 -0.530346 -0.305690
vn -0.667535 -0.688481 -0.283534
vn 0.667534 -0.688481 -0.283534
vn 0.790751 -0.530348 -0.305686
vn -0.665330 -0.558344 -0.495569
vn 0.665330 -0.558344 -0.495568
vn -0.786452 -0.386843 -0.481504
vn 0.786451 -0.386842 -0.481507
vn -0.942439 -0.142663 -0.302416
vn 0.942438 -0.142658 -0.302424
vn -0.968084 -0.017782 -0.249996
vn -0.769440 0.069828 -0.634891
vn 0.769440 0.069828 -0.634891
vn 0.968083 -0.017781 -0.250000
vn -0.735742 -0.056665 -0.674887
vn 0.735743 -0.056667 -0.674886
vn -0.596335 -0.301858 -0.743819
vn 0.596334 -0.301860 -0.743819
vn -0.532115 -0.495680 -0.686407
vn -0.548927 -0.530917 -0.645605
vn 0.528536 -0.493638 -0.690631
vn -0.988299 -0.100269 0.114937
vn -0.859149 -0.455636 0.232936
vn 0.859148 -0.455636 0.232938
vn 0.988300 -0.100269 0.114936
vn -0.997580 0.046577 0.051632
vn 0.997579 0.046578 0.051631
vn -0.933664 0.344714 0.097178
vn 0.933664 0.344715 0.097178
vn -0.955623 -0.288518 0.059511
vn 0.955623 -0.288519 0.059514
vn -0.954201 0.281088 -0.102425
vn 0.954199 0.281092 -0.102425
vn -0.773762 -0.633379 -0.011131
vn -0.893362 -0.427838 -0.137329
vn 0.892447 -0.429704 -0.137454
vn 0.773395 -0.633813 -0.011919
vn -0.694704 -0.647509 -0.313241
vn -0.784463 -0.449129 -0.427669
vn 0.784775 -0.450413 -0.425742
vn 0.701626 -0.660283 -0.267856
vn -0.690816 -0.161177 -0.704837
vn 0.690815 -0.161179 -0.704838
vn -0.873226 0.408794 -0.265264
vn 0.873226 0.408793 -0.265264
vn -0.760185 0.360997 -0.540184
vn 0.760184 0.360997 -0.540186
vn -0.627667 0.108497 -0.770884
vn 0.627666 0.108500 -0.770885
vn -0.863718 0.502051 -0.044005
vn -0.811005 0.569835 -0.132510
vn 0.811005 0.569835 -0.132514
vn 0.863717 0.502051 -0.044009
vn -0.906129 0.402218 -0.130963
vn 0.906130 0.402215 -0.130964
vn -0.996444 -0.022252 -0.081265
vn 0.996444 -0.022255 -0.081263
vn -0.910690 0.356390 -0.208878
vn 0.910688 0.356394 -0.208880
vn -0.870577 0.408279 -0.274599
vn 0.870577 0.408278 -0.274598
vn -0.754501 0.445959 -0.481507
vn 0.754501 0.445959 -0.481507
vn -0.475988 0.339485 -0.811286
vn 0.475987 0.339486 -0.811286
vn -0.933794 0.222994 -0.279827
vn 0.933793 0.222998 -0.279826
vn -0.839026 0.241131 -0.487742
vn 0.839025 0.241133 -0.487742
vn -0.592771 0.243021 -0.767830
vn 0.592771 0.243025 -0.767829
vn -0.964527 -0.127634 -0.231081
vn 0.964527 -0.127632 -0.231080
vn -0.915356 -0.398502 -0.057622
vn 0.915355 -0.398504 -0.057620
vn -0.830154 -0.557280 0.016864
vn 0.830154 -0.557278 0.016865
vn -0.709968 -0.690905 0.136367
vn 0.709968 -0.690904 0.136367
vn -0.719562 -0.693763 0.030387
vn -0.711987 -0.702162 0.006547
vn 0.711988 -0.702161 0.006546
vn 0.703872 -0.701370 -0.112443
vn 0.487589 -0.871846 -0.046271
vn -0.684348 -0.706737 -0.179414
vn -0.680522 -0.722317 -0.123077
vn 0.680523 -0.722317 -0.123076
vn 0.684348 -0.706737 -0.179414
vn -0.755123 -0.627922 -0.188421
vn 0.755124 -0.627922 -0.188420
vn -0.876531 -0.438389 -0.198765
vn 0.876530 -0.438391 -0.198765
vn -0.953807 -0.136649 -0.267543
vn 0.953807 -0.136648 -0.267543
vn -0.919595 -0.055378 -0.388946
vn -0.780567 -0.061591 -0.622030
vn 0.919594 -0.055375 -0.388948
vn 0.780570 -0.061592 -0.622026
vn -0.810479 -0.482157 -0.332640
vn 0.810478 -0.482158 -0.332640
vn -0.692311 -0.447615 -0.565991
vn 0.692311 -0.447614 -0.565992
vn -0.658674 -0.672040 -0.338395
vn 0.658675 -0.672039 -0.338395
vn -0.599584 -0.726040 -0.336696
vn 0.599585 -0.726040 -0.336696
vn -0.703381 -0.655390 -0.275172
vn -0.703873 -0.701370 -0.112442
vn 0.703380 -0.655390 -0.275172
vn -0.527595 -0.818475 -0.227470
vn -0.487590 -0.871846 -0.046268
vn -0.739061 -0.581592 -0.339911
vn 0.739061 -0.581592 -0.339911
vn 0.527595 -0.818475 -0.227470
vn -0.715290 -0.512960 -0.474585
vn 0.715290 -0.512961 -0.474585
vn -0.810181 -0.474925 -0.343589
vn 0.810181 -0.474926 -0.343588
vn -0.462018 -0.630123 -0.624087
vn 0.462018 -0.630123 -0.624087
vn -0.407204 -0.611566 -0.678359
vn 0.407205 -0.611564 -0.678361
vn -0.306423 -0.477800 -0.823293
vn 0.306423 -0.477802 -0.823292
vn -0.303721 -0.323570 -0.896134
vn 0.303724 -0.323574 -0.896132
vn -0.422734 -0.512701 -0.747284
vn 0.422736 -0.512700 -0.747283
vn -0.296195 -0.035473 -0.954469
vn 0.296194 -0.035471 -0.954469
vn -0.580625 -0.018464 -0.813962
vn 0.580626 -0.018458 -0.813962
vn -0.605346 -0.497377 -0.621428
vn 0.605343 -0.497380 -0.621428
vn -0.658214 -0.482660 -0.577749
vn 0.658215 -0.482660 -0.577748
vn -0.771251 -0.416422 -0.481420
vn 0.771251 -0.416423 -0.481419
vn -0.872835 -0.470587 -0.129255
vn 0.872834 -0.470588 -0.129256
vn -0.853565 -0.421261 -0.306538
vn -0.900146 -0.384832 -0.204063
vn 0.853566 -0.421260 -0.306537
vn 0.900145 -0.384833 -0.204063
vn -0.737446 -0.325452 -0.591823
vn 0.737447 -0.325451 -0.591823
vn 0.955163 -0.218316 -0.200007
vn -0.908532 -0.007737 -0.417745
vn 0.908531 -0.007736 -0.417745
vn -0.744364 -0.061821 -0.664907
vn 0.744365 -0.061821 -0.664905
vn -0.946614 0.093441 -0.308529
vn 0.946614 0.093441 -0.308529
vn -0.966151 0.161537 -0.201142
vn 0.966151 0.161538 -0.201143
vn -0.788140 -0.304545 -0.534872
vn -0.536157 -0.599555 -0.594197
vn 0.536157 -0.599557 -0.594195
vn 0.788139 -0.304547 -0.534871
vn -0.874633 -0.069980 -0.479709
vn 0.874634 -0.069980 -0.479706
vn -0.522039 -0.655379 -0.545851
vn 0.522038 -0.655380 -0.545851
vn -0.448298 -0.468344 -0.761369
vn 0.448299 -0.468345 -0.761368
vn -0.750054 -0.212374 -0.626352
vn 0.750054 -0.212371 -0.626352
vn -0.614520 -0.436660 -0.657034
vn -0.556654 0.494600 -0.667464
vn -0.580999 0.442925 -0.682831
vn 0.614520 -0.436660 -0.657034
vn 0.556649 0.494612 -0.667459
vn 0.580994 0.442934 -0.682829
vn -0.367965 -0.538428 -0.758087
vn 0.367965 -0.538428 -0.758088
vn 0.385952 0.737037 -0.554813
vn -0.454673 -0.252183 -0.854211
vn 0.454673 -0.252183 -0.854211
vn -0.385952 0.737037 -0.554813
vn -0.289555 -0.524551 -0.800627
vn 0.289555 -0.524552 -0.800627
vn -0.396971 -0.293786 -0.869542
vn -0.747424 -0.079196 -0.659610
vn 0.396972 -0.293788 -0.869541
vn 0.747424 -0.079196 -0.659610
vn -0.871059 0.068235 -0.486415
vn -0.707603 -0.157869 -0.688749
vn 0.707603 -0.157869 -0.688749
vn 0.871059 0.068237 -0.486416
vn -0.867410 -0.053262 -0.494735
vn 0.867411 -0.053264 -0.494734
vn -0.975010 0.110998 -0.192443
vn -0.940288 0.091170 -0.327943
vn 0.940288 0.091172 -0.327943
vn 0.975010 0.110998 -0.192444
vn -0.975071 0.030373 -0.219803
vn 0.975071 0.030373 -0.219803
vn -0.955163 -0.218316 -0.200006
vn -0.922292 -0.375558 -0.091290
vn 0.922293 -0.375556 -0.091292
vn -0.928737 -0.369388 -0.031630
vn 0.928737 -0.369389 -0.031633
vn -0.789880 -0.563371 -0.242287
vn 0.789880 -0.563371 -0.242287
vn -0.526555 -0.595320 -0.606905
vn 0.526555 -0.595320 -0.606905
vn -0.131355 -0.581360 -0.802973
vn 0.131355 -0.581360 -0.802973
vn 0.338179 -0.534772 -0.774373
vn -0.338178 -0.534774 -0.774372
vn -0.842816 0.014520 -0.538006
vn -0.907211 0.007584 -0.420606
vn 0.907212 0.007585 -0.420606
vn 0.842817 0.014520 -0.538005
vn -0.981631 -0.015650 -0.190149
vn -0.871697 -0.013390 -0.489863
vn -0.920244 -0.232827 -0.314553
vn 0.981631 -0.015651 -0.190149
vn 0.920244 -0.232827 -0.314551
vn 0.871697 -0.013390 -0.489863
vn -0.971183 -0.227820 -0.070018
vn -0.940115 -0.336618 -0.053598
vn 0.971183 -0.227820 -0.070018
vn 0.940115 -0.336617 -0.053600
vn -0.839835 -0.468998 -0.273345
vn -0.906788 -0.384610 -0.172658
vn 0.906789 -0.384609 -0.172657
vn 0.839835 -0.468998 -0.273345
vn -0.840580 0.069038 -0.537270
vn -0.844330 0.091545 -0.527945
vn 0.844330 0.091546 -0.527946
vn 0.840579 0.069038 -0.537271
vn 0.857913 0.064149 -0.509774
vn 0.865591 0.060329 -0.497104
vn -0.827624 0.125464 -0.547080
vn -0.857915 0.064149 -0.509772
vn -0.930943 0.059229 -0.360329
vn -0.930416 0.064329 -0.360815
vn 0.930415 0.064330 -0.360818
vn 0.930943 0.059229 -0.360328
vn 0.827624 0.125465 -0.547080
vn -0.905872 -0.126889 -0.404098
vn -0.865591 0.060330 -0.497104
vn -0.982450 0.046927 -0.180528
vn -0.815084 0.077133 -0.574185
vn -0.877044 0.050004 -0.477801
vn -0.859627 0.123007 -0.495894
vn 0.905872 -0.126889 -0.404098
vn 0.982450 0.046930 -0.180528
vn 0.877044 0.050004 -0.477800
vn 0.815085 0.077133 -0.574184
vn 0.859628 0.123007 -0.495893
vn -0.921102 0.143633 -0.361857
vn 0.921104 0.143633 -0.361854
vn 0.995759 0.067409 -0.062610
vn 0.986449 -0.076722 -0.145027
vn 0.996123 -0.086301 0.017086
vn 0.996753 0.061775 0.051649
vn -0.996753 0.061773 0.051648
vn -0.996123 -0.086302 0.017087
vn -0.986448 -0.076724 -0.145030
vn -0.995759 0.067407 -0.062612
vn 0.982386 -0.009558 0.186621
vn 0.978535 0.068023 0.194529
vn 0.990113 0.055480 0.128835
vn -0.982386 -0.009557 0.186620
vn -0.990113 0.055479 0.128836
vn -0.978536 0.068022 0.194527
vn -0.274109 0.080558 -0.958319
vn -0.348539 0.161036 -0.923357
vn 0.348560 0.161032 -0.923350
vn 0.274111 0.080557 -0.958318
vn -0.869676 0.035887 -0.492317
vn -0.907974 0.079400 -0.411435
vn 0.907977 0.079399 -0.411430
vn 0.869678 0.035888 -0.492314
vn -0.845992 0.122788 -0.518865
vn 0.845992 0.122787 -0.518865
vn 0.988703 0.006448 -0.149749
vn -0.988702 0.006449 -0.149753
vn -0.037385 0.142426 -0.989099
vn 0.037385 0.142426 -0.989099
vn 0.858684 0.504332 0.091161
vn -0.858682 0.504337 0.091158
vn 0.253627 0.762809 -0.594807
vn -0.253628 0.762810 -0.594806
vn -0.831402 0.167780 -0.529737
vn 0.831406 0.167780 -0.529731
vn -0.644951 0.143984 -0.750538
vn 0.644953 0.143979 -0.750537
vn 0.302270 0.851224 -0.429012
vn -0.302273 0.851223 -0.429011
vn -0.780294 0.011395 -0.625309
vn 0.780294 0.011398 -0.625309
vn -0.816587 0.029323 -0.576478
vn -0.769072 -0.119096 -0.627969
vn 0.769072 -0.119092 -0.627969
vn 0.816589 0.029319 -0.576474
vn -0.855254 -0.199944 -0.478083
vn 0.855253 -0.199939 -0.478086
vn -0.764134 -0.257614 -0.591383
vn 0.764137 -0.257617 -0.591378
vn -0.594455 -0.076428 -0.800488
vn 0.594457 -0.076439 -0.800486
vn -0.601697 -0.561942 -0.567611
vn -0.397616 -0.459703 -0.794087
vn 0.397617 -0.459705 -0.794085
vn 0.601695 -0.561943 -0.567612
vn -0.408227 -0.713093 -0.569956
vn 0.408227 -0.713094 -0.569954
vn -0.400187 -0.641402 -0.654564
vn -0.391559 -0.742741 -0.543155
vn 0.400187 -0.641402 -0.654564
vn 0.391559 -0.742741 -0.543155
vn 0.424912 0.553938 -0.715963
vn -0.349612 -0.610472 -0.710701
vn -0.424914 0.553938 -0.715961
vn 0.349612 -0.610472 -0.710701
vn 0.488985 -0.028524 0.871826
vn 0.285913 0.087245 0.954276
vn -0.285610 0.086058 0.954474
vn 0.652581 0.082493 0.753215
vn -0.493714 -0.022776 0.869326
vn -0.653148 0.083075 0.752659
vn 0.620378 0.041764 0.783191
vn -0.623009 0.039707 0.781206
vn 0.571677 0.583030 0.577288
vn -0.569108 0.585764 0.577058
vn 0.634937 0.658463 0.404082
vn -0.634936 0.658465 0.404079
vn 0.641254 0.754770 0.138260
vn 0.214849 -0.113001 -0.970088
vn -0.641254 0.754770 0.138260
vn 0.549162 0.198772 0.811733
vn 0.641610 0.212543 0.736996
vn 0.679528 0.151997 0.717732
vn 0.643032 0.099279 0.759377
vn 0.586032 0.373682 0.718977
vn -0.643665 0.097899 0.759020
vn -0.679529 0.151995 0.717731
vn -0.641609 0.212541 0.736996
vn -0.549448 0.194573 0.812557
vn -0.585582 0.373227 0.719580
vn 0.828661 0.084066 0.553403
vn 0.811023 0.081131 0.579360
vn -0.828661 0.084067 0.553402
vn -0.811021 0.081131 0.579363
vn 0.951536 0.050835 0.303306
vn 0.866555 0.054273 0.496121
vn -0.951537 0.050835 0.303304
vn -0.866555 0.054271 0.496122
vn 0.964700 0.133474 0.227023
vn 0.950018 0.081735 0.301305
vn 0.849334 0.094037 0.519412
vn -0.950019 0.081733 0.301304
vn -0.964700 0.133473 0.227023
vn -0.849335 0.094034 0.519411
vn 0.598676 0.481155 0.640373
vn -0.598673 0.481155 0.640375
vn 0.609599 0.572345 0.548462
vn -0.609598 0.572345 0.548463
vn 0.675501 0.313634 0.667332
vn -0.675500 0.313633 0.667334
vn 0.717709 0.442539 0.537637
vn -0.717708 0.442539 0.537638
vn 0.725804 0.561693 0.397126
vn -0.725804 0.561693 0.397126
vn 0.844823 0.281682 -0.454894
vn -0.844824 0.281683 -0.454893
vn 0.696799 -0.289726 -0.656148
vn 0.972167 0.176173 -0.154449
vn 0.693056 -0.268064 -0.669189
vn 0.532810 -0.207009 -0.820525
vn -0.972167 0.176174 -0.154448
vn -0.696799 -0.289726 -0.656148
vn -0.693052 -0.268062 -0.669194
vn -0.532803 -0.207011 -0.820529
vn -0.493277 -0.654592 -0.572877
vn -0.693286 -0.565125 -0.447200
vn -0.132787 -0.703551 -0.698129
vn -0.700955 -0.364941 -0.612764
vn -0.760963 -0.491365 -0.423670
vn 0.493276 -0.654593 -0.572876
vn 0.693285 -0.565128 -0.447198
vn 0.132787 -0.703550 -0.698130
vn 0.760964 -0.491363 -0.423670
vn -0.495590 -0.630363 -0.597523
vn 0.495589 -0.630360 -0.597526
vn 0.147837 -0.574250 -0.805221
vn 0.008864 -0.376847 -0.926233
vn -0.147832 -0.574249 -0.805223
vn -0.008863 -0.376848 -0.926233
vn 0.700954 -0.364940 -0.612765
vn -0.349182 -0.491066 -0.798076
vn 0.349181 -0.491064 -0.798078
vn -0.697378 -0.138261 -0.703241
vn 0.697377 -0.138262 -0.703242
vn -0.383537 -0.257804 -0.886813
vn 0.383532 -0.257805 -0.886814
vn -0.731546 0.015734 -0.681610
vn 0.731546 0.015733 -0.681610
vn 0.515168 -0.197285 -0.834075
vn -0.406738 -0.142363 -0.902384
vn -0.453195 -0.148240 -0.878999
vn 0.406738 -0.142364 -0.902384
vn -0.515162 -0.197287 -0.834078
vn 0.453190 -0.148240 -0.879002
vn -0.443642 0.149096 -0.883715
vn 0.980349 0.148655 -0.129679
vn 0.969527 0.068991 -0.235070
vn -0.980349 0.148655 -0.129679
vn 0.443656 0.149094 -0.883708
vn -0.969527 0.068991 -0.235070
vn -0.527957 -0.122710 -0.840359
vn -0.721617 -0.087322 -0.686764
vn -0.868815 0.046035 -0.492992
vn 0.527959 -0.122710 -0.840358
vn 0.721621 -0.087323 -0.686759
vn 0.868814 0.046035 -0.492994
vn 0.893454 0.013454 -0.448953
vn -0.607506 -0.154746 -0.779096
vn 0.607509 -0.154746 -0.779093
vn -0.893455 0.013456 -0.448951
vn -0.760898 -0.008098 -0.648821
vn 0.760898 -0.008099 -0.648821
vn -0.729158 -0.101924 -0.676713
vn 0.729156 -0.101923 -0.676715
vn 0.973684 0.179550 0.140365
vn 0.987953 0.127096 0.088288
vn 0.997047 0.063182 -0.043656
vn -0.987954 0.127096 0.088285
vn -0.973684 0.179550 0.140364
vn -0.997047 0.063182 -0.043660
vn 0.940649 0.319769 0.113701
vn 0.762179 0.646984 0.022268
vn -0.940648 0.319769 0.113702
vn -0.762177 0.646985 0.022271
vn 0.562821 0.817963 -0.119038
vn -0.562820 0.817963 -0.119037
vn -0.375842 0.522597 0.765268
vn 0.375841 0.522596 0.765269
vn 0.558119 0.829475 0.021802
vn 0.250951 0.967545 0.029678
vn -0.155533 0.801073 0.578007
vn -0.125394 0.811343 0.570963
vn 0.125391 0.811347 0.570958
vn 0.155530 0.801076 0.578003
vn -0.250951 0.967545 0.029678
vn -0.558119 0.829475 0.021801
vn 0.689589 0.655065 0.308801
vn -0.689590 0.655064 0.308799
vn 0.922511 0.311480 0.227933
vn 0.773477 0.603153 0.194781
vn -0.922511 0.311479 0.227935
vn -0.773476 0.603154 0.194782
vn 0.898485 0.230185 0.373816
vn 0.739745 0.499543 0.450815
vn -0.898486 0.230184 0.373816
vn -0.739747 0.499542 0.450812
vn 0.773007 0.257485 0.579794
vn -0.773008 0.257485 0.579793
vn 0.674132 0.408386 0.615440
vn -0.674133 0.408386 0.615440
vn 0.680889 0.253597 0.687080
vn 0.654247 0.356557 0.666954
vn -0.680888 0.253597 0.687081
vn -0.654247 0.356557 0.666955
vn 0.714925 0.252402 0.652055
vn 0.752051 0.279715 0.596808
vn -0.714925 0.252401 0.652055
vn -0.752050 0.279715 0.596808
vn 0.847750 0.246426 0.469675
vn 0.954480 0.167507 0.246798
vn -0.847750 0.246425 0.469675
vn -0.954480 0.167506 0.246800
vn 0.914944 0.323249 0.241634
vn 0.923053 0.358035 -0.140657
vn -0.914944 0.323249 0.241634
vn -0.923053 0.358035 -0.140655
vn 0.797978 0.599954 -0.057330
vn 0.678739 0.627814 -0.381003
vn -0.797978 0.599954 -0.057331
vn -0.678740 0.627813 -0.381002
vn 0.178586 0.909832 0.374583
vn -0.178589 0.909831 0.374584
vn 0.488608 0.817133 0.305869
vn 0.575186 0.803204 0.154998
vn -0.575184 0.803206 0.154996
vn -0.488608 0.817133 0.305868
vn 0.450422 0.712904 0.537483
vn -0.450422 0.712905 0.537481
vn 0.519656 0.480517 0.706442
vn -0.519657 0.480517 0.706442
vn 0.656997 0.367039 0.658511
vn -0.656998 0.367038 0.658511
vn 0.742320 0.343604 0.575237
vn -0.742319 0.343604 0.575239
vn 0.939145 0.148430 0.309798
vn -0.939145 0.148430 0.309797
vn 0.996710 0.042938 -0.068742
vn -0.996710 0.042939 -0.068741
vn 0.904961 0.353677 -0.236554
vn -0.904961 0.353677 -0.236555
vn 0.790569 0.273293 -0.548007
vn 0.634807 0.481632 -0.604195
vn 0.527496 0.698567 -0.483478
vn 0.719520 0.473864 -0.507684
vn -0.719520 0.473864 -0.507684
vn -0.527496 0.698567 -0.483479
vn -0.634807 0.481632 -0.604194
vn -0.790569 0.273294 -0.548006
vn 0.794774 0.251260 0.552451
vn -0.794777 0.251261 0.552448
vn 0.861987 0.234241 -0.449565
vn -0.861987 0.234242 -0.449565
vn -0.020312 0.463106 0.886070
vn 0.213022 0.609645 0.763515
vn 0.432501 0.471276 0.768662
vn -0.213022 0.609645 0.763514
vn 0.020311 0.463107 0.886070
vn -0.432500 0.471278 0.768662
vn 0.534848 0.443746 0.719046
vn -0.535343 0.444726 0.718071
vn 0.514103 -0.788323 0.338001
vn 0.028590 -0.705892 0.707742
vn -0.028591 -0.705893 0.707741
vn -0.514100 -0.788325 0.338001
vn 0.137540 0.182489 0.973540
vn 0.645692 -0.102007 0.756754
vn -0.645691 -0.102007 0.756755
vn -0.137542 0.182489 0.973540
vn 0.564507 0.388168 0.728462
vn -0.565065 0.389581 0.727275
vn 0.887794 0.127372 -0.442265
vn -0.887794 0.127373 -0.442264
vn 0.962159 0.045737 -0.268622
vn 0.709609 0.558290 -0.429845
vn 0.886900 0.327708 -0.325600
vn 0.912875 0.191754 -0.360403
vn 0.877228 0.032106 -0.478999
vn -0.886899 0.327709 -0.325603
vn -0.709610 0.558289 -0.429845
vn -0.962159 0.045738 -0.268623
vn -0.877227 0.032106 -0.479000
vn -0.912875 0.191754 -0.360403
vn 0.995338 0.070242 -0.066091
vn 0.854486 0.124660 -0.504296
vn -0.995338 0.070242 -0.066092
vn -0.854485 0.124660 -0.504297
vn 0.924337 0.317497 0.211652
vn 0.821145 0.545332 -0.168327
vn -0.924337 0.317497 0.211651
vn -0.820748 0.546205 -0.167431
vn 0.721451 0.473743 0.505050
vn -0.721450 0.473743 0.505052
vn 0.662120 0.677692 0.319890
vn -0.661789 0.679011 0.317774
vn 0.685512 0.427414 0.589398
vn -0.685512 0.427414 0.589399
vn 0.681090 0.574606 0.453811
vn -0.680609 0.576528 0.452092
vn 0.801090 -0.083564 0.592681
vn -0.801093 -0.083564 0.592678
vn 0.963359 -0.004577 -0.268176
vn -0.963359 -0.004577 -0.268176
vn 0.983957 -0.141688 -0.108410
vn -0.983957 -0.141687 -0.108410
vn 0.961091 0.089701 -0.261261
vn -0.960982 0.092890 -0.260549
vn 0.979457 0.004625 -0.201600
vn -0.979617 0.008426 -0.200696
vn 0.658911 -0.752174 0.008378
vn -0.658911 -0.752174 0.008378
vn 0.680503 0.663087 0.311819
vn 0.845344 0.122114 0.520079
vn -0.846456 0.113783 0.520159
vn 0.905078 0.383137 0.184501
vn 0.776775 -0.609210 -0.159638
vn -0.776774 -0.609210 -0.159639
vn -0.706580 -0.546322 0.449752
vn -0.556653 -0.515705 0.651295
vn -0.607272 -0.626824 0.488173
vn 0.600178 -0.626163 0.497701
vn 0.741092 -0.519016 0.425917
vn -0.752385 -0.508132 0.419189
vn 0.813240 0.232969 0.533260
vn -0.813069 0.233775 0.533168
vn 0.926248 0.158406 -0.342013
vn 0.942886 0.310312 -0.121135
vn -0.928192 0.161937 -0.335017
vn -0.751879 0.079258 0.654520
vn 0.751880 0.079257 0.654519
vn -0.685527 0.569523 0.453538
vn 0.685526 0.569524 0.453538
vn 0.558622 0.731829 -0.390343
vn 0.569847 0.665783 -0.481671
vn 0.681797 0.672062 0.288939
vn 0.620574 0.744082 -0.247446
vn 0.605140 0.690139 -0.396880
vn -0.620574 0.744082 -0.247446
vn -0.681797 0.672062 0.288938
vn -0.605141 0.690139 -0.396879
vn -0.569847 0.665783 -0.481671
vn 0.464455 0.723915 -0.510126
vn -0.464454 0.723916 -0.510126
vn -0.052389 0.953621 -0.296417
vn 0.302126 0.797601 -0.522066
vn -0.302128 0.797600 -0.522067
vn 0.052390 0.953621 -0.296414
vn 0.615676 0.676465 -0.404152
vn -0.615676 0.676464 -0.404153
vn -0.558622 0.731829 -0.390343
vn -0.836181 -0.088204 0.541315
vn 0.836181 -0.088206 0.541315
vn 0.484139 0.775938 -0.404388
vn -0.907177 -0.224328 0.355959
vn 0.907177 -0.224330 0.355958
vn -0.484140 0.775938 -0.404387
vn 0.079591 0.889536 -0.449878
vn -0.079597 0.889534 -0.449881
vn -0.914742 0.311774 0.256990
vn -0.805583 0.545333 0.231619
vn 0.805581 0.545337 0.231617
vn 0.914742 0.311774 0.256991
vn -0.900955 -0.338616 0.271328
vn 0.900956 -0.338615 0.271328
vn -0.810692 -0.258100 0.525512
vn 0.810692 -0.258100 0.525512
vn -0.817510 -0.480325 0.317749
vn -0.778944 -0.418932 0.466627
vn 0.778944 -0.418932 0.466628
vn 0.817510 -0.480325 0.317750
vn -0.794298 -0.526590 0.302975
vn -0.839787 -0.383795 0.384004
vn 0.839787 -0.383795 0.384004
vn 0.794298 -0.526590 0.302975
vn -0.827569 -0.395892 0.397993
vn -0.838206 -0.329686 0.434417
vn 0.838206 -0.329686 0.434417
vn 0.827569 -0.395893 0.397992
vn -0.859687 -0.243467 0.449067
vn 0.859688 -0.243467 0.449067
vn -0.871592 -0.217324 0.439429
vn -0.895577 -0.289006 0.338256
vn 0.871592 -0.217325 0.439428
vn 0.895577 -0.289006 0.338256
vn 0.610344 0.645477 0.459173
vn -0.610344 0.645477 0.459173
vn -0.101034 0.054918 -0.993366
vn 0.684742 0.698070 0.209350
vn -0.208223 -0.191409 -0.959169
vn 0.208223 -0.191411 -0.959169
vn -0.684742 0.698070 0.209349
vn 0.101038 0.054916 -0.993366
vn -0.344010 0.155433 -0.926012
vn -0.582845 0.185965 -0.791018
vn 0.364118 0.892100 0.267536
vn -0.021073 0.756070 -0.654152
vn 0.021076 0.756070 -0.654151
vn -0.364118 0.892100 0.267536
vn 0.582840 0.185966 -0.791021
vn 0.344010 0.155433 -0.926012
vn -0.508454 -0.510276 -0.693608
vn -0.811319 -0.574731 0.106982
vn 0.810532 -0.576256 0.104721
vn -0.703688 -0.673050 -0.227655
vn -0.914271 -0.358624 0.188408
vn -0.923746 -0.353568 0.147249
vn -0.929288 -0.303327 0.210754
vn 0.754328 -0.652093 -0.075920
vn 0.924584 -0.349773 0.151007
vn 0.914271 -0.358623 0.188410
vn 0.929288 -0.303326 0.210755
vn 0.403091 0.864267 0.300932
vn -0.403091 0.864267 0.300932
vn -0.844290 0.214791 0.490958
vn 0.844289 0.214794 0.490958
vn -0.619102 -0.649137 -0.441967
vn -0.920609 -0.390434 0.006414
vn -0.353007 -0.441461 -0.824924
vn -0.308524 -0.193785 -0.931268
vn -0.525053 -0.458828 -0.716796
vn 0.355007 -0.444513 -0.822422
vn 0.378492 -0.338039 -0.861669
vn 0.308525 -0.193785 -0.931268
vn 0.524132 -0.464277 -0.713956
vn -0.547943 -0.070615 -0.833530
vn 0.547939 -0.070614 -0.833533
vn -0.232437 0.937779 0.257960
vn -0.928855 0.364159 -0.067947
vn 0.928855 0.364160 -0.067944
vn 0.232436 0.937780 0.257959
vn -0.894046 0.233880 0.382076
vn 0.469332 0.741345 0.479724
vn -0.235059 0.770471 0.592556
vn -0.469334 0.741345 0.479723
vn 0.894044 0.233883 0.382080
vn 0.235059 0.770471 0.592555
vn -0.969118 0.032673 0.244425
vn -0.777076 -0.434102 -0.455750
vn 0.969045 0.032938 0.244678
vn 0.923810 -0.382696 0.010915
vn 0.771670 -0.440024 -0.459244
vn -0.972977 0.198074 -0.118670
vn -0.946047 -0.122139 -0.300128
vn 0.972977 0.198077 -0.118667
vn 0.946044 -0.122144 -0.300135
vn 0.684990 -0.604865 -0.406112
vn 0.606708 0.656406 0.448371
vn -0.606709 0.656405 0.448371
vn 0.591114 0.586160 0.554077
vn -0.591114 0.586160 0.554076
vn 0.374033 -0.345457 -0.860674
vn 0.512916 -0.554957 -0.654935
vn 0.604425 -0.577825 -0.548442
vn -0.948951 0.035526 0.313415
vn -0.916001 -0.140474 0.375778
vn -0.893303 -0.212685 0.395948
vn -0.882066 -0.267566 0.387774
vn -0.870978 -0.290147 0.396500
vn 0.882394 -0.266804 0.387552
vn 0.899158 -0.216290 0.380440
vn 0.870977 -0.290146 0.396502
vn -0.942914 0.302229 0.139895
vn 0.938931 0.004912 0.344071
vn 0.942914 0.302229 0.139896
vn -0.872905 0.487822 0.008093
vn 0.872903 0.487827 0.008093
vn -0.831110 0.554571 -0.041313
vn 0.831110 0.554571 -0.041312
vn -0.788834 0.608374 -0.087308
vn 0.788833 0.608375 -0.087309
vn -0.829861 0.530882 -0.171743
vn 0.829861 0.530882 -0.171743
vn -0.954249 0.280334 0.104031
vn 0.954249 0.280335 0.104030
vn -0.985967 0.021132 0.165598
vn -0.982932 0.162968 0.085363
vn -0.955108 0.295536 0.020673
vn -0.956839 0.279437 -0.079840
vn 0.956839 0.279437 -0.079840
vn 0.955108 0.295535 0.020673
vn -0.975587 0.211209 0.060178
vn 0.975587 0.211206 0.060179
vn 0.982932 0.162970 0.085362
vn 0.985438 0.015369 0.169339
vn -0.967591 -0.087124 0.237018
vn -0.946866 -0.167223 0.274739
vn -0.948056 -0.188740 0.256061
vn 0.948085 -0.188550 0.256095
vn 0.946464 -0.168329 0.275449
vn -0.919312 -0.226171 0.322044
vn 0.919312 -0.226171 0.322045
vn -0.955150 -0.141644 0.260050
vn 0.942510 -0.170077 0.287662
vn -0.990027 0.072029 0.121072
vn -0.957021 0.236301 0.168148
vn 0.956880 0.236423 0.168776
vn -0.786018 0.332341 0.521273
vn 0.786017 0.332347 0.521271
vn -0.996339 -0.011236 0.084751
vn -0.993421 -0.058275 0.098582
vn -0.894660 0.252205 0.368749
vn -0.901610 0.259144 0.346329
vn 0.894660 0.252203 0.368752
vn 0.901610 0.259141 0.346330
vn -0.742933 -0.411003 0.528325
vn 0.742935 -0.411002 0.528323
vn -0.991192 0.042168 0.125539
vn -0.991403 -0.043412 0.123432
vn 0.991231 0.040189 0.125884
vn 0.991403 -0.043412 0.123430
vn -0.996871 -0.039826 0.068281
vn -0.855171 0.014281 0.518149
vn -0.997791 -0.025599 0.061298
vn 0.855171 0.014281 0.518149
vn 0.996785 -0.040222 0.069302
vn 0.997791 -0.025599 0.061297
vn -0.999814 -0.002810 0.019099
vn 0.999814 -0.002810 0.019099
vn -0.996420 -0.063802 0.055458
vn 0.996391 -0.064030 0.055719
vn -0.967875 0.211471 -0.136006
vn -0.999585 0.015818 -0.024093
vn 0.967875 0.211471 -0.136007
vn 0.999585 0.015818 -0.024093
vn -0.995108 0.098735 0.003354
vn 0.995108 0.098735 0.003354
vn -0.991354 0.048265 0.122018
vn -0.979210 -0.053467 0.195675
vn 0.991354 0.048264 0.122017
vn -0.980998 -0.105847 0.162605
vn -0.997467 0.054292 -0.045961
vn -0.977170 -0.145803 0.154530
vn -0.982460 -0.109612 0.150854
vn 0.997467 0.054292 -0.045961
vn 0.977673 -0.149237 0.147935
vn 0.982563 -0.111348 0.148903
vn 0.998305 -0.052563 0.024969
vn -0.995513 -0.018275 0.092843
vn 0.995513 -0.018275 0.092843
vn 0.979210 -0.053467 0.195676
vn 0.980998 -0.105847 0.162605
vn -0.996337 -0.056818 0.063915
vn 0.996603 -0.053660 0.062479
vn -0.998481 -0.050112 0.022909
vn -0.991942 -0.105863 0.069597
vn 0.925442 -0.127631 0.356744
vn 0.968031 -0.086476 0.235454
vn 0.991272 -0.111907 0.069689
vn 0.996210 -0.003072 0.086932
vn 0.989777 -0.088696 0.111694
vn 0.995122 -0.033290 0.092870
vn 0.930789 0.356534 -0.080715
vn 0.823703 -0.504589 0.258657
vn 0.956522 0.287969 0.046256
vn 0.680224 -0.323188 0.657909
vn 0.859556 0.459569 0.223515
vn 0.950621 0.264319 0.162651
vn 0.585535 -0.478833 0.654116
vn -0.386812 -0.920897 0.048217
vn -0.228022 -0.769383 0.596705
vn -0.426458 -0.774812 0.466690
vn -0.663611 -0.747902 0.016254
vn -0.381750 -0.877258 0.291009
vn -0.556840 -0.807595 0.194217
vn 0.463628 0.875266 -0.137694
vn 0.503343 0.862570 -0.051177
vn 0.599824 0.791836 0.114922
vn 0.626938 0.754059 0.195815
vn 0.703142 0.581157 -0.409692
vn 0.731206 0.275459 -0.624068
vn 0.592875 0.794528 -0.131245
vn 0.587448 0.809222 -0.008065
vn 0.595336 0.701684 -0.391426
vn 0.551464 0.817264 -0.167232
vn 0.566526 0.734305 -0.373958
vn 0.637369 0.744071 -0.200299
vn 0.640189 0.495037 -0.587450
vn 0.833039 0.090682 -0.545732
vn 0.948815 0.304325 -0.084475
vn 0.903560 0.184644 -0.386634
vn 0.754373 0.251855 -0.606210
vn 0.713669 0.601677 -0.358695
vn 0.710613 0.503566 -0.491377
vn 0.678833 0.403941 -0.613203
vn 0.959881 -0.227586 0.163810
vn 0.846343 0.336368 -0.412989
vn 0.856939 0.328053 -0.397538
vn 0.995967 -0.089285 0.008846
vn 0.864281 0.279258 -0.418369
vn 0.783225 0.220198 0.581439
vn 0.962378 0.270428 0.026412
vn 0.930351 0.366665 -0.001840
vn 0.614132 0.539231 0.576257
vn 0.837896 -0.191633 0.511085
vn -0.476761 -0.486816 0.731922
vn -0.678237 0.059248 0.732451
vn -0.838870 -0.132981 0.527839
vn -0.754276 -0.204132 0.624017
vn -0.582797 -0.160064 0.796698
vn -0.766982 -0.235565 0.596865
vn 0.990584 0.117088 -0.070943
vn 0.871313 0.331275 -0.362037
vn -0.684073 0.641846 0.346522
vn -0.951451 0.250369 0.179042
vn -0.615469 0.785049 0.069965
vn -0.629790 0.756084 0.178051
vn -0.909609 0.404121 -0.096419
vn -0.508783 0.860751 -0.015742
vn -0.856409 0.516228 0.008542
vn -0.881366 0.472071 0.018522
vn -0.558960 0.817581 -0.138295
vn -0.660262 0.695632 -0.283108
vn -0.575720 0.797760 0.179236
vn -0.563068 0.817833 -0.118758
vn -0.622652 0.753656 0.210493
vn -0.620326 0.782584 0.052528
vn -0.694796 0.620423 -0.363777
vn -0.581171 0.759599 -0.291976
vn -0.563698 0.762515 -0.317515
vn -0.983886 0.105081 -0.144663
vn -0.691707 0.586340 -0.421600
vn -0.997662 -0.054290 -0.041521
vn -0.925458 0.337175 -0.172746
vn -0.929108 0.369497 0.015171
vn -0.831102 0.069542 -0.551756
vn -0.939652 0.209213 -0.270709
vn -0.895160 0.148725 -0.420202
vn -0.794059 0.357899 -0.491302
vn -0.712281 0.454997 -0.534447
vn -0.598634 0.595294 -0.535969
vn -0.796414 0.131591 -0.590262
vn -0.708299 0.247734 -0.661015
vn -0.742848 0.314719 -0.590872
vn -0.847364 0.182664 -0.498606
vn -0.789404 0.217786 -0.573943
vn -0.779491 0.236334 -0.580121
vn -0.739013 0.453325 -0.498354
vn -0.605041 0.458419 -0.650981
vn -0.642006 0.364053 -0.674754
vn -0.541198 0.606891 -0.582055
vn 0.839962 -0.131183 0.526550
vn 0.755030 -0.203837 0.623202
vn -0.813083 -0.190491 0.550099
vn 0.481333 -0.481951 0.732149
vn 0.666739 0.072019 0.741804
vn -0.580722 0.522382 0.624403
vn -0.691275 0.215798 0.689616
vn 0.639168 -0.202239 0.742000
vn -0.989198 0.125421 -0.075877
vn -0.915330 0.392500 0.090080
vn -0.911573 0.236463 -0.336334
vn -0.962497 0.270416 0.021782
vn -0.842738 0.309444 -0.440498
vn -0.903985 0.297955 -0.306651
vn 0.782700 -0.228733 0.578845
s 1
g Mesh
usemtl initialShadingGroup
f 103/1/1 41/2/2 42/3/3 105/4/4
f 106/5/5 42/6/3 41/7/2 104/8/6
f 43/9/7 44/10/8 93/11/9
f 94/12/10 44/13/8 43/14/7
f 43/14/7 42/6/3 106/5/5 94/12/10
f 93/11/9 105/4/4 42/3/3 43/9/7
f 96/15/11 94/12/10 106/5/5 104/8/6
f 103/1/1 105/4/4 93/11/9 95/16/12
f 100/17/13 98/18/14 96/15/11 104/8/6
f 40/19/15 39/20/16 102/21/17 100/17/13
f 104/8/6 41/7/2 40/19/15 100/17/13
f 135/22/18 134/23/19 98/18/14 100/17/13
f 132/24/20 131/25/21 133/26/22 136/27/23
f 133/26/22 134/23/19 135/22/18 136/27/23
f 138/28/24 137/29/25 132/24/20 136/27/23
f 135/22/18 100/17/13 102/21/17 118/30/26
f 136/27/23 135/22/18 118/30/26 119/31/27
f 138/28/24 136/27/23 119/31/27 120/32/28
f 139/33/29 138/28/24 120/32/28 121/34/30
f 139/33/29 121/34/30 122/35/31 123/36/32
f 138/28/24 139/33/29 123/36/32 124/37/33
f 137/29/25 138/28/24 124/37/33 125/38/34
f 132/24/20 137/29/25 125/38/34 126/39/35
f 126/39/35 127/40/36 131/25/21 132/24/20
f 28/41/37 27/42/38 128/43/39 127/40/36
f 29/44/40 28/41/37 127/40/36 126/39/35
f 30/45/41 29/44/40 126/39/35
f 31/46/42 30/45/41 126/39/35 125/38/34
f 32/47/43 31/46/42 125/38/34 124/37/33
f 111/48/44 31/49/42 32/50/43
f 33/51/45 32/47/43 124/37/33 123/36/32
f 34/52/46 33/51/45 123/36/32 122/35/31
f 35/53/47 34/52/46 122/35/31 121/34/30
f 36/54/48 35/53/47 121/34/30 120/32/28
f 37/55/49 36/54/48 120/32/28 119/31/27
f 38/56/50 37/55/49 119/31/27 118/30/26
f 118/30/26 102/21/17 39/20/16 38/56/50
f 108/57/51 130/58/52 27/59/38 28/60/37
f 108/57/51 28/60/37 29/61/40
f 109/62/53 108/57/51 29/61/40
f 109/62/53 29/61/40 30/63/41
f 142/64/54 143/65/55 130/58/52 108/57/51
f 110/66/56 109/62/53 30/63/41
f 31/49/42 111/48/44 110/66/56
f 110/66/56 30/63/41 31/49/42
f 112/67/57 111/48/44 32/50/43 33/68/45
f 33/68/45 34/69/46 113/70/58 112/67/57
f 145/71/59 112/67/57 113/70/58 114/72/60
f 114/72/60 113/70/58 34/69/46 35/73/47
f 145/71/59 110/66/56 111/48/44 112/67/57
f 115/74/61 114/72/60 35/73/47 36/75/48
f 144/76/62 109/62/53 110/66/56 145/71/59
f 142/64/54 108/57/51 109/62/53 144/76/62
f 144/76/62 145/71/59 114/72/60 115/74/61
f 103/1/1 95/16/12 97/77/63 99/78/64
f 99/78/64 40/79/15 41/2/2 103/1/1
f 39/80/16 40/79/15 99/78/64 101/81/65
f 38/82/50 39/80/16 101/81/65 117/83/66
f 116/84/67 115/74/61 36/75/48 37/85/49
f 37/85/49 38/82/50 117/83/66 116/84/67
f 141/86/68 142/64/54 144/76/62 146/87/69
f 146/87/69 144/76/62 115/74/61 116/84/67
f 116/84/67 117/83/66 146/87/69
f 148/88/70 99/78/64 97/77/63 140/89/71
f 140/89/71 141/86/68 146/87/69 147/90/72
f 147/90/72 148/88/70 140/89/71
f 147/90/72 146/87/69 117/83/66 101/81/65
f 101/81/65 99/78/64 148/88/70 147/90/72
f 172/91/73 153/92/74 152/93/75 173/94/76
f 168/95/77 169/96/78 170/97/79 179/98/80
f 164/99/81 165/100/82 166/101/83 180/102/84
f 167/103/85 168/95/77 179/98/80 181/104/86
f 180/102/84 166/101/83 167/103/85 181/104/86
f 184/105/87 180/102/84 181/104/86 185/106/88
f 179/98/80 170/97/79 171/107/89 178/108/90
f 185/106/88 181/104/86 179/98/80 178/108/90
f 186/109/91 184/105/87 185/106/88 178/108/90
f 172/91/73 173/94/76 174/110/92 177/111/93
f 177/111/93 187/112/94 186/109/91 178/108/90
f 178/108/90 171/107/89 172/91/73 177/111/93
f 182/113/95 163/114/96 164/99/81 183/115/97
f 183/115/97 184/105/87 186/109/91 182/113/95
f 183/115/97 164/99/81 180/102/84 184/105/87
f 77/116/98 107/117/99 130/58/52 143/65/55
f 26/118/100 27/59/38 130/58/52 107/117/99
f 177/111/93 174/110/92 175/119/101 176/120/102
f 176/120/102 149/121/103 190/122/104
f 189/123/105 177/111/93 176/120/102
f 150/124/106 149/121/103 176/120/102 175/119/101
f 25/125/107 26/118/100 107/117/99 190/122/104
f 24/126/108 25/125/107 190/122/104 149/121/103
f 23/127/109 24/126/108 149/121/103 150/124/106
f 19/128/110 20/129/111 153/92/74 154/130/112
f 154/130/112 153/92/74 172/91/73 171/107/89
f 152/93/75 153/92/74 20/129/111 21/131/113
f 151/132/114 152/93/75 21/131/113 22/133/115
f 22/133/115 23/127/109 150/124/106 151/132/114
f 151/132/114 150/124/106 175/119/101 174/110/92
f 174/110/92 173/94/76 152/93/75 151/132/114
f 201/134/116 204/135/117 202/136/118 211/137/119
f 212/138/120 200/139/121 201/134/116 211/137/119
f 213/140/122 199/141/123 200/139/121 212/138/120
f 205/142/124 206/143/125 207/144/126 209/145/127
f 211/137/119 202/136/118 203/146/128 210/147/129
f 210/147/129 203/146/128 205/142/124 209/145/127
f 213/140/122 212/138/120 211/137/119 210/147/129
f 198/148/130 199/141/123 213/140/122 216/149/131
f 196/150/132 20/151/111 19/152/110 197/153/133
f 195/154/134 21/155/113 20/151/111 196/150/132
f 194/156/135 22/157/115 21/155/113 195/154/134
f 193/158/136 23/159/109 22/157/115 194/156/135
f 192/160/137 24/161/108 23/159/109 193/158/136
f 191/162/138 25/163/107 24/161/108 192/160/137
f 191/162/138 192/160/137 193/158/136 221/164/139
f 129/165/140 128/43/39 27/42/38 26/166/100
f 129/165/140 26/166/100 25/163/107 191/162/138
f 129/165/140 191/162/138 221/164/139 222/167/141
f 221/164/139 193/158/136 194/156/135 220/168/142
f 225/169/143 222/167/141 221/164/139 220/168/142
f 220/168/142 194/156/135 195/154/134 219/170/144
f 219/170/144 195/154/134 196/150/132 218/171/145
f 197/153/133 198/148/130 216/149/131 217/172/146
f 218/171/145 196/150/132 197/153/133 217/172/146
f 216/149/131 213/140/122 210/147/129 215/173/147
f 227/174/148 218/171/145 217/172/146 228/175/149
f 226/176/150 225/169/143 220/168/142 219/170/144
f 226/176/150 219/170/144 218/171/145 227/174/148
f 228/175/149 217/172/146 216/149/131 215/173/147
f 230/177/151 229/178/152 226/176/150 227/174/148
f 230/177/151 227/174/148 228/175/149 215/173/147
f 198/148/130 197/153/133 19/152/110 18/179/153
f 18/180/153 19/128/110 154/130/112 155/181/154
f 155/181/154 154/130/112 171/107/89 170/97/79
f 199/141/123 198/148/130 18/179/153 17/182/155
f 17/183/155 18/180/153 155/181/154 156/184/156
f 156/184/156 155/181/154 170/97/79 169/96/78
f 200/139/121 199/141/123 17/182/155 16/185/157
f 16/186/157 17/183/155 156/184/156 157/187/158
f 157/187/158 156/184/156 169/96/78 168/95/77
f 201/134/116 200/139/121 16/185/157 15/188/159
f 15/189/159 16/186/157 157/187/158 158/190/160
f 158/190/160 157/187/158 168/95/77 167/103/85
f 204/135/117 201/134/116 15/188/159 14/191/161
f 14/192/161 15/189/159 158/190/160 159/193/162
f 159/193/162 158/190/160 167/103/85 166/101/83
f 202/136/118 204/135/117 14/191/161 13/194/163
f 160/195/164 159/193/162 166/101/83 165/100/82
f 12/196/165 11/197/166 205/142/124 203/146/128
f 160/195/164 161/198/167 11/199/166 12/200/165
f 203/146/128 202/136/118 13/194/163 12/196/165
f 12/200/165 13/201/163 160/195/164
f 13/201/163 14/192/161 159/193/162 160/195/164
f 165/100/82 164/99/81 161/198/167 160/195/164
f 206/143/125 205/142/124 11/197/166 10/202/168
f 162/203/169 161/198/167 164/99/81 163/114/96
f 10/204/168 11/199/166 161/198/167 162/203/169
f 176/120/102 190/122/104 107/117/99 77/116/98
f 79/205/170 77/116/98 143/65/55 142/64/54
f 131/25/21 127/40/36 128/43/39 80/206/171
f 81/207/172 79/205/170 142/64/54 141/86/68
f 133/26/22 131/25/21 80/206/171 82/208/173
f 44/10/8 45/209/174 91/210/175
f 92/211/176 45/212/174 44/13/8
f 93/11/9 44/10/8 91/210/175 89/213/177
f 90/214/178 92/211/176 44/13/8 94/12/10
f 95/16/12 93/11/9 89/213/177 87/215/179
f 88/216/180 90/214/178 94/12/10 96/15/11
f 97/77/63 95/16/12 87/215/179 85/217/181
f 86/218/182 88/216/180 96/15/11 98/18/14
f 83/219/183 81/207/172 141/86/68 140/89/71
f 140/89/71 97/77/63 85/217/181 83/219/183
f 134/23/19 133/26/22 82/208/173 84/220/184
f 84/220/184 86/218/182 98/18/14 134/23/19
f 75/221/185 182/113/95 186/109/91 187/112/94
f 163/114/96 182/113/95 75/221/185 73/222/186
f 74/223/187 207/144/126 206/143/125
f 162/203/169 163/114/96 73/222/186 71/224/188
f 10/204/168 162/203/169 71/224/188
f 72/225/189 74/223/187 206/143/125 10/202/168
f 70/226/190 9/227/191 10/204/168 71/224/188
f 72/225/189 10/202/168 9/228/191 69/229/192
f 68/230/193 8/231/194 9/232/191 70/233/190
f 66/234/195 7/235/196 8/231/194 68/230/193
f 270/236/197 66/234/195 68/230/193 271/237/198
f 64/238/199 6/239/200 7/235/196 66/234/195
f 62/240/201 5/241/202 6/239/200 64/238/199
f 63/242/203 6/243/200 5/244/202 61/245/204
f 282/246/205 288/247/206 290/248/207
f 291/249/208 289/250/209 283/251/210
f 292/252/211 64/253/199 274/254/212
f 274/254/212 64/253/199 66/255/195
f 275/256/213 63/257/203 293/258/214
f 306/259/215 294/260/216 292/252/211 274/254/212
f 275/256/213 293/258/214 295/261/217 307/262/218
f 304/263/219 286/264/220 282/246/205 290/248/207
f 304/263/219 290/248/207 294/265/216 306/266/215
f 291/249/208 283/251/210 287/267/221 305/268/222
f 307/262/218 295/261/217 291/249/208 305/268/222
f 284/269/223 280/270/224 282/246/205 286/264/220
f 278/271/225 270/272/197 280/273/224
f 278/271/225 280/273/224 284/274/223
f 66/255/195 270/272/197 272/275/226
f 272/275/226 270/272/197 278/271/225
f 276/276/227 274/254/212 66/255/195
f 276/276/227 66/255/195 272/275/226
f 326/277/228 391/278/229 392/279/230
f 326/277/228 388/280/231 389/281/232
f 393/282/233 394/283/234 388/284/231 326/285/228
f 326/277/228 389/281/232 390/286/235
f 392/287/230 393/282/233 326/285/228
f 326/277/228 390/286/235 391/278/229
f 375/288/236 276/276/227 272/275/226 365/289/237
f 308/290/238 274/254/212 276/276/227 375/288/236
f 376/291/239 277/292/240 275/293/213 309/294/241
f 317/295/242 306/259/215 274/254/212 308/290/238
f 309/296/241 275/256/213 307/262/218 318/297/243
f 310/298/244 308/290/238 375/288/236 377/299/245
f 378/300/246 376/291/239 309/294/241 311/301/247
f 395/302/248 310/298/244 377/299/245 379/303/249
f 380/304/250 378/300/246 311/301/247 396/305/251
f 319/306/252 317/295/242 308/290/238 310/298/244
f 311/307/247 309/296/241 318/297/243 320/308/253
f 397/309/254 319/306/252 310/298/244 395/302/248
f 396/310/251 311/307/247 320/308/253 398/311/255
f 319/312/252 397/313/254 340/314/256 338/315/257
f 339/316/258 341/317/259 398/311/255 320/308/253
f 336/318/260 304/263/219 306/266/215 317/319/242
f 317/319/242 319/312/252 338/315/257 336/318/260
f 318/297/243 307/262/218 305/268/222 337/320/261
f 337/320/261 339/316/258 320/308/253 318/297/243
f 327/321/262 286/264/220 304/263/219 336/318/260
f 337/320/261 305/268/222 287/267/221 328/322/263
f 329/323/264 327/321/262 336/318/260 338/315/257
f 339/316/258 337/320/261 328/322/263 330/324/265
f 331/325/266 329/323/264 338/315/257 340/314/256
f 341/317/259 339/316/258 330/324/265 332/326/267
f 329/323/264 331/325/266 349/327/268 347/328/269
f 348/329/270 350/330/271 332/326/267 330/324/265
f 355/331/272 278/271/225 284/274/223 345/332/273
f 345/333/273 284/269/223 286/264/220 327/321/262
f 327/321/262 329/323/264 347/328/269 345/333/273
f 365/289/237 272/275/226 278/271/225 355/331/272
f 328/322/263 287/267/221 285/334/274 346/335/275
f 346/335/275 348/329/270 330/324/265 328/322/263
f 367/336/276 365/289/237 355/331/272 357/337/277
f 357/337/277 355/331/272 345/332/273 347/338/269
f 377/299/245 375/288/236 365/289/237 367/336/276
f 358/339/278 356/340/279 366/341/280 368/342/281
f 348/343/270 346/344/275 356/340/279 358/339/278
f 368/342/281 366/341/280 376/291/239 378/300/246
f 359/345/282 357/337/277 347/338/269 349/346/268
f 369/347/283 367/336/276 357/337/277 359/345/282
f 379/303/249 377/299/245 367/336/276 369/347/283
f 350/348/271 348/343/270 358/339/278 360/349/284
f 360/349/284 358/339/278 368/342/281 370/350/285
f 370/350/285 368/342/281 378/300/246 380/304/250
f 312/351/286 395/302/248 379/303/249 381/352/287
f 382/353/288 380/304/250 396/305/251 313/354/289
f 419/355/290 312/351/286 381/352/287 383/356/291
f 419/355/290 383/356/291 413/357/292 415/358/293
f 384/359/294 382/353/288 313/354/289 420/360/295
f 321/361/296 397/309/254 395/302/248 312/351/286
f 313/362/289 396/310/251 398/311/255 322/363/297
f 421/364/298 321/361/296 312/351/286 419/355/290
f 420/365/295 313/362/289 322/363/297 422/366/299
f 399/367/300 340/314/256 397/313/254 321/368/296
f 322/363/297 398/311/255 341/317/259 400/369/301
f 403/370/302 331/325/266 340/314/256 399/367/300
f 400/369/301 341/317/259 332/326/267 404/371/303
f 421/364/298 419/355/290 415/358/293 417/372/304
f 418/373/305 416/374/306 420/365/295 422/366/299
f 423/375/307 399/367/300 321/368/296 421/376/298
f 422/366/299 322/363/297 400/369/301 424/377/308
f 427/378/309 423/375/307 421/376/298 417/379/304
f 418/373/305 422/366/299 424/377/308 428/380/310
f 425/381/311 403/370/302 399/367/300 423/375/307
f 425/381/311 423/375/307 427/378/309 429/382/312
f 424/377/308 400/369/301 404/371/303 426/383/313
f 430/384/314 428/380/310 424/377/308 426/383/313
f 405/385/315 349/327/268 331/325/266 403/370/302
f 404/371/303 332/326/267 350/330/271 406/386/316
f 381/352/287 379/303/249 369/347/283 401/387/317
f 407/388/318 359/345/282 349/346/268 405/389/315
f 402/390/319 370/350/285 380/304/250 382/353/288
f 406/391/316 350/348/271 360/349/284 408/392/320
f 433/393/321 405/385/315 403/370/302 425/381/311
f 426/383/313 404/371/303 406/386/316 434/394/322
f 433/393/321 425/381/311 429/382/312 431/395/323
f 432/396/324 430/384/314 426/383/313 434/394/322
f 401/387/317 369/347/283 359/345/282 407/388/318
f 408/392/320 360/349/284 370/350/285 402/390/319
f 371/397/325 411/398/326 413/357/292 383/356/291
f 383/356/291 381/352/287 401/387/317 371/397/325
f 372/399/327 402/390/319 382/353/288 384/359/294
f 437/400/328 361/401/329 371/397/325 441/402/330
f 442/403/331 372/399/327 362/404/332 438/405/333
f 435/406/334 407/388/318 405/389/315 433/407/321
f 439/408/335 401/387/317 407/388/318 435/406/334
f 433/407/321 431/409/323 437/400/328 435/406/334
f 435/406/334 437/400/328 441/402/330 439/408/335
f 441/402/330 371/397/325 401/387/317 439/408/335
f 434/410/322 406/391/316 408/392/320 436/411/336
f 436/411/336 408/392/320 402/390/319 440/412/337
f 436/411/336 438/405/333 432/413/324 434/410/322
f 440/412/337 442/403/331 438/405/333 436/411/336
f 440/412/337 402/390/319 372/399/327 442/403/331
f 411/398/326 371/397/325 361/401/329 409/414/338
f 351/415/339 361/401/329 437/400/328 431/409/323
f 430/384/314 432/396/324 352/416/340 334/417/341
f 432/413/324 438/405/333 362/404/332 352/418/340
f 409/414/338 361/401/329 351/415/339 443/419/342
f 333/420/343 351/421/339 431/395/323 429/382/312
f 443/422/342 351/421/339 333/420/343 445/423/344
f 342/424/345 333/420/343 429/382/312 427/378/309
f 418/373/305 428/380/310 343/425/346 324/426/347
f 428/380/310 430/384/314 334/417/341 343/425/346
f 445/423/344 333/420/343 342/424/345 447/427/348
f 415/358/293 413/357/292 314/428/349
f 323/429/350 342/424/345 427/378/309 417/379/304
f 388/284/231 394/283/234 344/430/351 325/431/352
f 447/427/348 342/424/345 323/429/350 449/432/353
f 325/431/352 344/430/351 447/427/348 449/432/353
f 314/428/349 323/433/350 417/372/304 415/358/293
f 389/281/232 388/280/231 325/434/352 316/435/354
f 449/436/353 323/433/350 314/428/349 451/437/355
f 316/435/354 325/434/352 449/436/353 451/437/355
f 373/438/356 314/428/349 413/357/292 411/398/326
f 390/286/235 389/281/232 316/435/354 385/439/357
f 451/437/355 314/428/349 373/438/356 453/440/358
f 385/439/357 316/435/354 451/437/355 453/440/358
f 363/441/359 373/438/356 411/398/326 409/414/338
f 391/278/229 390/286/235 385/439/357 386/442/360
f 453/440/358 373/438/356 363/441/359 455/443/361
f 386/442/360 385/439/357 453/440/358 455/443/361
f 335/444/362 344/430/351 394/283/234 393/282/233
f 445/423/344 447/427/348 344/430/351 335/444/362
f 393/282/233 392/287/230 387/445/363 335/444/362
f 335/444/362 387/445/363 457/446/364 353/447/365
f 335/444/362 353/447/365 443/422/342 445/423/344
f 353/448/365 457/449/364 455/443/361 363/441/359
f 353/448/365 363/441/359 409/414/338 443/419/342
f 392/279/230 391/278/229 386/442/360 387/450/363
f 387/450/363 386/442/360 455/443/361 457/449/364
f 189/123/105 176/120/102 77/116/98 188/451/366
f 188/451/366 75/221/185 187/112/94
f 188/451/366 187/112/94 177/111/93 189/123/105
f 78/452/367 80/206/171 128/43/39 129/165/140
f 207/144/126 74/223/187 76/453/368 208/454/369
f 215/173/147 210/147/129 209/145/127 214/455/370
f 78/452/367 129/165/140 222/167/141 223/456/371
f 224/457/372 225/169/143 226/176/150 229/178/152
f 459/458/373 78/452/367 223/456/371 460/459/374
f 208/454/369 76/453/368 459/458/373 460/459/374
f 224/457/372 223/456/371 222/167/141 225/169/143
f 214/455/370 209/145/127 207/144/126 208/454/369
f 230/177/151 215/173/147 214/455/370
f 214/455/370 208/454/369 460/459/374 461/460/375
f 214/455/370 224/457/372 229/178/152 230/177/151
f 461/460/375 224/457/372 214/455/370
f 461/460/375 460/459/374 223/456/371 224/457/372
f 273/461/376 277/292/240 376/291/239 366/341/280
f 356/340/279 346/344/275 285/462/274 279/463/377
f 279/463/377 273/461/376 366/341/280 356/340/279
f 65/464/378 7/465/196 6/243/200 63/242/203
f 65/466/378 63/467/203 275/293/213
f 277/292/240 273/461/376 65/466/378
f 65/466/378 275/293/213 277/292/240
f 8/468/194 7/465/196 65/464/378 67/469/379
f 69/470/192 9/471/191 8/468/194 67/469/379
f 281/472/380 279/463/377 285/462/274
f 285/334/274 287/267/221 283/251/210 281/473/380
f 65/466/378 273/461/376 279/463/377 462/474/381
f 462/474/381 279/463/377 281/472/380 464/475/382
f 269/476/383 283/251/210 289/250/209
f 463/477/384 462/478/381 464/479/382 465/480/385
f 67/469/379 65/464/378 462/481/381 463/482/384
f 467/483/386 463/477/384 465/480/385 466/484/387
f 483/485/388 479/486/389 481/487/390 484/488/391
f 486/489/392 472/490/393 470/491/394 484/492/391
f 486/489/392 484/492/391 481/493/390 485/494/395
f 485/494/395 456/495/396 454/496/397 490/497/398
f 490/497/398 454/496/397 492/498/399 493/499/400
f 487/500/401 486/489/392 485/494/395 490/497/398
f 487/500/401 490/497/398 493/499/400 494/501/402
f 468/502/403 469/503/404 472/490/393
f 495/504/405 473/505/406 469/503/404 468/502/403
f 468/502/403 472/490/393 486/489/392 487/500/401
f 487/500/401 494/501/402 495/504/405 468/502/403
f 470/491/394 472/490/393 469/503/404
f 488/506/407 473/505/406 495/504/405 494/501/402
f 474/507/408 469/508/404 473/509/406
f 470/510/394 469/508/404 471/511/409
f 471/511/409 469/508/404 474/507/408
f 483/485/388 484/488/391 470/510/394 471/511/409
f 474/507/408 473/509/406 488/512/407 496/513/410
f 489/514/411 488/506/407 494/501/402 493/499/400
f 496/513/410 488/512/407 489/515/411 498/516/412
f 497/517/413 471/511/409 474/507/408 496/513/410
f 482/518/414 483/485/388 471/511/409 497/517/413
f 489/514/411 493/499/400 492/498/399 475/519/415
f 477/520/416 497/517/413 496/513/410 498/516/412
f 499/521/417 498/516/412 489/515/411 475/522/415
f 491/523/418 476/524/419 475/519/415 492/498/399
f 492/498/399 454/496/397 452/525/420 491/523/418
f 499/521/417 475/522/415 476/526/419 477/520/416
f 477/520/416 498/516/412 499/521/417
f 500/527/421 477/520/416 476/526/419 491/528/418
f 500/527/421 491/528/418 452/529/420 450/530/422
f 482/518/414 497/517/413 477/520/416 478/531/423
f 450/530/422 324/426/347 343/425/346 448/532/424
f 501/533/425 500/527/421 450/530/422 448/532/424
f 448/532/424 478/531/423 501/533/425
f 478/531/423 477/520/416 500/527/421 501/533/425
f 481/487/390 479/486/389 480/534/426 354/535/427
f 448/532/424 343/425/346 334/417/341 446/536/428
f 479/486/389 478/531/423 448/532/424 446/536/428
f 483/485/388 482/518/414 478/531/423 479/486/389
f 502/537/429 480/534/426 479/486/389 446/536/428
f 354/538/427 456/495/396 485/494/395 481/493/390
f 444/539/430 352/418/340 362/404/332 410/540/431
f 446/536/428 334/417/341 352/416/340 444/541/430
f 502/537/429 446/536/428 444/541/430 503/542/432
f 354/535/427 480/534/426 502/537/429 503/542/432
f 364/543/433 456/495/396 354/538/427
f 503/544/432 444/539/430 410/540/431 504/545/434
f 364/543/433 354/538/427 503/544/432 504/545/434
f 315/546/435 452/525/420 454/496/397 374/547/436
f 315/546/435 414/548/437 416/549/306
f 374/547/436 454/496/397 456/495/396 364/543/433
f 412/550/438 372/399/327 384/359/294 414/548/437
f 410/540/431 362/404/332 372/399/327 412/550/438
f 414/548/437 384/359/294 420/360/295 416/549/306
f 324/426/347 450/530/422 452/529/420 315/551/435
f 315/546/435 374/547/436 505/552/439
f 416/374/306 418/373/305 324/426/347 315/551/435
f 505/552/439 412/550/438 414/548/437 315/546/435
f 504/545/434 410/540/431 412/550/438 505/552/439
f 374/547/436 364/543/433 504/545/434 505/552/439
f 296/553/440 292/554/211 294/555/216 298/556/441
f 297/557/442 293/558/214 63/242/203 61/245/204
f 62/240/201 64/238/199 292/554/211 296/553/440
f 61/245/204 5/244/202 4/559/443 59/560/444
f 60/561/445 4/562/443 5/241/202 62/240/201
f 526/563/446 508/564/447 510/565/448 512/566/449
f 513/567/450 511/568/451 509/569/452 527/570/453
f 512/566/449 510/565/448 536/571/454 540/572/455
f 541/573/456 537/574/457 511/568/451 513/567/450
f 524/575/458 526/563/446 512/566/449 514/576/459
f 515/577/460 513/567/450 527/570/453 525/578/461
f 522/579/462 524/575/458 514/576/459 516/580/463
f 517/581/464 515/577/460 525/578/461 523/582/465
f 522/579/462 516/580/463 518/583/466 520/584/467
f 521/585/468 519/586/469 517/581/464 523/582/465
f 528/587/470 524/575/458 522/579/462 520/584/467
f 521/585/468 523/582/465 525/578/461 529/588/471
f 526/563/446 524/575/458 528/587/470 530/589/472
f 531/590/473 529/588/471 525/578/461 527/570/453
f 532/591/474 508/564/447 526/563/446 530/589/472
f 531/590/473 527/570/453 509/569/452 533/592/475
f 566/593/476 532/591/474 530/589/472 564/594/477
f 565/595/478 531/590/473 533/592/475 567/596/479
f 564/594/477 530/589/472 528/587/470 562/597/480
f 563/598/481 529/588/471 531/590/473 565/595/478
f 574/599/482 572/600/483 568/601/484 570/602/485
f 571/603/486 569/604/487 573/605/488 575/606/489
f 568/601/484 564/594/477 562/597/480 570/602/485
f 571/603/486 563/598/481 565/595/478 569/604/487
f 562/597/480 528/587/470 520/584/467 560/607/490
f 561/608/491 521/585/468 529/588/471 563/598/481
f 558/609/492 574/599/482 570/602/485 576/610/493
f 576/610/493 570/602/485 562/597/480 560/607/490
f 577/611/494 571/603/486 575/606/489 559/612/495
f 561/608/491 563/598/481 571/603/486 577/611/494
f 506/613/496 508/564/447 532/591/474 534/614/497
f 535/615/498 533/592/475 509/569/452 507/616/499
f 550/617/500 534/614/497 532/591/474 566/593/476
f 550/617/500 566/593/476 564/594/477 568/601/484
f 567/596/479 533/592/475 535/615/498 551/618/501
f 569/604/487 565/595/478 567/596/479 551/618/501
f 506/613/496 534/614/497 550/617/500 578/619/502
f 579/620/503 551/618/501 535/615/498 507/616/499
f 295/621/217 293/558/214 297/557/442 299/622/504
f 299/622/504 297/557/442 536/571/454 510/565/448
f 510/565/448 508/564/447 506/613/496 299/622/504
f 511/568/451 537/574/457 296/553/440 298/556/441
f 298/556/441 507/616/499 509/569/452 511/568/451
f 291/623/208 295/621/217 299/622/504 301/624/505
f 300/625/506 298/556/441 294/555/216 290/626/207
f 299/622/504 506/613/496 586/627/507 588/628/508
f 589/629/509 587/630/510 507/616/499 298/556/441
f 586/627/507 506/613/496 578/619/502 584/631/511
f 585/632/512 579/620/503 507/616/499 587/630/510
f 592/633/513 588/628/508 586/627/507 584/631/511
f 585/632/512 587/630/510 589/629/509 593/634/514
f 301/624/505 299/622/504 588/628/508 590/635/515
f 591/636/516 589/629/509 298/556/441 300/625/506
f 590/635/515 588/628/508 592/633/513 596/637/517
f 597/638/518 593/634/514 589/629/509 591/636/516
f 60/561/445 62/240/201 296/553/440 539/639/519
f 539/639/519 296/553/440 537/574/457 541/573/456
f 538/640/520 297/557/442 61/245/204 59/560/444
f 540/572/455 536/571/454 297/557/442 538/640/520
f 543/641/521 541/573/456 513/567/450 515/577/460
f 514/576/459 512/566/449 540/572/455 542/642/522
f 58/643/523 3/644/524 4/562/443 60/561/445
f 598/645/525 539/639/519 541/573/456 543/641/521
f 59/560/444 4/559/443 3/646/524 57/647/526
f 542/642/522 540/572/455 538/640/520 599/648/527
f 58/643/523 60/561/445 539/639/519 598/645/525
f 58/643/523 598/645/525 543/641/521 545/649/528
f 545/649/528 543/641/521 515/577/460 517/581/464
f 599/648/527 538/640/520 59/560/444 57/647/526
f 544/650/529 542/642/522 599/648/527 57/647/526
f 516/580/463 514/576/459 542/642/522 544/650/529
f 56/651/530 2/652/531 3/644/524 58/643/523
f 547/653/532 545/649/528 517/581/464 519/586/469
f 57/647/526 3/646/524 2/654/531 55/655/533
f 518/583/466 516/580/463 544/650/529 546/656/534
f 546/656/534 544/650/529 57/647/526 55/655/533
f 56/651/530 58/643/523 545/649/528 547/653/532
f 560/607/490 520/584/467 518/583/466 548/657/535
f 549/658/536 519/586/469 521/585/468 561/608/491
f 53/659/537 55/655/533 2/654/531 1/660/538
f 548/657/535 518/583/466 546/656/534 600/661/539
f 1/662/538 2/652/531 56/651/530 54/663/540
f 601/664/541 547/653/532 519/586/469 549/658/536
f 600/661/539 546/656/534 55/655/533 53/659/537
f 54/663/540 56/651/530 547/653/532 601/664/541
f 576/610/493 560/607/490 548/657/535 558/609/492
f 559/612/495 549/658/536 561/608/491 577/611/494
f 53/659/537 1/660/538 50/665/542 51/666/543
f 558/609/492 548/657/535 600/661/539 602/667/544
f 52/668/545 50/669/542 1/662/538 54/663/540
f 603/670/546 601/664/541 549/658/536 559/612/495
f 602/667/544 600/661/539 53/659/537 51/666/543
f 52/668/545 54/663/540 601/664/541 603/670/546
f 256/671/547 51/666/543 50/665/542 49/672/548
f 49/673/548 50/669/542 52/668/545 255/674/549
f 254/675/550 256/671/547 49/672/548 48/676/551
f 48/677/551 49/673/548 255/674/549 253/678/552
f 252/679/553 254/675/550 48/676/551 47/680/554
f 47/681/554 48/677/551 253/678/552 251/682/555
f 573/605/488 569/604/487 551/618/501 553/683/556
f 552/684/557 550/617/500 568/601/484 572/600/483
f 575/606/489 573/605/488 553/683/556 555/685/558
f 554/686/559 552/684/557 572/600/483 574/599/482
f 559/612/495 575/606/489 555/685/558 557/687/560
f 556/688/561 554/686/559 574/599/482 558/609/492
f 603/670/546 559/612/495 557/687/560 605/689/562
f 604/690/563 556/688/561 558/609/492 602/667/544
f 607/691/564 52/668/545 603/670/546 605/689/562
f 605/689/562 557/687/560 622/692/565 624/693/566
f 604/690/563 602/667/544 51/666/543 606/694/567
f 625/695/568 623/696/569 556/688/561 604/690/563
f 255/674/549 52/668/545 607/691/564 609/697/570
f 608/698/571 606/694/567 51/666/543 256/671/547
f 253/678/552 255/674/549 609/697/570 611/699/572
f 610/700/573 608/698/571 256/671/547 254/675/550
f 624/693/566 626/701/574 609/697/570 607/691/564
f 607/691/564 605/689/562 624/693/566
f 606/694/567 608/698/571 627/702/575 625/695/568
f 625/695/568 604/690/563 606/694/567
f 622/692/565 557/687/560 555/685/558 620/703/576
f 621/704/577 554/686/559 556/688/561 623/696/569
f 611/699/572 609/697/570 626/701/574 628/705/578
f 629/706/579 627/702/575 608/698/571 610/700/573
f 634/707/580 628/705/578 626/701/574 624/693/566
f 625/695/568 627/702/575 629/706/579 635/708/581
f 634/707/580 624/693/566 622/692/565 620/703/576
f 621/704/577 623/696/569 625/695/568 635/708/581
f 620/703/576 555/685/558 553/683/556 618/709/582
f 619/710/583 552/684/557 554/686/559 621/704/577
f 247/711/584 245/712/585 91/713/175 45/714/174
f 45/715/174 92/716/176 246/717/586 248/718/587
f 249/719/588 247/711/584 45/714/174 46/720/589
f 46/720/589 47/681/554 251/682/555 249/719/588
f 46/721/589 45/715/174 248/718/587 250/722/590
f 250/722/590 252/679/553 47/680/554 46/721/589
f 251/682/555 253/678/552 611/699/572 613/723/591
f 613/723/591 611/699/572 628/705/578 630/724/592
f 613/723/591 615/725/593 249/719/588 251/682/555
f 630/724/592 615/725/593 613/723/591
f 612/726/594 610/700/573 254/675/550 252/679/553
f 631/727/595 629/706/579 610/700/573 612/726/594
f 252/679/553 250/722/590 614/728/596 612/726/594
f 612/726/594 614/728/596 631/727/595
f 249/719/588 615/725/593 630/724/592 632/729/597
f 633/730/598 631/727/595 614/728/596 250/722/590
f 648/731/599 247/711/584 249/719/588 632/729/597
f 633/730/598 250/722/590 248/718/587 649/732/600
f 646/733/601 245/712/585 247/711/584 648/731/599
f 649/732/600 248/718/587 246/717/586 647/734/602
f 89/735/177 91/713/175 245/712/585 243/736/603
f 244/737/604 246/717/586 92/716/176 90/738/178
f 553/683/556 551/618/501 579/620/503 581/739/605
f 580/740/606 578/619/502 550/617/500 552/684/557
f 583/741/607 581/739/605 579/620/503 585/632/512
f 584/631/511 578/619/502 580/740/606 582/742/608
f 618/709/582 553/683/556 581/739/605 616/743/609
f 617/744/610 580/740/606 552/684/557 619/710/583
f 616/743/609 581/739/605 670/745/611 668/746/612
f 669/747/613 671/748/614 580/740/606 617/744/610
f 766/749/615 764/750/616 780/751/617 782/752/618
f 783/753/619 781/754/620 765/755/621 767/756/622
f 768/757/623 766/749/615 782/752/618 784/758/624
f 784/758/624 786/759/625 770/760/626 768/757/623
f 785/761/627 783/753/619 767/756/622 769/762/628
f 769/762/628 771/763/629 787/764/630 785/761/627
f 808/765/631 784/758/624 782/752/618 804/766/632
f 805/767/633 783/753/619 785/761/627 809/768/634
f 638/769/635 630/770/592 628/771/578 636/772/636
f 637/773/637 629/774/579 631/775/595 639/776/638
f 640/777/639 636/772/636 628/771/578 634/778/580
f 635/779/581 629/774/579 637/773/637 641/780/640
f 642/781/641 640/777/639 634/778/580 620/782/576
f 621/783/577 635/779/581 641/780/640 643/784/642
f 642/781/641 620/782/576 618/785/582 644/786/643
f 645/787/644 619/788/583 621/783/577 643/784/642
f 674/789/645 644/786/643 618/785/582 616/790/609
f 617/791/610 619/788/583 645/787/644 675/792/646
f 674/789/645 616/790/609 668/793/612 676/794/647
f 677/795/648 669/796/613 617/791/610 675/792/646
f 764/750/616 766/749/615 744/797/649 742/798/650
f 743/799/651 745/800/652 767/756/622 765/755/621
f 886/801/653 884/802/654 732/803/655 734/804/656
f 734/805/656 732/806/655 908/807/657 910/808/658
f 911/809/659 909/810/660 733/811/661 735/812/662
f 888/813/663 886/801/653 734/804/656 736/814/664
f 762/815/665 760/816/666 780/751/617 764/750/616
f 737/817/667 735/818/662 887/819/668 889/820/669
f 765/755/621 781/754/620 761/821/670 763/822/671
f 912/823/672 736/824/664 734/805/656 910/808/658
f 912/823/672 910/808/658 760/816/666 762/815/665
f 911/809/659 735/812/662 737/825/667 913/826/673
f 763/822/671 761/821/670 911/809/659 913/826/673
f 762/815/665 764/750/616 742/798/650 740/827/674
f 741/828/675 743/799/651 765/755/621 763/822/671
f 914/829/676 738/830/677 736/824/664 912/823/672
f 914/829/676 912/823/672 762/815/665 740/827/674
f 913/826/673 737/825/667 739/831/678 915/832/679
f 741/828/675 763/822/671 913/826/673 915/832/679
f 890/833/680 888/813/663 736/814/664 738/834/677
f 739/835/678 737/817/667 889/820/669 891/836/681
f 908/807/657 758/837/682 760/816/666 910/808/658
f 911/809/659 761/821/670 759/838/683 909/810/660
f 780/751/617 760/816/666 758/837/682 796/839/684
f 797/840/685 759/838/683 761/821/670 781/754/620
f 908/807/657 732/806/655 730/841/686 918/842/687
f 796/839/684 758/837/682 908/807/657 918/842/687
f 919/843/688 731/844/689 733/811/661 909/810/660
f 919/843/688 909/810/660 759/838/683 797/840/685
f 782/752/618 780/751/617 796/839/684 798/845/690
f 799/846/691 797/840/685 781/754/620 783/753/619
f 920/847/692 798/845/690 796/839/684 918/842/687
f 920/847/692 918/842/687 730/841/686 728/848/693
f 919/843/688 797/840/685 799/846/691 921/849/694
f 729/850/695 731/844/689 919/843/688 921/849/694
f 800/851/696 798/845/690 920/847/692 922/852/697
f 804/766/632 782/752/618 798/845/690 800/851/696
f 923/853/698 921/849/694 799/846/691 801/854/699
f 801/854/699 799/846/691 783/753/619 805/767/633
f 887/819/668 735/818/662 733/855/661 885/856/700
f 882/857/701 730/858/686 732/803/655 884/802/654
f 885/856/700 733/855/661 731/859/689 883/860/702
f 880/861/703 728/862/693 730/858/686 882/857/701
f 883/860/702 731/859/689 729/863/695 881/864/704
f 878/865/705 726/866/706 728/862/693 880/861/703
f 881/864/704 729/863/695 727/867/707 879/868/708
f 970/869/709 846/870/710 848/871/711 968/872/712
f 969/873/713 849/874/714 847/875/715 971/876/716
f 850/877/717 852/878/718 964/879/719 966/880/720
f 968/872/712 848/871/711 850/877/717 966/880/720
f 967/881/721 965/882/722 853/883/723 851/884/724
f 967/881/721 851/884/724 849/874/714 969/873/713
f 1000/885/725 966/880/720 964/879/719 962/886/726
f 963/887/727 965/882/722 967/881/721 1001/888/728
f 998/889/729 968/872/712 966/880/720 1000/885/725
f 1001/888/728 967/881/721 969/873/713 999/890/730
f 996/891/731 970/869/709 968/872/712 998/889/729
f 999/890/730 969/873/713 971/876/716 997/892/732
f 998/889/729 1000/885/725 1002/893/733 1006/894/734
f 1007/895/735 1003/896/736 1001/888/728 999/890/730
f 1008/897/737 996/891/731 998/889/729 1006/894/734
f 1007/895/735 999/890/730 997/892/732 1009/898/738
f 994/899/739 996/891/731 1008/897/737 1012/900/740
f 1013/901/741 1009/898/738 997/892/732 995/902/742
f 1014/903/743 992/904/744 994/899/739 1012/900/740
f 1013/901/741 995/902/742 993/905/745 1015/906/746
f 1014/903/743 1012/900/740 1018/907/747 1020/908/748
f 1021/909/749 1019/910/750 1013/901/741 1015/906/746
f 1034/911/751 1020/908/748 1024/912/752 1030/913/753
f 1031/914/754 1025/915/755 1021/909/749 1035/916/756
f 1014/903/743 1020/908/748 1034/911/751 1036/917/757
f 1037/918/758 1035/916/756 1021/909/749 1015/906/746
f 988/919/759 990/920/760 992/904/744 1014/903/743
f 1015/906/746 993/905/745 991/921/761 989/922/762
f 978/923/763 976/924/764 990/920/760 988/919/759
f 838/925/765 840/926/766 976/924/764 978/923/763
f 979/927/767 977/928/768 841/929/769 839/930/770
f 989/922/762 991/921/761 977/928/768 979/927/767
f 981/931/771 979/927/767 839/930/770 837/932/772
f 983/933/773 981/931/771 837/932/772 835/934/774
f 1049/935/775 1047/936/776 979/927/767 981/931/771
f 1044/937/777 1046/938/778 978/923/763 1042/939/779
f 1043/940/780 979/927/767 1047/936/776 1045/941/781
f 988/919/759 1014/903/743 1036/917/757 1040/942/782
f 1042/939/779 978/923/763 988/919/759 1040/942/782
f 1041/943/783 1037/918/758 1015/906/746 989/922/762
f 1041/943/783 989/922/762 979/927/767 1043/940/780
f 1052/944/784 1048/945/785 1046/938/778 1044/937/777
f 1045/941/781 1047/936/776 1049/935/775 1053/946/786
f 1051/947/787 1049/935/775 981/931/771 983/933/773
f 1054/948/788 1052/944/784 1044/937/777 1042/939/779
f 1043/940/780 1045/941/781 1053/946/786 1055/949/789
f 1056/950/790 1054/948/788 1042/939/779 1040/942/782
f 1041/943/783 1043/940/780 1055/949/789 1057/951/791
f 1038/952/792 1036/917/757 1034/911/751 1030/913/753
f 1056/950/790 1040/942/782 1036/917/757 1038/952/792
f 1031/914/754 1035/916/756 1037/918/758 1039/953/793
f 1039/953/793 1037/918/758 1041/943/783 1057/951/791
f 1018/907/747 1012/900/740 1008/897/737 1016/954/794
f 1017/955/795 1009/898/738 1013/901/741 1019/910/750
f 1016/954/794 1008/897/737 1006/894/734 1010/956/796
f 1011/957/797 1007/895/735 1009/898/738 1017/955/795
f 1010/956/796 1006/894/734 1002/893/733 1004/958/798
f 1005/959/799 1003/896/736 1007/895/735 1011/957/797
f 946/960/800 868/961/801 870/962/802 944/963/803
f 872/964/804 876/965/805 938/966/806 940/967/807
f 944/963/803 870/962/802 872/964/804 940/967/807
f 941/968/808 939/969/809 877/970/810 873/971/811
f 941/968/808 873/971/811 871/972/812 945/973/813
f 882/857/701 884/802/654 924/974/814 926/975/815
f 927/976/816 925/977/817 885/856/700 883/860/702
f 880/861/703 882/857/701 926/975/815 928/978/818
f 929/979/819 927/976/816 883/860/702 881/864/704
f 878/865/705 880/861/703 928/978/818 930/980/820
f 931/981/821 929/979/819 881/864/704 879/868/708
f 876/965/805 878/865/705 930/980/820 932/982/822
f 933/983/823 931/981/821 879/868/708 877/970/810
f 936/984/824 934/985/825 876/965/805 932/982/822
f 933/983/823 877/970/810 935/986/826 937/987/827
f 938/966/806 876/965/805 934/985/825 942/988/828
f 943/989/829 935/986/826 877/970/810 939/969/809
f 1080/990/830 940/967/807 938/966/806 942/988/828
f 943/989/829 939/969/809 941/968/808 1081/991/831
f 1078/992/832 1076/993/833 946/960/800 944/963/803
f 1078/992/832 944/963/803 940/967/807 1080/990/830
f 1081/991/831 941/968/808 945/973/813 1079/994/834
f 1068/995/835 1010/956/796 1004/958/798 1070/996/836
f 1071/997/837 1005/959/799 1011/957/797 1069/998/838
f 1066/999/839 1016/954/794 1010/956/796 1068/995/835
f 1069/998/838 1011/957/797 1017/955/795 1067/1000/840
f 1022/1001/841 1018/907/747 1016/954/794 1066/999/839
f 1024/912/752 1020/908/748 1018/907/747 1022/1001/841
f 1067/1000/840 1017/955/795 1019/910/750 1023/1002/842
f 1023/1002/842 1019/910/750 1021/909/749 1025/915/755
f 1066/999/839 1068/995/835 1070/996/836 1102/1003/843
f 1103/1004/844 1071/997/837 1069/998/838 1067/1000/840
f 1104/1005/845 1022/1001/841 1066/999/839 1102/1003/843
f 1103/1004/844 1067/1000/840 1023/1002/842 1105/1006/846
f 1102/1003/843 1070/996/836 1072/1007/847 1100/1008/848
f 1101/1009/849 1073/1010/850 1071/997/837 1103/1004/844
f 1074/1011/851 1076/993/833 1078/992/832 1098/1012/852
f 1100/1008/848 1072/1007/847 1074/1011/851 1098/1012/852
f 1099/1013/853 1075/1014/854 1073/1010/850 1101/1009/849
f 1098/1012/852 1078/992/832 1080/990/830 1096/1015/855
f 1097/1016/856 1081/991/831 1079/994/834 1099/1013/853
f 1108/1017/857 1104/1005/845 1102/1003/843 1100/1008/848
f 1101/1009/849 1103/1004/844 1105/1006/846 1109/1018/858
f 1110/1019/859 1108/1017/857 1100/1008/848 1098/1012/852
f 1099/1013/853 1101/1009/849 1109/1018/858 1111/1020/860
f 1112/1021/861 1110/1019/859 1098/1012/852 1096/1015/855
f 1097/1016/856 1099/1013/853 1111/1020/860 1113/1022/862
f 1024/912/752 1022/1001/841 1026/1023/863 1028/1024/864
f 1029/1025/865 1027/1026/866 1023/1002/842 1025/915/755
f 1026/1023/863 1022/1001/841 1104/1005/845 1106/1027/867
f 1107/1028/868 1105/1006/846 1023/1002/842 1027/1026/866
f 1032/1029/869 1030/913/753 1024/912/752 1028/1024/864
f 1029/1025/865 1025/915/755 1031/914/754 1033/1030/870
f 1124/1031/871 1028/1024/864 1026/1023/863 1106/1027/867
f 1107/1028/868 1027/1026/866 1029/1025/865 1125/1032/872
f 1116/1033/873 1106/1027/867 1104/1005/845 1108/1017/857
f 1109/1018/858 1105/1006/846 1107/1028/868 1117/1034/874
f 1118/1035/875 1116/1033/873 1108/1017/857 1110/1019/859
f 1111/1020/860 1109/1018/858 1117/1034/874 1119/1036/876
f 1120/1037/877 1118/1035/875 1110/1019/859 1112/1021/861
f 1113/1022/862 1111/1020/860 1119/1036/876 1121/1038/878
f 1128/1039/879 1124/1031/871 1106/1027/867 1116/1033/873
f 1117/1034/874 1107/1028/868 1125/1032/872 1129/1040/880
f 1130/1041/881 1128/1039/879 1116/1033/873 1118/1035/875
f 1119/1036/876 1117/1034/874 1129/1040/880 1131/1042/882
f 1132/1043/883 1130/1041/881 1118/1035/875 1120/1037/877
f 1121/1038/878 1119/1036/876 1131/1042/882 1133/1044/884
f 1126/1045/885 1032/1029/869 1028/1024/864 1124/1031/871
f 1125/1032/872 1029/1025/865 1033/1030/870 1127/1046/886
f 1064/1047/887 1038/952/792 1030/913/753 1032/1029/869
f 1033/1030/870 1031/914/754 1039/953/793 1065/1048/888
f 1062/1049/889 1056/950/790 1038/952/792 1064/1047/887
f 1065/1048/888 1039/953/793 1057/951/791 1063/1050/890
f 1060/1051/891 1054/948/788 1056/950/790 1062/1049/889
f 1063/1050/890 1057/951/791 1055/949/789 1061/1052/892
f 1050/1053/893 1048/945/785 1052/944/784 1058/1054/894
f 1058/1054/894 1052/944/784 1054/948/788 1060/1051/891
f 1059/1055/895 1053/946/786 1049/935/775 1051/947/787
f 1061/1052/892 1055/949/789 1053/946/786 1059/1055/895
f 985/1056/896 983/933/773 835/934/774 833/1057/897
f 1059/1055/895 1051/947/787 983/933/773 985/1056/896
f 1150/1058/898 1058/1054/894 1060/1051/891 1148/1059/899
f 1149/1060/900 1061/1052/892 1059/1055/895 1151/1061/901
f 1148/1059/899 1060/1051/891 1062/1049/889 1146/1062/902
f 1147/1063/903 1063/1050/890 1061/1052/892 1149/1060/900
f 1064/1047/887 1032/1029/869 1126/1045/885 1144/1064/904
f 1146/1062/902 1062/1049/889 1064/1047/887 1144/1064/904
f 1145/1065/905 1127/1046/886 1033/1030/870 1065/1048/888
f 1145/1065/905 1065/1048/888 1063/1050/890 1147/1063/903
f 1136/1066/906 1126/1045/885 1124/1031/871 1128/1039/879
f 1129/1040/880 1125/1032/872 1127/1046/886 1137/1067/907
f 1138/1068/908 1136/1066/906 1128/1039/879 1130/1041/881
f 1130/1041/881 1132/1043/883 1140/1069/909 1138/1068/908
f 1131/1042/882 1129/1040/880 1137/1067/907 1139/1070/910
f 1139/1070/910 1141/1071/911 1133/1044/884 1131/1042/882
f 1158/1072/912 1144/1064/904 1126/1045/885 1136/1066/906
f 1137/1067/907 1127/1046/886 1145/1065/905 1159/1073/913
f 1158/1072/912 1136/1066/906 1138/1068/908 1160/1074/914
f 1161/1075/915 1139/1070/910 1137/1067/907 1159/1073/913
f 1156/1076/916 1146/1062/902 1144/1064/904 1158/1072/912
f 1159/1073/913 1145/1065/905 1147/1063/903 1157/1077/917
f 1154/1078/918 1148/1059/899 1146/1062/902 1156/1076/916
f 1157/1077/917 1147/1063/903 1149/1060/900 1155/1079/919
f 1152/1080/920 1150/1058/898 1148/1059/899 1154/1078/918
f 984/1081/921 1058/1054/894 1150/1058/898 1152/1080/920
f 1155/1079/919 1149/1060/900 1151/1061/901 1153/1082/922
f 1153/1082/922 1151/1061/901 1059/1055/895 985/1056/896
f 830/1083/923 832/1084/924 984/1081/921 986/1085/925
f 987/1086/926 985/1056/896 833/1057/897 831/1087/927
f 986/1085/925 984/1081/921 1152/1080/920 1166/1088/928
f 1167/1089/929 1153/1082/922 985/1056/896 987/1086/926
f 828/1090/930 676/794/647 830/1083/923 986/1085/925
f 987/1086/926 831/1087/927 677/795/648 829/1091/931
f 1166/1088/928 1152/1080/920 1154/1078/918 1164/1092/932
f 1165/1093/933 1155/1079/919 1153/1082/922 1167/1089/929
f 1156/1076/916 1158/1072/912 1160/1074/914 1162/1094/934
f 1164/1092/932 1154/1078/918 1156/1076/916 1162/1094/934
f 1163/1095/935 1161/1075/915 1159/1073/913 1157/1077/917
f 1163/1095/935 1157/1077/917 1155/1079/919 1165/1093/933
f 1160/1074/914 1138/1068/908 1140/1069/909 1142/1096/936
f 1143/1097/937 1141/1071/911 1139/1070/910 1161/1075/915
f 1142/1096/936 1140/1069/909 1132/1043/883 1134/1098/938
f 1135/1099/939 1133/1044/884 1141/1071/911 1143/1097/937
f 1172/1100/940 1162/1094/934 1160/1074/914 1142/1096/936
f 1143/1097/937 1161/1075/915 1163/1095/935 1173/1101/941
f 1134/1098/938 1132/1043/883 1120/1037/877 1122/1102/942
f 1123/1103/943 1121/1038/878 1133/1044/884 1135/1099/939
f 1122/1102/942 1120/1037/877 1112/1021/861 1114/1104/944
f 1115/1105/945 1113/1022/862 1121/1038/878 1123/1103/943
f 1172/1100/940 1142/1096/936 1134/1098/938 1174/1106/946
f 1175/1107/947 1135/1099/939 1143/1097/937 1173/1101/941
f 1170/1108/948 1164/1092/932 1162/1094/934 1172/1100/940
f 1173/1101/941 1163/1095/935 1165/1093/933 1171/1109/949
f 1168/1110/950 1166/1088/928 1164/1092/932 1170/1108/948
f 828/1090/930 986/1085/925 1166/1088/928 1168/1110/950
f 1171/1109/949 1165/1093/933 1167/1089/929 1169/1111/951
f 1169/1111/951 1167/1089/929 987/1086/926 829/1091/931
f 826/1112/952 674/789/645 676/794/647 828/1090/930
f 829/1091/931 677/795/648 675/792/646 827/1113/953
f 1170/1108/948 1172/1100/940 1174/1106/946 1180/1114/954
f 1182/1115/955 1168/1110/950 1170/1108/948 1180/1114/954
f 1181/1116/956 1175/1107/947 1173/1101/941 1171/1109/949
f 1181/1116/956 1171/1109/949 1169/1111/951 1183/1117/957
f 1174/1106/946 1134/1098/938 1122/1102/942 1176/1118/958
f 1177/1119/959 1123/1103/943 1135/1099/939 1175/1107/947
f 1177/1119/959 1175/1107/947 1181/1116/956 1187/1120/960
f 1176/1118/958 1122/1102/942 1114/1104/944 1178/1121/961
f 1179/1122/962 1115/1105/945 1123/1103/943 1177/1119/959
f 1096/1015/855 1080/990/830 942/988/828 1094/1123/963
f 1114/1104/944 1112/1021/861 1096/1015/855 1094/1123/963
f 1095/1124/964 943/989/829 1081/991/831 1097/1016/856
f 1095/1124/964 1097/1016/856 1113/1022/862 1115/1105/945
f 1190/1125/965 1178/1121/961 1114/1104/944 1094/1123/963
f 1095/1124/964 1115/1105/945 1179/1122/962 1191/1126/966
f 942/988/828 934/985/825 936/984/824 1092/1127/967
f 1190/1125/965 1094/1123/963 942/988/828 1092/1127/967
f 1093/1128/968 937/987/827 935/986/826 943/989/829
f 1093/1128/968 943/989/829 1095/1124/964 1191/1126/966
f 1086/1129/969 928/978/818 926/975/815 1084/1130/970
f 1085/1131/971 927/976/816 929/979/819 1087/1132/972
f 924/974/814 884/802/654 886/801/653 906/1133/973
f 907/1134/974 887/819/668 885/856/700 925/977/817
f 1084/1130/970 926/975/815 924/974/814 1082/1135/975
f 1083/1136/976 925/977/817 927/976/816 1085/1131/971
f 1082/1135/975 924/974/814 906/1133/973 1210/1137/977
f 1211/1138/978 907/1134/974 925/977/817 1083/1136/976
f 906/1133/973 886/801/653 888/813/663 904/1139/979
f 905/1140/980 889/820/669 887/819/668 907/1134/974
f 904/1139/979 888/813/663 890/833/680 902/1141/981
f 916/1142/982 890/833/680 738/834/677 914/1143/676
f 916/1142/982 914/1143/676 740/1144/674 892/1145/983
f 903/1146/984 891/836/681 889/820/669 905/1140/980
f 915/1147/679 739/835/678 891/836/681 917/1148/985
f 893/1149/986 741/1150/675 915/1147/679 917/1148/985
f 1212/1151/987 1210/1137/977 906/1133/973 904/1139/979
f 905/1140/980 907/1134/974 1211/1138/978 1213/1152/988
f 902/1141/981 890/833/680 916/1142/982
f 917/1148/985 891/836/681 903/1146/984
f 892/1145/983 740/1144/674 898/1153/989 900/1154/990
f 902/1141/981 916/1142/982 892/1145/983 900/1154/990
f 901/1155/991 899/1156/992 741/1150/675 893/1149/986
f 901/1155/991 893/1149/986 917/1148/985 903/1146/984
f 1208/1157/993 1082/1135/975 1210/1137/977 1212/1151/987
f 1213/1152/988 1211/1138/978 1083/1136/976 1209/1158/994
f 1202/1159/995 1084/1130/970 1082/1135/975 1208/1157/993
f 1204/1160/996 1086/1129/969 1084/1130/970 1202/1159/995
f 1209/1158/994 1083/1136/976 1085/1131/971 1203/1161/997
f 1203/1161/997 1085/1131/971 1087/1132/972 1205/1162/998
f 1206/1163/999 1204/1160/996 1202/1159/995 1220/1164/1000
f 1221/1165/1001 1203/1161/997 1205/1162/998 1207/1166/1002
f 1200/1167/1003 1086/1129/969 1204/1160/996 1206/1163/999
f 1207/1166/1002 1205/1162/998 1087/1132/972 1201/1168/1004
f 1192/1169/1005 1190/1125/965 1092/1127/967 1194/1170/1006
f 1195/1171/1007 1093/1128/968 1191/1126/966 1193/1172/1008
f 1188/1173/1009 1178/1121/961 1190/1125/965 1192/1169/1005
f 1193/1172/1008 1191/1126/966 1179/1122/962 1189/1174/1010
f 1186/1175/1011 1180/1114/954 1174/1106/946 1176/1118/958
f 1186/1175/1011 1176/1118/958 1178/1121/961 1188/1173/1009
f 1189/1174/1010 1179/1122/962 1177/1119/959 1187/1120/960
f 1184/1176/1012 1182/1115/955 1180/1114/954 1186/1175/1011
f 1187/1120/960 1181/1116/956 1183/1117/957 1185/1177/1013
f 826/1112/952 828/1090/930 1168/1110/950 1182/1115/955
f 1183/1117/957 1169/1111/951 829/1091/931 827/1113/953
f 826/1112/952 1182/1115/955 1184/1176/1012 1244/1178/1014
f 1245/1179/1015 1185/1177/1013 1183/1117/957 827/1113/953
f 824/1180/1016 644/786/643 674/789/645 826/1112/952
f 827/1113/953 675/792/646 645/787/644 825/1181/1017
f 822/1182/1018 642/781/641 644/786/643 824/1180/1016
f 825/1181/1017 645/787/644 643/784/642 823/1183/1019
f 820/1184/1020 640/777/639 642/781/641 822/1182/1018
f 823/1183/1019 643/784/642 641/780/640 821/1185/1021
f 818/1186/1022 636/772/636 640/777/639 820/1184/1020
f 821/1185/1021 641/780/640 637/773/637 819/1187/1023
f 1192/1169/1005 1194/1170/1006 1234/1188/1024 1236/1189/1025
f 1237/1190/1026 1235/1191/1027 1195/1171/1007 1193/1172/1008
f 1188/1173/1009 1192/1169/1005 1236/1189/1025 1238/1192/1028
f 1238/1192/1028 1236/1189/1025 1278/1193/1029 1280/1194/1030
f 1239/1195/1031 1237/1190/1026 1193/1172/1008 1189/1174/1010
f 1281/1196/1032 1279/1197/1033 1237/1190/1026 1239/1195/1031
f 1186/1175/1011 1188/1173/1009 1238/1192/1028 1240/1198/1034
f 1242/1199/1035 1184/1176/1012 1186/1175/1011 1240/1198/1034
f 1241/1200/1036 1239/1195/1031 1189/1174/1010 1187/1120/960
f 1241/1200/1036 1187/1120/960 1185/1177/1013 1243/1201/1037
f 824/1180/1016 826/1112/952 1244/1178/1014 1246/1202/1038
f 1246/1202/1038 1242/1199/1035 1240/1198/1034 1282/1203/1039
f 1240/1198/1034 1238/1192/1028 1280/1194/1030 1282/1203/1039
f 1283/1204/1040 1281/1196/1032 1239/1195/1031 1241/1200/1036
f 1246/1202/1038 1244/1178/1014 1184/1176/1012 1242/1199/1035
f 1243/1201/1037 1185/1177/1013 1245/1179/1015 1247/1205/1041
f 1247/1205/1041 1245/1179/1015 827/1113/953 825/1181/1017
f 1283/1204/1040 1241/1200/1036 1243/1201/1037 1247/1205/1041
f 1228/1206/1042 1200/1167/1003 1206/1163/999 1226/1207/1043
f 1227/1208/1044 1207/1166/1002 1201/1168/1004 1229/1209/1045
f 1231/1210/1046 1229/1209/1045 1201/1168/1004 1199/1211/1047
f 1302/1212/1048 1230/1213/1049 1288/1214/1050 1300/1215/1051
f 1301/1216/1052 1289/1217/1053 1231/1210/1046 1303/1218/1054
f 1088/1219/1055 1086/1129/969 1200/1167/1003 1198/1220/1056
f 1092/1127/967 936/984/824 932/982/822 1090/1221/1057
f 1232/1222/1058 1234/1188/1024 1194/1170/1006 1196/1223/1059
f 1230/1213/1049 1302/1212/1048 1304/1224/1060 1198/1220/1056
f 1198/1220/1056 1200/1167/1003 1228/1206/1042 1230/1213/1049
f 1199/1211/1047 1201/1168/1004 1087/1132/972 1089/1225/1061
f 1091/1226/1062 933/983/823 937/987/827 1093/1128/968
f 1197/1227/1063 1195/1171/1007 1235/1191/1027 1233/1228/1064
f 1199/1211/1047 1305/1229/1065 1303/1218/1054 1231/1210/1046
f 1304/1224/1060 1302/1212/1048 1232/1222/1058 1196/1223/1059
f 1197/1227/1063 1233/1228/1064 1303/1218/1054 1305/1229/1065
f 1196/1223/1059 1194/1170/1006 1092/1127/967 1090/1221/1057
f 1091/1226/1062 1093/1128/968 1195/1171/1007 1197/1227/1063
f 930/980/820 928/978/818 1086/1129/969 1088/1219/1055
f 1090/1221/1057 932/982/822 930/980/820 1088/1219/1055
f 1306/1230/1066 1090/1221/1057 1088/1219/1055
f 1088/1219/1055 1198/1220/1056 1304/1224/1060 1306/1230/1066
f 1306/1230/1066 1304/1224/1060 1196/1223/1059 1090/1221/1057
f 1089/1225/1061 1087/1132/972 929/979/819 931/981/821
f 1089/1225/1061 931/981/821 933/983/823 1091/1226/1062
f 1089/1225/1061 1091/1226/1062 1307/1231/1067
f 1307/1231/1067 1305/1229/1065 1199/1211/1047 1089/1225/1061
f 1091/1226/1062 1197/1227/1063 1305/1229/1065 1307/1231/1067
f 1308/1232/1068 750/1233/1069 772/1234/1070 1312/1235/1071
f 1313/1236/1072 773/1237/1073 751/1238/1074 1309/1239/1075
f 788/1240/1076 786/759/625 784/758/624 808/765/631
f 772/1234/1070 770/760/626 786/759/625 788/1240/1076
f 788/1240/1076 790/1241/1077 1314/1242/1078
f 1314/1242/1078 1312/1235/1071 772/1234/1070 788/1240/1076
f 809/768/634 785/761/627 787/764/630 789/1243/1079
f 789/1243/1079 787/764/630 771/763/629 773/1237/1073
f 1315/1244/1080 791/1245/1081 789/1243/1079
f 789/1243/1079 773/1237/1073 1313/1236/1072 1315/1244/1080
f 1294/1246/1082 750/1233/1069 1308/1232/1068 1296/1247/1083
f 1297/1248/1084 1309/1249/1075 751/1250/1074 1295/1251/1085
f 1294/1252/1082 1296/1253/1083 1298/1254/1086 1266/1255/1087
f 1266/1255/1087 1298/1254/1086 1300/1215/1051 1288/1214/1050
f 1267/1256/1088 1299/1257/1089 1297/1248/1084 1295/1251/1085
f 1289/1217/1053 1301/1216/1052 1299/1257/1089 1267/1256/1088
f 1290/1258/1090 1288/1214/1050 1230/1213/1049 1228/1206/1042
f 1229/1209/1045 1231/1210/1046 1289/1217/1053 1291/1259/1091
f 770/760/626 772/1234/1070 750/1233/1069 748/1260/1092
f 749/1261/1093 751/1238/1074 773/1237/1073 771/763/629
f 748/1260/1092 750/1233/1069 1294/1246/1082 1316/1262/1094
f 1317/1263/1095 1295/1251/1085 751/1250/1074 749/1264/1093
f 746/1265/1096 744/797/649 766/749/615 768/757/623
f 768/757/623 770/760/626 748/1260/1092 746/1265/1096
f 769/762/628 767/756/622 745/800/652 747/1266/1097
f 747/1266/1097 749/1261/1093 771/763/629 769/762/628
f 746/1265/1096 748/1260/1092 1316/1262/1094 1320/1267/1098
f 1321/1268/1099 1317/1263/1095 749/1264/1093 747/1269/1097
f 1318/1270/1100 1316/1271/1094 1294/1252/1082 1266/1255/1087
f 1318/1270/1100 1266/1255/1087 1288/1214/1050 1290/1258/1090
f 1267/1256/1088 1295/1251/1085 1317/1263/1095 1319/1272/1101
f 1291/1259/1091 1289/1217/1053 1267/1256/1088 1319/1272/1101
f 1320/1273/1098 1316/1271/1094 1318/1270/1100 1322/1274/1102
f 1323/1275/1103 1319/1272/1101 1317/1263/1095 1321/1268/1099
f 894/1276/1104 744/797/649 746/1265/1096 1320/1267/1098
f 1321/1268/1099 747/1269/1097 745/1277/652 895/1278/1105
f 1322/1274/1102 1318/1270/1100 1290/1258/1090 1292/1279/1106
f 1293/1280/1107 1291/1259/1091 1319/1272/1101 1323/1275/1103
f 1292/1279/1106 1290/1258/1090 1228/1206/1042 1226/1207/1043
f 1227/1208/1044 1229/1209/1045 1291/1259/1091 1293/1280/1107
f 1328/1281/1108 1326/1282/1109 1292/1279/1106 1226/1207/1043
f 1227/1208/1044 1293/1280/1107 1327/1283/1110 1329/1284/1111
f 1226/1207/1043 1206/1163/999 1220/1164/1000 1224/1285/1112
f 1225/1286/1113 1221/1165/1001 1207/1166/1002 1227/1208/1044
f 1330/1287/1114 1328/1281/1108 1226/1207/1043 1224/1285/1112
f 1225/1286/1113 1227/1208/1044 1329/1284/1111 1331/1288/1115
f 1324/1289/1116 1322/1274/1102 1292/1279/1106 1326/1282/1109
f 1324/1289/1116 1326/1282/1109 1328/1281/1108 1330/1287/1114
f 1327/1283/1110 1293/1280/1107 1323/1275/1103 1325/1290/1117
f 1331/1288/1115 1329/1284/1111 1327/1283/1110 1325/1290/1117
f 894/1291/1104 1320/1273/1098 1322/1274/1102 1324/1289/1116
f 1325/1290/1117 1323/1275/1103 1321/1268/1099 895/1278/1105
f 1222/1292/1118 1224/1285/1112 1220/1164/1000 1218/1293/1119
f 1324/1289/1116 1330/1287/1114 1224/1285/1112 1222/1292/1118
f 1219/1294/1120 1221/1165/1001 1225/1286/1113 1223/1295/1121
f 1223/1295/1121 1225/1286/1113 1331/1288/1115 1325/1290/1117
f 1332/1296/1122 894/1291/1104 1324/1289/1116 1222/1292/1118
f 1223/1295/1121 1325/1290/1117 895/1278/1105 1333/1297/1123
f 1220/1164/1000 1202/1159/995 1208/1157/993 1218/1293/1119
f 1219/1294/1120 1209/1158/994 1203/1161/997 1221/1165/1001
f 1214/1298/1124 1212/1151/987 904/1139/979 902/1141/981
f 1218/1293/1119 1208/1157/993 1212/1151/987 1214/1298/1124
f 1334/1299/1125 1218/1293/1119 1214/1298/1124
f 1334/1299/1125 1332/1296/1122 1222/1292/1118 1218/1293/1119
f 903/1146/984 905/1140/980 1213/1152/988 1215/1300/1126
f 1215/1300/1126 1213/1152/988 1209/1158/994 1219/1294/1120
f 1215/1300/1126 1219/1294/1120 1335/1301/1127
f 1219/1294/1120 1223/1295/1121 1333/1297/1123 1335/1301/1127
f 742/798/650 744/797/649 894/1276/1104 896/1302/1128
f 896/1303/1128 894/1291/1104 1332/1296/1122 1216/1304/1129
f 898/1305/989 740/827/674 742/798/650 896/1302/1128
f 1216/1304/1129 900/1154/990 898/1153/989 896/1303/1128
f 1214/1298/1124 902/1141/981 900/1154/990 1216/1304/1129
f 1332/1296/1122 1334/1299/1125 1214/1298/1124 1216/1304/1129
f 897/1306/1130 895/1278/1105 745/1277/652 743/1307/651
f 1217/1308/1131 1333/1297/1123 895/1278/1105 897/1306/1130
f 897/1306/1130 743/1307/651 741/1150/675 899/1156/992
f 897/1306/1130 899/1156/992 901/1155/991 1217/1308/1131
f 1217/1308/1131 901/1155/991 903/1146/984 1215/1300/1126
f 1217/1308/1131 1215/1300/1126 1335/1301/1127 1333/1297/1123
f 922/852/697 920/847/692 728/848/693 726/1309/706
f 727/1310/707 729/850/695 921/849/694 923/853/698
f 1336/1311/1132 922/852/697 726/1309/706 874/1312/1133
f 875/1313/1134 877/970/810 879/868/708 727/867/707
f 802/1314/1135 800/851/696 922/852/697 1336/1311/1132
f 1337/1315/1136 923/853/698 801/854/699 803/1316/1137
f 726/866/706 878/865/705 876/965/805 874/1317/1133
f 1338/1318/1138 802/1314/1135 1336/1311/1132 874/1312/1133
f 875/1319/1134 727/1310/707 923/853/698 1337/1315/1136
f 875/1319/1134 1337/1315/1136 803/1316/1137 1339/1320/1139
f 874/1317/1133 876/965/805 872/964/804 724/1321/1140
f 725/1322/1141 873/971/811 877/970/810 875/1313/1134
f 722/1323/1142 724/1321/1140 872/964/804 870/962/802
f 871/972/812 873/971/811 725/1322/1141 723/1324/1143
f 720/1325/1144 722/1323/1142 870/962/802 868/961/801
f 869/1326/1145 871/972/812 723/1324/1143 721/1327/1146
f 1354/1328/1147 1356/1329/1148 1350/1330/1149 1348/1331/1150
f 1354/1328/1147 874/1312/1133 724/1332/1140 1360/1333/1151
f 1349/1334/1152 1351/1335/1153 1357/1336/1154 1355/1337/1155
f 1361/1338/1156 725/1339/1141 875/1319/1134 1355/1337/1155
f 1348/1331/1150 1338/1318/1138 874/1312/1133 1354/1328/1147
f 1355/1337/1155 875/1319/1134 1339/1320/1139 1349/1334/1152
f 806/1340/1157 804/766/632 800/851/696 802/1314/1135
f 806/1340/1157 802/1314/1135 1338/1318/1138 1340/1341/1158
f 803/1316/1137 801/854/699 805/767/633 807/1342/1159
f 1341/1343/1160 1339/1320/1139 803/1316/1137 807/1342/1159
f 790/1241/1077 788/1240/1076 808/765/631 810/1344/1161
f 810/1344/1161 808/765/631 804/766/632 806/1340/1157
f 810/1344/1161 806/1340/1157 1340/1341/1158 1342/1345/1162
f 1342/1345/1162 1340/1341/1158 1338/1318/1138 1348/1331/1150
f 811/1346/1163 809/768/634 789/1243/1079 791/1245/1081
f 807/1342/1159 805/767/633 809/768/634 811/1346/1163
f 1343/1347/1164 1341/1343/1160 807/1342/1159 811/1346/1163
f 1349/1334/1152 1339/1320/1139 1341/1343/1160 1343/1347/1164
f 792/1348/1165 790/1241/1077 810/1344/1161 812/1349/1166
f 812/1349/1166 810/1344/1161 1342/1345/1162 1344/1350/1167
f 1344/1350/1167 1342/1345/1162 1348/1331/1150 1350/1330/1149
f 813/1351/1168 811/1346/1163 791/1245/1081 793/1352/1169
f 1345/1353/1170 1343/1347/1164 811/1346/1163 813/1351/1168
f 1351/1335/1153 1349/1334/1152 1343/1347/1164 1345/1353/1170
f 1366/1354/1171 1360/1333/1151 724/1332/1140 722/1355/1142
f 723/1356/1143 725/1339/1141 1361/1338/1156 1367/1357/1172
f 1368/1358/1173 1366/1354/1171 722/1355/1142 720/1359/1144
f 721/1360/1146 723/1356/1143 1367/1357/1172 1369/1361/1174
f 1356/1329/1148 1354/1328/1147 1360/1333/1151 1362/1362/1175
f 1363/1363/1176 1361/1338/1156 1355/1337/1155 1357/1336/1154
f 1362/1362/1175 1360/1333/1151 1366/1354/1171 1378/1364/1177
f 1379/1365/1178 1367/1357/1172 1361/1338/1156 1363/1363/1176
f 1378/1364/1177 1366/1354/1171 1368/1358/1173 1382/1366/1179
f 1383/1367/1180 1369/1361/1174 1367/1357/1172 1379/1365/1178
f 632/1368/597 630/1369/592 638/1370/635 650/1371/1181
f 651/1372/1182 639/776/638 631/775/595 633/1373/598
f 816/1374/1183 756/1375/1184 650/1371/1181 638/1370/635
f 1404/1376/1185 756/1375/1184 816/1374/1183
f 816/1377/1183 638/769/635 636/772/636 818/1186/1022
f 1258/1378/1186 756/1375/1184 1404/1376/1185
f 639/776/638 651/1372/1182 757/1379/1187 817/1380/1188
f 817/1380/1188 757/1379/1187 1405/1381/1189
f 819/1187/1023 637/773/637 639/776/638 817/1380/1188
f 1405/1381/1189 757/1379/1187 1259/1382/1190
f 822/1182/1018 824/1180/1016 1246/1202/1038 1248/1383/1191
f 1248/1383/1191 1246/1202/1038 1284/1384/1192
f 1250/1385/1193 820/1184/1020 822/1182/1018 1248/1383/1191
f 1274/1386/1194 1276/1387/1195 1282/1203/1039 1280/1194/1030
f 1284/1384/1192 1246/1202/1038 1282/1203/1039 1276/1387/1195
f 1249/1388/1196 1247/1205/1041 825/1181/1017 823/1183/1019
f 1285/1389/1197 1247/1205/1041 1249/1388/1196
f 1249/1388/1196 823/1183/1019 821/1185/1021 1251/1390/1198
f 1277/1391/1199 1283/1204/1040 1247/1205/1041 1285/1389/1197
f 1284/1384/1192 1276/1387/1195 1406/1392/1200
f 1250/1385/1193 1248/1383/1191 1284/1384/1192 1406/1392/1200
f 1407/1393/1201 1277/1391/1199 1285/1389/1197
f 1407/1393/1201 1285/1389/1197 1249/1388/1196 1251/1390/1198
f 818/1186/1022 820/1184/1020 1250/1385/1193 1252/1394/1202
f 1404/1395/1185 816/1377/1183 1254/1396/1203
f 1253/1397/1204 1251/1390/1198 821/1185/1021 819/1187/1023
f 1405/1381/1189 1259/1382/1190 1255/1398/1205
f 1281/1196/1032 1283/1204/1040 1277/1391/1199 1275/1399/1206
f 1406/1392/1200 1276/1387/1195 1274/1386/1194 1408/1400/1207
f 1252/1394/1202 1250/1385/1193 1406/1392/1200 1408/1400/1207
f 1409/1401/1208 1275/1399/1206 1277/1391/1199 1407/1393/1201
f 1409/1401/1208 1407/1393/1201 1251/1390/1198 1253/1397/1204
f 816/1377/1183 818/1186/1022 1252/1394/1202 1254/1396/1203
f 1254/1396/1203 1258/1402/1186 1404/1395/1185
f 1272/1403/1209 1274/1386/1194 1280/1194/1030 1278/1193/1029
f 1255/1398/1205 1253/1397/1204 819/1187/1023 817/1380/1188
f 1255/1398/1205 817/1380/1188 1405/1381/1189
f 1279/1197/1033 1281/1196/1032 1275/1399/1206 1273/1404/1210
f 1410/1405/1211 1254/1396/1203 1252/1394/1202 1408/1400/1207
f 1410/1405/1211 1408/1400/1207 1274/1386/1194 1272/1403/1209
f 1409/1401/1208 1253/1397/1204 1255/1398/1205 1411/1406/1212
f 1273/1404/1210 1275/1399/1206 1409/1401/1208 1411/1406/1212
f 1270/1407/1213 1272/1403/1209 1278/1193/1029 1236/1189/1025
f 1237/1190/1026 1279/1197/1033 1273/1404/1210 1271/1408/1214
f 1260/1409/1215 1258/1402/1186 1254/1396/1203 1256/1410/1216
f 1256/1410/1216 1254/1396/1203 1410/1405/1211 1412/1411/1217
f 1412/1411/1217 1270/1407/1213 1256/1410/1216
f 1412/1411/1217 1410/1405/1211 1272/1403/1209 1270/1407/1213
f 1257/1412/1218 1255/1398/1205 1259/1382/1190 1261/1413/1219
f 1413/1414/1220 1411/1406/1212 1255/1398/1205 1257/1412/1218
f 1257/1412/1218 1271/1408/1214 1413/1414/1220
f 1271/1408/1214 1273/1404/1210 1411/1406/1212 1413/1414/1220
f 1310/1415/1221 1296/1247/1083 1308/1232/1068 752/1416/1222
f 754/1417/1223 756/1375/1184 1258/1378/1186 1260/1418/1215
f 753/1419/1224 1309/1249/1075 1297/1248/1084 1311/1420/1225
f 1261/1413/1219 1259/1382/1190 757/1379/1187 755/1421/1226
f 1262/1422/1227 754/1423/1223 1260/1409/1215 1256/1410/1216
f 1310/1424/1221 752/1425/1222 1264/1426/1228
f 1264/1426/1228 1298/1254/1086 1296/1253/1083 1310/1424/1221
f 1286/1427/1229 1232/1222/1058 1302/1212/1048 1300/1215/1051
f 1257/1412/1218 1261/1413/1219 755/1421/1226 1263/1428/1230
f 1265/1429/1231 753/1419/1224 1311/1420/1225
f 1311/1420/1225 1297/1248/1084 1299/1257/1089 1265/1429/1231
f 1301/1216/1052 1303/1218/1054 1233/1228/1064 1287/1430/1232
f 1264/1426/1228 752/1425/1222 1414/1431/1233 1416/1432/1234
f 1417/1433/1235 1415/1434/1236 753/1419/1224 1265/1429/1231
f 1268/1435/1237 1262/1422/1227 1256/1410/1216 1270/1407/1213
f 1268/1435/1237 1270/1407/1213 1236/1189/1025 1234/1188/1024
f 1271/1408/1214 1257/1412/1218 1263/1428/1230 1269/1436/1238
f 1235/1191/1027 1237/1190/1026 1271/1408/1214 1269/1436/1238
f 1286/1427/1229 1268/1435/1237 1234/1188/1024 1232/1222/1058
f 1418/1437/1239 1268/1435/1237 1286/1427/1229
f 1300/1215/1051 1298/1254/1086 1264/1426/1228 1286/1427/1229
f 1286/1427/1229 1264/1426/1228 1416/1432/1234 1418/1437/1239
f 1418/1437/1239 1416/1432/1234 1262/1422/1227 1268/1435/1237
f 1233/1228/1064 1235/1191/1027 1269/1436/1238 1287/1430/1232
f 1287/1430/1232 1269/1436/1238 1419/1438/1240
f 1287/1430/1232 1265/1429/1231 1299/1257/1089 1301/1216/1052
f 1419/1438/1240 1417/1433/1235 1265/1429/1231 1287/1430/1232
f 1269/1436/1238 1263/1428/1230 1417/1433/1235 1419/1438/1240
f 1414/1431/1233 754/1423/1223 1262/1422/1227 1416/1432/1234
f 1417/1433/1235 1263/1428/1230 755/1421/1226 1415/1434/1236
f 790/1241/1077 792/1348/1165 776/1439/1241 774/1440/1242
f 774/1440/1242 776/1439/1241 1420/1441/1243
f 1420/1441/1243 1414/1442/1233 752/1416/1222 774/1440/1242
f 774/1440/1242 752/1416/1222 1308/1232/1068 1312/1235/1071
f 1312/1235/1071 1314/1242/1078 790/1241/1077 774/1440/1242
f 776/1439/1241 754/1417/1223 1414/1442/1233 1420/1441/1243
f 775/1443/1244 777/1444/1245 793/1352/1169 791/1245/1081
f 1421/1445/1246 777/1444/1245 775/1443/1244
f 775/1443/1244 753/1446/1224 1415/1447/1236 1421/1445/1246
f 1313/1236/1072 1309/1239/1075 753/1446/1224 775/1443/1244
f 775/1443/1244 791/1245/1081 1315/1244/1080 1313/1236/1072
f 1421/1445/1246 1415/1447/1236 755/1448/1226 777/1444/1245
f 756/1375/1184 754/1417/1223 776/1439/1241 778/1449/1247
f 650/1371/1181 756/1375/1184 1402/1450/1248
f 779/1451/1249 777/1444/1245 755/1448/1226 757/1452/1187
f 1403/1453/1250 757/1452/1187 651/1454/1182
f 652/1455/1251 650/1371/1181 1402/1450/1248
f 1402/1450/1248 756/1375/1184 778/1449/1247
f 1403/1453/1250 651/1454/1182 653/1456/1252
f 779/1451/1249 757/1452/1187 1403/1453/1250
f 648/1457/599 632/1368/597 650/1371/1181 652/1455/1251
f 653/1456/1252 651/1454/1182 633/1458/598 649/1459/600
f 962/886/726 964/879/719 852/878/718 854/1460/1253
f 855/1461/1254 853/883/723 965/882/722 963/887/727
f 704/1462/1255 1452/1463/1256 1454/1464/1257 1456/1465/1258
f 1456/1465/1258 854/1460/1253 704/1462/1255
f 1457/1466/1259 1455/1467/1260 1453/1468/1261 705/1469/1262
f 705/1469/1262 855/1461/1254 1457/1466/1259
f 702/1470/1263 704/1462/1255 854/1460/1253 852/878/718
f 853/883/723 855/1461/1254 705/1469/1262 703/1471/1264
f 778/1449/1247 776/1439/1241 792/1348/1165 794/1472/1265
f 1400/1473/1266 1402/1450/1248 778/1449/1247 794/1472/1265
f 795/1474/1267 793/1352/1169 777/1444/1245 779/1451/1249
f 795/1474/1267 779/1451/1249 1403/1453/1250 1401/1475/1268
f 794/1472/1265 792/1348/1165 812/1349/1166 814/1476/1269
f 1398/1477/1270 1400/1473/1266 794/1472/1265 814/1476/1269
f 815/1478/1271 813/1351/1168 793/1352/1169 795/1474/1267
f 815/1478/1271 795/1474/1267 1401/1475/1268 1399/1479/1272
f 814/1476/1269 812/1349/1166 1344/1350/1167 1346/1480/1273
f 1347/1481/1274 1345/1353/1170 813/1351/1168 815/1478/1271
f 1396/1482/1275 1398/1477/1270 814/1476/1269 1346/1480/1273
f 1347/1481/1274 815/1478/1271 1399/1479/1272 1397/1483/1276
f 1346/1480/1273 1344/1350/1167 1350/1330/1149 1352/1484/1277
f 1394/1485/1278 1396/1482/1275 1346/1480/1273 1352/1484/1277
f 1353/1486/1279 1351/1335/1153 1345/1353/1170 1347/1481/1274
f 1353/1486/1279 1347/1481/1274 1397/1483/1276 1395/1487/1280
f 1352/1484/1277 1350/1330/1149 1356/1329/1148 1358/1488/1281
f 1392/1489/1282 1394/1485/1278 1352/1484/1277 1358/1488/1281
f 1359/1490/1283 1357/1336/1154 1351/1335/1153 1353/1486/1279
f 1359/1490/1283 1353/1486/1279 1395/1487/1280 1393/1491/1284
f 1358/1488/1281 1356/1329/1148 1362/1362/1175 1364/1492/1285
f 1390/1493/1286 1392/1489/1282 1358/1488/1281 1364/1492/1285
f 1365/1494/1287 1363/1363/1176 1357/1336/1154 1359/1490/1283
f 1365/1494/1287 1359/1490/1283 1393/1491/1284 1391/1495/1288
f 1364/1492/1285 1362/1362/1175 1378/1364/1177 1380/1496/1289
f 1388/1497/1290 1390/1493/1286 1364/1492/1285 1380/1496/1289
f 1381/1498/1291 1379/1365/1178 1363/1363/1176 1365/1494/1287
f 1381/1498/1291 1365/1494/1287 1391/1495/1288 1389/1499/1292
f 1380/1496/1289 1378/1364/1177 1382/1366/1179 1384/1500/1293
f 1386/1501/1294 1388/1497/1290 1380/1496/1289 1384/1500/1293
f 1385/1502/1295 1383/1367/1180 1379/1365/1178 1381/1498/1291
f 1385/1502/1295 1381/1498/1291 1389/1499/1292 1387/1503/1296
f 646/1504/601 648/1457/599 652/1455/1251 654/1505/1297
f 655/1506/1298 653/1456/1252 649/1459/600 647/1507/602
f 1478/1508/1299 654/1505/1297 652/1455/1251 1422/1509/1300
f 1422/1509/1300 652/1455/1251 1402/1450/1248 1400/1473/1266
f 1423/1510/1301 653/1456/1252 655/1506/1298 1479/1511/1302
f 1401/1475/1268 1403/1453/1250 653/1456/1252 1423/1510/1301
f 1424/1512/1303 1422/1509/1300 1400/1473/1266 1398/1477/1270
f 1399/1479/1272 1401/1475/1268 1423/1510/1301 1425/1513/1304
f 1426/1514/1305 1424/1512/1303 1398/1477/1270 1396/1482/1275
f 1397/1483/1276 1399/1479/1272 1425/1513/1304 1427/1515/1306
f 1428/1516/1307 1426/1514/1305 1396/1482/1275 1394/1485/1278
f 1395/1487/1280 1397/1483/1276 1427/1515/1306 1429/1517/1308
f 1430/1518/1309 1428/1516/1307 1394/1485/1278 1392/1489/1282
f 1393/1491/1284 1395/1487/1280 1429/1517/1308 1431/1519/1310
f 1432/1520/1311 1430/1518/1309 1392/1489/1282 1390/1493/1286
f 1391/1495/1288 1393/1491/1284 1431/1519/1310 1433/1521/1312
f 1434/1522/1313 1432/1520/1311 1390/1493/1286 1388/1497/1290
f 1389/1499/1292 1391/1495/1288 1433/1521/1312 1435/1523/1314
f 1436/1524/1315 1434/1522/1313 1388/1497/1290 1386/1501/1294
f 1387/1503/1296 1389/1499/1292 1435/1523/1314 1437/1525/1316
f 1458/1526/1317 1450/1527/1318 1442/1528/1319 1444/1529/1320
f 1444/1529/1320 1442/1528/1319 1452/1530/1256 704/1531/1255
f 1445/1532/1321 1443/1533/1322 1451/1534/1323 1459/1535/1324
f 705/1536/1262 1453/1537/1261 1443/1533/1322 1445/1532/1321
f 700/1538/1325 702/1470/1263 852/878/718 850/877/717
f 851/884/724 853/883/723 703/1471/1264 701/1539/1326
f 1446/1540/1327 1444/1529/1320 704/1531/1255 702/1541/1263
f 703/1542/1264 705/1536/1262 1445/1532/1321 1447/1543/1328
f 660/1544/1329 654/1505/1297 1478/1508/1299 1476/1545/1330
f 1424/1512/1303 1426/1514/1305 1474/1546/1331 1476/1545/1330
f 1476/1545/1330 1478/1508/1299 1422/1509/1300 1424/1512/1303
f 1477/1547/1332 1479/1511/1302 655/1506/1298 661/1548/1333
f 1477/1547/1332 1475/1549/1334 1427/1515/1306 1425/1513/1304
f 1425/1513/1304 1423/1510/1301 1479/1511/1302 1477/1547/1332
f 660/1544/1329 1476/1545/1330 1474/1546/1331 1496/1550/1335
f 1497/1551/1336 1475/1549/1334 1477/1547/1332 661/1548/1333
f 678/1552/1337 676/794/647 668/793/612 664/1553/1338
f 665/1554/1339 669/796/613 677/795/648 679/1555/1340
f 664/1556/1338 662/1557/1341 1502/1558/1342
f 1503/1559/1343 663/1560/1344 665/1561/1339
f 1498/1562/1345 662/1557/1341 660/1544/1329 1496/1550/1335
f 1497/1551/1336 661/1548/1333 663/1560/1344 1499/1563/1346
f 1460/1564/1347 1458/1526/1317 1444/1529/1320 1446/1540/1327
f 1447/1543/1328 1445/1532/1321 1459/1535/1324 1461/1565/1348
f 1464/1566/1349 1436/1524/1315 1438/1567/1350 1462/1568/1351
f 1462/1568/1351 1438/1567/1350 1450/1527/1318 1458/1526/1317
f 1484/1569/1352 1486/1570/1353 1464/1566/1349 1462/1568/1351
f 1462/1568/1351 1458/1526/1317 1460/1564/1347 1484/1569/1352
f 1463/1571/1354 1439/1572/1355 1437/1525/1316 1465/1573/1356
f 1459/1535/1324 1451/1534/1323 1439/1572/1355 1463/1571/1354
f 1463/1571/1354 1465/1573/1356 1487/1574/1357 1485/1575/1358
f 1485/1575/1358 1461/1565/1348 1459/1535/1324 1463/1571/1354
f 1434/1522/1313 1436/1524/1315 1464/1566/1349 1466/1576/1359
f 1466/1576/1359 1464/1566/1349 1486/1570/1353 1488/1577/1360
f 1467/1578/1361 1465/1573/1356 1437/1525/1316 1435/1523/1314
f 1489/1579/1362 1487/1574/1357 1465/1573/1356 1467/1578/1361
f 1432/1520/1311 1434/1522/1313 1466/1576/1359 1468/1580/1363
f 1468/1580/1363 1466/1576/1359 1488/1577/1360 1490/1581/1364
f 1469/1582/1365 1467/1578/1361 1435/1523/1314 1433/1521/1312
f 1491/1583/1366 1489/1579/1362 1467/1578/1361 1469/1582/1365
f 1430/1518/1309 1432/1520/1311 1468/1580/1363 1470/1584/1367
f 1471/1585/1368 1469/1582/1365 1433/1521/1312 1431/1519/1310
f 1470/1584/1367 1468/1580/1363 1490/1581/1364 1492/1586/1369
f 1493/1587/1370 1491/1583/1366 1469/1582/1365 1471/1585/1368
f 1428/1516/1307 1430/1518/1309 1470/1584/1367 1472/1588/1371
f 1472/1588/1371 1474/1546/1331 1426/1514/1305 1428/1516/1307
f 1473/1589/1372 1471/1585/1368 1431/1519/1310 1429/1517/1308
f 1429/1517/1308 1427/1515/1306 1475/1549/1334 1473/1589/1372
f 1472/1588/1371 1470/1584/1367 1492/1586/1369 1494/1590/1373
f 1494/1590/1373 1496/1550/1335 1474/1546/1331 1472/1588/1371
f 1495/1591/1374 1493/1587/1370 1471/1585/1368 1473/1589/1372
f 1473/1589/1372 1475/1549/1334 1497/1551/1336 1495/1591/1374
f 698/1592/1375 700/1538/1325 850/877/717 848/871/711
f 849/874/714 851/884/724 701/1539/1326 699/1593/1376
f 1446/1540/1327 702/1541/1263 700/1594/1325 1480/1595/1377
f 1481/1596/1378 701/1597/1326 703/1542/1264 1447/1543/1328
f 1480/1595/1377 700/1594/1325 698/1598/1375 1516/1599/1379
f 1517/1600/1380 699/1601/1376 701/1597/1326 1481/1596/1378
f 1460/1564/1347 1446/1540/1327 1480/1595/1377 1482/1602/1381
f 1483/1603/1382 1481/1596/1378 1447/1543/1328 1461/1565/1348
f 1482/1602/1381 1480/1595/1377 1516/1599/1379 1518/1604/1383
f 1519/1605/1384 1517/1600/1380 1481/1596/1378 1483/1603/1382
f 830/1083/923 676/794/647 678/1552/1337 680/1606/1385
f 681/1607/1386 679/1555/1340 677/795/648 831/1087/927
f 1504/1608/1387 1498/1562/1345 1496/1550/1335 1494/1590/1373
f 1500/1609/1388 678/1610/1337 664/1556/1338 1502/1558/1342
f 1502/1558/1342 662/1557/1341 1498/1562/1345 1500/1609/1388
f 1503/1559/1343 665/1561/1339 679/1611/1340 1501/1612/1389
f 1501/1612/1389 1499/1563/1346 663/1560/1344 1503/1559/1343
f 1500/1609/1388 1498/1562/1345 1504/1608/1387 1520/1613/1390
f 832/1084/924 830/1083/923 680/1606/1385 682/1614/1391
f 683/1615/1392 681/1607/1386 831/1087/927 833/1057/897
f 685/1616/1393 683/1615/1392 833/1057/897 835/934/774
f 687/1617/1394 685/1616/1393 835/934/774 837/932/772
f 689/1618/1395 687/1617/1394 837/932/772 839/930/770
f 840/926/766 838/925/765 688/1619/1396 690/1620/1397
f 691/1621/1398 689/1618/1395 839/930/770 841/929/769
f 696/1622/1399 698/1592/1375 848/871/711 846/870/710
f 847/875/715 849/874/714 699/1593/1376 697/1623/1400
f 1518/1604/1383 1516/1599/1379 698/1598/1375 696/1624/1399
f 697/1625/1400 699/1601/1376 1517/1600/1380 1519/1605/1384
f 1514/1626/1401 1482/1602/1381 1518/1604/1383 1538/1627/1402
f 1515/1628/1403 1483/1603/1382 1461/1565/1348 1485/1575/1358
f 856/1629/1404 854/1460/1253 1456/1465/1258 1454/1464/1257
f 1455/1467/1260 1457/1466/1259 855/1461/1254 857/1630/1405
f 706/1631/1406 856/1629/1404 1454/1464/1257 1452/1463/1256
f 1453/1468/1261 1455/1467/1260 857/1630/1405 707/1632/1407
f 1440/1633/1408 1442/1528/1319 1450/1527/1318 1448/1634/1409
f 1384/1500/1293 1382/1366/1179 1372/1635/1410 1374/1636/1411
f 1438/1567/1350 1436/1524/1315 1386/1501/1294 1376/1637/1412
f 1375/1638/1413 1373/1639/1414 1383/1367/1180 1385/1502/1295
f 1377/1640/1415 1387/1503/1296 1437/1525/1316 1439/1572/1355
f 1448/1634/1409 1450/1527/1318 1438/1567/1350 1376/1637/1412
f 1377/1640/1415 1439/1572/1355 1451/1534/1323 1449/1641/1416
f 1374/1636/1411 1376/1637/1412 1386/1501/1294 1384/1500/1293
f 1548/1642/1417 1376/1637/1412 1374/1636/1411
f 1385/1502/1295 1387/1503/1296 1377/1640/1415 1375/1638/1413
f 1375/1638/1413 1377/1640/1415 1549/1643/1418
f 1548/1642/1417 1374/1636/1411 710/1644/1419 1546/1645/1420
f 1547/1646/1421 711/1647/1422 1375/1638/1413 1549/1643/1418
f 1376/1637/1412 1548/1642/1417 1546/1645/1420 708/1648/1423
f 709/1649/1424 1547/1646/1421 1549/1643/1418 1377/1640/1415
f 1440/1633/1408 706/1650/1406 1452/1530/1256 1442/1528/1319
f 1448/1634/1409 1376/1637/1412 708/1648/1423 1440/1633/1408
f 1443/1533/1322 1453/1537/1261 707/1651/1407 1441/1652/1425
f 1441/1652/1425 709/1649/1424 1377/1640/1415 1449/1641/1416
f 1449/1641/1416 1451/1534/1323 1443/1533/1322 1441/1652/1425
f 1542/1653/1426 706/1650/1406 1440/1633/1408
f 1441/1654/1425 707/1632/1407 1543/1655/1427
f 1542/1653/1426 1440/1633/1408 1558/1656/1428 1560/1657/1429
f 1561/1658/1430 1559/1659/1431 1441/1654/1425 1543/1655/1427
f 1558/1656/1428 1440/1633/1408 708/1648/1423 1556/1660/1432
f 1557/1661/1433 709/1662/1424 1441/1654/1425 1559/1659/1431
f 1546/1645/1420 710/1644/1419 1552/1663/1434 1554/1664/1435
f 1556/1660/1432 708/1648/1423 1546/1645/1420 1554/1664/1435
f 1555/1665/1436 1553/1666/1437 711/1667/1422 1547/1668/1421
f 1555/1665/1436 1547/1668/1421 709/1662/1424 1557/1661/1433
f 1562/1669/1438 1560/1657/1429 1558/1656/1428 1556/1660/1432
f 1557/1661/1433 1559/1659/1431 1561/1658/1430 1563/1670/1439
f 1564/1671/1440 1562/1669/1438 1556/1660/1432 1554/1664/1435
f 1555/1665/1436 1557/1661/1433 1563/1670/1439 1565/1672/1441
f 1552/1673/1434 710/1674/1419 858/1675/1442 1550/1676/1443
f 1551/1677/1444 859/1678/1445 711/1667/1422 1553/1666/1437
f 1550/1676/1443 858/1675/1442 956/1679/1446 958/1680/1447
f 958/1680/1447 956/1679/1446 1070/996/836 1004/958/798
f 959/1681/1448 957/1682/1449 859/1678/1445 1551/1677/1444
f 1005/959/799 1071/997/837 957/1682/1449 959/1681/1448
f 1564/1683/1440 1554/1684/1435 1552/1673/1434 1550/1676/1443
f 1544/1685/1450 1560/1686/1429 1562/1687/1438 1566/1688/1451
f 1551/1677/1444 1553/1666/1437 1555/1665/1436 1565/1672/1441
f 1567/1689/1452 1563/1670/1439 1561/1658/1430 1545/1690/1453
f 1566/1688/1451 1562/1687/1438 1564/1683/1440
f 1564/1683/1440 1550/1676/1443 958/1680/1447 1566/1688/1451
f 1565/1672/1441 1563/1670/1439 1567/1689/1452
f 1567/1689/1452 959/1681/1448 1551/1677/1444 1565/1672/1441
f 1540/1691/1454 856/1629/1404 706/1631/1406 1542/1692/1426
f 1540/1691/1454 1542/1692/1426 1560/1686/1429 1544/1685/1450
f 1543/1655/1427 707/1632/1407 857/1630/1405 1541/1693/1455
f 1545/1690/1453 1561/1658/1430 1543/1655/1427 1541/1693/1455
f 962/886/726 854/1460/1253 856/1629/1404 960/1694/1456
f 960/1694/1456 856/1629/1404 1540/1691/1454 1568/1695/1457
f 960/1694/1456 958/1680/1447 1004/958/798 1002/893/733
f 1568/1695/1457 1566/1688/1451 958/1680/1447 960/1694/1456
f 1002/893/733 1000/885/725 962/886/726 960/1694/1456
f 1540/1691/1454 1544/1685/1450 1566/1688/1451 1568/1695/1457
f 961/1696/1458 857/1630/1405 855/1461/1254 963/887/727
f 1569/1697/1459 1541/1693/1455 857/1630/1405 961/1696/1458
f 1003/896/736 1005/959/799 959/1681/1448 961/1696/1458
f 961/1696/1458 959/1681/1448 1567/1689/1452 1569/1697/1459
f 961/1696/1458 963/887/727 1001/888/728 1003/896/736
f 1569/1697/1459 1567/1689/1452 1545/1690/1453 1541/1693/1455
f 1372/1635/1410 1382/1366/1179 1368/1358/1173 1370/1698/1460
f 1371/1699/1461 1369/1361/1174 1383/1367/1180 1373/1639/1414
f 1576/1700/1462 718/1701/1463 866/1702/1464
f 867/1703/1465 719/1704/1466 1577/1705/1467
f 1586/1706/1468 1574/1707/1469 716/1708/1470 1584/1709/1471
f 1586/1706/1468 1584/1709/1471 1576/1700/1462
f 1585/1710/1472 717/1711/1473 1575/1712/1474 1587/1713/1475
f 1577/1705/1467 1585/1710/1472 1587/1713/1475
f 866/1702/1464 718/1701/1463 720/1325/1144 868/961/801
f 869/1326/1145 721/1327/1146 719/1704/1466 867/1703/1465
f 866/1702/1464 868/961/801 946/960/800 948/1714/1476
f 948/1714/1476 946/960/800 1076/993/833 1074/1011/851
f 1072/1007/847 1070/996/836 956/1679/1446 954/1715/1477
f 955/1716/1478 957/1682/1449 1071/997/837 1073/1010/850
f 954/1715/1477 952/1717/1479 1074/1011/851 1072/1007/847
f 1596/1718/1480 1594/1719/1481 952/1717/1479 954/1715/1477
f 954/1715/1477 860/1720/1482 1596/1718/1480
f 955/1716/1478 953/1721/1483 1595/1722/1484 1597/1723/1485
f 1597/1723/1485 861/1724/1486 955/1716/1478
f 712/1725/1487 710/1644/1419 1374/1636/1411 1372/1635/1410
f 1373/1639/1414 1375/1638/1413 711/1647/1422 713/1726/1488
f 860/1720/1482 858/1675/1442 710/1674/1419 712/1727/1487
f 954/1715/1477 956/1679/1446 858/1675/1442 860/1720/1482
f 713/1728/1488 711/1667/1422 859/1678/1445 861/1724/1486
f 861/1724/1486 859/1678/1445 957/1682/1449 955/1716/1478
f 860/1720/1482 712/1727/1487 1598/1729/1489
f 1599/1730/1490 713/1728/1488 861/1724/1486
f 950/1731/1491 948/1714/1476 1074/1011/851 952/1717/1479
f 950/1731/1491 952/1717/1479 1594/1719/1481 1592/1732/1492
f 1590/1733/1493 948/1714/1476 950/1731/1491
f 1588/1734/1494 866/1702/1464 948/1714/1476 1590/1733/1493
f 1586/1706/1468 1576/1700/1462 866/1702/1464 1588/1734/1494
f 1588/1734/1494 1590/1733/1493 1602/1735/1495
f 1591/1736/1496 949/1737/1497 867/1703/1465 1589/1738/1498
f 1589/1738/1498 867/1703/1465 1577/1705/1467 1587/1713/1475
f 1603/1739/1499 1591/1736/1496 1589/1738/1498
f 864/1740/1500 1588/1734/1494 1602/1735/1495
f 1589/1738/1498 1587/1713/1475 1575/1712/1474 865/1741/1501
f 1580/1742/1502 716/1708/1470 1574/1707/1469 1572/1743/1503
f 1573/1744/1504 1575/1712/1474 717/1711/1473 1581/1745/1505
f 1570/1746/1506 1598/1729/1489 712/1727/1487 714/1747/1507
f 1604/1748/1508 1570/1746/1506 714/1747/1507
f 1604/1748/1508 1580/1742/1502 1572/1743/1503 1570/1746/1506
f 715/1749/1509 713/1728/1488 1599/1730/1490 1571/1750/1510
f 715/1749/1509 1571/1750/1510 1605/1751/1511
f 1571/1750/1510 1573/1744/1504 1581/1745/1505 1605/1751/1511
f 1594/1719/1481 1596/1718/1480 860/1720/1482 862/1752/1512
f 862/1752/1512 860/1720/1482 1598/1729/1489 1570/1746/1506
f 1592/1732/1492 1594/1719/1481 862/1752/1512
f 1602/1735/1495 1600/1753/1513 864/1740/1500
f 864/1740/1500 1574/1707/1469 1586/1706/1468 1588/1734/1494
f 863/1754/1514 861/1724/1486 1597/1723/1485 1595/1722/1484
f 1571/1750/1510 1599/1730/1490 861/1724/1486 863/1754/1514
f 863/1754/1514 1595/1722/1484 1593/1755/1515
f 865/1741/1501 1601/1756/1516 1603/1739/1499
f 1603/1739/1499 1589/1738/1498 865/1741/1501
f 862/1752/1512 1570/1746/1506 1572/1743/1503 1578/1757/1517
f 1578/1757/1517 1572/1743/1503 1574/1707/1469 864/1740/1500
f 1606/1758/1518 862/1752/1512 1578/1757/1517
f 1579/1759/1519 1573/1744/1504 1571/1750/1510 863/1754/1514
f 865/1741/1501 1575/1712/1474 1573/1744/1504 1579/1759/1519
f 1579/1759/1519 863/1754/1514 1607/1760/1520
f 1606/1758/1518 864/1740/1500 1600/1753/1513
f 1602/1735/1495 1590/1733/1493 950/1731/1491 1600/1753/1513
f 1600/1753/1513 950/1731/1491 1592/1732/1492 862/1752/1512
f 1600/1753/1513 862/1752/1512 1606/1758/1518
f 1578/1757/1517 864/1740/1500 1606/1758/1518
f 1601/1756/1516 865/1741/1501 1607/1760/1520
f 863/1754/1514 1593/1755/1515 951/1761/1521 1601/1756/1516
f 1607/1760/1520 863/1754/1514 1601/1756/1516
f 1607/1760/1520 865/1741/1501 1579/1759/1519
f 1584/1709/1471 716/1708/1470 1582/1762/1522
f 1582/1762/1522 718/1701/1463 1576/1700/1462 1584/1709/1471
f 1583/1763/1523 717/1711/1473 1585/1710/1472
f 1585/1710/1472 1577/1705/1467 719/1704/1466 1583/1763/1523
f 714/1764/1507 716/1765/1470 1580/1766/1502 1604/1767/1508
f 1605/1768/1511 1581/1769/1505 717/1770/1473 715/1771/1509
f 1370/1698/1460 1368/1358/1173 720/1359/1144 718/1772/1463
f 714/1764/1507 712/1725/1487 1372/1635/1410 1370/1698/1460
f 1370/1698/1460 718/1772/1463 1582/1773/1522 1608/1774/1524
f 1608/1774/1524 714/1764/1507 1370/1698/1460
f 1608/1774/1524 1582/1773/1522 716/1765/1470 714/1764/1507
f 719/1775/1466 721/1360/1146 1369/1361/1174 1371/1699/1461
f 1371/1699/1461 1373/1639/1414 713/1726/1488 715/1771/1509
f 1609/1776/1525 1583/1777/1523 719/1775/1466 1371/1699/1461
f 1371/1699/1461 715/1771/1509 1609/1776/1525
f 715/1771/1509 717/1770/1473 1583/1777/1523 1609/1776/1525
f 951/1761/1521 949/1737/1497 1591/1736/1496
f 1593/1755/1515 1595/1722/1484 953/1721/1483 951/1761/1521
f 951/1761/1521 1591/1736/1496 1603/1739/1499 1601/1756/1516
f 947/1778/1526 945/973/813 871/972/812 869/1326/1145
f 1077/1779/1527 1079/994/834 945/973/813 947/1778/1526
f 947/1778/1526 869/1326/1145 867/1703/1465 949/1737/1497
f 953/1721/1483 955/1716/1478 1073/1010/850 1075/1014/854
f 1610/1780/1528 951/1761/1521 953/1721/1483 1075/1014/854
f 1075/1014/854 1077/1779/1527 947/1778/1526 1610/1780/1528
f 1099/1013/853 1079/994/834 1077/1779/1527 1075/1014/854
f 947/1778/1526 949/1737/1497 951/1761/1521 1610/1780/1528
f 188/1781/366 77/1782/98 231/1783/1529 257/1784/1530
f 75/1785/185 188/1781/366 257/1784/1530 258/1786/1531
f 73/1787/186 75/1785/185 258/1786/1531 260/1788/1532
f 262/1789/1533 71/1790/188 73/1787/186 260/1788/1532
f 261/1791/1534 259/1792/1535 76/1793/368 74/1794/187
f 261/1791/1534 74/1794/187 72/1795/189 263/1796/1536
f 233/1797/1537 231/1783/1529 77/1782/98 79/1798/170
f 80/1799/171 78/1800/367 232/1801/1538 234/1802/1539
f 235/1803/1540 233/1797/1537 79/1798/170 81/1804/172
f 82/1805/173 80/1799/171 234/1802/1539 236/1806/1541
f 237/1807/1542 235/1803/1540 81/1804/172 83/1808/183
f 84/1809/184 82/1805/173 236/1806/1541 238/1810/1543
f 239/1811/1544 237/1807/1542 83/1808/183 85/1812/181
f 86/1813/182 84/1809/184 238/1810/1543 240/1814/1545
f 241/1815/1546 239/1811/1544 85/1812/181 87/1816/179
f 87/1816/179 89/735/177 243/736/603 241/1815/1546
f 88/1817/180 86/1813/182 240/1814/1545 242/1818/1547
f 242/1818/1547 244/737/604 90/738/178 88/1817/180
f 656/1819/1548 646/733/601 654/1820/1297 660/1821/1329
f 661/1822/1333 655/1823/1298 647/734/602 657/1824/1549
f 1611/1825/1550 231/1783/1529 233/1797/1537 1619/1826/1551
f 1623/1827/1552 237/1807/1542 239/1811/1544 1625/1828/1553
f 1626/1829/1554 240/1814/1545 238/1810/1543 1624/1830/1555
f 1621/1831/1556 235/1803/1540 237/1807/1542 1623/1827/1552
f 1619/1826/1551 233/1797/1537 235/1803/1540 1621/1831/1556
f 1622/1832/1557 236/1806/1541 234/1802/1539 1620/1833/1558
f 1624/1830/1555 238/1810/1543 236/1806/1541 1622/1832/1557
f 1620/1833/1558 234/1802/1539 232/1801/1538 1612/1834/1559
f 257/1784/1530 231/1783/1529 1611/1825/1550 1613/1835/1560
f 258/1786/1531 257/1784/1530 1613/1835/1560 1615/1836/1561
f 260/1788/1532 258/1786/1531 1615/1836/1561 1617/1837/1562
f 1618/1838/1563 1616/1839/1564 259/1792/1535 261/1791/1534
f 264/1840/1565 262/1789/1533 260/1788/1532 1617/1837/1562
f 70/1841/190 71/1790/188 262/1789/1533 264/1840/1565
f 1618/1838/1563 261/1791/1534 263/1796/1536 265/1842/1566
f 265/1842/1566 263/1796/1536 72/1795/189 69/1843/192
f 68/1844/193 70/1841/190 264/1840/1565 266/1845/1567
f 271/1846/198 68/1844/193 266/1845/1567
f 267/1847/1568 265/1842/1566 69/1843/192 67/1848/379
f 267/1847/1568 67/1848/379 463/477/384 467/483/386
f 270/1849/197 271/1846/198 266/1845/1567 268/1850/1569
f 282/246/205 280/270/224 270/1851/197 268/1852/1569
f 288/247/206 282/246/205 268/1852/1569
f 269/476/383 464/1853/382 281/473/380 283/251/210
f 597/638/518 591/636/516 300/625/506 302/1854/1570
f 303/1855/1571 301/624/505 590/635/515 596/637/517
f 583/741/607 585/632/512 593/634/514 595/1856/1572
f 594/1857/1573 592/633/513 584/631/511 582/742/608
f 302/1854/1570 300/625/506 290/626/207 288/1858/206
f 595/1856/1572 593/634/514 597/638/518 302/1854/1570
f 289/1859/209 291/623/208 301/624/505 303/1855/1571
f 303/1855/1571 596/637/517 592/633/513 594/1857/1573
f 302/1854/1570 288/1858/206 268/1850/1569 1645/1860/1574
f 1643/1861/1575 1645/1860/1574 268/1850/1569 266/1845/1567
f 670/745/611 581/739/605 583/741/607 672/1862/1576
f 672/1862/1576 583/741/607 595/1856/1572 1647/1863/1577
f 673/1864/1578 582/742/608 580/740/606 671/748/614
f 1648/1865/1579 594/1857/1573 582/742/608 673/1864/1578
f 666/1866/1580 664/1867/1338 668/746/612 670/745/611
f 671/748/614 669/747/613 665/1868/1339 667/1869/1581
f 1647/1863/1577 595/1856/1572 302/1854/1570 1649/1870/1582
f 666/1866/1580 670/745/611 672/1862/1576 1655/1871/1583
f 1650/1872/1584 303/1855/1571 594/1857/1573 1648/1865/1579
f 1656/1873/1585 673/1864/1578 671/748/614 667/1869/1581
f 1655/1871/1583 672/1862/1576 1647/1863/1577 1649/1870/1582
f 1650/1872/1584 1648/1865/1579 673/1864/1578 1656/1873/1585
f 1651/1874/1586 1649/1870/1582 302/1854/1570 1645/1860/1574
f 658/1875/1587 662/1876/1341 664/1867/1338 666/1866/1580
f 1657/1877/1588 1655/1871/1583 1649/1870/1582 1651/1874/1586
f 667/1869/1581 665/1868/1339 663/1878/1344 659/1879/1589
f 1652/1880/1590 1650/1872/1584 1656/1873/1585 1658/1881/1591
f 243/736/603 245/712/585 646/733/601 656/1819/1548
f 660/1821/1329 662/1876/1341 658/1875/1587 656/1819/1548
f 657/1824/1549 647/734/602 246/717/586 244/737/604
f 657/1824/1549 659/1879/1589 663/1878/1344 661/1822/1333
f 658/1875/1587 666/1866/1580 1655/1871/1583 1657/1877/1588
f 1658/1881/1591 1656/1873/1585 667/1869/1581 659/1879/1589
f 1659/1882/1592 656/1819/1548 658/1875/1587 1657/1877/1588
f 1658/1881/1591 659/1879/1589 657/1824/1549 1660/1883/1593
f 1651/1874/1586 1645/1860/1574 1643/1861/1575 1653/1884/1594
f 1659/1882/1592 1657/1877/1588 1651/1874/1586 1653/1884/1594
f 1654/1885/1595 1652/1880/1590 1658/1881/1591 1660/1883/1593
f 1625/1828/1553 239/1811/1544 241/1815/1546 1627/1886/1596
f 1627/1886/1596 241/1815/1546 243/736/603 656/1819/1548
f 1627/1886/1596 656/1819/1548 1659/1882/1592 1663/1887/1597
f 1628/1888/1598 242/1818/1547 240/1814/1545 1626/1829/1554
f 657/1824/1549 244/737/604 242/1818/1547 1628/1888/1598
f 1664/1889/1599 1660/1883/1593 657/1824/1549 1628/1888/1598
f 1621/1831/1556 1623/1827/1552 1625/1828/1553 1629/1890/1600
f 1630/1891/1601 1626/1829/1554 1624/1830/1555 1622/1832/1557
f 1611/1825/1550 1619/1826/1551 1621/1831/1556 1633/1892/1602
f 1635/1893/1603 1613/1835/1560 1611/1825/1550 1633/1892/1602
f 1634/1894/1604 1622/1832/1557 1620/1833/1558 1612/1834/1559
f 1615/1836/1561 1613/1835/1560 1635/1893/1603 1637/1895/1605
f 1629/1890/1600 1625/1828/1553 1627/1886/1596 1631/1896/1606
f 1617/1837/1562 1615/1836/1561 1637/1895/1605 1639/1897/1607
f 1641/1898/1608 1643/1861/1575 266/1845/1567 264/1840/1565
f 1632/1899/1609 1628/1888/1598 1626/1829/1554 1630/1891/1601
f 1640/1900/1610 1618/1838/1563 265/1842/1566 1642/1901/1611
f 1662/1902/1612 1654/1885/1595 1660/1883/1593 1664/1889/1599
f 1633/1892/1602 1621/1831/1556 1629/1890/1600 1665/1903/1613
f 1637/1895/1605 1635/1893/1603 1633/1892/1602 1665/1903/1613
f 1666/1904/1614 1630/1891/1601 1622/1832/1557 1634/1894/1604
f 1666/1904/1614 1634/1894/1604 1636/1905/1615 1638/1906/1616
f 1667/1907/1617 1639/1897/1607 1637/1895/1605 1665/1903/1613
f 1665/1903/1613 1629/1890/1600 1631/1896/1606 1667/1907/1617
f 1668/1908/1618 1632/1899/1609 1630/1891/1601 1666/1904/1614
f 264/1840/1565 1617/1837/1562 1639/1897/1607 1641/1898/1608
f 1661/1909/1619 1653/1884/1594 1643/1861/1575 1641/1898/1608
f 1663/1887/1597 1659/1882/1592 1653/1884/1594 1661/1909/1619
f 1661/1909/1619 1641/1898/1608 1669/1910/1620
f 1631/1896/1606 1627/1886/1596 1663/1887/1597 1661/1909/1619
f 1669/1910/1620 1667/1907/1617 1631/1896/1606 1661/1909/1619
f 1641/1898/1608 1639/1897/1607 1667/1907/1617 1669/1910/1620
f 1662/1902/1612 1664/1889/1599 1628/1888/1598 1632/1899/1609
f 458/1911/1621 232/1801/1538 78/1800/367 459/1912/373
f 1614/1913/1622 1612/1834/1559 232/1801/1538 458/1911/1621
f 458/1911/1621 459/1912/373 76/1793/368 259/1792/1535
f 458/1911/1621 259/1792/1535 1616/1839/1564 1614/1913/1622
f 1636/1905/1615 1634/1894/1604 1612/1834/1559 1614/1913/1622
f 1614/1913/1622 1616/1839/1564 1638/1906/1616 1636/1905/1615
f 1640/1900/1610 1638/1906/1616 1616/1839/1564 1618/1838/1563
f 1668/1908/1618 1666/1904/1614 1638/1906/1616 1640/1900/1610
f 1640/1900/1610 1642/1901/1611 1662/1902/1612 1670/1914/1623
f 1670/1914/1623 1668/1908/1618 1640/1900/1610
f 1662/1902/1612 1632/1899/1609 1668/1908/1618 1670/1914/1623
f 466/484/387 267/1847/1568 467/483/386
f 466/484/387 465/480/385 464/479/382 269/1915/383
f 1646/1916/1624 269/1915/383 289/1859/209 303/1855/1571
f 1646/1916/1624 303/1855/1571 1650/1872/1584 1652/1880/1590
f 1644/1917/1625 1642/1901/1611 265/1842/1566 267/1847/1568
f 1654/1885/1595 1662/1902/1612 1642/1901/1611 1644/1917/1625
f 1644/1917/1625 1646/1916/1624 1652/1880/1590 1654/1885/1595
f 1671/1918/1626 1646/1916/1624 1644/1917/1625
f 1644/1917/1625 267/1847/1568 466/484/387 1671/1918/1626
f 1671/1918/1626 466/484/387 269/1915/383 1646/1916/1624
f 1520/1613/1390 680/1919/1385 678/1610/1337 1500/1609/1388
f 682/1920/1391 680/1919/1385 1520/1613/1390 1522/1921/1627
f 684/1922/1628 682/1920/1391 1522/1921/1627 1524/1923/1629
f 1676/1924/1630 1675/1925/1631 1526/1926/1632 686/1927/1633
f 834/1928/1634 832/1084/924 682/1614/1391 684/1929/1628
f 836/1930/1635 686/1931/1633 688/1619/1396 838/925/765
f 980/1932/1636 978/923/763 1046/938/778 1048/945/785
f 1050/1053/893 1058/1054/894 984/1081/921 982/1933/1637
f 1676/1934/1630 686/1931/1633 836/1930/1635 1677/1935/1638
f 834/1928/1634 684/1929/1628 1676/1934/1630 1677/1935/1638
f 984/1081/921 832/1084/924 834/1928/1634 982/1933/1637
f 836/1930/1635 838/925/765 978/923/763 980/1932/1636
f 1678/1936/1639 1677/1935/1638 836/1930/1635 980/1932/1636
f 1048/945/785 1050/1053/893 982/1933/1637 980/1932/1636
f 980/1932/1636 982/1933/1637 1678/1936/1639
f 982/1933/1637 834/1928/1634 1677/1935/1638 1678/1936/1639
f 1676/1924/1630 684/1922/1628 1524/1923/1629 1675/1925/1631
f 1674/1937/1640 1524/1923/1629 1522/1921/1627 1673/1938/1641
f 1673/1938/1641 1522/1921/1627 1520/1613/1390 1672/1939/1642
f 1506/1940/1643 1504/1608/1387 1494/1590/1373 1492/1586/1369
f 1672/1939/1642 1520/1613/1390 1504/1608/1387 1506/1940/1643
f 1508/1941/1644 1506/1940/1643 1492/1586/1369 1490/1581/1364
f 1510/1942/1645 1508/1941/1644 1490/1581/1364 1488/1577/1360
f 1682/1943/1646 1681/1944/1647 1672/1939/1642 1506/1940/1643
f 1682/1943/1646 1506/1940/1643 1508/1941/1644 1683/1945/1648
f 1680/1946/1649 1673/1938/1641 1672/1939/1642 1681/1944/1647
f 1680/1946/1649 1681/1944/1647 1682/1943/1646 1685/1947/1650
f 1679/1948/1651 1674/1937/1640 1673/1938/1641 1680/1946/1649
f 1675/1925/1631 1524/1923/1629 1674/1937/1640 1679/1948/1651
f 1685/1947/1650 1682/1943/1646 1683/1945/1648 1684/1949/1652
f 1683/1945/1648 1508/1941/1644 1510/1942/1645 1684/1949/1652
f 1512/1950/1653 1510/1942/1645 1488/1577/1360 1486/1570/1353
f 1514/1626/1401 1512/1950/1653 1486/1570/1353 1484/1569/1352
f 1484/1569/1352 1460/1564/1347 1482/1602/1381 1514/1626/1401
f 1538/1627/1402 1518/1604/1383 696/1624/1399 1536/1951/1654
f 1689/1952/1655 1514/1626/1401 1538/1627/1402 1536/1951/1654
f 1688/1953/1656 1684/1949/1652 1510/1942/1645 1512/1950/1653
f 1688/1953/1656 1512/1950/1653 1514/1626/1401 1689/1952/1655
f 1526/1926/1632 1675/1925/1631 1679/1948/1651 1686/1954/1657
f 1686/1954/1657 1679/1948/1651 1680/1946/1649 1685/1947/1650
f 1687/1955/1658 1686/1954/1657 1685/1947/1650 1684/1949/1652
f 1687/1955/1658 1684/1949/1652 1688/1953/1656 1691/1956/1659
f 688/1957/1396 686/1927/1633 1526/1926/1632 1528/1958/1660
f 1528/1958/1660 1526/1926/1632 1686/1954/1657 1687/1955/1658
f 1528/1958/1660 1687/1955/1658 1693/1959/1661
f 1693/1959/1661 1687/1955/1658 1691/1956/1659 1692/1960/1662
f 690/1961/1397 688/1957/1396 1528/1958/1660 1530/1962/1663
f 1530/1962/1663 1528/1958/1660 1693/1959/1661 1692/1960/1662
f 1692/1960/1662 1691/1956/1659 1690/1963/1664
f 1695/1964/1665 1694/1965/1666 1534/1966/1667 694/1967/1668
f 840/926/766 690/1620/1397 692/1968/1669 842/1969/1670
f 844/1970/1671 694/1971/1668 696/1622/1399 846/870/710
f 972/1972/1672 970/869/709 996/891/731 994/899/739
f 992/904/744 990/920/760 976/924/764 974/1973/1673
f 1695/1974/1665 694/1971/1668 844/1970/1671 1696/1975/1674
f 842/1969/1670 692/1968/1669 1695/1974/1665 1696/1975/1674
f 976/924/764 840/926/766 842/1969/1670 974/1973/1673
f 844/1970/1671 846/870/710 970/869/709 972/1972/1672
f 1697/1976/1675 1696/1975/1674 844/1970/1671 972/1972/1672
f 994/899/739 992/904/744 974/1973/1673 972/1972/1672
f 972/1972/1672 974/1973/1673 1697/1976/1675
f 974/1973/1673 842/1969/1670 1696/1975/1674 1697/1976/1675
f 692/1977/1669 690/1961/1397 1530/1962/1663 1532/1978/1676
f 1694/1965/1666 1695/1964/1665 692/1977/1669 1532/1978/1676
f 1691/1956/1659 1688/1953/1656 1689/1952/1655 1690/1963/1664
f 1690/1963/1664 1530/1962/1663 1692/1960/1662
f 1536/1951/1654 696/1624/1399 694/1967/1668 1534/1966/1667
f 1534/1966/1667 1694/1965/1666 1532/1978/1676 1698/1979/1677
f 1690/1963/1664 1689/1952/1655 1536/1951/1654 1534/1966/1667
f 1698/1979/1677 1690/1963/1664 1534/1966/1667
f 1698/1979/1677 1532/1978/1676 1530/1962/1663 1690/1963/1664
f 1495/1591/1374 1497/1551/1336 1499/1563/1346 1505/1980/1678
f 1501/1612/1389 679/1611/1340 681/1981/1386 1521/1982/1679
f 1521/1982/1679 1505/1980/1678 1499/1563/1346 1501/1612/1389
f 1701/1983/1680 1700/1984/1681 1505/1980/1678 1521/1982/1679
f 1523/1985/1682 1521/1982/1679 681/1981/1386 683/1986/1392
f 1702/1987/1683 1701/1983/1680 1521/1982/1679 1523/1985/1682
f 1525/1988/1684 1523/1985/1682 683/1986/1392 685/1989/1393
f 1527/1990/1685 1525/1988/1684 685/1989/1393 687/1991/1394
f 1703/1992/1686 1702/1987/1683 1523/1985/1682 1525/1988/1684
f 1703/1992/1686 1525/1988/1684 1527/1990/1685 1704/1993/1687
f 1699/1994/1688 1700/1984/1681 1701/1983/1680 1702/1987/1683
f 1699/1994/1688 1702/1987/1683 1703/1992/1686 1707/1995/1689
f 1507/1996/1690 1493/1587/1370 1495/1591/1374 1505/1980/1678
f 1507/1996/1690 1505/1980/1678 1700/1984/1681 1699/1994/1688
f 1507/1996/1690 1699/1994/1688 1707/1995/1689 1708/1997/1691
f 1509/1998/1692 1507/1996/1690 1708/1997/1691 1709/1999/1693
f 1707/1995/1689 1703/1992/1686 1704/1993/1687 1706/2000/1694
f 1529/2001/1695 1527/1990/1685 687/1991/1394 689/2002/1395
f 1705/2003/1696 1704/1993/1687 1527/1990/1685 1529/2001/1695
f 1531/2004/1697 1529/2001/1695 689/2002/1395 691/2005/1398
f 1539/2006/1698 1519/1605/1384 1483/1603/1382 1515/1628/1403
f 1537/2007/1699 697/1625/1400 1519/1605/1384 1539/2006/1698
f 1513/2008/1700 1515/1628/1403 1485/1575/1358 1487/1574/1357
f 1715/2009/1701 1537/2007/1699 1539/2006/1698 1716/2010/1702
f 1712/2011/1703 1711/2012/1704 1529/2001/1695 1531/2004/1697
f 1710/2013/1705 1705/2003/1696 1529/2001/1695 1711/2012/1704
f 1709/1999/1693 1708/1997/1691 1707/1995/1689 1706/2000/1694
f 1716/2010/1702 1539/2006/1698 1515/1628/1403 1513/2008/1700
f 1723/2014/1706 1722/2015/1707 1718/2016/1708 1717/2017/1709
f 1723/2014/1706 1717/2017/1709 1716/2010/1702 1513/2008/1700
f 1511/2018/1710 1513/2008/1700 1487/1574/1357 1489/1579/1362
f 1724/2019/1711 1723/2014/1706 1513/2008/1700 1511/2018/1710
f 1491/1583/1366 1493/1587/1370 1507/1996/1690 1509/1998/1692
f 1509/1998/1692 1511/2018/1710 1489/1579/1362 1491/1583/1366
f 1725/2020/1712 1724/2019/1711 1511/2018/1710 1509/1998/1692
f 1719/2021/1713 1718/2016/1708 1722/2015/1707 1721/2022/1714
f 1721/2022/1714 1722/2015/1707 1723/2014/1706 1724/2019/1711
f 1710/2013/1705 1706/2000/1694 1704/1993/1687 1705/2003/1696
f 1720/2023/1715 1709/1999/1693 1706/2000/1694 1710/2013/1705
f 1710/2013/1705 1711/2012/1704 1712/2011/1703 1719/2021/1713
f 1710/2013/1705 1719/2021/1713 1721/2022/1714 1720/2023/1715
f 1725/2020/1712 1509/1998/1692 1709/1999/1693 1720/2023/1715
f 1720/2023/1715 1721/2022/1714 1724/2019/1711 1725/2020/1712
f 995/902/742 997/892/732 971/876/716 973/2024/1716
f 975/2025/1717 977/928/768 991/921/761 993/905/745
f 693/2026/1718 691/1621/1398 841/929/769 843/2027/1719
f 845/2028/1720 847/875/715 697/1623/1400 695/2029/1721
f 1727/2030/1722 1726/2031/1723 845/2028/1720 695/2029/1721
f 1533/2032/1724 1531/2004/1697 691/2005/1398 693/2033/1718
f 1535/2034/1725 695/2035/1721 697/1625/1400 1537/2007/1699
f 1714/2036/1726 1715/2009/1701 1716/2010/1702 1717/2017/1709
f 1727/2037/1722 695/2035/1721 1535/2034/1725 1728/2038/1727
f 1533/2032/1724 693/2033/1718 1727/2037/1722 1728/2038/1727
f 1714/2036/1726 1535/2034/1725 1537/2007/1699 1715/2009/1701
f 1713/2039/1728 1712/2011/1703 1531/2004/1697 1533/2032/1724
f 1718/2016/1708 1719/2021/1713 1712/2011/1703 1713/2039/1728
f 1713/2039/1728 1533/2032/1724 1728/2038/1727 1729/2040/1729
f 1713/2039/1728 1714/2036/1726 1717/2017/1709 1718/2016/1708
f 1729/2040/1729 1714/2036/1726 1713/2039/1728
f 1729/2040/1729 1728/2038/1727 1535/2034/1725 1714/2036/1726
f 1727/2030/1722 693/2026/1718 843/2027/1719 1726/2031/1723
f 975/2025/1717 843/2027/1719 841/929/769 977/928/768
f 973/2024/1716 971/876/716 847/875/715 845/2028/1720
f 973/2024/1716 845/2028/1720 1726/2031/1723 1730/2041/1730
f 973/2024/1716 975/2025/1717 993/905/745 995/902/742
f 1730/2041/1730 975/2025/1717 973/2024/1716
f 1730/2041/1730 1726/2031/1723 843/2027/1719 975/2025/1717
