# This file uses centimeters as units for non-parametric coordinates.

mtllib RetopoMaskedFishDone.mtl
g default
v 0.000000 0.233000 1.323000
v 0.000000 0.314499 1.024821
v 0.000000 0.458360 0.780972
v 0.000000 0.636877 0.596562
v 0.000000 0.810487 0.434033
v 0.000000 0.922850 0.174923
v 0.000000 0.950783 -0.050354
v -0.001170 0.942094 -0.196076
v 0.000000 0.842760 -0.482449
v 0.000000 0.769564 -0.594634
v 0.000000 0.665678 -0.660613
v 0.000000 0.547504 -0.673099
v 0.000000 0.542722 -0.794513
v 0.000000 0.539678 -1.007239
v 0.000000 0.511733 -1.207066
v 0.000000 0.451314 -1.446453
v 0.000000 0.387704 -1.547017
v 0.000000 0.274309 -1.559836
v 0.000000 0.126498 -1.519176
v 0.000000 -0.012843 -1.572024
v 0.000000 -0.088411 -1.744355
v 0.000000 -0.184765 -1.976471
v 0.000000 -0.252296 -2.128447
v 0.000000 -0.334668 -2.298853
v 0.000000 -0.381415 -2.427677
v 0.000000 -0.376566 -2.663622
v 0.000000 -0.340389 -2.899150
v 0.000000 -0.301676 -3.138326
v 0.000000 -0.237605 -3.506962
v -0.000813 -0.210905 -3.830918
v 0.000000 -0.234356 -3.942807
v 0.000000 -0.307621 -3.877069
v 0.000000 -0.436695 -3.649337
v 0.000000 -0.648233 -3.312197
v 0.000000 -0.840812 -3.045892
v 0.000000 -1.077422 -2.770211
v 0.000000 -1.260076 -2.682862
v 0.000000 -1.413756 -2.686460
v 0.000000 -1.624330 -2.685762
v 0.000000 -1.737846 -2.665167
v 0.000000 -1.773910 -2.644132
v 0.000000 -1.788414 -2.619395
v 0.000000 -1.781865 -2.573723
v 0.000000 -1.697103 -2.440796
v 0.000000 -1.554866 -2.271981
v 0.000000 -1.348122 -2.045076
v 0.000000 -1.192581 -1.834421
v 0.000000 -1.168040 -1.770451
v 0.000000 -1.200841 -1.556344
v 0.000000 -1.216411 -1.148008
v 0.000000 -1.183980 -0.754165
v 0.000000 -1.082552 -0.292836
v 0.000000 -0.992612 0.084649
v 0.000000 -0.912625 0.350478
v 0.000000 -0.845864 0.459734
v 0.000000 -0.740490 0.518571
v 0.000000 -0.712789 0.550767
v 0.000000 -0.790149 0.603790
v 0.000000 -0.870548 0.688673
v 0.000000 -0.904693 0.817584
v 0.000000 -0.898765 0.911448
v 0.000000 -0.860817 0.988950
v 0.000000 -0.765536 1.057168
v 0.000000 -0.573199 1.110322
v 0.000000 -0.396814 1.169520
v -0.017251 -0.241157 1.352013
v 0.000000 -0.152088 1.524161
v 0.000000 -0.077543 1.702387
v 0.000000 -0.008754 1.875383
v 0.000000 0.048737 2.041929
v 0.000000 0.066896 2.196707
v 0.000000 0.068791 2.341668
v 0.002504 0.083264 2.371996
v 0.000000 0.114028 2.362154
v 0.000000 0.162211 2.304065
v 0.000000 0.208768 2.177155
v 0.000000 0.235442 2.055378
v 0.000000 0.250261 1.909165
v 0.000000 0.230580 1.611638
v -0.173206 0.581715 -0.640120
v 0.173206 0.581715 -0.640120
v -0.380705 0.561008 -0.611337
v 0.380705 0.561008 -0.611337
v -0.562676 0.487733 -0.601581
v 0.562676 0.487733 -0.601581
v -0.704907 0.360744 -0.520114
v 0.704907 0.360744 -0.520114
v -0.798828 0.185245 -0.328249
v 0.798828 0.185245 -0.328249
v -0.854275 0.045502 -0.048457
v 0.854275 0.045503 -0.048456
v -0.833190 -0.177142 0.116203
v 0.833190 -0.177142 0.116203
v -0.710949 -0.333416 0.370104
v 0.710949 -0.333416 0.370104
v -0.584040 -0.467510 0.495332
v 0.584040 -0.467510 0.495332
v -0.404569 -0.591122 0.521374
v 0.404569 -0.591121 0.521374
v -0.214405 -0.676303 0.551933
v 0.214405 -0.676303 0.551933
v -0.005384 0.031502 -1.528407
v -0.147888 0.014897 -1.488146
v 0.147888 0.014897 -1.488146
v -0.294973 0.007237 -1.372327
v 0.294973 0.007237 -1.372327
v -0.408401 0.072560 -1.202524
v 0.408401 0.072560 -1.202524
v -0.463408 0.223940 -1.007819
v 0.463408 0.223940 -1.007819
v -0.449824 0.352279 -0.887334
v 0.449824 0.352279 -0.887334
v -0.317147 0.513735 -0.796173
v 0.317147 0.513734 -0.796173
v -0.181954 0.542994 -0.788424
v 0.181954 0.542994 -0.788424
v -0.957614 -0.849087 -1.690595
v 0.957614 -0.849087 -1.690595
v -0.658392 -0.729525 -0.377643
v 0.658392 -0.729525 -0.377643
v -0.474827 -0.931973 -0.555122
v 0.474827 -0.931973 -0.555122
v -0.464014 -0.961623 -0.836847
v 0.464014 -0.961623 -0.836847
v -0.501872 -0.878016 -1.212056
v 0.501871 -0.878015 -1.212056
v -0.501992 -0.753101 -1.369174
v 0.501992 -0.753101 -1.369174
v -0.525782 -0.580521 -1.431088
v 0.525783 -0.580521 -1.431088
v -0.542071 -0.475813 -1.435133
v 0.542071 -0.475813 -1.435133
v -0.521041 -0.307941 -1.407453
v 0.521041 -0.307941 -1.407453
v -0.449692 -0.121245 -1.311887
v 0.449692 -0.121245 -1.311887
v -0.470965 0.004561 -1.159660
v 0.470965 0.004561 -1.159660
v -0.579821 0.053440 -0.948940
v 0.579821 0.053440 -0.948940
v -0.755978 -0.019965 -0.731581
v 0.755978 -0.019964 -0.731581
v -0.848691 -0.095888 -0.545916
v 0.848691 -0.095888 -0.545916
v -0.868338 -0.346711 -0.364022
v 0.868338 -0.346711 -0.364022
v -0.767971 -0.571965 -0.332681
v 0.767971 -0.571965 -0.332681
v -0.916011 -0.836561 -1.649468
v 0.916011 -0.836561 -1.649468
v -0.941320 -0.859479 -1.585680
v 0.941320 -0.859479 -1.585680
v -0.990213 -0.863726 -1.594298
v 0.990213 -0.863726 -1.594298
v -1.008355 -0.829631 -1.628329
v 1.008355 -0.829631 -1.628329
v -0.990673 -0.801780 -1.661018
v 0.990673 -0.801780 -1.661019
v -0.950888 -0.783858 -1.691233
v 0.950888 -0.783858 -1.691233
v -0.916633 -0.781852 -1.688689
v 0.916633 -0.781852 -1.688689
v -0.908474 -0.805072 -1.674198
v 0.908474 -0.805072 -1.674198
v -0.939746 -0.855187 -1.675481
v 0.939746 -0.855187 -1.675481
v -0.953811 -0.864998 -1.666946
v 0.953811 -0.864998 -1.666946
v -0.965844 -0.865315 -1.666467
v 0.965134 -0.865441 -1.667065
v -0.975211 -0.860869 -1.669268
v 0.975700 -0.860585 -1.669073
v -0.976759 -0.843840 -1.681674
v 0.976760 -0.843840 -1.681674
v -0.959743 -0.836386 -1.694689
v 0.959743 -0.836386 -1.694689
v -0.940745 -0.832385 -1.699211
v 0.940745 -0.832385 -1.699211
v -0.935072 -0.840380 -1.691183
v 0.935072 -0.840380 -1.691183
v -0.928577 -0.807965 -1.694576
v 0.928577 -0.807965 -1.694576
v -0.955485 -0.806800 -1.694240
v 0.955485 -0.806800 -1.694240
v -0.984892 -0.821752 -1.674218
v 0.984892 -0.821752 -1.674218
v -0.992635 -0.848824 -1.653951
v 0.992695 -0.848534 -1.654059
v -0.978544 -0.867642 -1.634219
v 0.977941 -0.867778 -1.634335
v -0.947501 -0.866393 -1.629122
v 0.947501 -0.866392 -1.629122
v -0.925932 -0.845886 -1.662666
v 0.925932 -0.845886 -1.662666
v -0.921406 -0.825054 -1.685206
v 0.921406 -0.825054 -1.685206
v 0.281329 -0.842094 0.856043
v -0.281329 -0.842095 0.856043
v 0.494937 -0.769702 0.799675
v -0.494938 -0.769703 0.799675
v 0.671618 -0.573548 0.702524
v -0.671617 -0.573548 0.702524
v 0.748241 -0.364693 0.578664
v -0.748240 -0.364692 0.578663
v 0.913455 -0.145218 0.241301
v -0.913455 -0.145218 0.241301
v 0.942064 0.047323 0.073615
v -0.942065 0.047323 0.073615
v 0.936635 0.257018 -0.285216
v -0.936635 0.257018 -0.285216
v 0.851685 0.463638 -0.543731
v -0.851685 0.463638 -0.543731
v 0.707973 0.629723 -0.645643
v -0.707973 0.629723 -0.645643
v 0.449570 0.691990 -0.627139
v -0.449570 0.691990 -0.627140
v 0.206913 0.703690 -0.614693
v -0.206913 0.703690 -0.614693
v 0.000034 0.613198 -0.669289
v 0.192861 0.639919 -0.629224
v -0.192861 0.639919 -0.629224
v 0.404908 0.619116 -0.609139
v -0.404908 0.619116 -0.609139
v 0.581858 0.541014 -0.602664
v -0.581858 0.541014 -0.602664
v 0.746270 0.419466 -0.539994
v -0.746270 0.419466 -0.539995
v 0.831481 0.224020 -0.337133
v -0.831481 0.224020 -0.337133
v 0.879480 0.057839 -0.012201
v -0.879481 0.057838 -0.012202
v 0.876127 -0.143615 0.128378
v -0.876127 -0.143614 0.128378
v 0.772006 -0.293590 0.355999
v -0.772005 -0.293589 0.355999
v -0.104428 0.383580 -1.517799
v 0.104428 0.383580 -1.517799
v -0.237954 0.369543 -1.388119
v 0.237954 0.369542 -1.388118
v -0.381534 0.290398 -1.158878
v 0.381535 0.290398 -1.158878
v -0.096494 0.315322 -1.546676
v 0.096494 0.315322 -1.546676
v -0.241771 0.292009 -1.426211
v 0.241772 0.292009 -1.426212
v -0.388584 0.209524 -1.206825
v 0.388584 0.209524 -1.206825
v -0.277110 0.149128 -1.376311
v 0.277110 0.149128 -1.376311
v -0.128860 0.152030 -1.494028
v 0.128860 0.152030 -1.494028
v -0.123864 0.439718 -1.423951
v 0.123864 0.439718 -1.423951
v -0.104926 0.505558 -1.194311
v 0.104926 0.505558 -1.194311
v -0.152866 0.528467 -0.943694
v 0.152866 0.528467 -0.943694
v -0.238224 0.414084 -1.302892
v 0.238224 0.414085 -1.302892
v -0.222538 0.469963 -1.134961
v 0.222538 0.469963 -1.134961
v -0.271655 0.495408 -0.912935
v 0.271655 0.495408 -0.912935
v -0.375758 0.382838 -0.992653
v 0.375758 0.382838 -0.992653
v -0.322908 0.367500 -1.190915
v 0.322908 0.367500 -1.190915
v -0.325967 0.404050 -1.088639
v 0.325967 0.404050 -1.088639
v -0.848546 1.119010 -0.590361
v 0.848546 1.119010 -0.590361
v -0.776697 1.101737 -0.528938
v 0.776697 1.101737 -0.528938
v -0.653395 1.007717 -0.362150
v 0.653395 1.007717 -0.362150
v -0.500314 0.917757 -0.152541
v 0.500314 0.917757 -0.152541
v -0.338490 0.855145 -0.053007
v 0.338490 0.855145 -0.053007
v -0.101104 0.941161 -0.054648
v 0.101104 0.941161 -0.054648
v -0.909597 1.037456 -0.570335
v 0.909597 1.037456 -0.570335
v -0.934341 0.863332 -0.516982
v 0.934340 0.863332 -0.516982
v -0.963893 0.559458 -0.282953
v 0.963892 0.559458 -0.282953
v -0.962654 0.302645 -0.054370
v 0.962653 0.302644 -0.054371
v -0.948917 0.143751 0.113757
v 0.948917 0.143751 0.113757
v -0.908728 -0.084416 0.299596
v 0.908728 -0.084416 0.299596
v -0.769854 -0.252599 0.571101
v 0.769854 -0.252599 0.571101
v -0.665158 -0.502466 0.766415
v 0.665158 -0.502466 0.766415
v -0.519714 -0.697392 0.871812
v 0.519714 -0.697392 0.871812
v -0.301519 -0.802842 0.917797
v 0.301519 -0.802842 0.917797
v 0.000289 -0.878943 0.955313
v -0.291431 -0.821663 0.889095
v 0.291431 -0.821662 0.889095
v -0.514187 -0.730087 0.838307
v 0.514187 -0.730087 0.838307
v -0.667009 -0.554266 0.742089
v 0.667009 -0.554266 0.742089
v -0.762198 -0.312379 0.581089
v 0.762196 -0.312378 0.581089
v -0.915135 -0.122881 0.280721
v 0.915136 -0.122881 0.280721
v -0.954956 0.095313 0.092405
v 0.954956 0.095313 0.092405
v -0.973486 0.248273 -0.130808
v 0.973486 0.248273 -0.130808
v -0.954648 0.455386 -0.370292
v 0.954648 0.455386 -0.370292
v -0.885872 0.713093 -0.565513
v 0.885872 0.713093 -0.565513
v -0.693941 0.787028 -0.644002
v 0.693941 0.787028 -0.644002
v -0.387655 0.784676 -0.567557
v 0.387655 0.784677 -0.567558
v -0.774233 0.885209 -0.642638
v 0.774233 0.885209 -0.642639
v -0.620834 0.936886 -0.561772
v 0.620834 0.936886 -0.561772
v -0.206850 0.851804 -0.448659
v 0.206850 0.851804 -0.448659
v -0.445794 0.918145 -0.397251
v 0.445794 0.918144 -0.397251
v -0.641371 1.005487 -0.489238
v 0.641371 1.005487 -0.489238
v -0.501244 0.950616 -0.313436
v 0.501244 0.950616 -0.313436
v -0.737109 1.049921 -0.574004
v 0.737109 1.049921 -0.574004
v -0.716849 0.980302 -0.605782
v 0.716849 0.980302 -0.605782
v -0.812979 1.054004 -0.628423
v 0.812979 1.054004 -0.628423
v -0.795609 0.976692 -0.638843
v 0.795609 0.976692 -0.638843
v -0.893469 0.975939 -0.606063
v 0.893469 0.975939 -0.606063
v -0.875087 1.036442 -0.620296
v 0.875087 1.036442 -0.620296
v -0.114801 0.938428 -0.186446
v 0.114801 0.938428 -0.186446
v -0.312881 0.884026 -0.186299
v 0.312881 0.884026 -0.186299
v -0.287269 0.896706 -0.315612
v 0.287269 0.896705 -0.315612
v -0.165628 0.890286 -0.357276
v 0.165628 0.890286 -0.357276
v -0.183536 0.913572 -0.259939
v 0.183536 0.913572 -0.259939
v -0.243249 0.900877 -0.257637
v 0.243249 0.900877 -0.257637
v -0.381241 0.796227 0.072093
v 0.381241 0.796227 0.072093
v -0.541016 0.659247 0.164676
v 0.541016 0.659247 0.164676
v -0.759826 0.481711 0.130056
v 0.759826 0.481711 0.130056
v -0.920954 0.363787 0.017384
v 0.920953 0.363787 0.017384
v -0.943762 0.590391 -0.188912
v 0.943762 0.590391 -0.188912
v -0.932934 0.893231 -0.437031
v 0.932935 0.893231 -0.437031
v -0.905090 1.048404 -0.516216
v 0.905092 1.048405 -0.516215
v -0.861896 1.112421 -0.534372
v 0.861896 1.112421 -0.534371
v -0.813835 1.095931 -0.482032
v 0.813835 1.095931 -0.482032
v -0.713379 1.002951 -0.328416
v 0.713379 1.002951 -0.328416
v -0.552963 0.901177 -0.119118
v 0.552963 0.901177 -0.119118
v -0.668987 0.829422 -0.056393
v 0.668987 0.829422 -0.056394
v -0.794032 0.957175 -0.296348
v 0.794032 0.957175 -0.296348
v -0.874320 1.037041 -0.448125
v 0.874320 1.037041 -0.448125
v -0.895613 0.913857 -0.359430
v 0.895613 0.913857 -0.359430
v -0.859910 0.851991 -0.251055
v 0.859909 0.851991 -0.251055
v -0.787882 0.686842 -0.013650
v 0.787882 0.686842 -0.013650
v -0.940467 0.749108 -0.315182
v 0.940466 0.749108 -0.315182
v -0.954310 0.708145 -0.391157
v 0.954310 0.708145 -0.391157
v -0.950505 0.666920 -0.437421
v 0.950505 0.666920 -0.437421
v -0.243002 0.392626 0.655162
v 0.243003 0.392626 0.655162
v -0.353341 0.205435 0.709055
v 0.353341 0.205434 0.709055
v -0.497928 0.124273 0.613359
v 0.497928 0.124273 0.613359
v -0.667607 0.159226 0.432836
v 0.667607 0.159226 0.432837
v -0.658760 0.301895 0.348032
v 0.658760 0.301895 0.348032
v -0.491421 0.473432 0.380519
v 0.491421 0.473433 0.380519
v -0.303560 0.490924 0.537404
v 0.303560 0.490924 0.537404
v -0.141305 0.449124 0.740764
v 0.141305 0.449124 0.740764
v -0.252539 0.266995 0.880288
v 0.252539 0.266995 0.880288
v -0.430350 0.114200 0.782097
v 0.430350 0.114200 0.782097
v -0.774717 0.051959 0.425694
v 0.774717 0.051959 0.425694
v -0.746581 0.290159 0.265132
v 0.746581 0.290159 0.265132
v -0.536571 0.521153 0.287652
v 0.536570 0.521153 0.287652
v -0.226334 0.617879 0.542260
v 0.226335 0.617880 0.542261
v 0.478141 0.263446 0.452037
v -0.478141 0.263446 0.452037
v 0.443219 0.360340 0.430442
v -0.443218 0.360340 0.430442
v 0.201032 0.753393 0.417866
v -0.201032 0.753393 0.417866
v 0.353945 0.704496 0.299404
v -0.353946 0.704497 0.299404
v 0.269904 0.820685 0.170982
v -0.269904 0.820685 0.170982
v 0.823228 0.269355 0.192805
v -0.823228 0.269355 0.192805
v -0.231124 0.797394 0.301986
v 0.231123 0.797394 0.301986
v 0.000049 0.869047 0.330601
v -0.217837 0.178918 1.131985
v 0.217837 0.178918 1.131985
v -0.148135 0.166294 1.505618
v 0.148135 0.166294 1.505618
v -0.096156 0.210111 1.872918
v 0.096155 0.210110 1.872918
v -0.079888 0.197543 2.026827
v 0.079887 0.197542 2.026827
v -0.061528 0.177802 2.168762
v 0.061527 0.177801 2.168761
v -0.053343 0.131515 2.274634
v 0.053343 0.131515 2.274634
v -0.888587 0.232242 0.147040
v 0.888587 0.232242 0.147040
v -0.874103 -0.010716 0.338538
v 0.874103 -0.010716 0.338538
v -0.759435 -0.163258 0.561302
v 0.759434 -0.163259 0.561301
v -0.631182 -0.414390 0.814542
v 0.631182 -0.414390 0.814542
v -0.513164 -0.596186 0.929229
v 0.513164 -0.596186 0.929229
v -0.262586 -0.723678 1.009923
v 0.262586 -0.723678 1.009923
v -0.270169 -0.534592 1.072505
v 0.270169 -0.534592 1.072505
v -0.443630 -0.435392 0.997938
v 0.443630 -0.435392 0.997937
v -0.542232 -0.311474 0.903951
v 0.542233 -0.311474 0.903952
v -0.685711 -0.082381 0.615707
v 0.685711 -0.082381 0.615707
v -0.829298 0.100265 0.330539
v 0.829298 0.100265 0.330539
v -0.221404 -0.350782 1.153643
v 0.221404 -0.350782 1.153643
v -0.344846 -0.274530 1.106885
v 0.344846 -0.274530 1.106885
v -0.417713 -0.195041 1.042689
v 0.417713 -0.195041 1.042689
v -0.512514 -0.039620 0.822896
v 0.512514 -0.039621 0.822896
v -0.193276 -0.171956 1.333990
v 0.193277 -0.171956 1.333991
v -0.273034 -0.096078 1.288152
v 0.273034 -0.096078 1.288152
v -0.320589 -0.061868 1.212835
v 0.320588 -0.061868 1.212835
v -0.339954 0.005337 1.130654
v 0.339956 0.005338 1.130654
v -0.316346 0.103394 1.047611
v 0.316346 0.103394 1.047611
v -0.208657 0.095772 1.436465
v 0.208656 0.095772 1.436465
v -0.132991 0.147394 1.847835
v 0.133569 0.145781 1.847645
v -0.098987 0.134759 2.009601
v 0.099189 0.135827 2.008546
v -0.076385 0.126291 2.128338
v 0.076385 0.126291 2.128338
v -0.051592 0.094813 2.244931
v 0.049588 0.092362 2.249586
v -0.210032 0.032414 1.508745
v 0.210031 0.032414 1.508745
v -0.186137 -0.029133 1.538862
v 0.186137 -0.029133 1.538862
v -0.147106 -0.070237 1.561905
v 0.147106 -0.070237 1.561905
v -0.071907 -0.111260 1.582653
v 0.071907 -0.111260 1.582653
v -0.064845 -0.042318 1.759002
v 0.064845 -0.042318 1.759002
v -0.058608 0.028726 1.923928
v 0.058608 0.028726 1.923928
v -0.049206 0.076448 2.086203
v 0.049206 0.076448 2.086203
v -0.030680 0.089588 2.340036
v 0.028056 0.088721 2.347405
v -0.031860 0.138347 2.319729
v -0.019363 0.094427 2.365057
v 0.031753 0.131309 2.326326
v 0.014846 0.097913 2.366633
v 0.032888 0.172667 2.256765
v -0.036074 0.176583 2.242062
v 0.077654 0.095868 2.049576
v 0.087813 0.055603 1.929839
v 0.102723 -0.017138 1.760892
v 0.109627 0.098800 1.936781
v 0.122819 0.066356 1.859143
v 0.140648 0.014516 1.737701
v 0.160993 0.079043 1.737014
v 0.131107 0.110410 1.869043
v 0.138593 0.081034 1.824801
v -0.125382 -0.013269 1.722845
v -0.102017 0.049359 1.885219
v -0.073689 0.090733 2.049234
v -0.126415 0.089911 1.872094
v -0.160402 0.048399 1.719181
v -0.157029 0.092456 1.755338
v -0.226045 -0.765049 0.610163
v 0.226045 -0.765048 0.610164
v -0.430649 -0.701037 0.588631
v 0.430649 -0.701038 0.588631
v -0.629318 -0.526893 0.562838
v 0.629318 -0.526893 0.562837
v -0.711939 -0.346724 0.439199
v 0.711939 -0.346723 0.439199
v -0.727084 -0.386205 0.533135
v 0.727084 -0.386205 0.533135
v -0.657229 -0.571464 0.627682
v 0.657229 -0.571464 0.627682
v -0.470505 -0.763287 0.669388
v 0.470505 -0.763287 0.669388
v -0.253267 -0.843088 0.699986
v 0.253267 -0.843088 0.699987
v -0.259243 -0.856205 0.782487
v 0.259243 -0.856205 0.782487
v -0.480913 -0.779654 0.735159
v 0.480913 -0.779654 0.735159
v -0.662577 -0.580448 0.662702
v 0.662577 -0.580448 0.662702
v -0.738789 -0.376722 0.556777
v 0.738789 -0.376722 0.556777
v -0.739661 -0.335095 0.439994
v 0.739661 -0.335094 0.439994
v -0.211671 -0.702663 0.514584
v 0.211671 -0.702663 0.514585
v -0.241439 -0.793841 0.456835
v 0.241439 -0.793841 0.456835
v -0.243394 -0.867567 0.356942
v 0.243394 -0.867566 0.356942
v -0.244799 -0.939193 0.120350
v 0.244799 -0.939193 0.120350
v -0.204248 -1.040696 -0.272474
v 0.204248 -1.040696 -0.272474
v -0.211505 -1.131379 -0.753660
v 0.211506 -1.131380 -0.753659
v -0.241622 -1.139545 -1.151055
v 0.241622 -1.139545 -1.151055
v -0.216677 -1.128133 -1.559184
v 0.216678 -1.128134 -1.559184
v -0.170615 -1.119095 -1.766691
v 0.170615 -1.119096 -1.766691
v -0.150836 -1.146096 -1.848784
v 0.150836 -1.146096 -1.848784
v -0.131304 -1.278341 -2.029003
v 0.131304 -1.278340 -2.029003
v -0.111227 -1.488308 -2.255048
v 0.111227 -1.488308 -2.255048
v -0.112591 -1.632122 -2.439053
v 0.112592 -1.632122 -2.439053
v -0.081450 -1.741962 -2.570232
v 0.081450 -1.741962 -2.570232
v -0.075109 -1.754760 -2.608131
v 0.075109 -1.754760 -2.608131
v -0.066148 -1.750531 -2.636039
v 0.066148 -1.750531 -2.636039
v -0.064107 -1.723748 -2.654694
v 0.064107 -1.723748 -2.654694
v -0.064687 -1.629882 -2.673438
v 0.064687 -1.629882 -2.673438
v -0.072581 -1.399062 -2.670268
v 0.072581 -1.399062 -2.670268
v -0.079049 -1.244019 -2.661517
v 0.079049 -1.244019 -2.661517
v -0.073295 -1.051391 -2.750799
v 0.073295 -1.051391 -2.750799
v -0.074643 -0.817328 -3.037606
v 0.074643 -0.817328 -3.037606
v -0.057450 -0.643456 -3.292487
v 0.057450 -0.643456 -3.292487
v -0.052847 -0.426622 -3.644910
v 0.052847 -0.426623 -3.644910
v -0.049480 -0.290814 -3.870245
v 0.049480 -0.290814 -3.870245
v -0.050997 -0.233773 -3.817027
v 0.050997 -0.233773 -3.817027
v -0.070852 -0.271857 -3.829171
v 0.070853 -0.271857 -3.829171
v -0.082388 -0.280910 -3.435064
v 0.082388 -0.280910 -3.435064
v -0.086939 -0.322756 -3.162283
v 0.086939 -0.322756 -3.162283
v -0.098092 -0.365979 -2.931384
v 0.098092 -0.365979 -2.931384
v -0.108187 -0.409156 -2.647301
v 0.108187 -0.409156 -2.647301
v -0.121998 -0.410997 -2.407834
v 0.121998 -0.410997 -2.407834
v -0.120467 -0.352452 -2.276436
v 0.120467 -0.352452 -2.276436
v -0.088249 -0.268098 -2.128960
v 0.088249 -0.268098 -2.128960
v -0.106396 -0.196104 -1.956924
v 0.106396 -0.196104 -1.956924
v -0.139333 -0.120732 -1.746286
v 0.139333 -0.120733 -1.746286
v -0.132669 -0.039969 -1.559056
v 0.132670 -0.039969 -1.559057
v -0.294191 -0.084080 -1.460936
v 0.294191 -0.084080 -1.460936
v -0.382312 -0.141316 -1.435814
v 0.382313 -0.141316 -1.435814
v -0.273377 -0.187553 -1.685989
v 0.273377 -0.187553 -1.685989
v -0.266383 -0.287841 -1.900158
v 0.266383 -0.287841 -1.900158
v -0.248875 -0.368945 -2.086564
v 0.248875 -0.368945 -2.086564
v -0.239702 -0.444579 -2.238136
v 0.239702 -0.444578 -2.238136
v -0.246721 -0.541164 -2.360746
v 0.246721 -0.541164 -2.360746
v -0.222487 -0.558641 -2.580210
v 0.222487 -0.558641 -2.580210
v -0.187926 -0.486134 -2.860980
v 0.187926 -0.486134 -2.860980
v -0.161374 -0.417225 -3.130943
v 0.161374 -0.417225 -3.130943
v -0.149201 -0.390205 -3.349683
v 0.149201 -0.390205 -3.349683
v -0.396196 -0.253682 -1.591508
v 0.396196 -0.253682 -1.591508
v -0.361212 -0.375398 -1.842908
v 0.361212 -0.375398 -1.842908
v -0.332896 -0.494852 -2.070019
v 0.332896 -0.494852 -2.070019
v -0.312513 -0.590080 -2.216601
v 0.312513 -0.590080 -2.216601
v -0.291096 -0.695693 -2.374990
v 0.291096 -0.695693 -2.374990
v -0.252173 -0.696605 -2.607398
v 0.252173 -0.696605 -2.607398
v -0.204946 -0.610064 -2.934245
v 0.204946 -0.610064 -2.934245
v -0.180211 -0.527531 -3.133264
v 0.180211 -0.527531 -3.133264
v -0.148499 -0.509523 -3.290445
v 0.148499 -0.509523 -3.290445
v -0.089999 -0.359852 -3.700960
v 0.089999 -0.359852 -3.700960
v -0.111066 -0.581375 -3.299522
v 0.111066 -0.581375 -3.299522
v -0.147035 -0.623645 -3.153814
v 0.147035 -0.623645 -3.153814
v -0.176852 -0.687889 -2.986606
v 0.176852 -0.687889 -2.986606
v -0.219696 -0.784753 -2.742874
v 0.219696 -0.784753 -2.742874
v -0.284626 -0.842023 -2.445562
v 0.284626 -0.842023 -2.445562
v -0.116808 -0.705993 -3.119133
v 0.116808 -0.705993 -3.119133
v -0.143666 -0.814845 -2.931471
v 0.143666 -0.814845 -2.931471
v -0.208061 -0.911273 -2.685285
v 0.208061 -0.911273 -2.685285
v -0.259440 -0.965480 -2.491778
v 0.259440 -0.965480 -2.491778
v -0.156308 -1.010042 -2.694840
v 0.156308 -1.010042 -2.694840
v -0.163645 -1.219413 -2.607665
v 0.163645 -1.219413 -2.607665
v -0.160141 -1.414573 -2.610554
v 0.160141 -1.414573 -2.610554
v -0.119182 -1.633314 -2.626890
v 0.119181 -1.633314 -2.626890
v -0.095426 -1.707065 -2.623554
v 0.095426 -1.707065 -2.623554
v -0.095022 -1.723008 -2.599156
v 0.095022 -1.723008 -2.599156
v -0.101440 -1.711612 -2.568621
v 0.101440 -1.711611 -2.568621
v -0.110692 -1.687212 -2.526462
v 0.110692 -1.687212 -2.526462
v -0.130420 -1.609768 -2.440613
v 0.130420 -1.609768 -2.440613
v -0.145304 -1.496635 -2.309380
v 0.145304 -1.496635 -2.309380
v -0.113267 -1.685708 -2.597732
v 0.113267 -1.685708 -2.597732
v -0.137338 -1.618195 -2.596257
v 0.137338 -1.618195 -2.596257
v -0.184389 -1.444185 -2.571037
v 0.184389 -1.444185 -2.571037
v -0.210341 -1.195697 -2.559640
v 0.210341 -1.195697 -2.559640
v -0.199365 -0.980035 -2.627735
v 0.199366 -0.980035 -2.627735
v -0.260360 -1.071432 -2.463322
v 0.260360 -1.071432 -2.463322
v -0.245361 -1.257779 -2.472695
v 0.245361 -1.257779 -2.472695
v -0.200830 -1.472165 -2.481829
v 0.200830 -1.472165 -2.481829
v -0.144402 -1.627780 -2.533924
v 0.144402 -1.627780 -2.533924
v -0.124418 -1.666044 -2.537464
v 0.124417 -1.666044 -2.537464
v -0.147274 -1.597982 -2.462069
v 0.147274 -1.597982 -2.462069
v -0.203014 -1.457150 -2.406297
v 0.203014 -1.457150 -2.406297
v -0.171860 -1.536450 -2.435712
v 0.171861 -1.536450 -2.435712
v -0.165277 -1.477449 -2.320465
v 0.165277 -1.477449 -2.320465
v -0.207615 -1.395513 -2.307603
v 0.207615 -1.395513 -2.307603
v -0.188566 -1.442002 -2.315102
v 0.188566 -1.442002 -2.315102
v -0.169068 -1.293456 -2.086644
v 0.169067 -1.293456 -2.086645
v -0.194219 -1.285096 -2.118588
v 0.194219 -1.285096 -2.118588
v -0.216602 -1.283185 -2.154898
v 0.216602 -1.283184 -2.154900
v -0.234816 -1.303787 -2.252603
v 0.234816 -1.303787 -2.252603
v -0.237468 -1.344440 -2.402619
v 0.237468 -1.344440 -2.402619
v -0.269703 -1.208739 -2.343315
v 0.269704 -1.208739 -2.343315
v -0.291174 -1.067209 -2.327118
v 0.291174 -1.067209 -2.327118
v -0.303221 -0.959573 -2.341635
v 0.303222 -0.959573 -2.341635
v -0.315554 -0.860568 -2.307558
v 0.315554 -0.860568 -2.307558
v -0.331891 -0.780574 -2.235318
v 0.331890 -0.780574 -2.235318
v -0.344438 -0.703552 -2.152705
v 0.344438 -0.703552 -2.152705
v -0.388863 -0.659511 -1.970779
v 0.388863 -0.659511 -1.970779
v -0.435874 -0.605364 -1.820652
v 0.435875 -0.605364 -1.820652
v -0.273018 -1.172379 -2.209500
v 0.273018 -1.172379 -2.209500
v -0.297413 -1.050242 -2.176833
v 0.297413 -1.050242 -2.176833
v -0.310236 -0.963059 -2.185481
v 0.310237 -0.963059 -2.185481
v -0.329975 -0.866501 -2.136553
v 0.329975 -0.866501 -2.136553
v -0.352341 -0.746411 -2.066436
v 0.352342 -0.746411 -2.066436
v -0.340988 -0.801702 -2.101652
v 0.340987 -0.801702 -2.101652
v -0.380139 -0.728684 -1.910220
v 0.380139 -0.728684 -1.910220
v -0.405449 -0.709256 -1.806344
v 0.405449 -0.709255 -1.806343
v -0.192196 -1.147948 -1.918621
v 0.192197 -1.147948 -1.918621
v -0.240020 -1.155262 -2.019156
v 0.240020 -1.155261 -2.019156
v -0.242482 -1.212438 -2.126315
v 0.242483 -1.212438 -2.126315
v -0.270157 -1.138891 -2.120243
v 0.270157 -1.138891 -2.120243
v -0.258718 -1.104782 -2.007939
v 0.258717 -1.104781 -2.007939
v -0.242240 -1.084618 -1.892664
v 0.242240 -1.084618 -1.892664
v -0.293481 -1.047836 -2.097945
v 0.293482 -1.047836 -2.097945
v -0.313169 -0.961193 -2.091875
v 0.313169 -0.961193 -2.091875
v -0.326214 -0.885500 -2.049065
v 0.326214 -0.885500 -2.049065
v -0.338074 -0.836410 -2.000510
v 0.338074 -0.836410 -2.000510
v -0.288426 -1.025157 -1.969026
v 0.288427 -1.025158 -1.969026
v -0.285100 -1.015221 -1.785476
v 0.285100 -1.015221 -1.785476
v -0.347607 -1.053164 -1.306396
v 0.347607 -1.053164 -1.306396
v -0.312242 -0.936872 -1.900970
v 0.312241 -0.936872 -1.900970
v -0.348604 -0.942114 -1.700861
v 0.348604 -0.942114 -1.700861
v -0.413869 -0.971361 -1.317820
v 0.413869 -0.971361 -1.317820
v -0.347913 -0.864468 -1.813464
v 0.347913 -0.864468 -1.813464
v -0.396331 -0.868338 -1.630807
v 0.396331 -0.868338 -1.630807
v -0.436016 -0.910049 -1.412634
v 0.436016 -0.910049 -1.412634
v -0.386400 -0.805762 -1.735263
v 0.386400 -0.805762 -1.735263
v -0.439893 -0.806694 -1.512699
v 0.439894 -0.806694 -1.512699
v -0.479391 -0.820938 -1.361326
v 0.479391 -0.820938 -1.361326
v -0.453167 -0.704498 -1.578536
v 0.453167 -0.704498 -1.578536
v -0.480753 -0.585197 -1.619794
v 0.480754 -0.585197 -1.619795
v -0.471198 -0.464634 -1.669858
v 0.471199 -0.464634 -1.669858
v -0.461608 -0.284477 -1.502476
v 0.461608 -0.284477 -1.502476
v -0.436000 -0.195632 -1.434064
v 0.436000 -0.195632 -1.434064
v -0.464149 -0.910987 -1.258434
v 0.464150 -0.910988 -1.258435
v -0.429876 -0.980249 -1.158276
v 0.429875 -0.980248 -1.158276
v -0.361288 -1.053305 -1.008492
v 0.361288 -1.053305 -1.008492
v -0.365025 -1.040486 -0.717458
v 0.365025 -1.040486 -0.717458
v -0.391773 -0.975850 -0.380920
v 0.391773 -0.975850 -0.380920
v -0.481795 -0.866489 -0.093090
v 0.481795 -0.866489 -0.093090
v -0.519649 -0.782713 0.204205
v 0.519649 -0.782713 0.204205
v -0.678677 -0.703810 -0.128939
v 0.678677 -0.703810 -0.128939
v -0.791166 -0.568443 -0.120958
v 0.791167 -0.568444 -0.120958
v -0.921881 -0.314674 -0.160358
v 0.921881 -0.314674 -0.160358
v -0.916865 -0.069676 -0.378902
v 0.916866 -0.069676 -0.378903
v -0.791047 0.105446 -0.622353
v 0.791047 0.105446 -0.622354
v -0.577249 0.161979 -0.886960
v 0.577249 0.161979 -0.886960
v -0.593022 0.242244 -0.824780
v 0.593022 0.242244 -0.824779
v -0.558913 0.377281 -0.759782
v 0.558913 0.377281 -0.759782
v -0.380400 0.520928 -0.705859
v 0.380400 0.520928 -0.705859
v -0.207275 0.543726 -0.699296
v 0.207275 0.543726 -0.699296
v 0.000439 0.521707 -0.723759
v -0.576350 0.436425 -0.675088
v 0.576350 0.436425 -0.675088
v -0.727098 0.297348 -0.605677
v 0.727098 0.297348 -0.605677
v -0.848456 0.138597 -0.430314
v 0.848456 0.138597 -0.430314
v -0.640221 0.337397 -0.717783
v 0.640220 0.337396 -0.717782
v -0.751037 0.221808 -0.640291
v 0.751034 0.221808 -0.640290
v -0.864662 0.106346 -0.471463
v 0.864662 0.106346 -0.471463
v -0.669934 0.221974 -0.744979
v 0.669936 0.221975 -0.744981
v -0.930314 -0.011918 -0.102186
v 0.930314 -0.011918 -0.102186
v -0.863588 -0.238851 0.081836
v 0.863588 -0.238851 0.081836
v -0.702823 -0.403205 0.369334
v 0.702824 -0.403204 0.369334
v -0.573655 -0.518224 0.443084
v 0.573655 -0.518224 0.443084
v -0.430055 -0.624982 0.465651
v 0.430055 -0.624982 0.465652
v -0.504784 -0.706671 0.389096
v 0.504784 -0.706671 0.389096
v -0.658060 -0.586585 0.372756
v 0.658060 -0.586585 0.372756
v -0.774133 -0.501630 0.296332
v 0.774133 -0.501630 0.296332
v -0.917796 -0.329951 0.050638
v 0.917796 -0.329952 0.050638
v -0.971569 -0.071708 -0.154086
v 0.971568 -0.071708 -0.154086
v -0.906357 0.056400 -0.369125
v 0.906357 0.056400 -0.369125
v -0.950988 -0.237124 -0.139060
v 0.950988 -0.237124 -0.139059
v -0.867225 -0.445726 0.059436
v 0.867225 -0.445726 0.059436
v -0.733223 -0.583957 0.240598
v 0.733223 -0.583957 0.240598
v -0.636711 -0.664397 0.288154
v 0.636711 -0.664396 0.288154
v -0.506687 -0.755422 0.312886
v 0.506687 -0.755422 0.312886
v -0.618251 -0.717585 0.170073
v 0.618252 -0.717585 0.170073
v -0.703842 -0.670678 0.014878
v 0.703842 -0.670678 0.014878
v -0.789210 -0.569139 0.025040
v 0.789210 -0.569140 0.025040
v -0.690238 -0.646027 0.190425
v 0.690238 -0.646027 0.190425
v 0.767163 -0.320565 0.452033
v 0.807091 -0.273234 0.361164
v 0.700505 -0.842830 -0.908029
v -0.700505 -0.842830 -0.908029
v 0.643631 -0.814460 -0.688920
v -0.643631 -0.814460 -0.688920
v 0.757483 -0.678975 -0.609217
v -0.757482 -0.678974 -0.609218
v 0.858794 -0.521715 -0.605709
v -0.858793 -0.521715 -0.605709
v 0.881021 -0.354073 -0.611308
v -0.881019 -0.354074 -0.611309
v 0.870032 -0.206913 -0.726778
v -0.870032 -0.206913 -0.726778
v 0.787013 -0.118439 -0.909532
v -0.787013 -0.118439 -0.909532
v 0.675414 -0.102779 -1.066571
v -0.675414 -0.102779 -1.066571
v 0.615747 -0.139288 -1.170503
v -0.615747 -0.139288 -1.170503
v 0.566720 -0.207022 -1.277636
v -0.566720 -0.207023 -1.277636
v 0.641440 -0.370132 -1.372987
v -0.641440 -0.370132 -1.372988
v 0.663158 -0.511295 -1.400416
v -0.663158 -0.511295 -1.400416
v 0.664556 -0.615446 -1.379935
v -0.664556 -0.615446 -1.379935
v 0.663218 -0.726342 -1.318296
v -0.663218 -0.726342 -1.318296
v 0.656881 -0.841262 -1.174941
v -0.656881 -0.841262 -1.174941
v 0.873407 -0.738347 -0.891478
v -0.873407 -0.738348 -0.891477
v 0.954200 -0.629846 -0.845272
v -0.954200 -0.629846 -0.845272
v 0.986580 -0.412555 -0.813655
v -0.986580 -0.412555 -0.813655
v 0.979078 -0.303594 -0.904960
v -0.979078 -0.303594 -0.904960
v 0.951575 -0.247839 -1.086355
v -0.951575 -0.247838 -1.086355
v 0.849572 -0.221516 -1.198745
v -0.849572 -0.221516 -1.198745
v 0.780478 -0.234878 -1.266065
v -0.780478 -0.234878 -1.266065
v 0.777267 -0.314019 -1.373169
v -0.777267 -0.314019 -1.373168
v 0.772764 -0.403358 -1.431222
v -0.772764 -0.403358 -1.431222
v 0.769361 -0.560451 -1.473919
v -0.769361 -0.560451 -1.473919
v 0.771681 -0.674770 -1.461440
v -0.771681 -0.674770 -1.461440
v 0.819751 -0.773902 -1.396151
v -0.819752 -0.773902 -1.396151
v 0.846288 -0.836394 -1.221084
v -0.846288 -0.836394 -1.221084
v 0.997606 -0.767256 -1.165741
v -0.997606 -0.767257 -1.165741
v 1.105610 -0.572128 -1.138817
v -1.105610 -0.572128 -1.138817
v 1.084717 -0.456171 -1.211716
v -1.084717 -0.456171 -1.211716
v 1.043599 -0.397455 -1.283738
v -1.043599 -0.397455 -1.283738
v 0.995038 -0.383890 -1.389406
v -0.995038 -0.383890 -1.389406
v 0.930861 -0.412036 -1.488972
v -0.930861 -0.412036 -1.488972
v 0.882390 -0.471443 -1.539708
v -0.882390 -0.471443 -1.539708
v 0.841789 -0.577301 -1.559369
v -0.841789 -0.577301 -1.559369
v 0.826882 -0.657484 -1.564918
v -0.826882 -0.657484 -1.564918
v 0.832681 -0.727529 -1.568022
v -0.832681 -0.727529 -1.568022
v 0.885170 -0.818813 -1.482477
v -0.885169 -0.818814 -1.482477
v 0.945053 -0.838207 -1.359203
v -0.945053 -0.838207 -1.359203
v 1.025601 -0.813723 -1.408188
v -1.025601 -0.813723 -1.408188
v 1.093623 -0.668013 -1.391064
v -1.093623 -0.668013 -1.391064
v 1.073603 -0.564483 -1.417730
v -1.073603 -0.564483 -1.417730
v 1.040253 -0.508527 -1.458857
v -1.040253 -0.508527 -1.458857
v 1.001831 -0.505738 -1.520285
v -1.001831 -0.505738 -1.520285
v 0.939500 -0.531934 -1.580868
v -0.939500 -0.531934 -1.580868
v 0.896645 -0.597724 -1.609130
v -0.896645 -0.597724 -1.609130
v 0.880336 -0.669939 -1.625412
v -0.880336 -0.669939 -1.625412
v 0.878608 -0.737436 -1.634044
v -0.878608 -0.737436 -1.634044
v 0.888284 -0.786285 -1.634962
v -0.888284 -0.786285 -1.634962
v 0.927777 -0.847988 -1.559656
v -0.927777 -0.847988 -1.559656
v 0.970066 -0.850289 -1.479929
v -0.970066 -0.850289 -1.479929
v 1.019927 -0.830366 -1.484326
v -1.019927 -0.830366 -1.484326
v 1.058731 -0.726508 -1.511708
v -1.058732 -0.726508 -1.511708
v 1.044767 -0.642869 -1.534028
v -1.044767 -0.642869 -1.534028
v 1.022111 -0.614514 -1.564733
v -1.022111 -0.614514 -1.564733
v 0.984617 -0.623122 -1.610068
v -0.984617 -0.623122 -1.610068
v 0.951253 -0.647615 -1.639146
v -0.951253 -0.647615 -1.639146
v 0.912069 -0.677211 -1.649749
v -0.912069 -0.677211 -1.649749
v 0.904505 -0.714420 -1.659548
v -0.904505 -0.714420 -1.659548
v 0.902633 -0.756591 -1.669590
v -0.902633 -0.756591 -1.669590
v 0.899810 -0.784393 -1.666156
v -0.899810 -0.784393 -1.666156
v 0.975139 -0.862651 -1.550919
v -0.975139 -0.862651 -1.550919
v 1.007916 -0.847156 -1.542204
v -1.007916 -0.847156 -1.542204
v 1.034855 -0.778413 -1.566045
v -1.034855 -0.778413 -1.566045
v 1.012095 -0.745117 -1.613447
v -1.012095 -0.745117 -1.613447
v 0.961977 -0.733675 -1.667988
v -0.961977 -0.733675 -1.667988
v 0.928593 -0.742413 -1.679983
v -0.928593 -0.742413 -1.679983
v 0.929490 -0.696612 -1.661922
v -0.929490 -0.696612 -1.661922
v 0.965286 -0.683565 -1.647716
v -0.965286 -0.683565 -1.647716
v 0.994665 -0.668664 -1.616508
v -0.994665 -0.668664 -1.616508
v 1.023746 -0.663666 -1.575273
v -1.023746 -0.663666 -1.575273
v 1.034119 -0.690087 -1.561101
v -1.034119 -0.690087 -1.561101
v 1.042156 -0.723680 -1.551467
v -1.042156 -0.723680 -1.551467
v 1.007675 -0.712266 -1.611908
v -1.007675 -0.712266 -1.611908
v 0.966353 -0.709041 -1.655756
v -0.966353 -0.709041 -1.655756
v 0.944596 -0.715791 -1.669160
v -0.944596 -0.715791 -1.669160
vt 0.294351 0.359785
vt 0.297840 0.358660
vt 0.296756 0.360742
vt 0.299344 0.362381
vt 0.298295 0.365970
vt 0.293693 0.363507
vt 0.302011 0.362163
vt 0.302882 0.366428
vt 0.297040 0.353028
vt 0.295754 0.353852
vt 0.302884 0.361239
vt 0.306950 0.365860
vt 0.294583 0.355851
vt 0.295135 0.347427
vt 0.291536 0.349501
vt 0.294072 0.358429
vt 0.291280 0.355151
vt 0.290939 0.361212
vt 0.291040 0.358818
vt 0.568810 0.862239
vt 0.571517 0.859127
vt 0.572516 0.861511
vt 0.571152 0.864950
vt 0.573878 0.861767
vt 0.573541 0.864804
vt 0.576448 0.861207
vt 0.577201 0.864498
vt 0.569836 0.856568
vt 0.566268 0.857681
vt 0.569932 0.853905
vt 0.565716 0.853146
vt 0.571032 0.853029
vt 0.566288 0.849004
vt 0.573580 0.858004
vt 0.578427 0.859995
vt 0.579122 0.858743
vt 0.582849 0.864149
vt 0.584801 0.860569
vt 0.554417 0.195587
vt 0.576410 0.186471
vt 0.582130 0.199257
vt 0.564714 0.210855
vt 0.715172 0.673284
vt 0.694616 0.669844
vt 0.694633 0.655846
vt 0.718437 0.655186
vt 0.535334 0.177344
vt 0.555895 0.171087
vt 0.707105 0.633456
vt 0.728438 0.630788
vt 0.580652 0.178641
vt 0.593217 0.186057
vt 0.679127 0.662344
vt 0.687575 0.650449
vt 0.597252 0.168361
vt 0.580395 0.164492
vt 0.682048 0.637442
vt 0.668236 0.647852
vt 0.561967 0.161889
vt 0.697811 0.627541
vt 0.596778 0.133251
vt 0.582110 0.132176
vt 0.667299 0.608652
vt 0.654348 0.615618
vt 0.594350 0.105572
vt 0.572354 0.098491
vt 0.662455 0.573929
vt 0.645270 0.589374
vt 0.531766 0.138647
vt 0.524589 0.150129
vt 0.727143 0.601565
vt 0.715904 0.594012
vt 0.562697 0.149703
vt 0.692177 0.616721
vt 0.546134 0.138169
vt 0.702593 0.599439
vt 0.563997 0.125991
vt 0.545837 0.123346
vt 0.554443 0.096272
vt 0.535739 0.112269
vt 0.681312 0.595615
vt 0.696810 0.585786
vt 0.677898 0.564589
vt 0.701505 0.571556
vt 0.103816 0.074571
vt 0.132755 0.066899
vt 0.136582 0.072676
vt 0.110478 0.080994
vt 0.473854 0.651255
vt 0.492531 0.631228
vt 0.496125 0.637152
vt 0.476808 0.660025
vt 0.077474 0.095703
vt 0.088632 0.100505
vt 0.446867 0.662647
vt 0.446434 0.674789
vt 0.056148 0.124950
vt 0.077871 0.125245
vt 0.419905 0.661788
vt 0.410877 0.681547
vt 0.055920 0.156670
vt 0.071157 0.154818
vt 0.390300 0.655194
vt 0.382111 0.668176
vt 0.058673 0.202506
vt 0.074193 0.196480
vt 0.353937 0.634622
vt 0.341860 0.646079
vt 0.063336 0.259325
vt 0.073448 0.248608
vt 0.306491 0.612987
vt 0.292497 0.617549
vt 0.070386 0.293774
vt 0.081808 0.283004
vt 0.065096 0.295933
vt 0.055563 0.257630
vt 0.048799 0.221286
vt 0.320673 0.646978
vt 0.290736 0.625319
vt 0.043289 0.107119
vt 0.075407 0.076578
vt 0.124219 0.053238
vt 0.462837 0.684843
vt 0.421489 0.700800
vt 0.504817 0.650713
vt 0.022636 0.089120
vt 0.014122 0.082557
vt 0.027815 0.071326
vt 0.036963 0.081808
vt 0.441659 0.717352
vt 0.447217 0.730104
vt 0.431207 0.737670
vt 0.428919 0.727167
vt 0.026040 0.104566
vt 0.416416 0.717482
vt 0.015027 0.097956
vt 0.417676 0.730264
vt 0.005848 0.091925
vt 0.004594 0.107425
vt 0.001105 0.099358
vt 0.419199 0.741140
vt 0.410452 0.742247
vt 0.404655 0.735639
vt 0.053526 0.052717
vt 0.041746 0.044482
vt 0.477441 0.729001
vt 0.475039 0.714831
vt 0.115639 0.038166
vt 0.087964 0.047300
vt 0.494671 0.686024
vt 0.514770 0.664916
vt 0.097972 0.001105
vt 0.087273 0.032053
vt 0.508156 0.693170
vt 0.540955 0.696540
vt 0.069561 0.033540
vt 0.499231 0.708542
vt 0.071890 0.023565
vt 0.059111 0.018424
vt 0.079492 0.020251
vt 0.508423 0.724458
vt 0.509245 0.710710
vt 0.515495 0.705255
vt 0.084000 0.006617
vt 0.529747 0.707017
vt 0.612316 0.064292
vt 0.635499 0.053039
vt 0.640188 0.064175
vt 0.617163 0.069568
vt 0.017844 0.616030
vt 0.012186 0.638993
vt 0.001105 0.634177
vt 0.012625 0.611123
vt 0.595580 0.071801
vt 0.604875 0.061891
vt 0.603880 0.073968
vt 0.609634 0.075750
vt 0.022399 0.602799
vt 0.010311 0.603656
vt 0.020328 0.594475
vt 0.024114 0.608574
vt 0.623705 0.076957
vt 0.644308 0.075831
vt 0.023794 0.643248
vt 0.025157 0.622660
vt 0.659339 0.085105
vt 0.695783 0.103566
vt 0.675225 0.119383
vt 0.643244 0.093580
vt 0.666164 0.066116
vt 0.694216 0.068640
vt 0.041552 0.642389
vt 0.066986 0.674663
vt 0.050934 0.695039
vt 0.032894 0.658386
vt 0.016029 0.693074
vt 0.013826 0.664991
vt 0.613832 0.055866
vt 0.008837 0.127238
vt 0.029828 0.134245
vt 0.004182 0.612542
vt 0.388565 0.723330
vt 0.664656 0.054033
vt 0.690718 0.055099
vt 0.001761 0.663344
vt 0.002528 0.689423
vt 0.391215 0.701359
vt 0.040455 0.178546
vt 0.037214 0.226874
vt 0.021934 0.180678
vt 0.022455 0.153711
vt 0.014133 0.155202
vt 0.355725 0.672796
vt 0.345876 0.688627
vt 0.310670 0.655059
vt 0.370469 0.699691
vt 0.365559 0.706577
vt 0.597349 0.089881
vt 0.606417 0.085513
vt 0.613825 0.083515
vt 0.033912 0.605471
vt 0.038384 0.596453
vt 0.031831 0.612855
vt 0.608300 0.108383
vt 0.626207 0.109704
vt 0.633334 0.103063
vt 0.057873 0.625538
vt 0.056758 0.607616
vt 0.051148 0.632587
vt 0.630159 0.132661
vt 0.652439 0.137613
vt 0.659285 0.132225
vt 0.662986 0.163465
vt 0.643616 0.162021
vt 0.085473 0.652088
vt 0.080780 0.629754
vt 0.080011 0.658873
vt 0.109980 0.643543
vt 0.111205 0.662929
vt 0.099633 0.780256
vt 0.145446 0.781479
vt 0.128389 0.807610
vt 0.102191 0.809533
vt 0.073028 0.790889
vt 0.073974 0.767540
vt 0.809670 0.156098
vt 0.807459 0.182277
vt 0.781148 0.199047
vt 0.780433 0.153216
vt 0.768011 0.127415
vt 0.791369 0.126719
vt 0.106084 0.767815
vt 0.102488 0.749799
vt 0.134992 0.760628
vt 0.749952 0.155732
vt 0.767925 0.159531
vt 0.760416 0.188357
vt 0.149355 0.746535
vt 0.165083 0.781433
vt 0.181443 0.746097
vt 0.185200 0.780821
vt 0.780887 0.218689
vt 0.746165 0.202564
vt 0.780057 0.238803
vt 0.745366 0.234645
vt 0.093172 0.736702
vt 0.736963 0.146270
vt 0.143865 0.650289
vt 0.136020 0.633882
vt 0.150610 0.627167
vt 0.157156 0.646216
vt 0.633661 0.187949
vt 0.649979 0.195982
vt 0.645754 0.209225
vt 0.626892 0.202159
vt 0.109797 0.683610
vt 0.683684 0.162293
vt 0.090610 0.710079
vt 0.710369 0.143408
vt 0.055687 0.729286
vt 0.729974 0.108704
vt 0.058122 0.762267
vt 0.762920 0.111507
vt 0.716050 0.175583
vt 0.720660 0.202743
vt 0.690109 0.182567
vt 0.712527 0.230416
vt 0.149826 0.721037
vt 0.122719 0.716124
vt 0.129996 0.690263
vt 0.705539 0.194040
vt 0.141293 0.705823
vt 0.177588 0.713216
vt 0.674945 0.219726
vt 0.167324 0.675522
vt 0.173784 0.697116
vt 0.696465 0.226442
vt 0.155456 0.816576
vt 0.816123 0.209447
vt 0.815541 0.250026
vt 0.196031 0.816388
vt 0.850253 0.269914
vt 0.848321 0.229149
vt 0.735800 0.077361
vt 0.737721 0.063305
vt 0.024279 0.734757
vt 0.010203 0.736518
vt 0.048015 0.256811
vt 0.288255 0.632498
vt 0.760571 0.084754
vt 0.768440 0.071477
vt 0.018034 0.767330
vt 0.031397 0.759610
vt 0.056172 0.802256
vt 0.759738 0.096937
vt 0.043586 0.758916
vt 0.802931 0.109985
vt 0.789853 0.099182
vt 0.802933 0.089487
vt 0.045511 0.789054
vt 0.035671 0.802021
vt 0.059308 0.295243
vt 0.808460 0.078286
vt 0.260288 0.600236
vt 0.258571 0.605780
vt 0.024409 0.807420
vt 0.058629 0.341953
vt 0.063532 0.348521
vt 0.211035 0.581775
vt 0.215023 0.588971
vt 0.053984 0.386884
vt 0.060954 0.390004
vt 0.172624 0.565894
vt 0.172452 0.573546
vt 0.056850 0.424109
vt 0.063072 0.424426
vt 0.142369 0.549315
vt 0.140006 0.555078
vt 0.073723 0.456677
vt 0.087693 0.496457
vt 0.083347 0.499169
vt 0.068795 0.457098
vt 0.115229 0.530233
vt 0.117706 0.525954
vt 0.960572 0.123096
vt 0.997069 0.146960
vt 0.987788 0.160230
vt 0.956790 0.140204
vt 0.084344 0.956428
vt 0.103875 0.987730
vt 0.090470 0.996811
vt 0.067183 0.959955
vt 0.928365 0.112411
vt 0.919974 0.126194
vt 0.070909 0.919424
vt 0.057001 0.927613
vt 0.892703 0.109410
vt 0.887293 0.123061
vt 0.068251 0.886726
vt 0.054529 0.891948
vt 0.837443 0.109825
vt 0.848164 0.103770
vt 0.049460 0.847378
vt 0.055638 0.836737
vt 0.826907 0.175448
vt 0.121357 0.827010
vt 0.833855 0.126259
vt 0.072112 0.833360
vt 0.885180 0.145737
vt 0.090954 0.884923
vt 0.910251 0.150724
vt 0.095589 0.910052
vt 0.970033 0.180673
vt 0.937900 0.160565
vt 0.104994 0.937831
vt 0.124552 0.970286
vt 0.954908 0.198814
vt 0.925683 0.186705
vt 0.131354 0.926006
vt 0.142839 0.955479
vt 0.174826 0.848971
vt 0.215582 0.851216
vt 0.904382 0.181004
vt 0.125977 0.904628
vt 0.886282 0.176778
vt 0.121990 0.886452
vt 0.848483 0.161771
vt 0.107449 0.848445
vt 0.851529 0.208083
vt 0.153703 0.852028
vt 0.908185 0.314333
vt 0.921257 0.331137
vt 0.914867 0.342344
vt 0.900844 0.327592
vt 0.272994 0.902022
vt 0.287638 0.916181
vt 0.276377 0.922484
vt 0.259698 0.909272
vt 0.877147 0.295408
vt 0.882743 0.269306
vt 0.214767 0.883644
vt 0.240900 0.878201
vt 0.885389 0.253354
vt 0.198782 0.886163
vt 0.870826 0.206675
vt 0.152079 0.871368
vt 0.886278 0.210504
vt 0.155724 0.886944
vt 0.897785 0.217804
vt 0.162873 0.898622
vt 0.940068 0.224317
vt 0.914232 0.220431
vt 0.165376 0.915285
vt 0.170489 0.945654
vt 0.928600 0.256778
vt 0.938736 0.247748
vt 0.193066 0.939083
vt 0.202000 0.928932
vt 0.935796 0.306494
vt 0.943012 0.297392
vt 0.947094 0.320860
vt 0.941727 0.329158
vt 0.955857 0.361453
vt 0.948963 0.350036
vt 0.954264 0.341125
vt 0.960724 0.360731
vt 0.946506 0.355793
vt 0.310944 0.961040
vt 0.305678 0.962141
vt 0.307350 0.957848
vt 0.286087 0.955666
vt 0.295451 0.950987
vt 0.300759 0.947940
vt 0.307453 0.951608
vt 0.310071 0.945494
vt 0.312716 0.956298
vt 0.310559 0.958320
vt 0.302376 0.941855
vt 0.291566 0.935167
vt 0.299406 0.929300
vt 0.948851 0.362226
vt 0.957047 0.364832
vt 0.955022 0.367742
vt 0.943975 0.365205
vt 0.938927 0.355840
vt 0.927872 0.354223
vt 0.933822 0.346470
vt 0.960095 0.366116
vt 0.282759 0.938279
vt 0.201082 0.917153
vt 0.269004 0.928147
vt 0.200532 0.908846
vt 0.201247 0.899008
vt 0.250458 0.914345
vt 0.232277 0.912211
vt 0.250353 0.919907
vt 0.242929 0.919479
vt 0.265879 0.948294
vt 0.274221 0.942974
vt 0.242397 0.944080
vt 0.251578 0.937003
vt 0.227383 0.932797
vt 0.217730 0.940797
vt 0.228897 0.927137
vt 0.227887 0.919929
vt 0.254038 0.932280
vt 0.246135 0.924227
vt 0.257746 0.926866
vt 0.271177 0.936454
vt 0.916661 0.255842
vt 0.936996 0.337703
vt 0.908220 0.255252
vt 0.898287 0.255914
vt 0.913153 0.305247
vt 0.911497 0.290066
vt 0.913381 0.282780
vt 0.921178 0.304172
vt 0.927163 0.323859
vt 0.936057 0.325658
vt 0.927768 0.303239
vt 0.940296 0.272630
vt 0.932153 0.282213
vt 0.922050 0.279434
vt 0.068839 0.353634
vt 0.083047 0.324662
vt 0.081391 0.338914
vt 0.072192 0.353221
vt 0.085200 0.342237
vt 0.075915 0.352975
vt 0.067080 0.388199
vt 0.072930 0.386244
vt 0.077627 0.383101
vt 0.185932 0.553740
vt 0.212432 0.568227
vt 0.210591 0.571661
vt 0.181123 0.556660
vt 0.087102 0.375832
vt 0.196493 0.548224
vt 0.226096 0.564161
vt 0.087251 0.418666
vt 0.100580 0.411762
vt 0.169731 0.520743
vt 0.157838 0.529881
vt 0.070535 0.425934
vt 0.079130 0.423379
vt 0.144179 0.541921
vt 0.176869 0.561119
vt 0.150139 0.535227
vt 0.079302 0.455876
vt 0.093096 0.492976
vt 0.120802 0.521245
vt 0.100333 0.447393
vt 0.119770 0.476031
vt 0.104057 0.486012
vt 0.090026 0.453364
vt 0.127631 0.512606
vt 0.137409 0.505810
vt 0.115547 0.439394
vt 0.151110 0.495440
vt 0.127520 0.430553
vt 0.144568 0.460280
vt 0.133580 0.467260
vt 0.164204 0.488366
vt 0.954650 0.376653
vt 0.953037 0.370359
vt 0.983471 0.369061
vt 0.984817 0.374937
vt 0.664313 0.521730
vt 0.649502 0.522419
vt 0.651348 0.515728
vt 0.760546 0.986773
vt 0.764946 0.992135
vt 0.751112 0.997510
vt 0.661935 0.504898
vt 0.654380 0.505766
vt 0.753756 0.978913
vt 0.746301 0.981199
vt 0.556727 0.217393
vt 0.538911 0.206714
vt 0.737133 0.659124
vt 0.724378 0.677357
vt 0.728115 0.680420
vt 0.743400 0.669801
vt 0.537639 0.219016
vt 0.555966 0.222347
vt 0.518661 0.189077
vt 0.748447 0.634712
vt 0.513730 0.206658
vt 0.760140 0.648731
vt 0.554961 0.245799
vt 0.535457 0.246832
vt 0.756795 0.694265
vt 0.738592 0.701316
vt 0.555014 0.279264
vt 0.540199 0.277278
vt 0.764893 0.723969
vt 0.752187 0.731841
vt 0.554994 0.301343
vt 0.542735 0.302555
vt 0.772891 0.748051
vt 0.761210 0.751956
vt 0.555388 0.326125
vt 0.538421 0.325768
vt 0.786309 0.767442
vt 0.770974 0.774699
vt 0.557630 0.342632
vt 0.540232 0.345586
vt 0.792749 0.786240
vt 0.775664 0.790645
vt 0.570426 0.370121
vt 0.555525 0.375175
vt 0.790854 0.819465
vt 0.775189 0.820928
vt 0.588548 0.396145
vt 0.579076 0.407244
vt 0.782411 0.858321
vt 0.769242 0.852046
vt 0.608367 0.422845
vt 0.599825 0.432290
vt 0.773657 0.889624
vt 0.762010 0.884477
vt 0.638884 0.465110
vt 0.622698 0.462854
vt 0.765213 0.926837
vt 0.751347 0.935492
vt 0.514176 0.241625
vt 0.774057 0.680801
vt 0.513906 0.274801
vt 0.787862 0.710955
vt 0.516100 0.303379
vt 0.797532 0.737912
vt 0.517187 0.327371
vt 0.806336 0.760228
vt 0.514393 0.349498
vt 0.817921 0.779262
vt 0.527879 0.378086
vt 0.817275 0.810848
vt 0.556055 0.408059
vt 0.803768 0.849682
vt 0.583074 0.436268
vt 0.790582 0.886433
vt 0.601470 0.460613
vt 0.783695 0.916149
vt 0.650049 0.509469
vt 0.759201 0.980534
vt 0.566634 0.476078
vt 0.617905 0.501805
vt 0.614897 0.508644
vt 0.565336 0.484486
vt 0.630641 0.500478
vt 0.583281 0.461766
vt 0.826423 0.923237
vt 0.790965 0.965469
vt 0.785438 0.960448
vt 0.821812 0.916085
vt 0.773265 0.964422
vt 0.800779 0.909792
vt 0.575296 0.469258
vt 0.811121 0.913386
vt 0.569752 0.443728
vt 0.805786 0.887817
vt 0.545688 0.424967
vt 0.820120 0.860891
vt 0.512127 0.390617
vt 0.836757 0.815853
vt 0.559831 0.453694
vt 0.818909 0.892875
vt 0.547475 0.456776
vt 0.831445 0.890654
vt 0.528443 0.457472
vt 0.524200 0.467380
vt 0.857032 0.890843
vt 0.849116 0.883530
vt 0.540166 0.437137
vt 0.830119 0.869750
vt 0.521239 0.441049
vt 0.848993 0.865597
vt 0.510957 0.413712
vt 0.847236 0.836457
vt 0.479633 0.443363
vt 0.477893 0.454117
vt 0.893888 0.859820
vt 0.887909 0.850713
vt 0.450835 0.447584
vt 0.452547 0.459030
vt 0.919029 0.853930
vt 0.915913 0.842784
vt 0.432182 0.458178
vt 0.434335 0.468438
vt 0.939491 0.855065
vt 0.937263 0.844822
vt 0.403847 0.472791
vt 0.407301 0.481105
vt 0.969333 0.855587
vt 0.969092 0.846583
vt 0.391139 0.475750
vt 0.390087 0.484662
vt 0.986492 0.851802
vt 0.981892 0.844098
vt 0.387061 0.475075
vt 0.382497 0.483462
vt 0.992928 0.847609
vt 0.985338 0.841819
vt 0.385052 0.471985
vt 0.377457 0.480316
vt 0.996243 0.842683
vt 0.985911 0.838180
vt 0.383529 0.466925
vt 0.373007 0.473216
vt 0.997410 0.834393
vt 0.985239 0.832942
vt 0.386096 0.443292
vt 0.369502 0.450145
vt 0.991192 0.811900
vt 0.973246 0.812418
vt 0.386163 0.411240
vt 0.369743 0.419046
vt 0.978275 0.783614
vt 0.960102 0.783196
vt 0.387869 0.467828
vt 0.386988 0.463501
vt 0.980684 0.831223
vt 0.981643 0.835531
vt 0.391298 0.469535
vt 0.979214 0.838490
vt 0.400103 0.463923
vt 0.968888 0.836963
vt 0.424839 0.445716
vt 0.938877 0.830449
vt 0.448956 0.433205
vt 0.911758 0.828893
vt 0.480369 0.428311
vt 0.881093 0.837278
vt 0.491599 0.416827
vt 0.866167 0.831389
vt 0.478964 0.416168
vt 0.877425 0.825622
vt 0.448132 0.423083
vt 0.908381 0.819327
vt 0.418937 0.441973
vt 0.942739 0.824624
vt 0.400178 0.458762
vt 0.966714 0.832284
vt 0.386720 0.456906
vt 0.978237 0.825096
vt 0.392311 0.464595
vt 0.976274 0.834397
vt 0.390257 0.456107
vt 0.974686 0.825814
vt 0.389410 0.441087
vt 0.969324 0.811759
vt 0.394841 0.452245
vt 0.409814 0.433313
vt 0.947531 0.812997
vt 0.968926 0.824159
vt 0.393036 0.442065
vt 0.966417 0.814133
vt 0.398557 0.433738
vt 0.957979 0.808785
vt 0.391971 0.417250
vt 0.957256 0.791054
vt 0.391022 0.368830
vt 0.372221 0.377604
vt 0.959081 0.746815
vt 0.938334 0.746487
vt 0.395932 0.416368
vt 0.953281 0.791865
vt 0.400525 0.412474
vt 0.947501 0.790187
vt 0.406130 0.423672
vt 0.405704 0.407657
vt 0.946960 0.802693
vt 0.940806 0.787905
vt 0.419472 0.414129
vt 0.412620 0.393868
vt 0.928864 0.778151
vt 0.930885 0.799442
vt 0.434677 0.415587
vt 0.917604 0.806990
vt 0.456207 0.400560
vt 0.891824 0.802083
vt 0.471007 0.396057
vt 0.876494 0.804025
vt 0.482367 0.380803
vt 0.859904 0.794747
vt 0.495041 0.361508
vt 0.840477 0.782323
vt 0.495488 0.334034
vt 0.828853 0.757446
vt 0.496041 0.308872
vt 0.818076 0.734727
vt 0.431194 0.396240
vt 0.912886 0.787916
vt 0.446564 0.383281
vt 0.893571 0.782378
vt 0.460323 0.376490
vt 0.878254 0.781806
vt 0.469596 0.364777
vt 0.865017 0.774912
vt 0.473785 0.349853
vt 0.476617 0.333825
vt 0.855110 0.763009
vt 0.845985 0.749548
vt 0.468441 0.307621
vt 0.842742 0.722302
vt 0.397294 0.375628
vt 0.935391 0.755252
vt 0.390263 0.337684
vt 0.369280 0.344112
vt 0.948078 0.715058
vt 0.926300 0.717761
vt 0.402266 0.377920
vt 0.931795 0.759370
vt 0.406623 0.381373
vt 0.929233 0.764301
vt 0.425074 0.377785
vt 0.910933 0.768578
vt 0.413000 0.371912
vt 0.410024 0.355338
vt 0.915486 0.741944
vt 0.919549 0.758281
vt 0.399164 0.344424
vt 0.920934 0.727544
vt 0.388132 0.325444
vt 0.367013 0.338162
vt 0.947718 0.708724
vt 0.923253 0.705733
vt 0.436873 0.364128
vt 0.894591 0.760942
vt 0.421500 0.364737
vt 0.908865 0.755218
vt 0.447820 0.358063
vt 0.882135 0.759886
vt 0.455728 0.344666
vt 0.869449 0.750896
vt 0.464966 0.326658
vt 0.460941 0.335333
vt 0.860889 0.744514
vt 0.853683 0.738248
vt 0.455661 0.306095
vt 0.853775 0.715684
vt 0.430606 0.354506
vt 0.896381 0.749607
vt 0.415298 0.349254
vt 0.908192 0.738556
vt 0.406784 0.334828
vt 0.910064 0.721916
vt 0.375945 0.298728
vt 0.349806 0.316286
vt 0.954504 0.681749
vt 0.923474 0.676389
vt 0.440620 0.346554
vt 0.884004 0.746447
vt 0.422248 0.337737
vt 0.897151 0.730893
vt 0.408427 0.315656
vt 0.900738 0.705103
vt 0.446586 0.335402
vt 0.874011 0.738715
vt 0.427940 0.322549
vt 0.885759 0.719367
vt 0.413337 0.298001
vt 0.889057 0.691001
vt 0.449080 0.325631
vt 0.867753 0.730821
vt 0.431047 0.305886
vt 0.876127 0.705434
vt 0.418433 0.282585
vt 0.878121 0.679021
vt 0.450234 0.291337
vt 0.433304 0.290954
vt 0.867978 0.692733
vt 0.852694 0.700009
vt 0.418443 0.262454
vt 0.869898 0.660660
vt 0.435274 0.262118
vt 0.854408 0.667240
vt 0.463710 0.284187
vt 0.837483 0.698996
vt 0.452335 0.257076
vt 0.836782 0.669621
vt 0.494934 0.272196
vt 0.804094 0.700824
vt 0.469612 0.254374
vt 0.819917 0.674222
vt 0.493225 0.232373
vt 0.789379 0.663795
vt 0.481243 0.222142
vt 0.796129 0.649566
vt 0.498783 0.205742
vt 0.773409 0.641782
vt 0.488700 0.208198
vt 0.783616 0.639899
vt 0.407081 0.243687
vt 0.399515 0.257604
vt 0.885193 0.648497
vt 0.872603 0.638897
vt 0.384976 0.251760
vt 0.896078 0.637230
vt 0.372174 0.258783
vt 0.910629 0.638404
vt 0.388912 0.238615
vt 0.887114 0.626851
vt 0.344310 0.252054
vt 0.315634 0.271954
vt 0.967614 0.627346
vt 0.933311 0.620891
vt 0.372441 0.233356
vt 0.900002 0.615322
vt 0.349234 0.224499
vt 0.917560 0.597760
vt 0.309573 0.209412
vt 0.284678 0.226336
vt 0.326845 0.191192
vt 0.977228 0.573074
vt 0.947597 0.567798
vt 0.924384 0.558226
vt 0.273811 0.151831
vt 0.250737 0.169530
vt 0.984992 0.507367
vt 0.956700 0.500642
vt 0.250766 0.100043
vt 0.223319 0.121578
vt 0.990416 0.452410
vt 0.956568 0.443975
vt 0.305691 0.148963
vt 0.926434 0.511051
vt 0.295697 0.106072
vt 0.918022 0.467836
vt 0.507405 0.160678
vt 0.747133 0.604184
vt 0.511764 0.124128
vt 0.728230 0.572602
vt 0.522162 0.100433
vt 0.709062 0.555219
vt 0.547804 0.080345
vt 0.677452 0.547350
vt 0.117229 0.086374
vt 0.096095 0.104878
vt 0.446112 0.654029
vt 0.471878 0.642852
vt 0.567172 0.077456
vt 0.658591 0.552619
vt 0.539226 0.068026
vt 0.563301 0.065444
vt 0.657219 0.540079
vt 0.680247 0.532610
vt 0.140844 0.080572
vt 0.487227 0.623992
vt 0.592435 0.076785
vt 0.635260 0.562326
vt 0.567728 0.055500
vt 0.591824 0.059439
vt 0.592395 0.067096
vt 0.631451 0.553428
vt 0.628729 0.546244
vt 0.649117 0.532810
vt 0.539710 0.053680
vt 0.673948 0.519712
vt 0.084594 0.129434
vt 0.418994 0.653915
vt 0.080465 0.159207
vt 0.390313 0.644900
vt 0.080722 0.199363
vt 0.354117 0.627486
vt 0.509228 0.081279
vt 0.713042 0.532461
vt 0.513426 0.054228
vt 0.510022 0.066293
vt 0.706191 0.519114
vt 0.698162 0.509492
vt 0.485021 0.049218
vt 0.480750 0.063725
vt 0.731857 0.504826
vt 0.722033 0.493331
vt 0.495327 0.098360
vt 0.490214 0.112992
vt 0.743340 0.553638
vt 0.732705 0.542374
vt 0.496822 0.077056
vt 0.722634 0.523549
vt 0.484034 0.087992
vt 0.738772 0.528302
vt 0.457812 0.078590
vt 0.473371 0.072860
vt 0.758858 0.509007
vt 0.742324 0.510144
vt 0.078921 0.245363
vt 0.311748 0.609416
vt 0.088896 0.285333
vt 0.279721 0.583442
vt 0.278894 0.590799
vt 0.090481 0.333472
vt 0.098429 0.367932
vt 0.208423 0.541272
vt 0.236260 0.562766
vt 0.113966 0.399672
vt 0.186359 0.513765
vt 0.196753 0.048556
vt 0.195580 0.042640
vt 0.223889 0.031383
vt 0.224989 0.037787
vt 0.199675 0.066050
vt 0.230740 0.052328
vt 0.955344 0.392266
vt 0.989302 0.392093
vt 0.251707 0.018595
vt 0.257035 0.026567
vt 0.920818 0.379517
vt 0.922423 0.370064
vt 0.281163 0.004665
vt 0.280926 0.014475
vt 0.894078 0.378241
vt 0.889853 0.369386
vt 0.314407 0.001105
vt 0.308348 0.008306
vt 0.866534 0.383816
vt 0.858060 0.379716
vt 0.362494 0.008072
vt 0.360226 0.018248
vt 0.823248 0.414079
vt 0.817022 0.405719
vt 0.405777 0.010364
vt 0.402402 0.024187
vt 0.787188 0.436732
vt 0.778457 0.425495
vt 0.448041 0.033278
vt 0.447034 0.050227
vt 0.445350 0.058016
vt 0.757099 0.478729
vt 0.749258 0.463675
vt 0.761819 0.485145
vt 0.418336 0.060181
vt 0.432045 0.049994
vt 0.400156 0.035090
vt 0.787351 0.476076
vt 0.793690 0.445764
vt 0.770676 0.472391
vt 0.381678 0.045401
vt 0.375434 0.054240
vt 0.824074 0.453126
vt 0.814765 0.447619
vt 0.355937 0.032596
vt 0.833028 0.425418
vt 0.312178 0.026489
vt 0.870465 0.401973
vt 0.290987 0.028388
vt 0.890581 0.395049
vt 0.268066 0.041240
vt 0.916747 0.397410
vt 0.205623 0.084911
vt 0.235343 0.069139
vt 0.958013 0.409479
vt 0.991581 0.411729
vt 0.271094 0.053384
vt 0.918947 0.409727
vt 0.279560 0.066268
vt 0.916485 0.424929
vt 0.342552 0.042527
vt 0.849297 0.429011
vt 0.342793 0.074165
vt 0.325579 0.089860
vt 0.317806 0.070823
vt 0.330646 0.058629
vt 0.866738 0.438841
vt 0.883441 0.444720
vt 0.884129 0.465265
vt 0.862004 0.457974
vt 0.307235 0.039640
vt 0.880350 0.411952
vt 0.294880 0.061139
vt 0.303733 0.050972
vt 0.900406 0.426517
vt 0.888176 0.420864
vt 0.290192 0.044199
vt 0.897765 0.409152
vt 0.208648 0.574799
vt 0.227596 0.569033
vt 0.227332 0.574246
vt 0.241361 0.572956
vt 0.264398 0.596338
vt 0.241951 0.578921
vt 0.903691 0.571185
vt 0.351031 0.194564
vt 0.907343 0.532821
vt 0.332017 0.161032
vt 0.879185 0.499448
vt 0.344066 0.119056
vt 0.856664 0.486772
vt 0.359442 0.098280
vt 0.823857 0.482675
vt 0.387713 0.081134
vt 0.786643 0.502141
vt 0.429634 0.083689
vt 0.773392 0.528394
vt 0.452462 0.102237
vt 0.759327 0.563772
vt 0.479760 0.128780
vt 0.761996 0.597228
vt 0.490996 0.160408
vt 0.775869 0.621360
vt 0.488187 0.188109
vt 0.801273 0.634243
vt 0.470277 0.210254
vt 0.823042 0.639827
vt 0.452695 0.224250
vt 0.837323 0.641832
vt 0.440479 0.231920
vt 0.862361 0.637527
vt 0.415869 0.238234
vt 0.882059 0.618704
vt 0.390196 0.229095
vt 0.685927 0.960464
vt 0.692985 0.993575
vt 0.656176 0.983182
vt 0.657557 0.945468
vt 0.208934 0.276164
vt 0.171247 0.278192
vt 0.160221 0.241564
vt 0.193449 0.248052
vt 0.730008 0.968958
vt 0.706007 0.942594
vt 0.210971 0.227667
vt 0.184198 0.204122
vt 0.747031 0.947982
vt 0.718411 0.919897
vt 0.233451 0.214875
vt 0.204879 0.186740
vt 0.373699 0.921284
vt 0.363536 0.888897
vt 0.403198 0.892844
vt 0.407645 0.916369
vt 0.242296 0.525595
vt 0.265896 0.529643
vt 0.270507 0.569237
vt 0.237952 0.559619
vt 0.401391 0.953707
vt 0.425669 0.936976
vt 0.221385 0.507922
vt 0.205066 0.532479
vt 0.428352 0.968271
vt 0.452703 0.953995
vt 0.203911 0.481176
vt 0.190048 0.505767
vt 0.461618 0.991179
vt 0.478141 0.966286
vt 0.191187 0.455950
vt 0.166581 0.472894
vt 0.494905 0.996695
vt 0.496786 0.968716
vt 0.188440 0.437345
vt 0.160497 0.439706
vt 0.520562 0.987279
vt 0.517078 0.967086
vt 0.189724 0.417024
vt 0.169472 0.413890
vt 0.540059 0.964577
vt 0.537679 0.945473
vt 0.210982 0.396050
vt 0.191836 0.393998
vt 0.557288 0.951665
vt 0.556741 0.933955
vt 0.222171 0.376787
vt 0.204451 0.376545
vt 0.567936 0.950551
vt 0.573233 0.930410
vt 0.225437 0.360234
vt 0.205389 0.365873
vt 0.588365 0.954551
vt 0.592922 0.931277
vt 0.224235 0.340555
vt 0.201041 0.345511
vt 0.611093 0.959569
vt 0.619445 0.938735
vt 0.216323 0.314158
vt 0.195633 0.322866
vt 0.668764 0.920565
vt 0.233640 0.264530
vt 0.682747 0.907210
vt 0.246751 0.250319
vt 0.436963 0.872092
vt 0.437355 0.902724
vt 0.255438 0.495655
vt 0.286072 0.495527
vt 0.449982 0.916977
vt 0.240971 0.483268
vt 0.474606 0.924150
vt 0.233379 0.458768
vt 0.492090 0.935529
vt 0.221702 0.441475
vt 0.504709 0.940841
vt 0.216177 0.428946
vt 0.522060 0.932317
vt 0.224401 0.411445
vt 0.536300 0.925110
vt 0.231368 0.397078
vt 0.558065 0.914879
vt 0.241224 0.375140
vt 0.575210 0.909760
vt 0.246051 0.357906
vt 0.594474 0.905561
vt 0.249922 0.338566
vt 0.621116 0.912055
vt 0.242975 0.312033
vt 0.638099 0.894609
vt 0.260125 0.294751
vt 0.482448 0.846350
vt 0.482410 0.876139
vt 0.281251 0.450149
vt 0.311035 0.449607
vt 0.491073 0.890737
vt 0.266508 0.441735
vt 0.499635 0.899069
vt 0.258032 0.433311
vt 0.513497 0.902840
vt 0.254023 0.419512
vt 0.528741 0.904226
vt 0.252379 0.404290
vt 0.540210 0.902933
vt 0.253476 0.392797
vt 0.555162 0.899792
vt 0.256364 0.377790
vt 0.565565 0.895929
vt 0.260049 0.367317
vt 0.573573 0.890663
vt 0.265178 0.359219
vt 0.591935 0.888444
vt 0.267085 0.340816
vt 0.610500 0.890810
vt 0.264402 0.322292
vt 0.611522 0.877298
vt 0.277895 0.321034
vt 0.521924 0.841989
vt 0.517456 0.863510
vt 0.293289 0.414889
vt 0.314732 0.410062
vt 0.519675 0.877781
vt 0.278983 0.412914
vt 0.524301 0.886420
vt 0.270263 0.408432
vt 0.532809 0.889179
vt 0.267359 0.399968
vt 0.544052 0.891275
vt 0.265072 0.388760
vt 0.554362 0.889245
vt 0.266927 0.378417
vt 0.562913 0.884867
vt 0.271159 0.369788
vt 0.569990 0.879826
vt 0.276078 0.362624
vt 0.577857 0.867542
vt 0.573113 0.868490
vt 0.574606 0.875457
vt 0.572019 0.871615
vt 0.569095 0.873099
vt 0.287363 0.359309
vt 0.288227 0.354546
vt 0.284253 0.360454
vt 0.280365 0.357928
vt 0.282821 0.363405
vt 0.588159 0.874946
vt 0.586845 0.869739
vt 0.285883 0.345592
vt 0.280648 0.344364
vt 0.599616 0.877618
vt 0.277783 0.332950
vt 0.593102 0.869984
vt 0.285531 0.339336
vt 0.590449 0.863864
vt 0.291699 0.341893
vt 0.604071 0.871841
vt 0.283483 0.328395
vt 0.597451 0.867537
vt 0.287905 0.334947
vt 0.560036 0.852775
vt 0.559391 0.845704
vt 0.310391 0.372644
vt 0.303310 0.372119
vt 0.547613 0.854426
vt 0.549103 0.843777
vt 0.312489 0.382907
vt 0.301866 0.384574
vt 0.562834 0.858684
vt 0.297351 0.369420
vt 0.567169 0.864640
vt 0.291316 0.365190
vt 0.569985 0.868402
vt 0.287506 0.362437
vt 0.565238 0.876615
vt 0.279371 0.367325
vt 0.561349 0.879116
vt 0.276939 0.371260
vt 0.555136 0.877902
vt 0.278258 0.377453
vt 0.548803 0.877648
vt 0.278620 0.383783
vt 0.541283 0.875700
vt 0.280697 0.391269
vt 0.537497 0.870473
vt 0.285989 0.394968
vt 0.536656 0.858303
vt 0.537186 0.842559
vt 0.313908 0.394807
vt 0.298173 0.395600
vt 0.552770 0.861808
vt 0.294397 0.379543
vt 0.542702 0.860633
vt 0.295741 0.389591
vt 0.550667 0.871894
vt 0.544148 0.869759
vt 0.286590 0.388301
vt 0.284344 0.381819
vt 0.542939 0.865499
vt 0.290869 0.389436
vt 0.551363 0.865867
vt 0.290359 0.381019
vt 0.556602 0.873051
vt 0.283086 0.375904
vt 0.561050 0.868517
vt 0.287546 0.371377
vt 0.558440 0.870463
vt 0.285643 0.374020
vt 0.561539 0.875247
vt 0.280806 0.371004
vt 0.565789 0.870656
vt 0.561820 0.871817
vt 0.285323 0.366674
vt 0.284230 0.370664
vn 0.151907 -0.053554 -0.986943
vn -0.091237 -0.649669 -0.754722
vn -0.438753 0.032482 -0.898021
vn -0.707465 -0.163943 -0.687471
vn -0.772038 0.049918 -0.633613
vn -0.408532 0.191550 -0.892418
vn -0.668789 -0.618762 -0.412135
vn -0.851459 -0.415792 -0.319585
vn -0.183243 -0.964324 -0.191051
vn 0.315409 -0.936023 -0.156133
vn -0.382767 -0.923552 -0.023264
vn 0.579207 -0.768055 -0.273150
vn 0.371538 -0.927323 0.045068
vn 0.638828 -0.519308 -0.567642
vn 0.729073 -0.670857 -0.135660
vn 0.324735 0.022594 -0.945535
vn 0.790720 -0.363391 -0.492655
vn 0.408525 0.191547 -0.892422
vn 0.438748 0.032489 -0.898023
vn -0.151906 -0.053555 -0.986943
vn -0.324733 0.022594 -0.945536
vn -0.638827 -0.519308 -0.567643
vn -0.790720 -0.363391 -0.492655
vn -0.579208 -0.768057 -0.273142
vn -0.729069 -0.670861 -0.135659
vn 0.706371 -0.161137 -0.689257
vn 0.771552 0.051958 -0.634041
vn 0.669544 -0.623814 -0.403196
vn 0.849750 -0.419901 -0.318759
vn 0.181519 -0.963292 -0.197787
vn 0.380036 -0.924660 -0.024028
vn 0.091511 -0.648977 -0.755285
vn -0.322312 -0.934265 -0.152524
vn -0.374105 -0.926233 0.046238
vn -0.490809 -0.079297 -0.867651
vn -0.455077 -0.007273 -0.890422
vn 0.000000 -0.156613 -0.987660
vn 0.003825 -0.111730 -0.993731
vn 0.455076 -0.007272 -0.890423
vn 0.488002 -0.080631 -0.869110
vn -0.737744 0.022219 -0.674714
vn -0.745712 0.090186 -0.660137
vn 0.745710 0.090187 -0.660138
vn 0.737744 0.022215 -0.674715
vn -0.437552 0.562294 -0.701693
vn -0.000000 0.605206 -0.796069
vn 0.437551 0.562298 -0.701691
vn 0.000000 0.933489 -0.358606
vn -0.318082 0.880579 -0.351288
vn 0.318084 0.880578 -0.351291
vn -0.743018 0.455670 -0.490192
vn 0.743018 0.455672 -0.490191
vn 0.000000 0.981036 -0.193826
vn -0.235299 0.951863 -0.196447
vn 0.235298 0.951863 -0.196447
vn 0.000000 0.995494 -0.094828
vn -0.173913 0.977803 -0.116858
vn 0.173913 0.977803 -0.116858
vn -0.860096 0.362034 -0.359397
vn -0.872326 0.166596 -0.459666
vn 0.872327 0.166594 -0.459665
vn 0.860096 0.362036 -0.359396
vn -0.573215 0.766438 -0.289824
vn 0.573214 0.766438 -0.289825
vn -0.732846 0.622139 -0.275461
vn 0.732847 0.622139 -0.275462
vn -0.463593 0.862929 -0.201085
vn -0.679253 0.698780 -0.224326
vn -0.470436 0.853407 -0.224470
vn -0.720564 0.633888 -0.281023
vn 0.463592 0.862930 -0.201084
vn 0.679252 0.698781 -0.224325
vn 0.470436 0.853407 -0.224469
vn 0.720564 0.633888 -0.281021
vn -0.045292 0.353530 -0.934326
vn -0.000024 0.371700 -0.928353
vn 0.000067 0.128465 -0.991714
vn -0.117637 0.071759 -0.990461
vn 0.117645 0.071772 -0.990459
vn 0.045292 0.353537 -0.934323
vn 0.079700 0.165209 -0.983033
vn 0.005856 -0.088738 -0.996038
vn -0.005856 -0.088733 -0.996038
vn -0.079699 0.165202 -0.983034
vn -0.262873 -0.168919 -0.949929
vn -0.013749 -0.282879 -0.959057
vn 0.013749 -0.282877 -0.959058
vn 0.262872 -0.168919 -0.949929
vn -0.561866 -0.347677 -0.750618
vn -0.246298 -0.506094 -0.826563
vn 0.246298 -0.506094 -0.826563
vn 0.561866 -0.347677 -0.750618
vn -0.703784 -0.516553 -0.487710
vn -0.457897 -0.647023 -0.609666
vn 0.457895 -0.647024 -0.609666
vn 0.703782 -0.516555 -0.487711
vn -0.846129 -0.432442 -0.311543
vn -0.591266 -0.653494 -0.472600
vn 0.591262 -0.653497 -0.472601
vn 0.846126 -0.432444 -0.311548
vn -0.805016 -0.575505 -0.144025
vn -0.728221 -0.568694 -0.382467
vn -0.952667 -0.169665 0.252268
vn -0.989719 -0.142707 0.009546
vn -0.984093 -0.137561 -0.112421
vn 0.984093 -0.137561 -0.112420
vn 0.989719 -0.142709 0.009544
vn -0.027267 0.172068 -0.984708
vn 0.197739 0.677787 -0.708170
vn -0.000001 0.723776 -0.690035
vn -0.197739 0.677785 -0.708171
vn 0.027267 0.172067 -0.984708
vn 0.521128 0.327757 -0.788036
vn 0.595314 0.696592 -0.400450
vn 0.530836 0.824858 -0.194480
vn 0.378215 0.592121 -0.711581
vn -0.378215 0.592123 -0.711579
vn -0.530838 0.824857 -0.194481
vn -0.595314 0.696592 -0.400451
vn -0.521128 0.327761 -0.788034
vn -0.161166 0.052879 -0.985510
vn 0.161167 0.052880 -0.985510
vn -0.071334 -0.057837 -0.995774
vn 0.071336 -0.057833 -0.995774
vn 0.168109 0.465298 -0.869044
vn -0.622311 -0.167326 -0.764678
vn -0.558466 0.166532 -0.812639
vn -0.168108 0.465298 -0.869044
vn 0.558467 0.166532 -0.812639
vn 0.622314 -0.167325 -0.764675
vn 0.328585 0.873538 -0.359116
vn 0.326123 0.945010 0.024495
vn -0.326125 0.945009 0.024493
vn -0.328585 0.873539 -0.359113
vn -0.000012 0.895996 -0.444062
vn 0.077568 0.893011 -0.443299
vn -0.077497 0.893058 -0.443217
vn -0.000168 0.975667 -0.219260
vn 0.024112 0.951489 -0.306738
vn -0.023978 0.951493 -0.306734
vn 0.152449 0.980022 -0.127737
vn -0.152448 0.980022 -0.127739
vn -0.178877 0.980818 -0.077455
vn -0.002314 0.993236 0.116094
vn -0.127959 0.976794 -0.171759
vn 0.002314 0.993236 0.116092
vn 0.178881 0.980817 -0.077459
vn 0.127091 0.976783 -0.172461
vn -0.187037 0.981179 -0.048021
vn 0.185904 0.981341 -0.049081
vn -0.936125 0.239171 -0.257814
vn -0.856590 -0.026526 -0.515316
vn -0.949943 0.243466 0.195785
vn -0.901466 0.390529 0.186670
vn 0.901468 0.390527 0.186663
vn 0.949945 0.243461 0.195785
vn 0.856588 -0.026530 -0.515318
vn 0.936123 0.239165 -0.257825
vn -0.101869 0.873368 -0.476290
vn -0.476716 0.849811 0.224861
vn 0.101871 0.873366 -0.476292
vn 0.476711 0.849815 0.224859
vn -0.572110 0.621799 0.534843
vn -0.752124 0.449802 0.481650
vn 0.752122 0.449800 0.481656
vn 0.572104 0.621799 0.534849
vn -0.680319 0.496623 0.539010
vn -0.624945 0.463717 0.628021
vn -0.363542 0.670780 0.646445
vn -0.401495 0.705138 0.584451
vn -0.887103 0.296755 0.353531
vn -0.849945 0.306396 0.428621
vn 0.401495 0.705137 0.584451
vn 0.363543 0.670780 0.646445
vn 0.624945 0.463717 0.628021
vn 0.680318 0.496624 0.539010
vn 0.849946 0.306394 0.428619
vn 0.887103 0.296755 0.353531
vn -0.632116 -0.103185 -0.767973
vn -0.995736 0.045406 -0.080296
vn -0.994620 0.080740 0.064904
vn 0.995736 0.045406 -0.080295
vn 0.994620 0.080741 0.064907
vn 0.632117 -0.103185 -0.767972
vn -0.931334 -0.134456 -0.338437
vn -0.975998 0.128425 0.175885
vn -0.948828 -0.068633 -0.308246
vn 0.931334 -0.134454 -0.338435
vn 0.975997 0.128427 0.175886
vn 0.948829 -0.068630 -0.308243
vn 0.438968 0.898471 -0.007588
vn -0.091169 0.871236 0.482324
vn -0.438968 0.898471 -0.007588
vn 0.091166 0.871235 0.482325
vn 0.269587 0.939452 0.211549
vn -0.111269 0.852810 0.510230
vn -0.269587 0.939452 0.211549
vn 0.111269 0.852810 0.510230
vn 0.145312 0.938771 0.312399
vn -0.129536 0.821133 0.555842
vn -0.165443 0.950621 0.262581
vn -0.145312 0.938771 0.312399
vn 0.129537 0.821133 0.555842
vn 0.165443 0.950621 0.262581
vn 0.566102 0.512568 0.645603
vn 0.722513 0.501411 0.475985
vn 0.690060 0.630078 0.356118
vn 0.567990 0.678746 0.465501
vn 0.497039 0.634725 0.591672
vn 0.543156 0.503070 0.672237
vn -0.567990 0.678747 0.465500
vn -0.690059 0.630078 0.356118
vn -0.722512 0.501414 0.475984
vn -0.566102 0.512568 0.645603
vn -0.543155 0.503069 0.672239
vn -0.497039 0.634725 0.591672
vn 0.603984 0.279297 0.746456
vn 0.599435 0.397305 0.694857
vn 0.681556 0.369381 0.631695
vn -0.599433 0.397306 0.694859
vn -0.603984 0.279297 0.746456
vn -0.681555 0.369384 0.631695
vn 0.462388 0.602612 0.650427
vn 0.439666 0.688476 0.576798
vn -0.000002 0.703618 0.710578
vn -0.000001 0.775506 0.631340
vn -0.439666 0.688477 0.576796
vn -0.462388 0.602610 0.650429
vn 0.595437 0.519568 0.612784
vn -0.595437 0.519567 0.612785
vn 0.275631 0.949119 0.152316
vn 0.000082 0.988836 0.149011
vn -0.275984 0.948965 0.152635
vn 0.312172 0.836984 0.449451
vn -0.312172 0.836985 0.449450
vn 0.454952 0.621812 0.637471
vn -0.454953 0.621812 0.637469
vn 0.631507 0.437916 0.639866
vn -0.631507 0.437916 0.639866
vn 0.613773 0.461459 0.640577
vn -0.613773 0.461458 0.640577
vn -0.573573 0.655371 0.491429
vn -0.426311 0.698165 0.575173
vn -0.390773 0.872298 0.293927
vn -0.000032 0.780659 0.624958
vn 0.426324 0.698142 0.575191
vn 0.573574 0.655373 0.491426
vn 0.390790 0.872298 0.293905
vn -0.410939 0.842428 0.348488
vn 0.410992 0.842411 0.348468
vn -0.000030 0.967829 0.251607
vn 0.000069 0.929773 0.368134
vn 0.573044 0.731156 0.370178
vn -0.573044 0.731156 0.370177
vn -0.000000 0.912522 0.409029
vn 0.000000 0.988960 0.148181
vn -0.547688 0.798097 0.251157
vn -0.809471 0.326066 0.488301
vn 0.809473 0.326063 0.488299
vn -0.915228 0.198679 0.350549
vn 0.915227 0.198683 0.350549
vn -0.778769 0.353245 0.518398
vn 0.778771 0.353246 0.518395
vn 0.677497 0.459593 0.574258
vn -0.666408 0.427129 0.611115
vn 0.666408 0.427130 0.611114
vn -0.677495 0.459596 0.574257
vn -0.695799 0.442495 0.565740
vn -0.807507 0.266686 0.526129
vn 0.695799 0.442495 0.565740
vn 0.807506 0.266686 0.526130
vn -0.890984 0.120238 0.437824
vn 0.952667 -0.169660 0.252271
vn 0.890983 0.120240 0.437827
vn -0.862985 0.056021 0.502114
vn -0.925632 -0.196437 0.323448
vn 0.925632 -0.196433 0.323449
vn 0.862984 0.056022 0.502115
vn -0.835876 -0.099630 0.539801
vn -0.863528 -0.355873 0.357315
vn 0.863527 -0.355870 0.357320
vn 0.835877 -0.099631 0.539799
vn -0.609785 -0.436776 0.661354
vn -0.658141 -0.620025 0.427105
vn 0.658141 -0.620029 0.427101
vn 0.609785 -0.436776 0.661354
vn -0.339527 -0.817573 0.465076
vn 0.001152 -0.890112 0.455740
vn -0.000334 -0.707378 0.706835
vn -0.373976 -0.625476 0.684779
vn 0.374017 -0.625237 0.684974
vn 0.339716 -0.817444 0.465164
vn 0.000000 -0.444258 0.895899
vn -0.317727 -0.408630 0.855612
vn 0.317727 -0.408630 0.855612
vn -0.597297 -0.235686 0.766608
vn 0.597297 -0.235686 0.766608
vn -0.779966 0.081822 0.620450
vn 0.779967 0.081821 0.620449
vn -0.794037 0.214928 0.568604
vn 0.794039 0.214926 0.568603
vn -0.717703 0.570550 0.399218
vn 0.717703 0.570551 0.399216
vn -0.744375 0.337301 0.576310
vn 0.744377 0.337300 0.576309
vn -0.764997 0.152664 0.625678
vn 0.764997 0.152664 0.625678
vn -0.588361 -0.144865 0.795516
vn 0.588360 -0.144867 0.795516
vn 0.000000 -0.316394 0.948628
vn -0.324833 -0.282787 0.902505
vn 0.324834 -0.282787 0.902505
vn 0.005957 -0.540406 0.841383
vn -0.370947 -0.464594 0.804084
vn 0.361591 -0.468970 0.805804
vn 0.547689 0.798096 0.251157
vn -0.657354 -0.246965 0.711965
vn 0.657354 -0.246965 0.711965
vn -0.820414 0.091602 0.564385
vn 0.820413 0.091601 0.564386
vn -0.776797 0.351523 0.522512
vn 0.776796 0.351525 0.522511
vn -0.771366 0.551141 0.318180
vn 0.771365 0.551143 0.318179
vn -0.569482 0.821861 0.015301
vn -0.708673 0.686884 0.161159
vn 0.000006 0.986667 0.162755
vn 0.000004 0.999996 -0.002998
vn 0.708007 0.687613 0.160981
vn 0.570656 0.821043 0.015491
vn 0.000002 0.999890 -0.014860
vn -0.542974 0.837296 0.064143
vn 0.544683 0.836158 0.064505
vn -0.843831 0.494003 0.209548
vn 0.845066 0.491807 0.209735
vn -0.880941 0.292233 0.372213
vn 0.880941 0.292233 0.372214
vn -0.891733 -0.028592 0.451658
vn 0.891733 -0.028597 0.451659
vn -0.734019 -0.432062 0.523965
vn 0.734022 -0.432058 0.523964
vn -0.013690 -0.799748 0.600180
vn -0.474426 -0.670894 0.569931
vn 0.454389 -0.679778 0.575702
vn -0.411560 -0.821388 0.394892
vn 0.010301 -0.912241 0.409525
vn 0.393126 -0.834451 0.386192
vn -0.442181 -0.837283 0.321610
vn -0.000000 -0.929236 0.369486
vn -0.001655 -0.963722 0.266902
vn -0.561763 -0.810924 0.163786
vn -0.748404 -0.636976 0.184805
vn -0.800619 -0.587636 0.117016
vn -0.008472 -0.995357 0.095880
vn 0.006863 -0.997709 0.067309
vn -0.947856 0.205047 0.243977
vn -0.020893 -0.648787 0.760684
vn 0.735615 -0.648425 0.196001
vn 0.794690 -0.595308 0.118643
vn 0.947376 0.204058 0.246655
vn 0.648163 0.572123 0.502553
vn -0.013782 0.895120 0.445613
vn -0.019164 0.713288 0.700609
vn 0.639817 0.399120 0.656763
vn 0.546800 0.759973 0.351355
vn 0.806640 0.555083 0.203014
vn 0.006505 0.974175 0.225699
vn -0.626655 0.605923 0.490061
vn -0.663743 0.338128 0.667169
vn -0.544173 0.768907 0.335645
vn -0.807277 0.555336 0.199766
vn 0.978688 -0.130974 0.158166
vn 0.681215 -0.624547 0.381952
vn 0.972938 0.128558 0.192002
vn 0.892780 -0.290708 0.344141
vn 0.957749 0.096980 0.270762
vn 0.893660 0.434275 0.113038
vn 0.979355 0.016611 0.201464
vn 0.966019 -0.089179 0.242598
vn 0.951693 -0.182703 0.246779
vn 0.562624 -0.810917 0.160834
vn 0.406289 -0.851867 0.330532
vn 0.359327 -0.859537 0.363429
vn 0.000000 -0.924944 0.380104
vn 0.634421 -0.696384 0.335499
vn 0.850219 -0.436733 0.293924
vn 0.721459 -0.622972 0.302331
vn 0.824577 -0.473451 0.309704
vn 0.925040 -0.280847 0.255787
vn 0.832930 -0.509157 0.216766
vn -0.694130 -0.610127 0.382006
vn -0.981065 -0.116250 0.154913
vn -0.897348 -0.274770 0.345354
vn -0.956144 0.117355 0.268361
vn -0.908778 0.398399 0.124103
vn -0.977888 0.105561 0.180535
vn -0.900276 -0.336943 0.275630
vn -0.933223 -0.242108 0.265479
vn -0.975048 0.044363 0.217516
vn -0.793928 -0.562322 0.231241
vn -0.756567 -0.572719 0.315594
vn -0.395482 -0.842183 0.366499
vn -0.691817 -0.642103 0.330292
vn -0.903156 -0.424284 0.065523
vn -0.609057 -0.766233 -0.204783
vn -0.583548 -0.780479 -0.224332
vn -0.817862 -0.539075 -0.201246
vn -0.513388 -0.713474 -0.476852
vn -0.708350 -0.569468 -0.417069
vn -0.850684 -0.519069 0.083088
vn -0.762160 -0.623403 -0.174584
vn -0.608249 -0.611874 -0.505613
vn 0.608250 -0.611874 -0.505610
vn 0.708351 -0.569466 -0.417070
vn 0.831668 -0.518176 -0.199555
vn 0.762158 -0.623406 -0.174588
vn -0.467412 -0.585471 -0.662382
vn 0.467412 -0.585470 -0.662383
vn 0.513391 -0.713473 -0.476850
vn -0.386435 -0.767855 -0.510948
vn -0.254232 -0.610526 -0.750083
vn 0.254229 -0.610527 -0.750083
vn 0.386434 -0.767855 -0.510947
vn -0.562681 -0.805212 0.187148
vn -0.492056 -0.863525 -0.110478
vn 0.562679 -0.805213 0.187150
vn 0.850686 -0.519065 0.083097
vn 0.492057 -0.863525 -0.110473
vn -0.292627 -0.929313 0.225269
vn -0.000376 -0.973146 0.230190
vn 0.292624 -0.929411 0.224871
vn -0.171068 -0.870367 -0.461732
vn 0.000001 -0.883853 -0.467764
vn 0.000001 -0.997886 -0.064984
vn -0.223463 -0.971876 -0.074305
vn 0.223465 -0.971876 -0.074301
vn 0.171067 -0.870367 -0.461733
vn -0.114742 -0.651825 -0.749639
vn 0.114741 -0.651825 -0.749639
vn -0.204685 -0.805735 -0.555784
vn 0.000001 -0.835837 -0.548977
vn 0.000002 -0.661690 -0.749778
vn 0.204685 -0.805736 -0.555782
vn 0.249580 -0.557712 0.791623
vn -0.000001 -0.573995 0.818859
vn 0.004415 0.463051 -0.886321
vn -0.000004 -0.840357 -0.542034
vn -0.497473 -0.689113 -0.526919
vn 0.497468 -0.689115 -0.526922
vn 0.000017 0.999079 0.042907
vn -0.687318 0.726301 0.008966
vn 0.684949 0.728538 0.008845
vn -0.010712 0.341743 -0.939732
vn -0.510099 0.333006 -0.793036
vn 0.505721 0.333540 -0.795612
vn 0.003694 0.876083 -0.482146
vn 0.396216 0.800794 -0.449156
vn -0.398084 0.799602 -0.449629
vn -0.675989 0.358195 -0.644000
vn 0.675989 0.358197 -0.643999
vn -0.572201 0.677787 -0.461726
vn 0.572201 0.677787 -0.461726
vn 0.000001 0.922964 -0.384887
vn -0.404236 0.834058 -0.375421
vn 0.404236 0.834058 -0.375421
vn 0.000001 0.922495 -0.386010
vn -0.414952 0.827184 -0.378921
vn 0.414952 0.827184 -0.378920
vn -0.000000 0.904570 -0.426324
vn -0.427594 0.813925 -0.393307
vn 0.427593 0.813925 -0.393307
vn -0.000000 0.911604 -0.411070
vn -0.495155 0.781296 -0.379997
vn 0.495154 0.781297 -0.379997
vn 0.000000 0.991559 -0.129653
vn -0.601614 0.778663 -0.178171
vn 0.601614 0.778663 -0.178172
vn -0.000000 0.996528 0.083256
vn -0.609653 0.791952 0.033682
vn 0.609653 0.791952 0.033682
vn -0.000000 0.988289 0.152593
vn -0.596341 0.794953 0.111479
vn 0.596341 0.794953 0.111479
vn 0.000000 0.986658 0.162809
vn -0.585172 0.802900 0.113690
vn 0.585171 0.802901 0.113690
vn 0.000307 0.994136 0.108137
vn -0.650751 0.756232 0.068095
vn 0.650195 0.756713 0.068052
vn -0.592322 0.715342 -0.370728
vn 0.592322 0.715342 -0.370729
vn -0.647862 0.669919 -0.362607
vn 0.647862 0.669919 -0.362607
vn -0.688712 0.632226 -0.354918
vn 0.688712 0.632226 -0.354918
vn -0.752704 0.562896 -0.341447
vn 0.752703 0.562896 -0.341447
vn -0.861711 0.461234 -0.211466
vn 0.861711 0.461233 -0.211466
vn -0.900325 0.428712 -0.074966
vn 0.900325 0.428712 -0.074967
vn -0.904661 0.426131 0.001284
vn 0.904661 0.426130 0.001284
vn -0.910275 0.413946 0.006931
vn 0.910275 0.413946 0.006931
vn -0.962578 0.261937 -0.069524
vn 0.962578 0.261936 -0.069524
vn -0.963929 0.211424 -0.161683
vn 0.963928 0.211426 -0.161682
vn -0.470231 -0.731823 -0.493272
vn -0.486422 -0.744202 -0.457774
vn -0.000005 -0.853826 -0.520559
vn -0.000002 -0.834553 -0.550928
vn -0.940139 -0.233031 -0.248667
vn -0.966312 -0.164503 -0.197940
vn 0.486422 -0.744202 -0.457774
vn 0.470231 -0.731824 -0.493272
vn 0.940138 -0.233036 -0.248668
vn 0.966312 -0.164504 -0.197940
vn -0.765455 -0.535501 -0.356815
vn 0.765456 -0.535500 -0.356814
vn -0.990410 -0.013341 -0.137516
vn 0.990410 -0.013341 -0.137516
vn -0.990760 0.030756 -0.132095
vn 0.990760 0.030756 -0.132095
vn -0.983323 0.100993 -0.151248
vn 0.983323 0.100993 -0.151248
vn -0.872171 -0.378546 -0.309872
vn 0.872171 -0.378546 -0.309872
vn -0.759978 -0.514044 -0.397735
vn 0.759978 -0.514043 -0.397735
vn -0.510407 -0.676696 -0.530629
vn 0.000000 -0.786546 -0.617531
vn 0.510408 -0.676695 -0.530629
vn -0.928010 -0.261682 -0.265179
vn 0.928010 -0.261682 -0.265179
vn -0.788942 -0.459310 -0.408173
vn 0.788942 -0.459310 -0.408173
vn -0.952853 -0.175133 -0.247791
vn 0.952853 -0.175133 -0.247791
vn -0.539313 -0.540885 -0.645434
vn -0.000000 -0.643948 -0.765069
vn 0.539314 -0.540885 -0.645433
vn -0.487082 -0.190635 -0.852297
vn -0.000000 -0.215570 -0.976489
vn 0.487082 -0.190635 -0.852296
vn -0.433325 0.002548 -0.901234
vn -0.000000 0.014265 -0.999898
vn 0.433326 0.002547 -0.901234
vn -0.426334 -0.060934 -0.902511
vn -0.000000 -0.051718 -0.998662
vn 0.426336 -0.060935 -0.902510
vn -0.401949 -0.270988 -0.874644
vn 0.000000 -0.293727 -0.955890
vn 0.401951 -0.270987 -0.874644
vn -0.492316 -0.652184 -0.576439
vn 0.000000 -0.756270 -0.654259
vn 0.492317 -0.652184 -0.576438
vn -0.540928 -0.841069 -0.000487
vn 0.000001 -0.999196 -0.040105
vn 0.540930 -0.841068 -0.000486
vn -0.449869 -0.771072 0.450628
vn 0.000000 -0.873479 0.486863
vn 0.449871 -0.771072 0.450626
vn -0.435375 -0.715720 0.546071
vn 0.000000 -0.801947 0.597395
vn 0.435375 -0.715720 0.546071
vn -0.404477 -0.692613 0.597232
vn 0.000001 -0.761617 0.648028
vn 0.404479 -0.692611 0.597232
vn -0.861456 -0.453224 -0.229088
vn -0.865683 -0.500202 0.019799
vn 0.865687 -0.500195 0.019795
vn 0.861457 -0.453227 -0.229081
vn -0.761158 -0.272108 -0.588724
vn 0.761161 -0.272103 -0.588723
vn -0.681871 -0.091730 -0.725698
vn 0.681872 -0.091730 -0.725697
vn -0.668087 -0.029547 -0.743496
vn 0.668087 -0.029548 -0.743496
vn -0.694524 -0.147148 -0.704261
vn 0.694524 -0.147149 -0.704261
vn -0.743304 -0.397932 -0.537726
vn 0.743304 -0.397932 -0.537727
vn -0.912760 -0.261028 -0.314219
vn 0.912760 -0.261028 -0.314220
vn -0.876118 -0.227021 -0.425297
vn 0.876119 -0.227020 -0.425297
vn -0.888550 -0.097523 -0.448295
vn 0.888550 -0.097525 -0.448295
vn -0.908472 -0.142681 -0.392836
vn 0.908471 -0.142681 -0.392838
vn -0.914398 -0.223393 -0.337596
vn 0.914396 -0.223393 -0.337602
vn -0.769673 -0.575447 0.276522
vn 0.769682 -0.575440 0.276511
vn -0.906931 -0.373219 -0.195405
vn 0.906931 -0.373218 -0.195411
vn -0.890751 -0.450074 0.063208
vn 0.890750 -0.450077 0.063209
vn -0.717301 -0.572750 0.396784
vn 0.717307 -0.572745 0.396779
vn -0.942463 -0.319461 -0.098531
vn -0.957383 -0.231133 -0.173192
vn 0.957383 -0.231131 -0.173194
vn 0.942462 -0.319465 -0.098528
vn -0.834479 -0.491513 0.249120
vn 0.834475 -0.491519 0.249122
vn -0.890422 -0.424275 0.164743
vn 0.890421 -0.424276 0.164742
vn -0.682508 -0.579478 0.445408
vn 0.682509 -0.579476 0.445408
vn -0.392054 -0.729844 0.560019
vn 0.000002 -0.769342 0.638838
vn 0.392055 -0.729845 0.560018
vn -0.760894 -0.530039 0.374299
vn 0.760889 -0.530042 0.374304
vn -0.813645 -0.486146 0.318817
vn 0.813649 -0.486140 0.318816
vn -0.945199 -0.320798 0.060732
vn -0.915082 -0.361648 0.178429
vn 0.945200 -0.320795 0.060730
vn 0.915081 -0.361648 0.178431
vn -0.967046 -0.254558 0.004675
vn -0.938631 -0.319697 0.129480
vn 0.938630 -0.319700 0.129484
vn 0.967046 -0.254560 0.004674
vn -0.959742 -0.134259 -0.246717
vn 0.959742 -0.134260 -0.246718
vn -0.949347 -0.097244 -0.298804
vn 0.949347 -0.097244 -0.298805
vn -0.947223 -0.147826 -0.284458
vn 0.947223 -0.147824 -0.284457
vn -0.972426 -0.044732 -0.228881
vn 0.972426 -0.044730 -0.228881
vn -0.965916 0.159443 -0.203922
vn 0.965916 0.159443 -0.203922
vn -0.924548 0.260719 -0.277915
vn 0.924548 0.260717 -0.277915
vn -0.893815 0.327072 -0.306787
vn 0.893815 0.327072 -0.306787
vn -0.982171 -0.180177 -0.053634
vn 0.982171 -0.180177 -0.053634
vn -0.985514 -0.126933 -0.112471
vn 0.985514 -0.126935 -0.112472
vn -0.980041 -0.104467 -0.169135
vn 0.980041 -0.104467 -0.169137
vn -0.983091 -0.045250 -0.177439
vn 0.983092 -0.045244 -0.177437
vn -0.982492 0.023743 -0.184784
vn -0.972436 0.081481 -0.218471
vn 0.982493 0.023744 -0.184783
vn 0.972436 0.081478 -0.218472
vn -0.962824 0.087055 -0.255717
vn 0.962824 0.087057 -0.255718
vn -0.656346 -0.599767 0.457700
vn 0.656346 -0.599767 0.457701
vn -0.403634 -0.807486 0.430170
vn 0.000001 -0.857118 0.515121
vn 0.403634 -0.807486 0.430169
vn -0.744391 -0.541249 0.391066
vn 0.744389 -0.541251 0.391067
vn -0.855851 -0.439781 0.272234
vn 0.855852 -0.439780 0.272233
vn -0.965156 -0.251582 0.071975
vn 0.965156 -0.251581 0.071976
vn -0.877528 -0.421389 0.228855
vn -0.796521 -0.510515 0.323928
vn 0.796524 -0.510511 0.323927
vn 0.877527 -0.421392 0.228854
vn -0.660176 -0.652775 0.371554
vn 0.660177 -0.652776 0.371552
vn -0.464175 -0.884879 -0.039124
vn -0.000002 -0.999575 -0.029161
vn 0.464173 -0.884880 -0.039126
vn -0.984447 -0.175451 0.009020
vn 0.984446 -0.175454 0.009020
vn -0.937182 -0.317863 0.143714
vn 0.937181 -0.317865 0.143713
vn -0.988570 -0.145178 -0.040658
vn 0.988570 -0.145177 -0.040657
vn -0.987595 -0.146663 -0.056098
vn 0.987596 -0.146654 -0.056097
vn -0.970538 -0.201209 -0.132555
vn -0.984733 -0.152324 -0.084250
vn 0.984733 -0.152326 -0.084253
vn 0.970537 -0.201211 -0.132556
vn -0.950490 -0.266963 -0.159058
vn 0.950490 -0.266964 -0.159057
vn -0.959911 -0.268202 0.081484
vn 0.959910 -0.268204 0.081486
vn -0.876911 -0.442870 0.186800
vn 0.876907 -0.442877 0.186801
vn -0.752339 -0.652032 0.094026
vn 0.752336 -0.652035 0.094023
vn -0.465454 -0.881278 -0.081864
vn -0.000001 -0.997596 -0.069305
vn 0.465455 -0.881277 -0.081863
vn -0.971472 -0.236630 0.015773
vn 0.971473 -0.236625 0.015775
vn -0.922494 -0.381374 0.059659
vn 0.922494 -0.381373 0.059661
vn -0.765618 -0.637696 -0.084695
vn 0.765620 -0.637693 -0.084696
vn -0.965094 -0.260605 -0.026040
vn 0.965094 -0.260607 -0.026038
vn -0.937359 -0.344549 -0.051427
vn 0.937360 -0.344547 -0.051426
vn -0.844764 -0.506257 -0.173431
vn 0.844764 -0.506257 -0.173431
vn -0.956172 -0.273697 -0.104048
vn 0.956171 -0.273699 -0.104048
vn -0.939919 -0.305244 -0.152902
vn 0.939918 -0.305247 -0.152903
vn -0.903908 -0.365398 -0.222340
vn 0.903907 -0.365400 -0.222341
vn -0.941472 -0.285271 -0.179587
vn -0.939322 -0.278846 -0.199798
vn 0.939322 -0.278845 -0.199800
vn 0.941471 -0.285274 -0.179587
vn -0.926458 -0.286528 -0.244086
vn 0.926458 -0.286528 -0.244085
vn -0.933728 -0.278949 -0.224363
vn 0.933727 -0.278952 -0.224364
vn -0.957841 0.045393 -0.283692
vn 0.957840 0.045391 -0.283694
vn -0.955872 -0.121821 -0.267337
vn 0.955871 -0.121823 -0.267337
vn -0.835627 0.426304 -0.346400
vn 0.835626 0.426305 -0.346401
vn -0.909307 0.230858 -0.346217
vn 0.909306 0.230861 -0.346217
vn -0.744430 0.552388 -0.375090
vn 0.744428 0.552389 -0.375091
vn -0.845978 0.395075 -0.358101
vn 0.845978 0.395077 -0.358100
vn -0.638478 0.630797 -0.440955
vn 0.638478 0.630797 -0.440954
vn -0.744555 0.540699 -0.391514
vn 0.744557 0.540697 -0.391513
vn -0.900594 -0.356637 -0.248478
vn -0.887306 -0.411129 -0.208953
vn 0.887304 -0.411131 -0.208954
vn 0.900597 -0.356632 -0.248474
vn -0.814031 -0.559571 -0.155671
vn 0.814030 -0.559574 -0.155670
vn -0.689118 -0.716795 -0.106399
vn 0.689121 -0.716793 -0.106397
vn -0.832015 -0.536903 -0.139592
vn 0.832017 -0.536901 -0.139588
vn -0.407905 -0.913009 -0.005298
vn -0.000001 -0.999963 0.008638
vn 0.407905 -0.913009 -0.005298
vn -0.720251 -0.691962 -0.049265
vn 0.720253 -0.691960 -0.049263
vn -0.596737 -0.802286 0.015557
vn 0.596741 -0.802283 0.015555
vn -0.335803 -0.934075 0.121408
vn -0.000001 -0.990971 0.134074
vn -0.532083 -0.840861 0.099204
vn 0.335803 -0.934075 0.121408
vn 0.532086 -0.840859 0.099203
vn -0.304681 -0.931300 0.199626
vn -0.000001 -0.976718 0.214527
vn 0.304680 -0.931300 0.199627
vn -0.314957 -0.919493 0.235233
vn 0.000000 -0.967443 0.253088
vn 0.314957 -0.919493 0.235233
vn -0.539817 -0.830014 0.140261
vn 0.539819 -0.830014 0.140262
vn -0.545656 -0.824874 0.147792
vn 0.545656 -0.824874 0.147793
vn -0.790954 0.299750 -0.533425
vn 0.790954 0.299749 -0.533425
vn -0.792296 0.399797 -0.460900
vn 0.792297 0.399796 -0.460899
vn -0.638556 0.620078 -0.455794
vn 0.638557 0.620078 -0.455794
vn -0.421292 0.847678 -0.322422
vn 0.421292 0.847677 -0.322423
vn -0.106962 0.552084 -0.826899
vn -0.219916 0.576213 -0.787156
vn 0.219916 0.576213 -0.787156
vn 0.106993 0.551920 -0.827005
vn -0.087813 0.994856 -0.050500
vn 0.087872 0.994850 -0.050527
vn -0.367447 0.821957 -0.435166
vn -0.071387 0.963027 -0.259776
vn 0.071435 0.962969 -0.259977
vn 0.367447 0.821957 -0.435167
vn 0.000110 0.618611 -0.785698
vn 0.000086 0.999944 0.010627
vn -0.000266 0.990125 -0.140186
vn -0.473499 0.470726 -0.744457
vn 0.473501 0.470727 -0.744455
vn -0.834870 0.264120 -0.482943
vn 0.834870 0.264122 -0.482941
vn -0.922946 0.372064 -0.098688
vn 0.922945 0.372066 -0.098687
vn -0.544966 0.624425 -0.559559
vn 0.544966 0.624425 -0.559559
vn -0.567834 0.698989 -0.434717
vn 0.567836 0.698987 -0.434719
vn -0.804522 0.559062 -0.200486
vn 0.804523 0.559057 -0.200494
vn -0.708385 0.391101 -0.587564
vn -0.775194 0.317592 -0.546086
vn 0.775193 0.317591 -0.546088
vn 0.708383 0.391098 -0.587567
vn -0.685233 0.492231 -0.536810
vn 0.685231 0.492232 -0.536810
vn -0.748792 0.267618 -0.606376
vn 0.748794 0.267625 -0.606369
vn -0.865109 0.171136 -0.471486
vn -0.833138 0.341216 -0.435261
vn 0.865109 0.171141 -0.471484
vn 0.833140 0.341226 -0.435250
vn -0.977686 0.198687 0.068218
vn 0.977686 0.198688 0.068219
vn -0.944720 -0.149810 0.291653
vn 0.944720 -0.149810 0.291651
vn 0.731339 -0.541262 -0.414945
vn -0.899823 -0.360111 0.246250
vn -0.598605 -0.721478 -0.348054
vn 0.598605 -0.721477 -0.348057
vn 0.899823 -0.360112 0.246250
vn -0.402021 -0.775979 -0.486040
vn 0.402018 -0.775978 -0.486044
vn -0.249581 -0.557712 0.791623
vn 0.000000 -0.708393 0.705818
vn -0.272578 -0.645434 0.713524
vn 0.272578 -0.645437 0.713522
vn -0.406840 -0.495620 0.767360
vn 0.406840 -0.495620 0.767360
vn -0.545983 -0.389157 0.741929
vn 0.545983 -0.389156 0.741930
vn -0.774647 -0.024236 0.631929
vn 0.774648 -0.024235 0.631929
vn -0.814585 0.193998 0.546640
vn 0.814587 0.193997 0.546638
vn -0.815199 0.469122 0.339670
vn 0.815201 0.469120 0.339667
vn -0.837850 0.545642 -0.016802
vn -0.905353 0.230210 -0.356847
vn 0.837851 0.545640 -0.016806
vn 0.905350 0.230216 -0.356849
vn -0.956896 -0.086674 -0.277196
vn -0.937452 0.342002 -0.064955
vn -0.985140 0.134189 0.107204
vn 0.956896 -0.086674 -0.277195
vn 0.985139 0.134190 0.107206
vn 0.937452 0.342000 -0.064953
vn -0.978271 -0.154129 -0.138672
vn -0.930492 -0.339245 -0.138195
vn 0.930492 -0.339244 -0.138196
vn 0.978272 -0.154125 -0.138667
vn -0.933186 -0.048988 0.356039
vn 0.933187 -0.048989 0.356037
vn -0.831669 -0.131396 0.539502
vn 0.831669 -0.131398 0.539501
vn -0.590449 -0.399614 0.701198
vn 0.590449 -0.399615 0.701197
vn -0.436302 -0.589312 0.679965
vn 0.436303 -0.589313 0.679963
vn 0.000001 -0.928019 0.372533
vn -0.299068 -0.885395 0.355857
vn 0.299068 -0.885395 0.355857
vn -0.479166 -0.782776 0.397067
vn 0.479165 -0.782776 0.397067
vn -0.491949 -0.847580 0.198982
vn 0.491948 -0.847581 0.198982
vn -0.872005 -0.481013 0.090737
vn 0.872006 -0.481012 0.090738
vn -0.849313 -0.524284 -0.061587
vn -0.692786 -0.719539 0.048078
vn -0.677584 -0.731080 0.080016
vn -0.817782 -0.573132 0.052467
vn 0.817782 -0.573132 0.052471
vn 0.677581 -0.731082 0.080015
vn 0.692785 -0.719540 0.048077
vn 0.849314 -0.524284 -0.061587
vn -0.789472 -0.560493 0.250162
vn 0.789472 -0.560493 0.250163
vn -0.603527 -0.782780 0.151691
vn -0.725732 -0.663799 0.180790
vn 0.603527 -0.782780 0.151692
vn 0.725732 -0.663797 0.180793
vn -0.622741 -0.696098 0.357269
vn 0.622742 -0.696096 0.357270
vn 0.925071 -0.364982 0.105031
vn 0.553368 -0.801024 -0.228352
vn 0.671606 -0.728773 -0.133548
vn 0.559700 -0.793424 -0.239194
vn 0.853383 -0.501543 -0.142104
vn 0.641802 -0.745057 -0.181604
vn 0.562312 -0.826567 0.024338
vn -0.562312 -0.826567 0.024339
vn 0.644961 -0.755879 0.112567
vn -0.644962 -0.755879 0.112567
vn 0.714754 -0.690790 0.109250
vn -0.714755 -0.690789 0.109249
vn 0.869695 -0.492164 0.037479
vn -0.869695 -0.492164 0.037478
vn 0.966552 -0.244484 -0.077489
vn -0.966552 -0.244484 -0.077489
vn 0.969772 0.112426 -0.216571
vn -0.969772 0.112425 -0.216570
vn 0.822198 0.426856 -0.376543
vn -0.822198 0.426857 -0.376542
vn 0.721219 0.507279 -0.471710
vn -0.721220 0.507279 -0.471710
vn 0.674537 0.508217 -0.535459
vn -0.674537 0.508217 -0.535459
vn 0.626796 0.542190 -0.559604
vn -0.626796 0.542190 -0.559604
vn 0.726160 0.421384 -0.543257
vn -0.726159 0.421384 -0.543257
vn 0.786680 0.117691 -0.606039
vn -0.786678 0.117688 -0.606042
vn 0.784568 -0.254026 -0.565619
vn -0.784567 -0.254025 -0.565620
vn 0.648828 -0.512612 -0.562363
vn -0.648827 -0.512610 -0.562365
vn 0.514552 -0.821469 -0.245814
vn -0.514551 -0.821469 -0.245815
vn 0.596908 -0.776524 0.201770
vn 0.427529 -0.898842 0.096444
vn -0.427529 -0.898842 0.096445
vn -0.596909 -0.776523 0.201771
vn 0.700180 -0.660558 0.270945
vn -0.700180 -0.660557 0.270946
vn 0.869704 -0.373051 0.323183
vn -0.869705 -0.373051 0.323183
vn 0.975069 -0.016084 0.221318
vn -0.975069 -0.016086 0.221318
vn 0.899539 0.432873 0.058732
vn -0.899541 0.432871 0.058733
vn 0.658296 0.732792 -0.172224
vn -0.658296 0.732793 -0.172223
vn 0.519053 0.773148 -0.364454
vn -0.519053 0.773148 -0.364453
vn 0.422972 0.732912 -0.532856
vn -0.422972 0.732911 -0.532857
vn 0.381348 0.659627 -0.647661
vn -0.381347 0.659627 -0.647662
vn 0.057622 0.397063 -0.915981
vn -0.057625 0.397066 -0.915979
vn -0.143488 0.063922 -0.987586
vn 0.143488 0.063919 -0.987586
vn -0.152356 -0.373146 -0.915178
vn 0.152356 -0.373146 -0.915177
vn -0.039921 -0.735716 -0.676113
vn 0.039920 -0.735715 -0.676114
vn 0.261159 -0.947987 -0.181977
vn -0.261160 -0.947987 -0.181977
vn 0.509293 -0.804850 0.304692
vn -0.509292 -0.804850 0.304693
vn 0.789458 -0.453539 0.413593
vn -0.789457 -0.453538 0.413595
vn 0.928571 0.009726 0.371028
vn -0.928570 0.009726 0.371031
vn 0.852361 0.496087 0.165462
vn -0.852361 0.496086 0.165465
vn 0.673633 0.733531 -0.090280
vn -0.673633 0.733531 -0.090280
vn 0.426294 0.846167 -0.319805
vn -0.426293 0.846167 -0.319806
vn 0.215810 0.830293 -0.513847
vn -0.215809 0.830293 -0.513848
vn -0.076821 0.666793 -0.741273
vn 0.076821 0.666794 -0.741272
vn -0.425822 0.347876 -0.835260
vn 0.425818 0.347878 -0.835260
vn -0.663139 0.066287 -0.745555
vn 0.663139 0.066286 -0.745555
vn -0.738054 -0.389231 -0.551158
vn 0.738055 -0.389231 -0.551157
vn -0.499572 -0.786913 -0.362210
vn 0.499575 -0.786912 -0.362208
vn 0.182957 -0.982766 0.026432
vn -0.182956 -0.982766 0.026430
vn 0.729643 -0.618304 0.292098
vn -0.729643 -0.618304 0.292097
vn 0.958094 -0.148907 0.244709
vn -0.958094 -0.148907 0.244709
vn 0.940143 0.339729 0.026751
vn -0.940143 0.339729 0.026751
vn 0.771222 0.611265 -0.177685
vn -0.771222 0.611264 -0.177685
vn 0.523943 0.751030 -0.401793
vn -0.523942 0.751030 -0.401794
vn 0.238081 0.754602 -0.611468
vn -0.238079 0.754602 -0.611469
vn -0.271880 0.554847 -0.786274
vn 0.271880 0.554847 -0.786273
vn -0.648573 0.270593 -0.711430
vn 0.648573 0.270593 -0.711430
vn -0.814992 0.042875 -0.577884
vn 0.814992 0.042875 -0.577884
vn -0.842452 -0.433833 -0.319475
vn 0.842453 -0.433831 -0.319475
vn -0.608527 -0.784969 -0.116271
vn 0.608527 -0.784969 -0.116270
vn 0.064832 -0.991548 0.112383
vn -0.064832 -0.991548 0.112384
vn 0.771174 -0.619956 0.144725
vn -0.771174 -0.619956 0.144726
vn 0.968142 -0.249789 0.017520
vn -0.968142 -0.249788 0.017521
vn 0.956695 0.203716 -0.207930
vn -0.956695 0.203717 -0.207930
vn 0.851383 0.396066 -0.343918
vn -0.851383 0.396065 -0.343918
vn 0.639912 0.515624 -0.569776
vn -0.639912 0.515624 -0.569776
vn 0.262263 0.549887 -0.792996
vn -0.262264 0.549887 -0.792996
vn -0.348942 0.409252 -0.843062
vn 0.348943 0.409252 -0.843061
vn -0.665371 0.212980 -0.715487
vn 0.665371 0.212980 -0.715486
vn -0.801685 0.004204 -0.597732
vn 0.801685 0.004204 -0.597732
vn -0.814209 -0.579353 -0.037594
vn -0.859519 -0.293891 -0.418156
vn -0.831260 -0.512068 -0.216317
vn -0.882721 -0.187331 -0.430942
vn -0.734262 0.100925 -0.671323
vn 0.859519 -0.293892 -0.418156
vn 0.814210 -0.579352 -0.037594
vn 0.882721 -0.187331 -0.430942
vn 0.831259 -0.512068 -0.216323
vn 0.734262 0.100926 -0.671322
vn -0.649172 -0.759860 -0.034479
vn -0.544886 -0.834048 0.086392
vn 0.544441 -0.834361 0.086171
vn 0.649168 -0.759863 -0.034484
vn -0.051270 -0.990426 0.128171
vn 0.051263 -0.990426 0.128170
vn 0.016107 -0.988589 0.149776
vn -0.016107 -0.988589 0.149776
vn 0.664256 -0.747049 -0.026115
vn -0.663434 -0.747804 -0.025405
vn 0.802106 -0.596655 0.025090
vn -0.802104 -0.596658 0.025093
vn 0.788425 -0.615131 -0.000508
vn -0.788423 -0.615133 -0.000510
vn 0.930198 -0.240660 -0.277156
vn -0.930653 -0.238914 -0.277136
vn 0.945272 -0.249739 -0.209979
vn -0.945270 -0.249743 -0.209984
vn 0.808382 0.134337 -0.573126
vn -0.808454 0.134004 -0.573102
vn 0.493253 0.259189 -0.830375
vn -0.493256 0.259186 -0.830374
vn -0.331663 0.178335 -0.926389
vn 0.331664 0.178335 -0.926388
vn -0.609718 0.225187 -0.759957
vn 0.609717 0.225187 -0.759957
vn -0.270531 0.382456 -0.883482
vn 0.270531 0.382456 -0.883482
vn 0.188727 0.442384 -0.876743
vn -0.188727 0.442384 -0.876743
vn 0.578548 0.405914 -0.707472
vn -0.578548 0.405913 -0.707472
vn 0.812144 0.297356 -0.501997
vn -0.812144 0.297356 -0.501997
vn 0.921832 0.149159 -0.357740
vn -0.921831 0.149163 -0.357740
vn 0.965432 -0.190889 -0.177487
vn -0.965433 -0.190889 -0.177485
vn 0.846920 0.097948 -0.522622
vn -0.846918 0.097948 -0.522625
vn 0.903504 0.034610 -0.427180
vn -0.903499 0.034613 -0.427190
vn 0.715429 0.212801 -0.665490
vn 0.818262 0.151970 -0.554394
vn -0.818262 0.151969 -0.554395
vn -0.715429 0.212800 -0.665490
vn 0.879471 0.093480 -0.466682
vn -0.879467 0.093482 -0.466690
vn 0.802391 0.139049 -0.580375
vn -0.802391 0.139049 -0.580375
vn 0.487621 0.298682 -0.820375
vn -0.487621 0.298681 -0.820375
vn 0.615980 0.237367 -0.751150
vn -0.615982 0.237362 -0.751149
vn 0.628785 0.222652 -0.745021
vn -0.628785 0.222652 -0.745021
vn -0.047799 0.378001 -0.924570
vn 0.047796 0.378001 -0.924571
vn -0.132560 0.312848 -0.940507
vn 0.257714 0.339794 -0.904502
vn 0.132559 0.312848 -0.940507
vn -0.257713 0.339794 -0.904502
s 1
g Mesh
usemtl initialShadingGroup
f 177/1/1 117/2/2 175/3/3
f 175/3/3 117/2/2 173/4/4
f 185/5/5 183/6/6 175/3/3 173/4/4
f 173/4/4 117/2/2 171/7/7
f 185/5/5 173/4/4 171/7/7 187/8/8
f 169/9/9 117/2/2 167/10/10
f 171/7/7 117/2/2 169/11/9
f 189/12/11 187/8/8 171/7/7 169/11/9
f 167/10/10 117/2/2 165/13/12
f 189/14/11 169/9/9 167/10/10 191/15/13
f 179/16/14 117/2/2 177/1/1
f 191/15/13 167/10/10 165/13/12 193/17/15
f 165/13/12 117/2/2 179/16/14
f 181/18/16 177/1/1 175/3/3 183/6/6
f 195/19/17 179/16/14 177/1/1 181/18/16
f 193/17/15 165/13/12 179/16/14 195/19/17
f 184/20/18 176/21/19 178/22/20 182/23/21
f 182/23/21 178/22/20 180/24/22 196/25/23
f 196/25/23 180/24/22 166/26/24 194/27/25
f 174/28/26 176/21/19 184/20/18 186/29/27
f 172/30/28 174/28/26 186/29/27 188/31/29
f 170/32/30 172/30/28 188/31/29 190/33/31
f 118/34/32 180/24/22 178/22/20
f 178/22/20 176/21/19 118/34/32
f 118/34/32 172/30/28 170/32/30
f 168/35/33 166/26/24 118/34/32
f 118/34/32 166/26/24 180/24/22
f 118/34/32 176/21/19 174/28/26
f 118/34/32 174/28/26 172/30/28
f 118/34/32 170/36/30 168/35/33
f 192/37/34 194/27/25 166/26/24 168/35/33
f 170/36/30 190/38/31 192/37/34 168/35/33
f 250/39/35 242/40/36 18/41/37 19/42/38
f 19/43/38 18/44/37 243/45/39 251/46/40
f 248/47/41 244/48/42 242/40/36 250/39/35
f 251/46/40 243/45/39 245/49/43 249/50/44
f 236/51/45 17/52/46 18/41/37 242/40/36
f 243/45/39 18/44/37 17/53/46 237/54/47
f 16/55/48 17/52/46 236/51/45 252/56/49
f 253/57/50 237/54/47 17/53/46 16/58/48
f 238/59/51 236/51/45 242/40/36 244/48/42
f 245/49/43 243/45/39 237/54/47 239/60/52
f 15/61/53 16/55/48 252/56/49 254/62/54
f 255/63/55 253/57/50 16/58/48 15/64/53
f 14/65/56 15/61/53 254/62/54 256/66/57
f 257/67/58 255/63/55 15/64/53 14/68/56
f 240/69/59 238/59/51 244/48/42 246/70/60
f 247/71/61 245/49/43 239/60/52 241/72/62
f 258/73/63 252/56/49 236/51/45 238/59/51
f 239/60/52 237/54/47 253/57/50 259/74/64
f 258/73/63 238/59/51 240/69/59 266/75/65
f 267/76/66 241/72/62 239/60/52 259/74/64
f 254/62/54 252/56/49 258/73/63 260/77/67
f 260/77/67 258/73/63 266/75/65 268/78/68
f 262/79/69 256/66/57 254/62/54 260/77/67
f 268/78/68 264/80/70 262/79/69 260/77/67
f 268/78/68 266/75/65 240/69/59 264/80/70
f 261/81/71 259/74/64 253/57/50 255/63/55
f 269/82/72 267/76/66 259/74/64 261/81/71
f 261/81/71 255/63/55 257/67/58 263/83/73
f 261/81/71 263/83/73 265/84/74 269/82/72
f 265/84/74 241/72/62 267/76/66 269/82/72
f 218/85/75 11/86/76 219/87/77 221/88/78
f 220/89/79 219/90/77 11/91/76 217/92/80
f 216/93/81 218/85/75 221/88/78 223/94/82
f 222/95/83 220/89/79 217/92/80 215/96/84
f 214/97/85 216/93/81 223/94/82 225/98/86
f 224/99/87 222/95/83 215/96/84 213/100/88
f 212/101/89 214/97/85 225/98/86 227/102/90
f 226/103/91 224/99/87 213/100/88 211/104/92
f 210/105/93 212/101/89 227/102/90 229/106/94
f 228/107/95 226/103/91 211/104/92 209/108/96
f 208/109/97 210/105/93 229/106/94 231/110/98
f 230/111/99 228/107/95 209/108/96 207/112/100
f 206/113/101 208/109/97 231/110/98 233/114/102
f 208/109/97 206/113/101 311/115/103 313/116/104
f 210/105/93 208/109/97 313/116/104 315/117/105
f 316/118/106 314/119/107 207/112/100 209/108/96
f 218/85/75 216/93/81 321/120/108 323/121/109
f 10/122/110 11/86/76 218/85/75 323/121/109
f 324/123/111 322/124/112 215/96/84 217/92/80
f 324/123/111 217/92/80 11/91/76 10/125/110
f 339/126/113 337/127/114 333/128/115 327/129/116
f 328/130/117 334/131/118 338/132/119 340/133/120
f 327/129/116 323/121/109 321/120/108 325/134/121
f 326/135/122 322/124/112 324/123/111 328/130/117
f 343/136/123 339/126/113 327/129/116 325/134/121
f 326/135/122 328/130/117 340/133/120 344/137/124
f 341/138/125 337/127/114 339/126/113 343/136/123
f 341/138/125 343/136/123 345/139/126 347/140/127
f 344/137/124 340/133/120 338/132/119 342/141/128
f 348/142/129 346/143/130 344/137/124 342/141/128
f 331/144/131 327/129/116 333/128/115 335/145/132
f 336/146/133 334/131/118 328/130/117 332/147/134
f 9/148/135 10/122/110 323/121/109 329/149/136
f 329/149/136 323/121/109 327/129/116 331/144/131
f 330/150/137 324/123/111 10/125/110 9/151/135
f 332/147/134 328/130/117 324/123/111 330/150/137
f 8/152/138 9/148/135 329/149/136 355/153/139
f 356/154/140 330/150/137 9/151/135 8/155/138
f 355/153/139 329/149/136 331/144/131 353/156/141
f 354/157/142 332/147/134 330/150/137 356/154/140
f 359/158/143 353/156/141 351/159/144
f 359/158/143 357/160/145 355/153/139 353/156/141
f 352/161/146 354/157/142 360/162/147
f 354/157/142 356/154/140 358/163/148 360/162/147
f 349/164/149 8/152/138 355/153/139 357/160/145
f 358/163/148 356/154/140 8/155/138 350/165/150
f 351/159/144 349/164/149 357/160/145 359/158/143
f 353/156/141 331/144/131 335/145/132 351/159/144
f 360/162/147 358/163/148 350/165/150 352/161/146
f 352/161/146 336/146/133 332/147/134 354/157/142
f 282/166/151 284/167/152 371/168/153 373/169/154
f 374/170/155 372/171/156 285/172/157 283/173/158
f 341/174/125 347/175/127 282/166/151 270/176/159
f 270/176/159 282/166/151 373/169/154 375/177/160
f 271/178/161 283/173/158 348/179/129 342/180/128
f 376/181/162 374/170/155 283/173/158 271/178/161
f 387/182/163 373/169/154 371/168/153 389/183/164
f 390/184/165 372/171/156 374/170/155 388/185/166
f 391/186/167 393/187/168 383/188/169 385/189/170
f 385/189/170 387/182/163 389/183/164 391/186/167
f 395/190/171 369/191/172 393/187/168 391/186/167
f 386/192/173 384/193/174 394/194/175 392/195/176
f 392/195/176 390/184/165 388/185/166 386/192/173
f 392/195/176 394/194/175 370/196/177 396/197/178
f 395/190/171 391/186/167 389/183/164 371/168/153
f 372/171/156 390/184/165 392/195/176 396/197/178
f 284/167/152 282/166/151 347/175/127 345/198/126
f 345/139/126 343/136/123 325/134/121 284/199/152
f 321/120/108 216/93/81 214/97/85 319/200/179
f 346/201/130 348/179/129 283/173/158 285/172/157
f 285/202/157 326/135/122 344/137/124 346/143/130
f 395/190/171 371/168/153 284/167/152 397/203/180
f 286/204/181 369/191/172 395/190/171 397/203/180
f 398/205/182 285/172/157 372/171/156 396/197/178
f 398/205/182 396/197/178 370/196/177 287/206/183
f 284/199/152 325/134/121 321/120/108 319/200/179
f 320/207/184 213/100/88 215/96/84 322/124/112
f 320/207/184 322/124/112 326/135/122 285/202/157
f 212/101/89 210/105/93 315/117/105 317/208/185
f 317/208/185 315/117/105 288/209/186 286/210/181
f 317/208/185 319/200/179 214/97/85 212/101/89
f 399/211/187 319/200/179 317/208/185
f 317/208/185 286/210/181 397/212/180 399/211/187
f 399/211/187 397/212/180 284/199/152 319/200/179
f 318/213/188 316/118/106 209/108/96 211/104/92
f 287/214/183 289/215/189 316/118/106 318/213/188
f 211/104/92 213/100/88 320/207/184 318/213/188
f 318/213/188 320/207/184 400/216/190
f 400/216/190 398/217/182 287/214/183 318/213/188
f 320/207/184 285/202/157 398/217/182 400/216/190
f 337/218/114 341/174/125 270/176/159 272/219/191
f 272/219/191 270/176/159 375/177/160 377/220/192
f 377/220/192 375/177/160 373/169/154 387/182/163
f 273/221/193 271/178/161 342/180/128 338/222/119
f 378/223/194 376/181/162 271/178/161 273/221/193
f 388/185/166 374/170/155 376/181/162 378/223/194
f 333/224/115 337/218/114 272/219/191 274/225/195
f 274/225/195 272/219/191 377/220/192 379/226/196
f 379/226/196 377/220/192 387/182/163 385/189/170
f 275/227/197 273/221/193 338/222/119 334/228/118
f 380/229/198 378/223/194 273/221/193 275/227/197
f 386/192/173 388/185/166 378/223/194 380/229/198
f 335/230/132 333/224/115 274/225/195 276/231/199
f 276/231/199 274/225/195 379/226/196 381/232/200
f 276/231/199 278/233/201 351/234/144 335/230/132
f 381/232/200 379/226/196 385/189/170 383/188/169
f 277/235/202 275/227/197 334/228/118 336/236/133
f 382/237/203 380/229/198 275/227/197 277/235/202
f 336/236/133 352/238/146 279/239/204 277/235/202
f 384/193/174 386/192/173 380/229/198 382/237/203
f 429/240/205 402/241/206 404/242/207 406/243/208
f 429/240/205 406/243/208 408/244/209 410/245/210
f 405/246/211 403/247/212 401/248/213 430/249/214
f 409/250/215 407/251/216 405/246/211 430/249/214
f 431/252/217 429/240/205 410/245/210 412/253/218
f 412/253/218 414/254/219 431/252/217
f 414/254/219 402/241/206 429/240/205 431/252/217
f 411/255/220 409/250/215 430/249/214 432/256/221
f 432/256/221 413/257/222 411/255/220
f 432/256/221 430/249/214 401/248/213 413/257/222
f 428/258/223 416/259/224 402/241/206 414/254/219
f 4/260/225 3/261/226 416/259/224 428/258/223
f 413/257/222 401/248/213 415/262/227 427/263/228
f 427/263/228 415/262/227 3/264/226 4/265/225
f 426/266/229 428/258/223 414/254/219 412/253/218
f 411/255/220 413/257/222 427/263/228 425/267/230
f 281/268/231 279/239/204 352/238/146 350/269/150
f 350/269/150 8/270/138 7/271/232 281/268/231
f 349/272/149 351/234/144 278/233/201 280/273/233
f 280/273/233 7/274/232 8/275/138 349/272/149
f 382/237/203 277/235/202 279/239/204 362/276/234
f 361/277/235 278/233/201 276/231/199 381/232/200
f 384/193/174 382/237/203 362/276/234 364/278/236
f 363/279/237 361/277/235 381/232/200 383/188/169
f 394/194/175 384/193/174 364/278/236 366/280/238
f 365/281/239 363/279/237 383/188/169 393/187/168
f 424/282/240 426/266/229 412/253/218 410/245/210
f 409/250/215 411/255/220 425/267/230 423/283/241
f 436/284/242 425/267/230 427/263/228 434/285/243
f 363/279/237 365/281/239 425/267/230 436/284/242
f 436/284/242 438/286/244 361/277/235 363/279/237
f 438/286/244 280/273/233 278/233/201 361/277/235
f 434/285/243 427/263/228 4/265/225 5/287/245
f 433/288/246 428/258/223 426/266/229 435/289/247
f 435/289/247 426/266/229 366/280/238 364/278/236
f 364/278/236 362/276/234 437/290/248 435/289/247
f 362/276/234 279/239/204 281/268/231 437/290/248
f 438/286/244 436/284/242 434/285/243 441/291/249
f 442/292/250 433/288/246 435/289/247 437/290/248
f 5/293/245 4/260/225 428/258/223 433/288/246
f 6/294/251 7/274/232 280/273/233 438/286/244
f 437/290/248 281/268/231 7/271/232 6/295/251
f 443/296/252 5/293/245 433/288/246 442/292/250
f 441/291/249 434/285/243 5/287/245 443/297/252
f 6/294/251 438/286/244 441/291/249 443/297/252
f 443/296/252 442/292/250 437/290/248 6/295/251
f 404/242/207 402/241/206 416/259/224 418/298/253
f 417/299/254 415/262/227 401/248/213 403/247/212
f 2/300/255 3/264/226 415/262/227 417/299/254
f 418/298/253 416/259/224 3/261/226 2/301/255
f 1/302/256 2/300/255 417/299/254 444/303/257
f 367/304/258 365/281/239 393/187/168 369/191/172
f 369/191/172 286/204/181 288/305/186 367/304/258
f 370/196/177 394/194/175 366/280/238 368/306/259
f 368/306/259 289/307/189 287/206/183 370/196/177
f 290/308/260 288/209/186 315/117/105 313/116/104
f 314/119/107 316/118/106 289/215/189 291/309/261
f 456/310/262 367/304/258 288/305/186 290/311/260
f 291/312/261 289/307/189 368/306/259 457/313/263
f 422/314/264 424/282/240 410/245/210 408/244/209
f 440/315/265 365/281/239 367/304/258 456/310/262
f 423/283/241 425/267/230 365/281/239 440/315/265
f 457/313/263 368/306/259 366/280/238 439/316/266
f 439/316/266 366/280/238 426/266/229 424/282/240
f 407/251/216 409/250/215 423/283/241 421/317/267
f 421/317/267 423/283/241 440/315/265 476/318/268
f 476/318/268 440/315/265 456/310/262 458/319/269
f 477/320/270 439/316/266 424/282/240 422/314/264
f 459/321/271 457/313/263 439/316/266 477/320/270
f 292/322/272 290/308/260 313/116/104 311/115/103
f 458/319/269 456/310/262 290/311/260 292/323/272
f 458/319/269 421/317/267 476/318/268
f 312/324/273 314/119/107 291/309/261 293/325/274
f 293/326/274 291/312/261 457/313/263 459/321/271
f 477/320/270 422/314/264 459/321/271
f 294/327/275 292/322/272 311/115/103 309/328/276
f 310/329/277 312/324/273 293/325/274 295/330/278
f 296/331/279 294/327/275 309/328/276 307/332/280
f 308/333/281 310/329/277 295/330/278 297/334/282
f 298/335/283 296/331/279 307/332/280 305/336/284
f 306/337/285 308/333/281 297/334/282 299/338/286
f 303/339/287 302/340/288 62/341/289 300/342/290
f 300/342/290 298/335/283 305/336/284 303/339/287
f 301/343/291 62/341/289 302/340/288 304/344/292
f 304/344/292 306/337/285 299/338/286 301/343/291
f 300/345/290 62/346/289 63/347/293 466/348/294
f 467/349/295 63/350/293 62/351/289 301/352/291
f 298/353/283 300/345/290 466/348/294 464/354/296
f 465/355/297 467/349/295 301/352/291 299/356/286
f 296/357/279 298/353/283 464/354/296 462/358/298
f 463/359/299 465/355/297 299/356/286 297/360/282
f 460/361/300 458/319/269 292/323/272 294/362/275
f 294/362/275 296/357/279 462/358/298 460/361/300
f 295/363/278 293/326/274 459/321/271 461/364/301
f 461/364/301 463/359/299 297/360/282 295/363/278
f 405/246/211 407/251/216 421/317/267 419/365/302
f 422/314/264 408/244/209 406/243/208 420/366/303
f 474/367/304 421/317/267 458/319/269 460/361/300
f 461/364/301 459/321/271 422/314/264 475/368/305
f 472/369/306 474/367/304 460/361/300 462/358/298
f 463/359/299 461/364/301 475/368/305 473/370/307
f 470/371/308 472/369/306 462/358/298 464/354/296
f 465/355/297 463/359/299 473/370/307 471/372/309
f 466/348/294 63/347/293 64/373/310 468/374/311
f 468/374/311 470/371/308 464/354/296 466/348/294
f 469/375/312 64/376/310 63/350/293 467/349/295
f 467/349/295 465/355/297 471/372/309 469/375/312
f 468/374/311 64/373/310 65/377/313 478/378/314
f 479/379/315 65/380/313 64/376/310 469/375/312
f 419/365/302 417/299/254 403/247/212 405/246/211
f 406/243/208 404/242/207 418/298/253 420/366/303
f 445/381/316 418/298/253 2/301/255 1/382/256
f 470/371/308 468/374/311 478/378/314 480/383/317
f 481/384/318 479/379/315 469/375/312 471/372/309
f 472/369/306 470/371/308 480/383/317 482/385/319
f 483/386/320 481/384/318 471/372/309 473/370/307
f 474/367/304 472/369/306 482/385/319 484/387/321
f 484/387/321 419/365/302 421/317/267 474/367/304
f 485/388/322 483/386/320 473/370/307 475/368/305
f 475/368/305 422/314/264 420/366/303 485/388/322
f 444/303/257 417/299/254 419/365/302 494/389/323
f 495/390/324 420/366/303 418/298/253 445/381/316
f 448/391/325 450/392/326 77/393/327 78/394/328
f 78/395/328 77/396/327 451/397/329 449/398/330
f 79/399/331 1/302/256 444/303/257 446/400/332
f 446/400/332 448/391/325 78/394/328 79/399/331
f 447/401/333 445/381/316 1/382/256 79/402/331
f 79/402/331 78/395/328 449/398/330 447/401/333
f 446/400/332 444/303/257 494/389/323 496/403/334
f 497/404/335 495/390/324 445/381/316 447/401/333
f 492/405/336 494/389/323 419/365/302 484/387/321
f 485/388/322 420/366/303 495/390/324 493/406/337
f 490/407/338 492/405/336 484/387/321 482/385/319
f 483/386/320 485/388/322 493/406/337 491/408/339
f 488/409/340 490/407/338 482/385/319 480/383/317
f 481/384/318 483/386/320 491/408/339 489/410/341
f 478/378/314 65/377/313 66/411/342 486/412/343
f 488/409/340 480/383/317 478/378/314 486/412/343
f 487/413/344 66/414/342 65/380/313 479/379/315
f 487/413/344 479/379/315 481/384/318 489/410/341
f 512/415/345 486/412/343 66/411/342 67/416/346
f 67/417/346 66/414/342 487/413/344 513/418/347
f 516/419/348 69/420/349 70/421/350 518/422/351
f 520/423/352 504/424/353 71/425/354 72/426/355
f 454/427/356 504/424/353 520/423/352
f 73/428/357 72/429/355 521/430/358
f 521/430/358 72/429/355 71/431/354 505/432/359
f 521/430/358 505/432/359 455/433/360
f 524/434/361 75/435/362 74/436/363 525/437/364
f 526/438/365 524/434/361 455/433/360 453/439/366
f 76/440/367 75/435/362 524/434/361 526/438/365
f 522/441/368 454/427/356 520/423/352 523/442/369
f 523/442/369 74/443/363 75/444/362 522/441/368
f 527/445/370 522/441/368 75/444/362 76/446/367
f 76/446/367 77/393/327 450/392/326 452/447/371
f 453/439/366 451/397/329 77/396/327 76/440/367
f 76/446/367 452/447/371 527/445/370
f 526/438/365 453/439/366 76/440/367
f 452/447/371 454/427/356 522/441/368 527/445/370
f 520/423/352 72/426/355 73/448/357
f 525/437/364 74/436/363 73/428/357
f 73/448/357 74/443/363 523/442/369
f 523/442/369 520/423/352 73/448/357
f 73/428/357 521/430/358 525/437/364
f 521/430/358 455/433/360 524/434/361 525/437/364
f 453/439/366 455/433/360 505/432/359 503/449/372
f 513/418/347 487/413/344 489/410/341 511/450/373
f 451/397/329 453/439/366 503/449/372 501/451/374
f 511/450/373 489/410/341 491/408/339 509/452/375
f 493/406/337 495/390/324 497/404/335 507/453/376
f 509/452/375 491/408/339 493/406/337 507/453/376
f 449/398/330 451/397/329 501/451/374 499/454/377
f 499/454/377 497/404/335 447/401/333 449/398/330
f 534/455/378 507/453/376 497/404/335 499/454/377
f 534/455/378 499/454/377 535/456/379 536/457/380
f 505/432/359 71/431/354 70/458/350 519/459/381
f 519/459/381 70/458/350 69/460/349 517/461/382
f 515/462/383 68/463/384 67/417/346 513/418/347
f 517/461/382 69/460/349 68/463/384 515/462/383
f 530/464/385 511/450/373 509/452/375 533/465/386
f 515/462/383 513/418/347 511/450/373 530/464/385
f 533/465/386 509/452/375 507/453/376 534/455/378
f 517/461/382 515/462/383 530/464/385 529/466/387
f 529/466/387 530/464/385 533/465/386 532/467/388
f 532/467/388 533/465/386 534/455/378 536/457/380
f 531/468/389 501/451/374 503/449/372 528/469/390
f 528/469/390 503/449/372 505/432/359 519/459/381
f 519/459/381 517/461/382 529/466/387 528/469/390
f 528/469/390 529/466/387 532/467/388 531/468/389
f 535/456/379 499/454/377 501/451/374 531/468/389
f 531/468/389 532/467/388 536/457/380 535/456/379
f 510/470/391 488/409/340 486/412/343 512/415/345
f 502/471/392 504/424/353 454/427/356 452/447/371
f 508/472/393 490/407/338 488/409/340 510/470/391
f 506/473/394 496/403/334 494/389/323 492/405/336
f 506/473/394 492/405/336 490/407/338 508/472/393
f 448/391/325 446/400/332 496/403/334 498/474/395
f 498/474/395 496/403/334 506/473/394 542/475/396
f 542/475/396 506/473/394 508/472/393 541/476/397
f 542/475/396 541/476/397 540/477/398
f 450/392/326 448/391/325 498/474/395 500/478/399
f 500/478/399 498/474/395 542/475/396 540/477/398
f 500/478/399 502/471/392 452/447/371 450/392/326
f 518/422/351 70/421/350 71/425/354 504/424/353
f 518/422/351 504/424/353 502/471/392 539/479/400
f 539/479/400 502/471/392 500/478/399
f 516/419/348 518/422/351 539/479/400 538/480/401
f 538/480/401 539/479/400 500/478/399 540/477/398
f 512/415/345 67/416/346 68/481/384 514/482/402
f 514/482/402 68/481/384 69/420/349 516/419/348
f 537/483/403 510/470/391 512/415/345 514/482/402
f 514/482/402 516/419/348 538/480/401 537/483/403
f 541/476/397 508/472/393 510/470/391 537/483/403
f 537/483/403 538/480/401 540/477/398 541/476/397
f 309/328/276 311/115/103 206/113/101 204/484/404
f 204/484/404 206/113/101 233/114/102 235/485/405
f 204/484/404 235/485/405 567/486/406 565/487/407
f 565/487/407 567/486/406 549/488/408 551/489/409
f 307/332/280 309/328/276 204/484/404 202/490/410
f 202/490/410 204/484/404 565/487/407 563/491/411
f 563/491/411 565/487/407 551/489/409 553/492/412
f 554/493/413 552/494/414 566/495/415 564/496/416
f 553/492/412 551/489/409 549/488/408 547/497/417
f 548/498/418 550/499/419 552/494/414 554/493/413
f 555/500/420 553/492/412 547/497/417 545/501/421
f 546/502/422 548/498/418 554/493/413 556/503/423
f 305/336/284 307/332/280 202/490/410 200/504/424
f 200/504/424 202/490/410 563/491/411 561/505/425
f 561/505/425 563/491/411 553/492/412 555/500/420
f 199/506/426 201/507/427 308/333/281 306/337/285
f 562/508/428 564/496/416 201/507/427 199/506/426
f 556/503/423 554/493/413 564/496/416 562/508/428
f 198/509/429 61/510/430 302/340/288 303/339/287
f 303/339/287 305/336/284 200/504/424 198/509/429
f 304/344/292 302/340/288 61/510/430 197/511/431
f 197/511/431 199/506/426 306/337/285 304/344/292
f 557/512/432 59/513/433 60/514/434 559/515/435
f 559/515/435 60/514/434 61/510/430 198/509/429
f 198/509/429 200/504/424 561/505/425 559/515/435
f 560/516/436 60/514/434 59/513/433 558/517/437
f 197/511/431 61/510/430 60/514/434 560/516/436
f 560/516/436 562/508/428 199/506/426 197/511/431
f 557/512/432 555/500/420 545/501/421 543/518/438
f 559/515/435 561/505/425 555/500/420 557/512/432
f 544/519/439 546/502/422 556/503/423 558/517/437
f 558/517/437 556/503/423 562/508/428 560/516/436
f 100/520/440 57/521/441 58/522/442 543/518/438
f 543/518/438 58/522/442 59/513/433 557/512/432
f 544/519/439 58/522/442 57/521/441 101/523/443
f 558/517/437 59/513/433 58/522/442 544/519/439
f 570/524/444 101/525/443 57/526/441 56/527/445
f 31/528/446 32/529/447 617/530/448
f 618/531/449 32/532/447 31/533/446
f 30/534/450 31/528/446 619/535/451
f 620/536/452 31/533/446 30/537/450
f 250/39/35 19/42/38 102/538/453 103/539/454
f 104/540/455 102/541/453 19/43/38 251/46/40
f 20/542/456 102/541/453 104/540/455 642/543/457
f 641/544/458 103/539/454 102/538/453 20/545/456
f 248/47/41 250/39/35 103/539/454 105/546/459
f 106/547/460 104/540/455 251/46/40 249/50/44
f 105/546/459 103/539/454 641/544/458 643/548/461
f 644/549/462 642/543/457 104/540/455 106/547/460
f 641/544/458 20/545/456 21/550/463 639/551/464
f 640/552/465 21/553/463 20/542/456 642/543/457
f 639/551/464 21/550/463 22/554/466 637/555/467
f 638/556/468 22/557/466 21/553/463 640/552/465
f 637/555/467 22/554/466 23/558/469 635/559/470
f 636/560/471 23/561/469 22/557/466 638/556/468
f 635/559/470 23/558/469 24/562/472 633/563/473
f 634/564/474 24/565/472 23/561/469 636/560/471
f 633/563/473 24/562/472 25/566/475 631/567/476
f 632/568/477 25/569/475 24/565/472 634/564/474
f 631/567/476 25/566/475 26/570/478 629/571/479
f 630/572/480 26/573/478 25/569/475 632/568/477
f 629/571/479 26/570/478 27/574/481 627/575/482
f 628/576/483 27/577/481 26/573/478 630/572/480
f 627/575/482 27/574/481 28/578/484 625/579/485
f 626/580/486 28/581/484 27/577/481 628/576/483
f 625/579/485 28/578/484 29/582/487 623/583/488
f 29/582/487 30/534/450 619/535/451 623/583/488
f 624/584/489 29/585/487 28/581/484 626/580/486
f 624/584/489 620/536/452 30/537/450 29/585/487
f 647/586/490 643/548/461 641/544/458 639/551/464
f 640/552/465 642/543/457 644/549/462 648/587/491
f 649/588/492 647/586/490 639/551/464 637/555/467
f 638/556/468 640/552/465 648/587/491 650/589/493
f 651/590/494 649/588/492 637/555/467 635/559/470
f 636/560/471 638/556/468 650/589/493 652/591/495
f 653/592/496 651/590/494 635/559/470 633/563/473
f 634/564/474 636/560/471 652/591/495 654/593/497
f 655/594/498 653/592/496 633/563/473 631/567/476
f 632/568/477 634/564/474 654/593/497 656/595/499
f 657/596/500 655/594/498 631/567/476 629/571/479
f 630/572/480 632/568/477 656/595/499 658/597/501
f 659/598/502 657/596/500 629/571/479 627/575/482
f 628/576/483 630/572/480 658/597/501 660/599/503
f 661/600/504 659/598/502 627/575/482 625/579/485
f 626/580/486 628/576/483 660/599/503 662/601/505
f 663/602/506 661/600/504 625/579/485 623/583/488
f 624/584/489 626/580/486 662/601/505 664/603/507
f 621/604/508 31/528/446 617/530/448
f 619/535/451 31/528/446 621/604/508
f 663/602/506 623/583/488 619/535/451 621/604/508
f 618/531/449 31/533/446 622/605/509
f 622/605/509 31/533/446 620/536/452
f 622/605/509 620/536/452 624/584/489 664/603/507
f 613/606/510 615/607/511 33/608/512 34/609/513
f 615/607/511 617/530/448 32/529/447 33/608/512
f 683/610/514 621/604/508 617/530/448 615/607/511
f 681/611/515 663/602/506 621/604/508 683/610/514
f 34/612/513 33/613/512 616/614/516 614/615/517
f 33/613/512 32/532/447 618/531/449 616/614/516
f 616/614/516 618/531/449 622/605/509 684/616/518
f 684/616/518 622/605/509 664/603/507 682/617/519
f 685/618/520 681/611/515 683/610/514
f 684/616/518 682/617/519 686/619/521
f 679/620/522 661/600/504 663/602/506 681/611/515
f 682/617/519 664/603/507 662/601/505 680/621/523
f 677/622/524 659/598/502 661/600/504 679/620/522
f 680/621/523 662/601/505 660/599/503 678/623/525
f 675/624/526 657/596/500 659/598/502 677/622/524
f 678/623/525 660/599/503 658/597/501 676/625/527
f 685/618/520 683/610/514 615/607/511 613/606/510
f 614/615/517 616/614/516 684/616/518 686/619/521
f 679/620/522 681/611/515 685/618/520 687/626/528
f 688/627/529 686/619/521 682/617/519 680/621/523
f 687/626/528 685/618/520 613/606/510 695/628/530
f 696/629/531 614/615/517 686/619/521 688/627/529
f 611/630/532 613/606/510 34/609/513 35/631/533
f 35/632/533 34/612/513 614/615/517 612/633/534
f 677/622/524 679/620/522 687/626/528 689/634/535
f 690/635/536 688/627/529 680/621/523 678/623/525
f 689/634/535 687/626/528 695/628/530 697/636/537
f 698/637/538 696/629/531 688/627/529 690/635/536
f 675/624/526 677/622/524 689/634/535 691/638/539
f 692/639/540 690/635/536 678/623/525 676/625/527
f 697/636/537 695/628/530 613/606/510 611/630/532
f 612/633/534 614/615/517 696/629/531 698/637/538
f 609/640/541 611/630/532 35/631/533 36/641/542
f 36/642/542 35/632/533 612/633/534 610/643/543
f 607/644/544 609/640/541 36/641/542 37/645/545
f 37/646/545 36/642/542 610/643/543 608/647/546
f 605/648/547 607/644/544 37/645/545 38/649/548
f 38/650/548 37/646/545 608/647/546 606/651/549
f 603/652/550 605/648/547 38/649/548 39/653/551
f 39/654/551 38/650/548 606/651/549 604/655/552
f 601/656/553 603/652/550 39/653/551 40/657/554
f 40/658/554 39/654/551 604/655/552 602/659/555
f 599/660/556 601/656/553 40/657/554 41/661/557
f 41/662/557 40/658/554 602/659/555 600/663/558
f 597/664/559 599/660/556 41/661/557 42/665/560
f 42/666/560 41/662/557 600/663/558 598/667/561
f 595/668/562 597/664/559 42/665/560 43/669/563
f 43/670/563 42/666/560 598/667/561 596/671/564
f 593/672/565 595/668/562 43/669/563 44/673/566
f 44/674/566 43/670/563 596/671/564 594/675/567
f 591/676/568 593/672/565 44/673/566 45/677/569
f 45/678/569 44/674/566 594/675/567 592/679/570
f 713/680/571 599/660/556 597/664/559 715/681/572
f 716/682/573 598/667/561 600/663/558 714/683/574
f 711/684/575 601/656/553 599/660/556 713/680/571
f 714/683/574 600/663/558 602/659/555 712/685/576
f 709/686/577 603/652/550 601/656/553 711/684/575
f 712/685/576 602/659/555 604/655/552 710/687/578
f 707/688/579 605/648/547 603/652/550 709/686/577
f 710/687/578 604/655/552 606/651/549 708/689/580
f 705/690/581 607/644/544 605/648/547 707/688/579
f 708/689/580 606/651/549 608/647/546 706/691/582
f 703/692/583 609/640/541 607/644/544 705/690/581
f 703/692/583 697/636/537 611/630/532 609/640/541
f 706/691/582 608/647/546 610/643/543 704/693/584
f 610/643/543 612/633/534 698/637/538 704/693/584
f 691/638/539 689/634/535 697/636/537 699/694/585
f 700/695/586 698/637/538 690/635/536 692/639/540
f 699/694/585 697/636/537 703/692/583 731/696/587
f 732/697/588 704/693/584 698/637/538 700/695/586
f 731/696/587 703/692/583 705/690/581 729/698/589
f 730/699/590 706/691/582 704/693/584 732/697/588
f 729/698/589 705/690/581 707/688/579 727/700/591
f 728/701/592 708/689/580 706/691/582 730/699/590
f 727/700/591 707/688/579 709/686/577 725/702/593
f 726/703/594 710/687/578 708/689/580 728/701/592
f 717/704/595 715/681/572 597/664/559 595/668/562
f 596/671/564 598/667/561 716/682/573 718/705/596
f 711/684/575 713/680/571 715/681/572 723/706/597
f 725/702/593 709/686/577 711/684/575 723/706/597
f 724/707/598 716/682/573 714/683/574 712/685/576
f 724/707/598 712/685/576 710/687/578 726/703/594
f 723/706/597 715/681/572 717/704/595 741/708/599
f 742/709/600 718/705/596 716/682/573 724/707/598
f 719/710/601 717/704/595 595/668/562 593/672/565
f 594/675/567 596/671/564 718/705/596 720/711/602
f 739/712/603 737/713/604 727/700/591 725/702/593
f 739/712/603 725/702/593 723/706/597 741/708/599
f 726/703/594 728/701/592 738/714/605 740/715/606
f 742/709/600 724/707/598 726/703/594 740/715/606
f 743/716/607 741/708/599 717/704/595 719/710/601
f 720/711/602 718/705/596 742/709/600 744/717/608
f 739/712/603 741/708/599 743/716/607 747/718/609
f 748/719/610 744/717/608 742/709/600 740/715/606
f 721/720/611 719/710/601 593/672/565 591/676/568
f 592/679/570 594/675/567 720/711/602 722/721/612
f 589/722/613 591/676/568 45/677/569 46/723/614
f 46/724/614 45/678/569 592/679/570 590/725/615
f 749/726/616 743/716/607 719/710/601 721/720/611
f 722/721/612 720/711/602 744/717/608 750/727/617
f 747/718/609 743/716/607 749/726/616 753/728/618
f 754/729/619 750/727/617 744/717/608 748/719/610
f 745/730/620 737/713/604 739/712/603 747/718/609
f 745/730/620 747/718/609 753/728/618 751/731/621
f 748/719/610 740/715/606 738/714/605 746/732/622
f 752/733/623 754/729/619 748/719/610 746/732/622
f 763/734/624 745/730/620 751/731/621 761/735/625
f 762/736/626 752/733/623 746/732/622 764/737/627
f 735/738/628 737/713/604 745/730/620 763/734/624
f 735/738/628 729/698/589 727/700/591 737/713/604
f 764/737/627 746/732/622 738/714/605 736/739/629
f 738/714/605 728/701/592 730/699/590 736/739/629
f 733/740/630 731/696/587 729/698/589 735/738/628
f 736/739/629 730/699/590 732/697/588 734/741/631
f 701/742/632 699/694/585 731/696/587 733/740/630
f 734/741/631 732/697/588 700/695/586 702/743/633
f 693/744/634 691/638/539 699/694/585 701/742/632
f 702/743/633 700/695/586 692/639/540 694/745/635
f 673/746/636 675/624/526 691/638/539 693/744/634
f 673/746/636 655/594/498 657/596/500 675/624/526
f 694/745/635 692/639/540 676/625/527 674/747/637
f 676/625/527 658/597/501 656/595/499 674/747/637
f 671/748/638 653/592/496 655/594/498 673/746/636
f 674/747/637 656/595/499 654/593/497 672/749/639
f 669/750/640 651/590/494 653/592/496 671/748/638
f 672/749/639 654/593/497 652/591/495 670/751/641
f 735/738/628 763/734/624 761/735/625 765/752/642
f 766/753/643 762/736/626 764/737/627 736/739/629
f 733/740/630 735/738/628 765/752/642 767/754/644
f 768/755/645 766/753/643 736/739/629 734/741/631
f 701/742/632 733/740/630 767/754/644 769/756/646
f 770/757/647 768/755/645 734/741/631 702/743/633
f 693/744/634 701/742/632 769/756/646 771/758/648
f 772/759/649 770/757/647 702/743/633 694/745/635
f 673/746/636 693/744/634 771/758/648 773/760/650
f 775/761/651 671/748/638 673/746/636 773/760/650
f 774/762/652 772/759/649 694/745/635 674/747/637
f 774/762/652 674/747/637 672/749/639 776/763/653
f 669/750/640 671/748/638 775/761/651 777/764/654
f 778/765/655 776/763/653 672/749/639 670/751/641
f 755/766/656 721/720/611 591/676/568 589/722/613
f 590/725/615 592/679/570 722/721/612 756/767/657
f 587/768/658 589/722/613 46/723/614 47/769/659
f 47/770/659 46/724/614 590/725/615 588/771/660
f 757/772/661 749/726/616 721/720/611 755/766/656
f 756/767/657 722/721/612 750/727/617 758/773/662
f 761/735/625 751/731/621 753/728/618 759/774/663
f 759/774/663 753/728/618 749/726/616 757/772/661
f 760/775/664 754/729/619 752/733/623 762/736/626
f 758/773/662 750/727/617 754/729/619 760/775/664
f 765/752/642 761/735/625 759/774/663 781/776/665
f 782/777/666 760/775/664 762/736/626 766/753/643
f 801/778/667 759/774/663 757/772/661 799/779/668
f 800/780/669 758/773/662 760/775/664 802/781/670
f 799/779/668 757/772/661 755/766/656 797/782/671
f 797/782/671 755/766/656 589/722/613 587/768/658
f 798/783/672 756/767/657 758/773/662 800/780/669
f 588/771/660 590/725/615 756/767/657 798/783/672
f 585/784/673 587/768/658 47/769/659 48/785/674
f 48/786/674 47/770/659 588/771/660 586/787/675
f 767/754/644 765/752/642 781/776/665 783/788/676
f 784/789/677 782/777/666 766/753/643 768/755/645
f 781/776/665 759/774/663 801/778/667 803/790/678
f 804/791/679 802/781/670 760/775/664 782/777/666
f 769/756/646 767/754/644 783/788/676 785/792/680
f 786/793/681 784/789/677 768/755/645 770/757/647
f 787/794/682 771/758/648 769/756/646 785/792/680
f 786/793/681 770/757/647 772/759/649 788/795/683
f 789/796/684 775/761/651 773/760/650 791/797/685
f 773/760/650 771/758/648 787/794/682 791/797/685
f 792/798/686 774/762/652 776/763/653 790/799/687
f 792/798/686 788/795/683 772/759/649 774/762/652
f 777/764/654 775/761/651 789/796/684 793/800/688
f 794/801/689 790/799/687 776/763/653 778/765/655
f 809/802/690 783/788/676 781/776/665 803/790/678
f 804/791/679 782/777/666 784/789/677 810/803/691
f 805/804/692 803/790/678 801/778/667 799/779/668
f 800/780/669 802/781/670 804/791/679 806/805/693
f 807/806/694 797/782/671 587/768/658 585/784/673
f 807/806/694 805/804/692 799/779/668 797/782/671
f 586/787/675 588/771/660 798/783/672 808/807/695
f 798/783/672 800/780/669 806/805/693 808/807/695
f 583/808/696 585/784/673 48/785/674 49/809/697
f 49/810/697 48/786/674 586/787/675 584/811/698
f 785/792/680 783/788/676 809/802/690 811/812/699
f 812/813/700 810/803/691 784/789/677 786/793/681
f 817/814/701 809/802/690 803/790/678 805/804/692
f 806/805/693 804/791/679 810/803/691 818/815/702
f 819/816/703 807/806/694 585/784/673 583/808/696
f 819/816/703 817/814/701 805/804/692 807/806/694
f 584/811/698 586/787/675 808/807/695 820/817/704
f 808/807/695 806/805/693 818/815/702 820/817/704
f 787/794/682 785/792/680 811/812/699 813/818/705
f 814/819/706 812/813/700 786/793/681 788/795/683
f 823/820/707 811/812/699 809/802/690 817/814/701
f 818/815/702 810/803/691 812/813/700 824/821/708
f 825/822/709 823/820/707 817/814/701 819/816/703
f 820/817/704 818/815/702 824/821/708 826/823/710
f 791/797/685 787/794/682 813/818/705 815/824/711
f 793/800/688 789/796/684 791/797/685 815/824/711
f 816/825/712 814/819/706 788/795/683 792/798/686
f 816/825/712 792/798/686 790/799/687 794/801/689
f 829/826/713 813/818/705 811/812/699 823/820/707
f 824/821/708 812/813/700 814/819/706 830/827/714
f 831/828/715 829/826/713 823/820/707 825/822/709
f 826/823/710 824/821/708 830/827/714 832/829/716
f 795/830/717 793/800/688 815/824/711 835/831/718
f 835/831/718 815/824/711 813/818/705 829/826/713
f 836/832/719 816/825/712 794/801/689 796/833/720
f 830/827/714 814/819/706 816/825/712 836/832/719
f 837/834/721 835/831/718 829/826/713 831/828/715
f 832/829/716 830/827/714 836/832/719 838/835/722
f 795/830/717 835/831/718 837/834/721 841/836/723
f 842/837/724 838/835/722 836/832/719 796/833/720
f 779/838/725 777/764/654 793/800/688 795/830/717
f 796/833/720 794/801/689 778/765/655 780/839/726
f 779/838/725 795/830/717 841/836/723 843/840/727
f 844/841/728 842/837/724 796/833/720 780/839/726
f 667/842/729 649/588/492 651/590/494 669/750/640
f 667/842/729 669/750/640 777/764/654 779/838/725
f 670/751/641 652/591/495 650/589/493 668/843/730
f 780/839/726 778/765/655 670/751/641 668/843/730
f 667/842/729 779/838/725 843/840/727 845/844/731
f 846/845/732 844/841/728 780/839/726 668/843/730
f 665/846/733 647/586/490 649/588/492 667/842/729
f 668/843/730 650/589/493 648/587/491 666/847/734
f 665/846/733 667/842/729 845/844/731 847/848/735
f 848/849/736 846/845/732 668/843/730 666/847/734
f 645/850/737 643/548/461 647/586/490 665/846/733
f 666/847/734 648/587/491 644/549/462 646/851/738
f 645/850/737 665/846/733 847/848/735 849/852/739
f 850/853/740 848/849/736 666/847/734 646/851/738
f 839/854/741 837/834/721 831/828/715 833/855/742
f 834/856/743 832/829/716 838/835/722 840/857/744
f 833/855/742 831/828/715 825/822/709 827/858/745
f 828/859/746 826/823/710 832/829/716 834/856/743
f 827/858/745 825/822/709 819/816/703 821/860/747
f 822/861/748 820/817/704 826/823/710 828/859/746
f 851/862/749 839/854/741 833/855/742 827/858/745
f 828/859/746 834/856/743 840/857/744 852/863/750
f 581/864/751 583/808/696 49/809/697 50/865/752
f 821/860/747 819/816/703 583/808/696 581/864/751
f 50/866/752 49/810/697 584/811/698 582/867/753
f 582/867/753 584/811/698 820/817/704 822/861/748
f 851/862/749 827/858/745 821/860/747 853/868/754
f 854/869/755 822/861/748 828/859/746 852/863/750
f 853/868/754 821/860/747 581/864/751 855/870/756
f 856/871/757 582/867/753 822/861/748 854/869/755
f 579/872/758 581/864/751 50/865/752 51/873/759
f 857/874/760 855/870/756 581/864/751 579/872/758
f 51/875/759 50/866/752 582/867/753 580/876/761
f 580/876/761 582/867/753 856/871/757 858/877/762
f 577/878/763 579/872/758 51/873/759 52/879/764
f 52/880/764 51/875/759 580/876/761 578/881/765
f 575/882/766 577/878/763 52/879/764 53/883/767
f 53/884/767 52/880/764 578/881/765 576/885/768
f 859/886/769 857/874/760 579/872/758 577/878/763
f 578/881/765 580/876/761 858/877/762 860/887/770
f 859/886/769 577/878/763 575/882/766 861/888/771
f 862/889/772 576/885/768 578/881/765 860/887/770
f 248/47/41 105/546/459 107/890/773
f 107/890/773 246/70/60 244/48/42 248/47/41
f 108/891/774 106/547/460 249/50/44
f 249/50/44 245/49/43 247/71/61 108/891/774
f 240/69/59 246/70/60 107/890/773 109/892/775
f 110/893/776 108/891/774 247/71/61 241/72/62
f 264/80/70 240/69/59 109/892/775 111/894/777
f 112/895/778 110/893/776 241/72/62 265/84/74
f 262/79/69 264/80/70 111/894/777 113/896/779
f 114/897/780 112/895/778 265/84/74 263/83/73
f 80/898/781 82/899/782 223/94/82 221/88/78
f 220/89/79 222/95/83 83/900/783 81/901/784
f 256/66/57 262/79/69 113/896/779 115/902/785
f 116/903/786 114/897/780 263/83/73 257/67/58
f 115/902/785 113/896/779 881/904/787 883/905/788
f 884/906/789 882/907/790 114/897/780 116/903/786
f 12/908/791 80/898/781 221/88/78 219/87/77
f 219/90/77 220/89/79 81/901/784 12/909/791
f 13/910/792 14/65/56 256/66/57 115/902/785
f 116/903/786 257/67/58 14/68/56 13/911/792
f 883/905/788 80/912/781 12/913/791 885/914/793
f 885/915/793 12/916/791 81/917/784 884/906/789
f 13/910/792 115/902/785 883/905/788 885/914/793
f 885/915/793 884/906/789 116/903/786 13/911/792
f 881/904/787 82/918/782 80/912/781 883/905/788
f 884/906/789 81/917/784 83/919/783 882/907/790
f 225/98/86 223/94/82 82/899/782 84/920/794
f 85/921/795 83/900/783 222/95/83 224/99/87
f 227/102/90 225/98/86 84/920/794 86/922/796
f 87/923/797 85/921/795 224/99/87 226/103/91
f 229/106/94 227/102/90 86/922/796 88/924/798
f 89/925/799 87/923/797 226/103/91 228/107/95
f 881/904/787 113/896/779 111/894/777 879/926/800
f 880/927/801 112/895/778 114/897/780 882/907/790
f 84/928/794 82/918/782 881/904/787 886/929/802
f 887/930/803 882/907/790 83/919/783 85/931/795
f 86/932/796 84/928/794 886/929/802 888/933/804
f 889/934/805 887/930/803 85/931/795 87/935/797
f 877/936/806 109/892/775 107/890/773 875/937/807
f 879/926/800 111/894/777 109/892/775 877/936/806
f 876/938/808 108/891/774 110/893/776 878/939/809
f 878/939/809 110/893/776 112/895/778 880/927/801
f 886/929/802 881/904/787 879/926/800 892/940/810
f 893/941/811 880/927/801 882/907/790 887/930/803
f 892/940/810 879/926/800 877/936/806 898/942/812
f 899/943/813 878/939/809 880/927/801 893/941/811
f 898/942/812 877/936/806 875/937/807 873/944/814
f 894/945/815 892/940/810 898/942/812 873/944/814
f 888/933/804 886/929/802 892/940/810 894/945/815
f 874/946/816 876/938/808 878/939/809 899/943/813
f 874/946/816 899/943/813 893/941/811 895/947/817
f 895/947/817 893/941/811 887/930/803 889/934/805
f 231/110/98 229/106/94 88/924/798 90/948/818
f 91/949/819 89/925/799 228/107/95 230/111/99
f 233/114/102 231/110/98 90/948/818 92/950/820
f 93/951/821 91/949/819 230/111/99 232/952/822
f 235/485/405 233/114/102 92/950/820 94/953/823
f 549/488/408 567/486/406 235/485/405 94/953/823
f 547/497/417 549/488/408 94/953/823 96/954/824
f 97/955/825 95/956/826 550/499/419 548/498/418
f 98/957/827 100/520/440 543/518/438 545/501/421
f 545/501/421 547/497/417 96/954/824 98/957/827
f 546/502/422 544/519/439 101/523/443 99/958/828
f 99/958/828 97/955/825 548/498/418 546/502/422
f 56/959/445 57/960/441 100/961/440 569/962/829
f 55/963/830 56/959/445 569/962/829 571/964/831
f 572/965/832 570/524/444 56/527/445 55/966/830
f 569/962/829 100/961/440 98/967/827 908/968/833
f 909/969/834 99/970/828 101/525/443 570/524/444
f 908/968/833 98/967/827 96/971/824 906/972/835
f 907/973/836 97/974/825 99/970/828 909/969/834
f 906/972/835 96/971/824 94/975/823 904/976/837
f 905/977/838 95/978/826 97/974/825 907/973/836
f 904/976/837 94/975/823 92/979/820 902/980/839
f 903/981/840 93/982/821 95/978/826 905/977/838
f 902/980/839 92/979/820 90/983/818 900/984/841
f 901/985/842 91/986/819 93/982/821 903/981/840
f 900/984/841 90/983/818 88/987/798 890/988/843
f 88/987/798 86/932/796 888/933/804 890/988/843
f 890/988/843 888/933/804 894/945/815 896/989/844
f 891/990/845 89/991/799 91/986/819 901/985/842
f 891/990/845 889/934/805 87/935/797 89/991/799
f 897/992/846 895/947/817 889/934/805 891/990/845
f 896/989/844 894/945/815 873/944/814 871/993/847
f 920/994/848 918/995/849 900/984/841 890/988/843
f 872/996/850 874/946/816 895/947/817 897/992/846
f 891/990/845 901/985/842 919/997/851 921/998/852
f 920/994/848 890/988/843 896/989/844 871/993/847
f 872/996/850 897/992/846 891/990/845 921/998/852
f 922/999/853 920/994/848 871/993/847 869/1000/854
f 870/1001/855 872/996/850 921/998/852 923/1002/856
f 916/1003/857 918/995/849 920/994/848 922/999/853
f 916/1003/857 902/980/839 900/984/841 918/995/849
f 923/1002/856 921/998/852 919/997/851 917/1004/858
f 919/997/851 901/985/842 903/981/840 917/1004/858
f 914/1005/859 904/976/837 902/980/839 916/1003/857
f 917/1004/858 903/981/840 905/977/838 915/1006/860
f 912/1007/861 906/972/835 904/976/837 914/1005/859
f 915/1006/860 905/977/838 907/973/836 913/1008/862
f 910/1009/863 908/968/833 906/972/835 912/1007/861
f 910/1009/863 571/964/831 569/962/829 908/968/833
f 913/1008/862 907/973/836 909/969/834 911/1010/864
f 909/969/834 570/524/444 572/965/832 911/1010/864
f 54/1011/865 55/963/830 571/964/831 573/1012/866
f 573/1012/866 575/882/766 53/883/767 54/1011/865
f 574/1013/867 572/965/832 55/966/830 54/1014/865
f 54/1014/865 53/884/767 576/885/768 574/1013/867
f 573/1012/866 571/964/831 910/1009/863 930/1015/868
f 931/1016/869 911/1010/864 572/965/832 574/1013/867
f 861/888/771 575/882/766 573/1012/866 863/1017/870
f 864/1018/871 574/1013/867 576/885/768 862/889/772
f 916/1003/857 922/999/853 869/1000/854 924/1019/872
f 925/1020/873 870/1001/855 923/1002/856 917/1004/858
f 867/1021/874 865/1022/875 934/1023/876 936/1024/877
f 924/1019/872 869/1000/854 867/1021/874 936/1024/877
f 937/1025/878 935/1026/879 866/1027/880 868/1028/881
f 937/1025/878 868/1028/881 870/1001/855 925/1020/873
f 914/1005/859 916/1003/857 924/1019/872 926/1029/882
f 927/1030/883 925/1020/873 917/1004/858 915/1006/860
f 863/1017/870 573/1012/866 930/1015/868 932/1031/884
f 934/1023/876 865/1022/875 863/1017/870 932/1031/884
f 926/1029/882 924/1019/872 936/1024/877 938/1032/885
f 933/1033/886 931/1016/869 574/1013/867 864/1018/871
f 933/1033/886 864/1018/871 866/1027/880 935/1026/879
f 939/1034/887 937/1025/878 925/1020/873 927/1030/883
f 912/1007/861 914/1005/859 926/1029/882 928/1035/888
f 928/1035/888 926/1029/882 938/1032/885
f 930/1015/868 910/1009/863 912/1007/861 928/1035/888
f 938/1032/885 932/1031/884 930/1015/868 928/1035/888
f 938/1032/885 936/1024/877 934/1023/876 932/1031/884
f 929/1036/889 927/1030/883 915/1006/860 913/1008/862
f 939/1034/887 927/1030/883 929/1036/889
f 929/1036/889 913/1008/862 911/1010/864 931/1016/869
f 929/1036/889 931/1016/869 933/1033/886 939/1034/887
f 933/1033/886 935/1026/879 937/1025/878 939/1034/887
f 310/329/277 308/333/281 201/507/427 203/1037/890
f 203/1037/890 201/507/427 564/496/416 566/495/415
f 568/1038/891 566/495/415 552/494/414 550/499/419
f 940/1039/892 203/1037/890 566/495/415 568/1038/891
f 568/1038/891 550/499/419 95/956/826 234/1040/893
f 95/956/826 93/951/821 232/952/822 234/1040/893
f 312/324/273 310/329/277 203/1037/890 205/1041/894
f 205/1041/894 203/1037/890 940/1039/892 941/1042/895
f 205/1041/894 207/112/100 314/119/107 312/324/273
f 232/952/822 230/111/99 207/112/100 205/1041/894
f 941/1042/895 234/1040/893 232/952/822 205/1041/894
f 941/1042/895 940/1039/892 568/1038/891 234/1040/893
f 858/877/762 856/871/757 854/869/755 124/1043/896
f 123/1044/897 853/868/754 855/870/756 857/874/760
f 860/887/770 858/877/762 124/1043/896 122/1045/898
f 121/1046/899 123/1044/897 857/874/760 859/886/769
f 862/889/772 860/887/770 122/1045/898 120/1047/900
f 866/1027/880 864/1018/871 862/889/772 120/1047/900
f 119/1048/901 121/1046/899 859/886/769 861/888/771
f 119/1048/901 861/888/771 863/1017/870 865/1022/875
f 868/1028/881 866/1027/880 120/1047/900 148/1049/902
f 147/1050/903 119/1048/901 865/1022/875 867/1021/874
f 870/1001/855 868/1028/881 148/1049/902 146/1051/904
f 145/1052/905 147/1050/903 867/1021/874 869/1000/854
f 872/996/850 870/1001/855 146/1051/904 144/1053/906
f 143/1054/907 145/1052/905 869/1000/854 871/993/847
f 874/946/816 872/996/850 144/1053/906 142/1055/908
f 141/1056/909 143/1054/907 871/993/847 873/944/814
f 876/938/808 874/946/816 142/1055/908 140/1057/910
f 139/1058/911 141/1056/909 873/944/814 875/937/807
f 108/891/774 876/938/808 140/1057/910 138/1059/912
f 137/1060/913 139/1058/911 875/937/807 107/890/773
f 106/547/460 108/891/774 138/1059/912 136/1061/914
f 135/1062/915 137/1060/913 107/890/773 105/546/459
f 646/851/738 644/549/462 106/547/460 136/1061/914
f 850/853/740 646/851/738 136/1061/914
f 135/1062/915 105/546/459 643/548/461 645/850/737
f 135/1062/915 645/850/737 849/852/739
f 848/849/736 850/853/740 136/1061/914 134/1063/916
f 133/1064/917 135/1062/915 849/852/739 847/848/735
f 846/845/732 848/849/736 134/1063/916 132/1065/918
f 131/1066/919 133/1064/917 847/848/735 845/844/731
f 844/841/728 846/845/732 132/1065/918 130/1067/920
f 129/1068/921 131/1066/919 845/844/731 843/840/727
f 842/837/724 844/841/728 130/1067/920 128/1069/922
f 127/1070/923 129/1068/921 843/840/727 841/836/723
f 128/1069/922 840/857/744 838/835/722 842/837/724
f 841/836/723 837/834/721 839/854/741 127/1070/923
f 852/863/750 840/857/744 128/1069/922 126/1071/924
f 125/1072/925 127/1070/923 839/854/741 851/862/749
f 126/1071/924 124/1043/896 854/869/755 852/863/750
f 851/862/749 853/868/754 123/1044/897 125/1072/925
f 944/1073/926 122/1074/898 124/1075/896 942/1076/927
f 943/1077/928 123/1078/897 121/1079/899 945/1080/929
f 120/1081/900 122/1074/898 944/1073/926 946/1082/930
f 947/1083/931 945/1080/929 121/1079/899 119/1084/901
f 148/1085/902 120/1081/900 946/1082/930 948/1086/932
f 949/1087/933 947/1083/931 119/1084/901 147/1088/903
f 146/1089/904 148/1090/902 948/1091/932 950/1092/934
f 951/1093/935 949/1094/933 147/1095/903 145/1096/905
f 144/1097/906 146/1089/904 950/1092/934 952/1098/936
f 953/1099/937 951/1093/935 145/1096/905 143/1100/907
f 142/1101/908 144/1097/906 952/1098/936 954/1102/938
f 955/1103/939 953/1099/937 143/1100/907 141/1104/909
f 140/1105/910 142/1101/908 954/1102/938 956/1106/940
f 957/1107/941 955/1103/939 141/1104/909 139/1108/911
f 138/1109/912 140/1105/910 956/1106/940 958/1110/942
f 959/1111/943 957/1107/941 139/1108/911 137/1112/913
f 136/1113/914 138/1109/912 958/1110/942 960/1114/944
f 961/1115/945 959/1111/943 137/1112/913 135/1116/915
f 134/1117/916 136/1113/914 960/1114/944 962/1118/946
f 963/1119/947 961/1115/945 135/1116/915 133/1120/917
f 132/1121/918 134/1117/916 962/1118/946 964/1122/948
f 965/1123/949 963/1119/947 133/1120/917 131/1124/919
f 130/1125/920 132/1121/918 964/1122/948 966/1126/950
f 967/1127/951 965/1123/949 131/1124/919 129/1128/921
f 128/1129/922 130/1125/920 966/1126/950 968/1130/952
f 969/1131/953 967/1127/951 129/1128/921 127/1132/923
f 942/1076/927 124/1075/896 126/1133/924 970/1134/954
f 126/1133/924 128/1129/922 968/1130/952 970/1134/954
f 971/1135/955 125/1136/925 123/1078/897 943/1077/928
f 971/1135/955 969/1131/953 127/1132/923 125/1136/925
f 946/1082/930 944/1073/926 942/1076/927 972/1137/956
f 973/1138/957 943/1077/928 945/1080/929 947/1083/931
f 948/1086/932 946/1082/930 972/1137/956 974/1139/958
f 975/1140/959 973/1138/957 947/1083/931 949/1087/933
f 950/1092/934 948/1091/932 974/1141/958 976/1142/960
f 977/1143/961 975/1144/959 949/1094/933 951/1093/935
f 952/1098/936 950/1092/934 976/1142/960 978/1145/962
f 979/1146/963 977/1143/961 951/1093/935 953/1099/937
f 954/1102/938 952/1098/936 978/1145/962 980/1147/964
f 981/1148/965 979/1146/963 953/1099/937 955/1103/939
f 956/1106/940 954/1102/938 980/1147/964 982/1149/966
f 983/1150/967 981/1148/965 955/1103/939 957/1107/941
f 958/1110/942 956/1106/940 982/1149/966 984/1151/968
f 985/1152/969 983/1150/967 957/1107/941 959/1111/943
f 986/1153/970 960/1114/944 958/1110/942 984/1151/968
f 985/1152/969 959/1111/943 961/1115/945 987/1154/971
f 962/1118/946 960/1114/944 986/1153/970 988/1155/972
f 989/1156/973 987/1154/971 961/1115/945 963/1119/947
f 964/1122/948 962/1118/946 988/1155/972 990/1157/974
f 991/1158/975 989/1156/973 963/1119/947 965/1123/949
f 966/1126/950 964/1122/948 990/1157/974 992/1159/976
f 993/1160/977 991/1158/975 965/1123/949 967/1127/951
f 968/1130/952 966/1126/950 992/1159/976 994/1161/978
f 995/1162/979 993/1160/977 967/1127/951 969/1131/953
f 972/1137/956 942/1076/927 970/1134/954 996/1163/980
f 970/1134/954 968/1130/952 994/1161/978 996/1163/980
f 997/1164/981 971/1135/955 943/1077/928 973/1138/957
f 997/1164/981 995/1162/979 969/1131/953 971/1135/955
f 998/1165/982 974/1139/958 972/1137/956 996/1163/980
f 997/1164/981 973/1138/957 975/1140/959 999/1166/983
f 976/1142/960 974/1141/958 998/1167/982 1000/1168/984
f 1001/1169/985 999/1170/983 975/1144/959 977/1143/961
f 978/1145/962 976/1142/960 1000/1168/984 1002/1171/986
f 1003/1172/987 1001/1169/985 977/1143/961 979/1146/963
f 980/1147/964 978/1145/962 1002/1171/986 1004/1173/988
f 1005/1174/989 1003/1172/987 979/1146/963 981/1148/965
f 982/1149/966 980/1147/964 1004/1173/988 1006/1175/990
f 1007/1176/991 1005/1174/989 981/1148/965 983/1150/967
f 984/1151/968 982/1149/966 1006/1175/990 1008/1177/992
f 1009/1178/993 1007/1176/991 983/1150/967 985/1152/969
f 986/1153/970 984/1151/968 1008/1177/992 1010/1179/994
f 1011/1180/995 1009/1178/993 985/1152/969 987/1154/971
f 988/1155/972 986/1153/970 1010/1179/994 1012/1181/996
f 1013/1182/997 1011/1180/995 987/1154/971 989/1156/973
f 990/1157/974 988/1155/972 1012/1181/996 1014/1183/998
f 1015/1184/999 1013/1182/997 989/1156/973 991/1158/975
f 992/1159/976 990/1157/974 1014/1183/998 1016/1185/1000
f 1017/1186/1001 1015/1184/999 991/1158/975 993/1160/977
f 994/1161/978 992/1159/976 1016/1185/1000 1018/1187/1002
f 1019/1188/1003 1017/1186/1001 993/1160/977 995/1162/979
f 996/1163/980 994/1161/978 1018/1187/1002 1020/1189/1004
f 1021/1190/1005 1019/1188/1003 995/1162/979 997/1164/981
f 998/1165/982 996/1163/980 1020/1189/1004 1022/1191/1006
f 1023/1192/1007 1021/1190/1005 997/1164/981 999/1166/983
f 1000/1168/984 998/1167/982 1022/1193/1006 1024/1194/1008
f 1025/1195/1009 1023/1196/1007 999/1170/983 1001/1169/985
f 1002/1171/986 1000/1168/984 1024/1194/1008 1026/1197/1010
f 1027/1198/1011 1025/1195/1009 1001/1169/985 1003/1172/987
f 1004/1173/988 1002/1171/986 1026/1197/1010 1028/1199/1012
f 1029/1200/1013 1027/1198/1011 1003/1172/987 1005/1174/989
f 1006/1175/990 1004/1173/988 1028/1199/1012 1030/1201/1014
f 1031/1202/1015 1029/1200/1013 1005/1174/989 1007/1176/991
f 1008/1177/992 1006/1175/990 1030/1201/1014 1032/1203/1016
f 1033/1204/1017 1031/1202/1015 1007/1176/991 1009/1178/993
f 1010/1179/994 1008/1177/992 1032/1203/1016 1034/1205/1018
f 1035/1206/1019 1033/1204/1017 1009/1178/993 1011/1180/995
f 1012/1181/996 1010/1179/994 1034/1205/1018 1036/1207/1020
f 1037/1208/1021 1035/1206/1019 1011/1180/995 1013/1182/997
f 1014/1183/998 1012/1181/996 1036/1207/1020 1038/1209/1022
f 1039/1210/1023 1037/1208/1021 1013/1182/997 1015/1184/999
f 150/1211/1024 164/1212/1025 196/25/23 194/27/25
f 1040/1213/1026 1064/1214/1027 164/1212/1025 150/1211/1024
f 1016/1185/1000 1014/1183/998 1038/1209/1022 1040/1213/1026
f 1040/1213/1026 1038/1209/1022 1062/1215/1028 1064/1214/1027
f 193/17/15 195/19/17 163/1216/1029 149/1217/1030
f 149/1217/1030 163/1216/1029 1065/1218/1031 1041/1219/1032
f 1041/1219/1032 1039/1210/1023 1015/1184/999 1017/1186/1001
f 1065/1218/1031 1063/1220/1033 1039/1210/1023 1041/1219/1032
f 1042/1221/1034 1040/1213/1026 150/1211/1024 152/1222/1035
f 1018/1187/1002 1016/1185/1000 1040/1213/1026 1042/1221/1034
f 151/1223/1036 149/1217/1030 1041/1219/1032 1043/1224/1037
f 1043/1224/1037 1041/1219/1032 1017/1186/1001 1019/1188/1003
f 152/1222/1035 150/1211/1024 194/27/25 192/37/34
f 191/15/13 193/17/15 149/1217/1030 151/1223/1036
f 1020/1189/1004 1018/1187/1002 1042/1221/1034 1044/1225/1038
f 1045/1226/1039 1043/1224/1037 1019/1188/1003 1021/1190/1005
f 1044/1225/1038 1042/1221/1034 152/1222/1035 1066/1227/1040
f 1067/1228/1041 151/1223/1036 1043/1224/1037 1045/1226/1039
f 154/1229/1042 152/1222/1035 192/37/34 190/38/31
f 189/14/11 191/15/13 151/1223/1036 153/1230/1043
f 1022/1191/1006 1020/1189/1004 1044/1225/1038 1046/1231/1044
f 1047/1232/1045 1045/1226/1039 1021/1190/1005 1023/1192/1007
f 1068/1233/1046 1066/1227/1040 152/1222/1035 154/1229/1042
f 1046/1231/1044 1044/1225/1038 1066/1227/1040 1068/1233/1046
f 153/1230/1043 151/1223/1036 1067/1228/1041 1069/1234/1047
f 1069/1234/1047 1067/1228/1041 1045/1226/1039 1047/1232/1045
f 156/1235/1048 154/1236/1042 190/33/31 188/31/29
f 187/8/8 189/12/11 153/1237/1043 155/1238/1049
f 1070/1239/1050 1068/1240/1046 154/1236/1042 156/1235/1048
f 155/1238/1049 153/1237/1043 1069/1241/1047 1071/1242/1051
f 158/1243/1052 156/1235/1048 188/31/29 186/29/27
f 185/5/5 187/8/8 155/1238/1049 157/1244/1053
f 160/1245/1054 158/1243/1052 186/29/27 184/20/18
f 183/6/6 185/5/5 157/1244/1053 159/1246/1055
f 182/23/21 196/25/23 164/1212/1025 162/1247/1056
f 161/1248/1057 163/1216/1029 195/19/17 181/18/16
f 162/1247/1056 160/1245/1054 184/20/18 182/23/21
f 162/1247/1056 164/1212/1025 1064/1214/1027 1062/1215/1028
f 181/18/16 183/6/6 159/1246/1055 161/1248/1057
f 1063/1220/1033 1065/1218/1031 163/1216/1029 161/1248/1057
f 1062/1215/1028 1038/1209/1022 1036/1207/1020 1060/1249/1058
f 1061/1250/1059 1037/1208/1021 1039/1210/1023 1063/1220/1033
f 1060/1249/1058 1036/1207/1020 1034/1205/1018 1058/1251/1060
f 1059/1252/1061 1035/1206/1019 1037/1208/1021 1061/1250/1059
f 1058/1251/1060 1034/1205/1018 1032/1203/1016 1056/1253/1062
f 1057/1254/1063 1033/1204/1017 1035/1206/1019 1059/1252/1061
f 1056/1253/1062 1032/1203/1016 1030/1201/1014 1054/1255/1064
f 1055/1256/1065 1031/1202/1015 1033/1204/1017 1057/1254/1063
f 1054/1255/1064 1030/1201/1014 1028/1199/1012 1052/1257/1066
f 1053/1258/1067 1029/1200/1013 1031/1202/1015 1055/1256/1065
f 1052/1257/1066 1028/1199/1012 1026/1197/1010 1050/1259/1068
f 1051/1260/1069 1027/1198/1011 1029/1200/1013 1053/1258/1067
f 1048/1261/1070 1046/1262/1044 1068/1240/1046 1070/1239/1050
f 1024/1194/1008 1022/1193/1006 1046/1262/1044 1048/1261/1070
f 1050/1259/1068 1026/1197/1010 1024/1194/1008 1048/1261/1070
f 1071/1242/1051 1069/1241/1047 1047/1263/1045 1049/1264/1071
f 1049/1264/1071 1047/1263/1045 1023/1196/1007 1025/1195/1009
f 1049/1264/1071 1025/1195/1009 1027/1198/1011 1051/1260/1069
f 1072/1265/1072 1070/1239/1050 156/1235/1048 158/1243/1052
f 157/1244/1053 155/1238/1049 1071/1242/1051 1073/1266/1073
f 1088/1267/1074 1048/1261/1070 1070/1239/1050 1072/1265/1072
f 1073/1266/1073 1071/1242/1051 1049/1264/1071 1089/1268/1075
f 1082/1269/1076 1054/1255/1064 1052/1257/1066 1084/1270/1077
f 1085/1271/1078 1053/1258/1067 1055/1256/1065 1083/1272/1079
f 1086/1273/1080 1084/1270/1077 1052/1257/1066 1050/1259/1068
f 1086/1273/1080 1050/1259/1068 1048/1261/1070 1088/1267/1074
f 1051/1260/1069 1053/1258/1067 1085/1271/1078 1087/1274/1081
f 1089/1268/1075 1049/1264/1071 1051/1260/1069 1087/1274/1081
f 1086/1273/1080 1088/1267/1074 1072/1265/1072 1090/1275/1082
f 1090/1275/1082 1082/1269/1076 1084/1270/1077 1086/1273/1080
f 1091/1276/1083 1073/1266/1073 1089/1268/1075 1087/1274/1081
f 1087/1274/1081 1085/1271/1078 1083/1272/1079 1091/1276/1083
f 1080/1277/1084 1056/1253/1062 1054/1255/1064 1082/1269/1076
f 1083/1272/1079 1055/1256/1065 1057/1254/1063 1081/1278/1085
f 1074/1279/1086 1072/1265/1072 158/1243/1052 160/1245/1054
f 159/1246/1055 157/1244/1053 1073/1266/1073 1075/1280/1087
f 1092/1281/1088 1090/1275/1082 1072/1265/1072 1074/1279/1086
f 1080/1277/1084 1082/1269/1076 1090/1275/1082 1092/1281/1088
f 1075/1280/1087 1073/1266/1073 1091/1276/1083 1093/1282/1089
f 1093/1282/1089 1091/1276/1083 1083/1272/1079 1081/1278/1085
f 1078/1283/1090 1058/1251/1060 1056/1253/1062 1080/1277/1084
f 1081/1278/1085 1057/1254/1063 1059/1252/1061 1079/1284/1091
f 1076/1285/1092 1074/1279/1086 160/1245/1054 162/1247/1056
f 1094/1286/1093 1092/1281/1088 1074/1279/1086 1076/1285/1092
f 1076/1285/1092 162/1247/1056 1062/1215/1028 1060/1249/1058
f 1076/1285/1092 1060/1249/1058 1058/1251/1060 1078/1283/1090
f 1076/1285/1092 1078/1283/1090 1094/1286/1093
f 1078/1283/1090 1080/1277/1084 1092/1281/1088 1094/1286/1093
f 161/1248/1057 159/1246/1055 1075/1280/1087 1077/1287/1094
f 1077/1287/1094 1075/1280/1087 1093/1282/1089 1095/1288/1095
f 1061/1250/1059 1063/1220/1033 161/1248/1057 1077/1287/1094
f 1079/1284/1091 1059/1252/1061 1061/1250/1059 1077/1287/1094
f 1095/1288/1095 1079/1284/1091 1077/1287/1094
f 1095/1288/1095 1093/1282/1089 1081/1278/1085 1079/1284/1091
