# This file uses centimeters as units for non-parametric coordinates.

mtllib TentandChest.mtl
g default
v 0.799499 0.013261 -0.014012
v 0.795428 0.013261 -0.022001
v 0.795428 2.165120 -0.022001
v 0.799499 2.165120 -0.014012
v 0.789087 0.013261 -0.028342
v 0.789087 2.165120 -0.028342
v 0.781098 0.013261 -0.032413
v 0.781098 2.165120 -0.032413
v 0.772241 0.013261 -0.033815
v 0.772241 2.165120 -0.033815
v 0.763385 0.013261 -0.032413
v 0.763385 2.165120 -0.032413
v 0.755395 0.013261 -0.028342
v 0.755395 2.165120 -0.028342
v 0.749054 0.013261 -0.022001
v 0.749054 2.165120 -0.022001
v 0.744984 0.013261 -0.014012
v 0.744984 2.165120 -0.014012
v 0.743581 0.013261 -0.005155
v 0.743581 2.165120 -0.005155
v 0.744984 0.013261 0.003702
v 0.744984 2.165120 0.003702
v 0.749055 0.013261 0.011691
v 0.749055 2.165120 0.011691
v 0.755395 0.013261 0.018032
v 0.755395 2.165120 0.018032
v 0.763385 0.013261 0.022103
v 0.763385 2.165120 0.022103
v 0.772241 0.013261 0.023505
v 0.772241 2.165120 0.023505
v 0.781098 0.013261 0.022103
v 0.781098 2.165120 0.022103
v 0.789087 0.013261 0.018032
v 0.789087 2.165120 0.018032
v 0.795428 0.013261 0.011691
v 0.795428 2.165120 0.011691
v 0.799499 0.013261 0.003702
v 0.799499 2.165120 0.003702
v 0.800902 0.013261 -0.005155
v 0.800902 2.165120 -0.005155
v 0.772241 0.013261 -0.005155
v 0.772241 2.165120 -0.005155
vt 0.776677 0.003060
vt 0.776677 0.012694
vt 0.584099 0.012725
vt 0.584099 0.003094
vt 0.776677 0.022335
vt 0.584099 0.022369
vt 0.776677 0.031957
vt 0.584099 0.031988
vt 0.776677 0.041591
vt 0.584099 0.041623
vt 0.776680 0.051210
vt 0.584102 0.051276
vt 0.776680 0.060838
vt 0.584102 0.060882
vt 0.776680 0.070467
vt 0.584102 0.070517
vt 0.776680 0.080073
vt 0.584102 0.080167
vt 0.776683 0.089701
vt 0.584106 0.089773
vt 0.776683 0.099342
vt 0.584106 0.099389
vt 0.776683 0.108995
vt 0.584106 0.108995
vt 0.776686 0.118636
vt 0.584109 0.118611
vt 0.776686 0.128258
vt 0.584109 0.128233
vt 0.776689 0.137880
vt 0.584112 0.137858
vt 0.776689 0.147492
vt 0.584112 0.147499
vt 0.776692 0.157102
vt 0.584115 0.157133
vt 0.776692 0.166727
vt 0.584115 0.166762
vt 0.776695 0.176361
vt 0.584118 0.176396
vt 0.776695 0.185990
vt 0.584118 0.186024
vt 0.776695 0.195624
vt 0.584118 0.195656
vt 0.950938 0.186477
vt 0.964619 0.213327
vt 0.873047 0.243067
vt 0.929631 0.165167
vt 0.902765 0.151486
vt 0.873028 0.146788
vt 0.843288 0.151508
vt 0.816463 0.165186
vt 0.795156 0.186499
vt 0.781475 0.213346
vt 0.776758 0.243086
vt 0.781497 0.272870
vt 0.795175 0.299698
vt 0.816463 0.320986
vt 0.843288 0.334668
vt 0.873028 0.339384
vt 0.902765 0.334690
vt 0.929631 0.321008
vt 0.950938 0.299717
vt 0.964619 0.272870
vt 0.969354 0.243067
vt 0.007757 0.656786
vt 0.021439 0.629939
vt 0.099358 0.686542
vt 0.042748 0.608632
vt 0.069596 0.594951
vt 0.099336 0.590215
vt 0.129098 0.594932
vt 0.155948 0.608610
vt 0.177258 0.629920
vt 0.190939 0.656764
vt 0.195656 0.686564
vt 0.190939 0.716300
vt 0.177236 0.743147
vt 0.155926 0.764413
vt 0.129098 0.778092
vt 0.099336 0.782811
vt 0.069596 0.778092
vt 0.042748 0.764394
vt 0.021458 0.743125
vt 0.007776 0.716282
vt 0.003060 0.686564
vn 0.951033 -0.005993 -0.309031
vn 0.808987 -0.005993 -0.587796
vn 0.808987 0.005994 -0.587796
vn 0.951033 0.005993 -0.309031
vn 0.587801 -0.005994 -0.808983
vn 0.587801 0.005994 -0.808983
vn 0.308981 -0.005993 -0.951049
vn 0.308981 0.005993 -0.951049
vn -0.000000 -0.005994 -0.999982
vn -0.000000 0.005994 -0.999982
vn -0.308981 -0.005993 -0.951049
vn -0.308981 0.005993 -0.951049
vn -0.587772 -0.005993 -0.809004
vn -0.587772 0.005993 -0.809004
vn -0.809010 -0.005993 -0.587765
vn -0.809010 0.005993 -0.587765
vn -0.951049 -0.005993 -0.308982
vn -0.951049 0.005993 -0.308982
vn -0.999982 -0.005993 -0.000000
vn -0.999982 0.005993 -0.000000
vn -0.951032 -0.005993 0.309034
vn -0.951032 0.005993 0.309034
vn -0.809010 -0.005994 0.587765
vn -0.809010 0.005994 0.587765
vn -0.587799 -0.005993 0.808985
vn -0.587799 0.005993 0.808985
vn -0.308981 -0.005993 0.951049
vn -0.308981 0.005993 0.951049
vn -0.000000 -0.005994 0.999982
vn -0.000000 0.005994 0.999982
vn 0.308981 -0.005993 0.951049
vn 0.308981 0.005993 0.951049
vn 0.587801 -0.005994 0.808983
vn 0.587801 0.005994 0.808984
vn 0.808987 -0.005994 0.587795
vn 0.808987 0.005993 0.587796
vn 0.951033 -0.005993 0.309031
vn 0.951033 0.005993 0.309031
vn 0.999982 -0.005993 0.000000
vn 0.999982 0.005993 0.000000
vn 0.000000 -1.000000 0.000000
vn 0.000000 1.000000 0.000001
s 1
g TentandChest_pCylinder5
usemtl TentandChest_initialShadingGroup
f 1/1/1 2/2/2 3/3/3 4/4/4
f 2/2/2 5/5/5 6/6/6 3/3/3
f 5/5/5 7/7/7 8/8/8 6/6/6
f 7/7/7 9/9/9 10/10/10 8/8/8
f 9/9/9 11/11/11 12/12/12 10/10/10
f 11/11/11 13/13/13 14/14/14 12/12/12
f 13/13/13 15/15/15 16/16/16 14/14/14
f 15/15/15 17/17/17 18/18/18 16/16/16
f 17/17/17 19/19/19 20/20/20 18/18/18
f 19/19/19 21/21/21 22/22/22 20/20/20
f 21/21/21 23/23/23 24/24/24 22/22/22
f 23/23/23 25/25/25 26/26/26 24/24/24
f 25/25/25 27/27/27 28/28/28 26/26/26
f 27/27/27 29/29/29 30/30/30 28/28/28
f 29/29/29 31/31/31 32/32/32 30/30/30
f 31/31/31 33/33/33 34/34/34 32/32/32
f 33/33/33 35/35/35 36/36/36 34/34/34
f 35/35/35 37/37/37 38/38/38 36/36/36
f 37/37/37 39/39/39 40/40/40 38/38/38
f 39/39/39 1/41/1 4/42/4 40/40/40
f 2/43/2 1/44/1 41/45/41
f 5/46/5 2/43/2 41/45/41
f 7/47/7 5/46/5 41/45/41
f 9/48/9 7/47/7 41/45/41
f 11/49/11 9/48/9 41/45/41
f 13/50/13 11/49/11 41/45/41
f 15/51/15 13/50/13 41/45/41
f 17/52/17 15/51/15 41/45/41
f 19/53/19 17/52/17 41/45/41
f 21/54/21 19/53/19 41/45/41
f 23/55/23 21/54/21 41/45/41
f 25/56/25 23/55/23 41/45/41
f 27/57/27 25/56/25 41/45/41
f 29/58/29 27/57/27 41/45/41
f 31/59/31 29/58/29 41/45/41
f 33/60/33 31/59/31 41/45/41
f 35/61/35 33/60/33 41/45/41
f 37/62/37 35/61/35 41/45/41
f 39/63/39 37/62/37 41/45/41
f 1/44/1 39/63/39 41/45/41
f 4/64/4 3/65/3 42/66/42
f 3/65/3 6/67/6 42/66/42
f 6/67/6 8/68/8 42/66/42
f 8/68/8 10/69/10 42/66/42
f 10/69/10 12/70/12 42/66/42
f 12/70/12 14/71/14 42/66/42
f 14/71/14 16/72/16 42/66/42
f 16/72/16 18/73/18 42/66/42
f 18/73/18 20/74/20 42/66/42
f 20/74/20 22/75/22 42/66/42
f 22/75/22 24/76/24 42/66/42
f 24/76/24 26/77/26 42/66/42
f 26/77/26 28/78/28 42/66/42
f 28/78/28 30/79/30 42/66/42
f 30/79/30 32/80/32 42/66/42
f 32/80/32 34/81/34 42/66/42
f 34/81/34 36/82/36 42/66/42
f 36/82/36 38/83/38 42/66/42
f 38/83/38 40/84/40 42/66/42
f 40/84/40 4/64/4 42/66/42
g default
v 3.353611 2.201491 -0.014012
v 3.353611 2.197420 -0.022001
v 0.732494 2.197420 -0.022001
v 0.732494 2.201491 -0.014012
v 3.353611 2.191080 -0.028342
v 0.732494 2.191080 -0.028342
v 3.353611 2.183092 -0.032413
v 0.732494 2.183092 -0.032413
v 3.353611 2.174234 -0.033815
v 0.732494 2.174234 -0.033815
v 3.353611 2.165377 -0.032413
v 0.732494 2.165377 -0.032413
v 3.353611 2.157388 -0.028342
v 0.732494 2.157388 -0.028342
v 3.353611 2.151047 -0.022001
v 0.732494 2.151047 -0.022001
v 3.353611 2.146976 -0.014012
v 0.732494 2.146976 -0.014012
v 3.353611 2.145573 -0.005155
v 0.732494 2.145573 -0.005155
v 3.353611 2.146976 0.003702
v 0.732494 2.146976 0.003702
v 3.353611 2.151047 0.011691
v 0.732494 2.151047 0.011691
v 3.353611 2.157388 0.018032
v 0.732494 2.157388 0.018032
v 3.353611 2.165377 0.022103
v 0.732494 2.165377 0.022103
v 3.353611 2.174234 0.023505
v 0.732494 2.174234 0.023505
v 3.353611 2.183092 0.022103
v 0.732494 2.183092 0.022103
v 3.353611 2.191080 0.018032
v 0.732494 2.191080 0.018032
v 3.353611 2.197420 0.011691
v 0.732494 2.197420 0.011691
v 3.353611 2.201491 0.003702
v 0.732494 2.201491 0.003702
v 3.353611 2.202894 -0.005155
v 0.732494 2.202894 -0.005155
v 3.353611 2.174234 -0.005155
v 0.732494 2.174234 -0.005155
vt 0.207950 0.294642
vt 0.207950 0.285030
vt 0.400546 0.285030
vt 0.400546 0.294642
vt 0.207950 0.275405
vt 0.400546 0.275405
vt 0.207950 0.265786
vt 0.400546 0.265786
vt 0.207950 0.256161
vt 0.400546 0.256161
vt 0.207950 0.246520
vt 0.400546 0.246520
vt 0.207950 0.236882
vt 0.400546 0.236882
vt 0.207950 0.227241
vt 0.400546 0.227241
vt 0.207950 0.217597
vt 0.400546 0.217597
vt 0.207950 0.207950
vt 0.400546 0.207950
vt 0.207950 0.400546
vt 0.207950 0.390909
vt 0.400546 0.390909
vt 0.400546 0.400546
vt 0.207950 0.381262
vt 0.400546 0.381262
vt 0.207950 0.371605
vt 0.400546 0.371605
vt 0.207950 0.361968
vt 0.400546 0.361968
vt 0.207950 0.352333
vt 0.400546 0.352333
vt 0.207950 0.342702
vt 0.400546 0.342702
vt 0.207950 0.333077
vt 0.400546 0.333077
vt 0.207950 0.323461
vt 0.400546 0.323461
vt 0.207950 0.313848
vt 0.400546 0.313848
vt 0.207950 0.304242
vt 0.400546 0.304242
vt 0.559500 0.834801
vt 0.573201 0.861655
vt 0.481629 0.891398
vt 0.538213 0.813488
vt 0.511347 0.799807
vt 0.481610 0.795109
vt 0.451832 0.799829
vt 0.425004 0.813510
vt 0.403716 0.834823
vt 0.390038 0.861655
vt 0.385321 0.891420
vt 0.390060 0.921163
vt 0.403738 0.948013
vt 0.425045 0.969326
vt 0.451870 0.982989
vt 0.481610 0.987705
vt 0.511325 0.983007
vt 0.538172 0.969348
vt 0.559460 0.948054
vt 0.573179 0.921182
vt 0.577917 0.891420
vt 0.799829 0.659842
vt 0.813507 0.632998
vt 0.891398 0.689560
vt 0.834795 0.611688
vt 0.861620 0.598010
vt 0.891357 0.593272
vt 0.921116 0.597988
vt 0.947982 0.611670
vt 0.969292 0.632976
vt 0.982970 0.659823
vt 0.987708 0.689582
vt 0.982970 0.719360
vt 0.969270 0.746185
vt 0.947960 0.767473
vt 0.921116 0.781151
vt 0.891379 0.785868
vt 0.861642 0.781132
vt 0.834814 0.767451
vt 0.813526 0.746163
vt 0.799848 0.719338
vt 0.795109 0.689582
vn 0.004920 0.951047 -0.309007
vn 0.004921 0.809017 -0.587765
vn -0.004921 0.809017 -0.587765
vn -0.004920 0.951047 -0.309007
vn 0.004920 0.587837 -0.808964
vn -0.004920 0.587838 -0.808964
vn 0.004920 0.308984 -0.951055
vn -0.004920 0.308984 -0.951055
vn 0.004921 -0.000000 -0.999988
vn -0.004921 -0.000000 -0.999988
vn 0.004920 -0.308984 -0.951055
vn -0.004920 -0.308984 -0.951055
vn 0.004921 -0.587813 -0.808982
vn -0.004921 -0.587813 -0.808982
vn 0.004921 -0.808978 -0.587819
vn -0.004921 -0.808978 -0.587819
vn 0.004921 -0.951032 -0.309053
vn -0.004921 -0.951032 -0.309053
vn 0.004921 -0.999988 0.000000
vn -0.004921 -0.999988 0.000000
vn 0.004921 -0.951032 0.309053
vn -0.004921 -0.951032 0.309053
vn 0.004921 -0.808978 0.587819
vn -0.004921 -0.808978 0.587819
vn 0.004921 -0.587813 0.808982
vn -0.004921 -0.587813 0.808982
vn 0.004920 -0.308984 0.951055
vn -0.004920 -0.308984 0.951054
vn 0.004921 -0.000000 0.999988
vn -0.004921 -0.000000 0.999988
vn 0.004920 0.308984 0.951055
vn -0.004920 0.308984 0.951054
vn 0.004920 0.587838 0.808964
vn -0.004920 0.587838 0.808964
vn 0.004921 0.809017 0.587765
vn -0.004921 0.809017 0.587765
vn 0.004920 0.951047 0.309007
vn -0.004920 0.951047 0.309007
vn 0.004920 0.999988 0.000000
vn -0.004920 0.999988 0.000000
vn 1.000000 0.000000 0.000000
vn -1.000000 -0.000000 0.000000
s 1
g TentandChest_pCylinder3
usemtl TentandChest_initialShadingGroup
f 43/85/43 44/86/44 45/87/45 46/88/46
f 44/86/44 47/89/47 48/90/48 45/87/45
f 47/89/47 49/91/49 50/92/50 48/90/48
f 49/91/49 51/93/51 52/94/52 50/92/50
f 51/93/51 53/95/53 54/96/54 52/94/52
f 53/95/53 55/97/55 56/98/56 54/96/54
f 55/97/55 57/99/57 58/100/58 56/98/56
f 57/99/57 59/101/59 60/102/60 58/100/58
f 59/101/59 61/103/61 62/104/62 60/102/60
f 61/105/61 63/106/63 64/107/64 62/108/62
f 63/106/63 65/109/65 66/110/66 64/107/64
f 65/109/65 67/111/67 68/112/68 66/110/66
f 67/111/67 69/113/69 70/114/70 68/112/68
f 69/113/69 71/115/71 72/116/72 70/114/70
f 71/115/71 73/117/73 74/118/74 72/116/72
f 73/117/73 75/119/75 76/120/76 74/118/74
f 75/119/75 77/121/77 78/122/78 76/120/76
f 77/121/77 79/123/79 80/124/80 78/122/78
f 79/123/79 81/125/81 82/126/82 80/124/80
f 81/125/81 43/85/43 46/88/46 82/126/82
f 44/127/44 43/128/43 83/129/83
f 47/130/47 44/127/44 83/129/83
f 49/131/49 47/130/47 83/129/83
f 51/132/51 49/131/49 83/129/83
f 53/133/53 51/132/51 83/129/83
f 55/134/55 53/133/53 83/129/83
f 57/135/57 55/134/55 83/129/83
f 59/136/59 57/135/57 83/129/83
f 61/137/61 59/136/59 83/129/83
f 63/138/63 61/137/61 83/129/83
f 65/139/65 63/138/63 83/129/83
f 67/140/67 65/139/65 83/129/83
f 69/141/69 67/140/67 83/129/83
f 71/142/71 69/141/69 83/129/83
f 73/143/73 71/142/71 83/129/83
f 75/144/75 73/143/73 83/129/83
f 77/145/77 75/144/75 83/129/83
f 79/146/79 77/145/77 83/129/83
f 81/147/81 79/146/79 83/129/83
f 43/128/43 81/147/81 83/129/83
f 46/148/46 45/149/45 84/150/84
f 45/149/45 48/151/48 84/150/84
f 48/151/48 50/152/50 84/150/84
f 50/152/50 52/153/52 84/150/84
f 52/153/52 54/154/54 84/150/84
f 54/154/54 56/155/56 84/150/84
f 56/155/56 58/156/58 84/150/84
f 58/156/58 60/157/60 84/150/84
f 60/157/60 62/158/62 84/150/84
f 62/158/62 64/159/64 84/150/84
f 64/159/64 66/160/66 84/150/84
f 66/160/66 68/161/68 84/150/84
f 68/161/68 70/162/70 84/150/84
f 70/162/70 72/163/72 84/150/84
f 72/163/72 74/164/74 84/150/84
f 74/164/74 76/165/76 84/150/84
f 76/165/76 78/166/78 84/150/84
f 78/166/78 80/167/80 84/150/84
f 80/167/80 82/168/82 84/150/84
f 82/168/82 46/148/46 84/150/84
g default
v 3.562593 -0.001543 0.771273
v 3.938545 -0.001543 0.771273
v 3.938545 0.195825 0.771273
v 3.562593 0.195825 0.771273
v 3.569201 0.294556 0.277735
v 3.931937 0.294556 0.277735
v 3.931937 0.294556 0.181823
v 3.569201 0.294556 0.181823
v 3.562593 0.195825 -0.023979
v 3.938545 0.195825 -0.023979
v 3.938545 -0.001543 -0.023979
v 3.562593 -0.001543 -0.023979
v 3.562593 -0.001543 0.174834
v 3.938545 -0.001543 0.174834
v 3.938545 -0.001543 0.274240
v 3.562593 -0.001543 0.274240
v 3.938545 0.195825 0.274240
v 3.938545 0.195825 0.174834
v 3.562593 0.195825 0.174834
v 3.562593 0.195825 0.274240
v 3.961167 0.208529 0.819126
v 3.539971 0.208529 0.819126
v 3.961167 0.208529 0.262277
v 3.961167 0.208529 0.150908
v 3.539971 0.208529 -0.071832
v 3.961167 0.208529 -0.071832
v 3.539971 0.208529 0.150908
v 3.539971 0.208529 0.262277
v 3.539971 0.234899 0.819126
v 3.961167 0.234899 0.819126
v 3.961167 0.248083 0.819126
v 3.539971 0.248083 0.819126
v 3.961167 0.248083 0.150908
v 3.961167 0.248083 0.262277
v 3.961167 0.234899 0.262277
v 3.961167 0.234899 0.150908
v 3.961167 0.234899 -0.071832
v 3.539971 0.234899 -0.071832
v 3.539971 0.248083 -0.071832
v 3.961167 0.248083 -0.071832
v 3.539971 0.248083 0.262277
v 3.539971 0.248083 0.150908
v 3.539971 0.234899 0.150908
v 3.539971 0.234899 0.262277
v 3.539971 0.261268 0.819126
v 3.961167 0.261268 0.819126
v 3.931937 0.294556 0.757295
v 3.569201 0.294556 0.757295
v 3.961167 0.261268 0.262277
v 3.961167 0.261268 0.150908
v 3.961167 0.261268 -0.071832
v 3.539971 0.261268 -0.071832
v 3.569201 0.294556 -0.010001
v 3.931937 0.294556 -0.010001
v 3.539971 0.261268 0.150908
v 3.539971 0.261268 0.262277
v 3.539971 0.208529 0.485017
v 3.562593 0.195825 0.473054
v 3.562593 0.195825 0.572460
v 3.539971 0.208529 0.596386
v 3.539971 0.248083 0.596386
v 3.539971 0.248083 0.485017
v 3.539971 0.234899 0.485017
v 3.539971 0.234899 0.596386
v 3.569201 0.294556 0.469559
v 3.539971 0.261268 0.485017
v 3.539971 0.261268 0.596386
v 3.569201 0.294556 0.565471
v 3.931937 0.294556 0.565471
v 3.931937 0.294556 0.469559
v 3.961167 0.261268 0.596386
v 3.961167 0.261268 0.485017
v 3.961167 0.248083 0.485017
v 3.961167 0.248083 0.596386
v 3.961167 0.234899 0.596386
v 3.961167 0.234899 0.485017
v 3.961167 0.208529 0.596386
v 3.938545 0.195825 0.572460
v 3.938545 0.195825 0.473054
v 3.961167 0.208529 0.485017
v 3.938545 -0.001543 0.572460
v 3.938545 -0.001543 0.473054
v 3.562593 -0.001543 0.473054
v 3.562593 -0.001543 0.572460
v 3.539971 0.221714 0.819126
v 3.961167 0.221714 0.819126
v 3.961167 0.221714 0.596386
v 3.961167 0.221714 0.485017
v 3.961167 0.221714 0.262277
v 3.961167 0.221714 0.150908
v 3.961167 0.221714 -0.071832
v 3.539971 0.221714 -0.071832
v 3.539971 0.221714 0.150908
v 3.539971 0.221714 0.262277
v 3.539971 0.221714 0.485017
v 3.539971 0.221714 0.596386
v 3.938545 -0.001543 0.423350
v 3.938545 0.195825 0.423350
v 3.961167 0.208529 0.429332
v 3.961167 0.221714 0.429332
v 3.961167 0.234899 0.429332
v 3.961167 0.248083 0.429332
v 3.961167 0.261268 0.429332
v 3.931937 0.294556 0.421603
v 3.569201 0.294556 0.421603
v 3.539971 0.261268 0.429332
v 3.539971 0.248083 0.429332
v 3.539971 0.234899 0.429332
v 3.539971 0.221714 0.429332
v 3.539971 0.208529 0.429332
v 3.562593 0.195825 0.423350
v 3.562593 -0.001543 0.423350
v 3.562593 0.195825 0.323944
v 3.539971 0.208529 0.317962
v 3.539971 0.221714 0.317962
v 3.539971 0.234899 0.317962
v 3.539971 0.248083 0.317962
v 3.539971 0.261268 0.317962
v 3.569201 0.294556 0.325691
v 3.931937 0.294556 0.325691
v 3.961167 0.261268 0.317962
v 3.961167 0.248083 0.317962
v 3.961167 0.234899 0.317962
v 3.961167 0.221714 0.317962
v 3.961167 0.208529 0.317962
v 3.938545 0.195825 0.323944
v 3.938545 -0.001543 0.323944
v 3.562593 -0.001543 0.323944
v 3.938545 -0.001543 0.373647
v 3.938545 0.195825 0.373647
v 3.961167 0.208529 0.373647
v 3.961167 0.221714 0.373647
v 3.971413 0.234899 0.429332
v 3.971413 0.221714 0.429332
v 3.971413 0.221714 0.373647
v 3.971413 0.234899 0.373647
v 3.971413 0.248083 0.373647
v 3.971413 0.248083 0.429332
v 3.961167 0.248083 0.373647
v 3.961167 0.261268 0.373647
v 3.931937 0.294556 0.373647
v 3.569201 0.294556 0.373647
v 3.539971 0.261268 0.373647
v 3.539971 0.248083 0.373647
v 3.539971 0.234899 0.373647
v 3.539971 0.221714 0.373647
v 3.539971 0.208529 0.373647
v 3.562593 0.195825 0.373647
v 3.562593 -0.001543 0.373647
v 3.971413 0.234899 0.317962
v 3.971413 0.248083 0.317962
v 3.971413 0.221714 0.317962
vt 0.281734 0.573496
vt 0.375671 0.573499
vt 0.375671 0.605440
vt 0.281731 0.605440
vt 0.591316 0.465032
vt 0.478255 0.464859
vt 0.478349 0.448260
vt 0.591375 0.448461
vt 0.281763 0.412844
vt 0.375699 0.412847
vt 0.375699 0.444792
vt 0.281760 0.444785
vt 0.281753 0.476962
vt 0.375690 0.476966
vt 0.375690 0.493056
vt 0.281750 0.493052
vt 0.425004 0.493059
vt 0.425007 0.476969
vt 0.232439 0.476962
vt 0.232436 0.493049
vt 0.593775 0.577719
vt 0.476635 0.577917
vt 0.469542 0.569377
vt 0.600774 0.569154
vt 0.447282 0.462070
vt 0.439044 0.464023
vt 0.439811 0.446864
vt 0.448012 0.442789
vt 0.476711 0.385321
vt 0.593850 0.385513
vt 0.600853 0.394082
vt 0.469617 0.393861
vt 0.621628 0.443144
vt 0.629693 0.447285
vt 0.629649 0.464448
vt 0.621571 0.462379
vt 0.600752 0.564588
vt 0.469519 0.564824
vt 0.469513 0.562550
vt 0.600746 0.562308
vt 0.460426 0.442826
vt 0.460127 0.462042
vt 0.455800 0.461967
vt 0.456285 0.442792
vt 0.469582 0.398415
vt 0.600818 0.398638
vt 0.600799 0.400921
vt 0.469564 0.400691
vt 0.609239 0.462372
vt 0.609308 0.443138
vt 0.613415 0.443138
vt 0.613352 0.462375
vt 0.600740 0.560026
vt 0.469507 0.560274
vt 0.478550 0.548127
vt 0.591561 0.547910
vt 0.464372 0.462136
vt 0.464564 0.442867
vt 0.469545 0.402965
vt 0.600777 0.403204
vt 0.591586 0.415322
vt 0.478575 0.415111
vt 0.605201 0.443138
vt 0.605132 0.462372
vt 0.621562 0.500844
vt 0.629643 0.498775
vt 0.629678 0.515938
vt 0.621615 0.520082
vt 0.609292 0.520088
vt 0.609236 0.500851
vt 0.613346 0.500851
vt 0.613399 0.520085
vt 0.591309 0.498194
vt 0.605123 0.500857
vt 0.605186 0.520094
vt 0.591363 0.514771
vt 0.478333 0.514982
vt 0.478245 0.498382
vt 0.464548 0.520374
vt 0.464366 0.501108
vt 0.460121 0.501203
vt 0.460410 0.520422
vt 0.456269 0.520453
vt 0.455794 0.501278
vt 0.447999 0.520456
vt 0.439798 0.516381
vt 0.439037 0.499219
vt 0.447276 0.501178
vt 0.424991 0.541322
vt 0.375674 0.541322
vt 0.375677 0.525232
vt 0.424994 0.525236
vt 0.281741 0.525232
vt 0.281737 0.541319
vt 0.232427 0.525229
vt 0.232423 0.541316
vt 0.600762 0.566871
vt 0.469529 0.567100
vt 0.452125 0.520456
vt 0.451480 0.501231
vt 0.451486 0.462014
vt 0.452140 0.442789
vt 0.469601 0.396138
vt 0.600834 0.396358
vt 0.617521 0.443138
vt 0.617465 0.462375
vt 0.617455 0.500847
vt 0.617509 0.520085
vt 0.629895 0.550278
vt 0.621864 0.558557
vt 0.613647 0.558563
vt 0.617757 0.558560
vt 0.609535 0.558567
vt 0.605428 0.558570
vt 0.464841 0.558856
vt 0.456640 0.558919
vt 0.460743 0.558890
vt 0.452533 0.558931
vt 0.440251 0.550709
vt 0.448436 0.558944
vt 0.424991 0.573496
vt 0.232417 0.573493
vt 0.425013 0.444792
vt 0.440298 0.412533
vt 0.448486 0.404301
vt 0.456684 0.404329
vt 0.452587 0.404314
vt 0.460784 0.404354
vt 0.464878 0.404386
vt 0.605447 0.404663
vt 0.613660 0.404659
vt 0.609550 0.404659
vt 0.617767 0.404663
vt 0.629904 0.412945
vt 0.621873 0.404666
vt 0.232442 0.444785
vt 0.375680 0.517189
vt 0.424998 0.517189
vt 0.438220 0.490549
vt 0.446430 0.491439
vt 0.450662 0.491584
vt 0.455448 0.492071
vt 0.460221 0.491578
vt 0.464441 0.491402
vt 0.478299 0.490034
vt 0.591325 0.489905
vt 0.605126 0.491235
vt 0.609233 0.491232
vt 0.613342 0.491232
vt 0.617449 0.491229
vt 0.621556 0.491229
vt 0.629637 0.490194
vt 0.232427 0.517186
vt 0.281744 0.517186
vt 0.629646 0.473032
vt 0.621562 0.471994
vt 0.617455 0.471994
vt 0.613346 0.471991
vt 0.609236 0.471991
vt 0.605129 0.471991
vt 0.591328 0.473321
vt 0.478302 0.473211
vt 0.464444 0.471840
vt 0.460225 0.471667
vt 0.455451 0.471173
vt 0.450662 0.471661
vt 0.446433 0.471806
vt 0.438220 0.472695
vt 0.425001 0.501102
vt 0.375687 0.501099
vt 0.281750 0.501096
vt 0.232433 0.501096
vt 0.375684 0.509142
vt 0.424998 0.509146
vt 0.437308 0.481622
vt 0.445216 0.481622
vt 0.448845 0.481622
vt 0.455439 0.490763
vt 0.452043 0.490754
vt 0.451477 0.481622
vt 0.455087 0.481622
vt 0.458696 0.481622
vt 0.458835 0.490751
vt 0.461335 0.481622
vt 0.464913 0.481622
vt 0.478412 0.481622
vt 0.591344 0.481613
vt 0.605136 0.481613
vt 0.609239 0.481613
vt 0.613346 0.481613
vt 0.617452 0.481613
vt 0.621556 0.481613
vt 0.629643 0.481613
vt 0.232430 0.509139
vt 0.281747 0.509142
vt 0.455442 0.472485
vt 0.458838 0.472494
vt 0.452046 0.472491
vn -0.349126 -0.665025 0.660191
vn 0.349126 -0.665025 0.660191
vn 0.449761 -0.332122 0.829102
vn -0.449761 -0.332121 0.829102
vn -0.084901 0.996389 0.000000
vn 0.084901 0.996389 0.000000
vn 0.080001 0.996795 0.000000
vn -0.080001 0.996795 0.000000
vn -0.449761 -0.332120 -0.829103
vn 0.449761 -0.332122 -0.829102
vn 0.349126 -0.665025 -0.660191
vn -0.349126 -0.665025 -0.660191
vn -0.464821 -0.885405 0.000000
vn 0.464821 -0.885405 0.000000
vn 0.464821 -0.885405 0.000000
vn -0.464821 -0.885405 0.000000
vn 0.994643 -0.103374 0.000000
vn 0.995353 -0.096298 0.000000
vn -0.995353 -0.096296 0.000000
vn -0.994643 -0.103374 0.000000
vn 0.206400 -0.838809 0.503783
vn -0.206400 -0.838809 0.503784
vn 0.747638 -0.664106 0.000000
vn 0.737928 -0.674879 0.000000
vn -0.206400 -0.838809 -0.503785
vn 0.206401 -0.838809 -0.503784
vn -0.737936 -0.674870 0.000000
vn -0.747641 -0.664103 0.000000
vn -0.467484 0.000000 0.884001
vn 0.467484 0.000000 0.884001
vn 0.467484 0.000000 0.884001
vn -0.467484 0.000000 0.884001
vn 1.000000 0.000000 0.000000
vn 1.000000 0.000000 0.000000
vn 1.000000 0.000000 0.000000
vn 1.000000 0.000000 0.000000
vn 0.467484 0.000000 -0.884001
vn -0.467484 0.000000 -0.884001
vn -0.467484 0.000000 -0.884001
vn 0.467484 0.000000 -0.884001
vn -1.000000 0.000000 0.000000
vn -1.000000 0.000000 0.000000
vn -1.000000 0.000000 0.000000
vn -1.000000 0.000000 0.000000
vn -0.215893 0.782705 0.583749
vn 0.215892 0.782705 0.583749
vn 0.099379 0.984197 0.146559
vn -0.099379 0.984197 0.146559
vn 0.846698 0.532074 0.000000
vn 0.843137 0.537698 0.000000
vn 0.215892 0.782705 -0.583749
vn -0.215892 0.782705 -0.583749
vn -0.099379 0.984197 -0.146559
vn 0.099379 0.984197 -0.146559
vn -0.843136 0.537700 0.000000
vn -0.846697 0.532076 0.000000
vn -0.747642 -0.664102 0.000000
vn -0.994643 -0.103373 0.000000
vn -0.995353 -0.096296 0.000000
vn -0.737935 -0.674872 0.000000
vn -1.000000 0.000000 0.000000
vn -1.000000 0.000000 0.000000
vn -1.000000 0.000000 0.000000
vn -1.000000 0.000000 0.000000
vn -0.084901 0.996389 0.000000
vn -0.846695 0.532078 0.000000
vn -0.843136 0.537700 0.000000
vn -0.080001 0.996795 0.000000
vn 0.080001 0.996795 0.000000
vn 0.084901 0.996389 0.000000
vn 0.843137 0.537699 0.000000
vn 0.846697 0.532076 0.000000
vn 1.000000 0.000000 0.000000
vn 1.000000 0.000000 0.000000
vn 1.000000 0.000000 0.000000
vn 1.000000 0.000000 0.000000
vn 0.737929 -0.674879 0.000000
vn 0.995353 -0.096298 0.000000
vn 0.994642 -0.103376 0.000000
vn 0.747634 -0.664111 0.000000
vn 0.464821 -0.885405 0.000000
vn 0.464821 -0.885405 0.000000
vn -0.464821 -0.885405 0.000000
vn -0.464821 -0.885405 0.000000
vn -0.467485 0.000000 0.884001
vn 0.467485 0.000000 0.884001
vn 1.000000 0.000000 0.000000
vn 1.000000 0.000000 0.000000
vn 1.000000 0.000000 0.000000
vn 1.000000 0.000000 0.000000
vn 0.467485 0.000000 -0.884001
vn -0.467485 0.000000 -0.884001
vn -1.000000 0.000000 0.000000
vn -1.000000 0.000000 0.000000
vn -1.000000 0.000000 0.000000
vn -1.000000 0.000000 0.000000
vn 0.464821 -0.885405 0.000000
vn 0.993592 -0.113023 0.000000
vn 0.762220 -0.647318 0.000000
vn 0.966350 -0.250309 0.059268
vn 0.983491 0.000000 0.180958
vn 0.966348 0.250317 0.059265
vn 0.851449 0.524437 0.000000
vn 0.090844 0.995865 0.000000
vn -0.090844 0.995865 0.000000
vn -0.851448 0.524439 0.000000
vn -1.000000 0.000000 0.000000
vn -1.000000 0.000000 0.000000
vn -1.000000 0.000000 0.000000
vn -0.762225 -0.647312 0.000000
vn -0.993593 -0.113021 0.000000
vn -0.464821 -0.885405 0.000000
vn -0.993593 -0.113021 0.000000
vn -0.762224 -0.647313 0.000000
vn -1.000000 0.000000 0.000000
vn -1.000000 0.000000 0.000000
vn -1.000000 0.000000 0.000000
vn -0.851447 0.524441 0.000000
vn -0.090844 0.995865 0.000000
vn 0.090844 0.995865 0.000000
vn 0.851450 0.524437 0.000000
vn 0.966348 0.250317 -0.059265
vn 0.983491 0.000000 -0.180958
vn 0.966350 -0.250310 -0.059268
vn 0.762221 -0.647317 0.000000
vn 0.993592 -0.113023 0.000000
vn 0.464821 -0.885405 0.000000
vn -0.464821 -0.885405 0.000000
vn 0.464821 -0.885405 0.000000
vn 0.993592 -0.113024 0.000000
vn 0.762220 -0.647318 0.000000
vn 0.789620 -0.613596 0.000000
vn 0.983491 0.000000 0.180958
vn 0.781415 -0.607222 0.143777
vn 0.789620 -0.613596 0.000000
vn 1.000000 0.000000 0.000000
vn 0.789598 0.613625 0.000000
vn 0.781393 0.607251 0.143773
vn 0.789618 0.613599 0.000000
vn 0.851449 0.524437 0.000000
vn 0.090844 0.995865 0.000000
vn -0.090844 0.995865 0.000000
vn -0.851448 0.524439 0.000000
vn -1.000000 0.000000 0.000000
vn -1.000000 0.000000 0.000000
vn -1.000000 0.000000 0.000000
vn -0.762224 -0.647313 0.000000
vn -0.993593 -0.113022 0.000000
vn -0.464821 -0.885405 0.000000
vn 0.983491 0.000000 -0.180958
vn 0.781395 0.607249 -0.143773
vn 0.781416 -0.607220 -0.143777
s 1
g pCube5
usemtl TentandChest_initialShadingGroup2
f 85/169/85 86/170/86 87/171/87 88/172/88
f 89/173/89 90/174/90 91/175/91 92/176/92
f 93/177/93 94/178/94 95/179/95 96/180/96
f 97/181/97 98/182/98 99/183/99 100/184/100
f 101/185/101 99/183/99 98/182/98 102/186/102
f 103/187/103 97/181/97 100/184/100 104/188/104
f 88/189/88 87/190/87 105/191/105 106/192/106
f 107/193/107 101/194/101 102/195/102 108/196/108
f 94/197/94 93/198/93 109/199/109 110/200/110
f 111/201/111 103/202/103 104/203/104 112/204/112
f 113/205/113 114/206/114 115/207/115 116/208/116
f 117/209/117 118/210/118 119/211/119 120/212/120
f 121/213/121 122/214/122 123/215/123 124/216/124
f 125/217/125 126/218/126 127/219/127 128/220/128
f 129/221/129 130/222/130 131/223/131 132/224/132
f 90/174/90 133/225/133 134/226/134 91/175/91
f 135/227/135 136/228/136 137/229/137 138/230/138
f 92/176/92 139/231/139 140/232/140 89/173/89
f 141/233/141 142/234/142 143/235/143 144/236/144
f 145/237/145 146/238/146 147/239/147 148/240/148
f 149/241/149 150/242/150 151/243/151 152/244/152
f 152/244/152 153/245/153 154/246/154 149/241/149
f 153/245/153 155/247/155 156/248/156 154/246/154
f 157/249/157 158/250/158 159/251/159 160/252/160
f 161/253/161 162/254/162 163/255/163 164/256/164
f 162/257/162 165/258/165 166/259/166 163/260/163
f 167/261/167 166/259/166 165/258/165 168/262/168
f 142/263/142 167/261/167 168/262/168 143/264/143
f 169/265/169 170/266/170 114/206/114 113/205/113
f 159/251/159 171/267/171 172/268/172 160/252/160
f 173/269/173 174/270/174 120/212/120 119/211/119
f 175/271/175 176/272/176 122/214/122 121/213/121
f 127/219/127 177/273/177 178/274/178 128/220/128
f 179/275/179 180/276/180 148/240/148 147/239/147
f 144/236/144 143/235/143 88/277/88 106/278/106
f 113/279/113 148/240/148 180/276/180 169/280/169
f 116/281/116 145/237/145 148/240/148 113/279/113
f 152/244/152 151/243/151 129/282/129 132/224/132
f 132/224/132 131/223/131 153/245/153 152/244/152
f 130/283/130 155/247/155 153/245/153 131/223/131
f 114/284/114 159/251/159 158/250/158 115/285/115
f 170/286/170 171/267/171 159/251/159 114/284/114
f 87/287/87 162/254/162 161/253/161 105/288/105
f 86/170/86 165/258/165 162/257/162 87/289/87
f 168/262/168 165/258/165 86/170/86 85/169/85
f 143/264/143 168/262/168 85/169/85 88/290/88
f 96/180/96 95/179/95 98/182/98 97/181/97
f 102/186/102 98/182/98 95/179/95 94/291/94
f 108/196/108 102/195/102 94/292/94 110/293/110
f 121/294/121 120/212/120 174/270/174 175/295/175
f 124/296/124 117/209/117 120/212/120 121/294/121
f 91/175/91 134/226/134 135/297/135 138/230/138
f 92/176/92 91/175/91 138/230/138 137/229/137
f 136/298/136 139/231/139 92/176/92 137/229/137
f 122/299/122 127/219/127 126/218/126 123/300/123
f 176/301/176 177/273/177 127/219/127 122/299/122
f 93/302/93 103/202/103 111/201/111 109/303/109
f 96/180/96 97/181/97 103/187/103 93/304/93
f 163/260/163 166/259/166 181/305/181 182/306/182
f 164/256/164 163/255/163 182/307/182 183/308/183
f 160/252/160 172/268/172 184/309/184 185/310/185
f 185/310/185 186/311/186 157/249/157 160/252/160
f 154/246/154 156/248/156 187/312/187 188/313/188
f 149/241/149 154/246/154 188/313/188 189/314/189
f 189/314/189 190/315/190 150/242/150 149/241/149
f 146/238/146 191/316/191 192/317/192 147/239/147
f 192/317/192 193/318/193 179/275/179 147/239/147
f 194/319/194 195/320/195 142/234/142 141/233/141
f 195/321/195 196/322/196 167/261/167 142/263/142
f 196/322/196 181/305/181 166/259/166 167/261/167
f 112/204/112 104/203/104 197/323/197 198/324/198
f 128/220/128 178/274/178 199/325/199 200/326/200
f 200/326/200 201/327/201 125/217/125 128/220/128
f 89/173/89 140/232/140 202/328/202 203/329/203
f 203/329/203 204/330/204 90/174/90 89/173/89
f 204/330/204 205/331/205 133/225/133 90/174/90
f 118/210/118 206/332/206 207/333/207 119/211/119
f 207/333/207 208/334/208 173/269/173 119/211/119
f 209/335/209 210/336/210 101/194/101 107/193/107
f 210/337/210 211/338/211 99/183/99 101/185/101
f 100/184/100 99/183/99 211/338/211 212/339/212
f 104/188/104 100/184/100 212/339/212 197/340/197
f 156/248/156 157/249/157 186/311/186 187/312/187
f 155/247/155 158/250/158 157/249/157 156/248/156
f 115/285/115 158/250/158 155/247/155 130/283/130
f 116/208/116 115/207/115 130/222/130 129/221/129
f 151/243/151 145/237/145 116/281/116 129/282/129
f 150/242/150 146/238/146 145/237/145 151/243/151
f 190/315/190 191/316/191 146/238/146 150/242/150
f 140/232/140 125/217/125 201/327/201 202/328/202
f 139/231/139 126/218/126 125/217/125 140/232/140
f 123/300/123 126/218/126 139/231/139 136/298/136
f 124/216/124 123/215/123 136/228/136 135/227/135
f 134/226/134 117/209/117 124/296/124 135/297/135
f 133/225/133 118/210/118 117/209/117 134/226/134
f 205/331/205 206/332/206 118/210/118 133/225/133
f 106/192/106 105/191/105 170/266/170 169/265/169
f 105/288/105 161/253/161 171/267/171 170/286/170
f 172/268/172 171/267/171 161/253/161 164/256/164
f 183/308/183 184/309/184 172/268/172 164/256/164
f 107/193/107 173/269/173 208/334/208 209/335/209
f 108/196/108 174/270/174 173/269/173 107/193/107
f 175/295/175 174/270/174 108/196/108 110/293/110
f 110/200/110 109/199/109 176/272/176 175/271/175
f 109/303/109 111/201/111 177/273/177 176/301/176
f 178/274/178 177/273/177 111/201/111 112/204/112
f 198/324/198 199/325/199 178/274/178 112/204/112
f 141/233/141 179/275/179 193/318/193 194/319/194
f 144/236/144 180/276/180 179/275/179 141/233/141
f 169/280/169 180/276/180 144/236/144 106/278/106
f 182/306/182 181/305/181 213/341/213 214/342/214
f 183/308/183 182/307/182 214/343/214 215/344/215
f 216/345/216 184/309/184 183/308/183 215/344/215
f 217/346/217 218/347/218 219/348/219 220/349/220
f 221/350/221 222/351/222 217/346/217 220/349/220
f 187/312/187 186/311/186 223/352/223 224/353/224
f 188/313/188 187/312/187 224/353/224 225/354/225
f 189/314/189 188/313/188 225/354/225 226/355/226
f 226/355/226 227/356/227 190/315/190 189/314/189
f 227/356/227 228/357/228 191/316/191 190/315/190
f 192/317/192 191/316/191 228/357/228 229/358/229
f 230/359/230 193/318/193 192/317/192 229/358/229
f 194/319/194 193/318/193 230/359/230 231/360/231
f 231/360/231 232/361/232 195/320/195 194/319/194
f 232/362/232 233/363/233 196/322/196 195/321/195
f 233/363/233 213/341/213 181/305/181 196/322/196
f 198/324/198 197/323/197 232/361/232 231/360/231
f 230/359/230 199/325/199 198/324/198 231/360/231
f 200/326/200 199/325/199 230/359/230 229/358/229
f 228/357/228 201/327/201 200/326/200 229/358/229
f 202/328/202 201/327/201 228/357/228 227/356/227
f 203/329/203 202/328/202 227/356/227 226/355/226
f 226/355/226 225/354/225 204/330/204 203/329/203
f 225/354/225 224/353/224 205/331/205 204/330/204
f 224/353/224 223/352/223 206/332/206 205/331/205
f 234/364/234 235/365/235 221/350/221 220/349/220
f 219/348/219 236/366/236 234/364/234 220/349/220
f 209/335/209 208/334/208 216/345/216 215/344/215
f 215/344/215 214/343/214 210/336/210 209/335/209
f 214/342/214 213/341/213 211/338/211 210/337/210
f 212/339/212 211/338/211 213/341/213 233/363/233
f 197/340/197 212/339/212 233/363/233 232/362/232
f 185/310/185 184/309/184 218/347/218 217/346/217
f 184/309/184 216/345/216 219/348/219 218/347/218
f 223/352/223 186/311/186 222/351/222 221/350/221
f 186/311/186 185/310/185 217/346/217 222/351/222
f 207/333/207 206/332/206 235/365/235 234/364/234
f 206/332/206 223/352/223 221/350/221 235/365/235
f 216/345/216 208/334/208 236/366/236 219/348/219
f 208/334/208 207/333/207 234/364/234 236/366/236
g default
v 0.672000 0.021000 0.500000
v 0.717314 0.021303 0.500146
v 0.655543 1.024821 0.506445
v 0.703547 1.025042 0.505652
v 0.658252 1.023422 -0.508995
v 0.705492 1.023553 -0.508321
v 0.672054 0.022666 -0.502824
v 0.717773 0.023110 -0.502630
v 0.642256 2.241535 0.036712
v 0.691023 2.239436 0.036692
v 0.697330 2.234324 -0.038427
v 0.649124 2.236149 -0.038534
v 0.657908 0.006801 0.972095
v 0.705525 0.008449 0.970700
v 0.705525 0.008450 0.970700
v 0.657908 0.006802 0.972095
v 0.674496 0.019795 -0.961238
v 0.721332 0.021203 -0.959978
v 0.644144 2.278588 0.038779
v 0.692759 2.276494 0.038755
v 0.699146 2.271133 -0.040408
v 0.651106 2.272938 -0.040514
v 0.653839 1.063132 0.535249
v 0.698571 1.063207 0.535743
v 0.659656 1.061293 -0.536437
v 0.704358 1.061238 -0.536769
v 0.665920 0.051243 1.019980
v 0.711650 0.051506 1.019740
v 0.726716 0.062982 -1.008722
v 0.679791 0.061420 -1.010265
v 3.396158 2.215174 0.036531
v 3.396926 2.215779 -0.037247
v 3.396158 2.252842 -0.039264
v 3.396420 2.253053 0.038573
v 3.403889 1.027306 0.503638
v 3.404788 1.065131 0.531784
v 3.393218 1.028253 -0.500370
v 3.393496 1.065819 -0.528051
v 3.422703 -0.000505 0.978003
v 3.427884 0.033753 1.035787
v 3.395440 0.022101 -0.959906
v 3.395248 0.059902 -1.012669
v 3.423868 2.213952 0.036480
v 3.426062 2.215641 -0.037244
v 3.424040 2.251711 -0.039232
v 3.424040 2.251711 0.038518
v 3.432992 1.027337 0.503506
v 3.433900 1.065153 0.531640
v 3.422437 1.028254 -0.500365
v 3.422437 1.065837 -0.527938
v 3.453610 -0.001342 0.978703
v 3.459019 0.032853 1.036610
v 3.422886 0.023591 -0.958589
v 3.422807 0.061248 -1.011371
v 3.375762 0.025634 0.023533
v 3.375762 0.025634 -0.031007
v 3.404996 0.025634 -0.031007
v 3.404996 0.025634 0.023533
v 3.375762 0.025622 0.366781
v 3.404996 0.025622 0.366781
v 3.375762 0.025612 0.706102
v 3.404996 0.025612 0.706102
v 2.058863 2.248652 0.037067
v 2.058838 2.247563 -0.038981
v 2.058511 1.028252 -0.500373
v 2.056144 0.044489 -0.938842
v 2.056144 0.081259 -0.990524
v 2.058515 1.065818 -0.528060
v 2.058839 2.287300 -0.041148
v 2.058864 2.288310 0.039157
v 2.057702 1.064191 0.527335
v 2.058580 0.057470 1.014171
v 2.058557 0.021095 0.959991
v 2.057503 1.026374 0.499050
v 0.666662 1.624779 0.270484
v 0.667869 1.662244 0.285174
v 0.712549 1.662500 0.285320
v 2.057633 1.665098 0.286215
v 3.433023 1.672794 0.290366
v 3.465849 1.674192 0.291057
v 3.466931 1.635856 0.275989
v 3.404996 0.025628 0.195157
v 3.375762 0.025628 0.195157
v 3.433082 1.634180 0.275151
v 2.058010 1.628482 0.271979
v 0.711556 1.624956 0.270573
v 0.723029 1.620835 -0.268922
v 2.056149 1.606715 -0.264340
v 3.404788 1.624595 -0.271004
v 3.433900 1.624468 -0.270934
v 3.433900 1.662363 -0.285858
v 3.404788 1.662500 -0.285932
v 2.056285 1.644227 -0.279031
v 0.723523 1.658249 -0.283628
v 0.678839 1.658135 -0.283566
v 0.678816 1.620559 -0.268769
v 1.372258 2.243699 0.036799
v 1.374512 2.240032 -0.038646
v 1.381931 1.627314 -0.272850
v 1.374491 1.024761 -0.513581
v 1.386430 0.015753 -0.965204
v 1.385608 0.052235 -1.019685
v 1.374642 1.063038 -0.541728
v 1.384223 1.663612 -0.286764
v 1.376414 2.275346 -0.040585
v 1.373012 2.281090 0.038881
v 1.382854 1.664642 0.286043
v 1.392770 1.064926 0.525013
v 1.385608 0.052235 1.019073
v 1.385608 0.014330 0.965796
v 1.390534 1.027561 0.499675
v 1.386157 1.623949 0.269731
v 2.737284 2.230826 0.036881
v 2.735314 2.227677 -0.037757
v 2.733171 1.625745 -0.271874
v 2.713515 1.026594 -0.493859
v 2.744691 -0.007143 -0.985695
v 2.741768 0.035868 -1.035682
v 2.711667 1.063510 -0.519811
v 2.736011 1.665927 -0.288140
v 2.734617 2.264645 -0.039762
v 2.736361 2.267506 0.038941
v 2.717884 1.651095 0.279315
v 2.724131 1.064330 0.525829
v 2.725857 0.061539 1.010361
v 2.725857 0.023955 0.957536
v 2.721160 1.026913 0.496168
v 2.720748 1.616254 0.265871
v 1.031006 2.241535 0.036712
v 1.035979 2.236149 -0.038534
v 1.042868 1.627621 -0.272863
v 1.061550 1.025659 -0.498856
v 1.057491 0.023955 -0.958266
v 1.057491 0.061539 -1.011091
v 1.065439 1.063025 -0.524141
v 1.041662 1.666390 -0.288244
v 1.037414 2.272938 -0.040514
v 1.032373 2.278588 0.038779
v 1.029617 1.672748 0.290093
v 1.064677 1.064851 0.522295
v 1.049079 0.052235 1.019073
v 1.050323 0.015753 0.964575
v 1.062851 1.027758 0.496167
v 1.031830 1.633036 0.274314
v 1.728362 1.608523 0.261923
v 1.717727 1.025761 0.510354
v 1.724035 0.021095 0.959991
v 1.723657 0.057470 1.014171
v 1.718306 1.064292 0.537679
v 1.727012 1.647605 0.277529
v 1.715930 2.280923 0.038877
v 1.715529 2.282291 -0.040996
v 1.724838 1.658135 -0.283566
v 1.721227 1.063981 -0.533362
v 1.725875 0.065760 -1.006689
v 1.726184 0.029656 -0.952873
v 1.721012 1.026400 -0.506141
v 1.724972 1.620162 -0.268640
v 1.715899 2.242414 -0.038830
v 1.715902 2.242433 0.036836
v 2.403645 2.248656 0.036999
v 2.402887 2.246199 -0.038860
v 2.392215 1.620415 -0.269605
v 2.387124 1.027628 -0.495338
v 2.394573 0.013300 -0.967012
v 2.392956 0.054722 -1.016608
v 2.387993 1.064963 -0.523513
v 2.393291 1.659714 -0.285490
v 2.402539 2.283796 -0.040870
v 2.403241 2.286169 0.039087
v 2.391842 1.657550 0.282509
v 2.383570 1.063600 0.515985
v 2.392184 0.061539 1.010361
v 2.392184 0.023955 0.957536
v 2.383401 1.026786 0.488687
v 2.394729 1.624076 0.269784
v 3.057833 1.617227 0.266618
v 3.093324 1.024321 0.515676
v 3.059530 0.023955 0.957536
v 3.059530 0.061539 1.010361
v 3.092443 1.063297 0.543772
v 3.051957 1.651664 0.279844
v 3.068227 2.259836 0.038855
v 3.066847 2.258343 -0.039424
v 3.035651 1.643395 -0.278770
v 3.083394 1.063454 -0.541461
v 3.071041 0.049266 -1.022924
v 3.071515 0.010731 -0.969959
v 3.085303 1.024888 -0.514165
v 3.035898 1.606734 -0.264351
v 3.066523 2.220152 -0.037370
v 3.067790 2.221475 0.036789
v 0.859721 2.241535 0.036712
v 0.865528 2.236149 -0.038534
v 0.886037 1.622449 -0.269816
v 0.894002 1.025473 -0.499601
v 0.890180 0.023450 -0.958649
v 0.891369 0.062098 -1.010433
v 0.898494 1.062889 -0.524964
v 0.887523 1.659524 -0.284319
v 0.867204 2.272938 -0.040514
v 0.861317 2.278588 0.038779
v 0.877236 1.664134 0.285955
v 0.891118 1.064362 0.525767
v 0.880814 0.052235 1.019073
v 0.882269 0.015753 0.964575
v 0.890463 1.027174 0.498835
v 0.877417 1.626049 0.270898
v 1.195119 1.676511 -0.294259
v 1.217993 1.061930 -0.532560
v 1.222389 0.058955 -1.013477
v 1.222833 0.021895 -0.960009
v 1.218127 1.024447 -0.504719
v 1.196903 1.636555 -0.278313
v 1.204971 2.238050 -0.038625
v 1.200764 2.243529 0.036792
v 1.202292 1.633442 0.274488
v 1.223377 1.027525 0.499827
v 1.217344 0.014330 0.965796
v 1.218376 0.053611 1.017785
v 1.226309 1.064906 0.525142
v 1.202292 1.672027 0.289684
v 1.202924 2.279271 0.038806
v 1.206659 2.274237 -0.040587
v 1.540851 2.250394 0.037069
v 1.542065 2.247747 -0.038936
v 1.557082 1.621454 -0.269315
v 1.544854 1.024831 -0.514238
v 1.557118 0.021895 -0.960009
v 1.556855 0.058955 -1.013477
v 1.545502 1.063037 -0.541733
v 1.557657 1.658499 -0.283783
v 1.543009 2.284415 -0.040921
v 1.540623 2.289810 0.039190
v 1.554152 1.660528 0.283983
v 1.555741 1.065379 0.529552
v 1.553873 0.052235 1.019073
v 1.553873 0.014330 0.965796
v 1.554784 1.027478 0.502903
v 1.557667 1.618288 0.266861
v 2.058119 1.932198 -0.157203
v 1.716126 1.937544 -0.157750
v 1.543787 1.939204 -0.158066
v 1.367871 1.944245 -0.159027
v 1.209896 1.930309 -0.155956
v 1.054099 1.919359 -0.153533
v 0.890655 1.916701 -0.152965
v 0.719327 1.919339 -0.153571
v 0.713179 1.922931 0.153387
v 0.881336 1.922946 0.153390
v 1.049079 1.923279 0.153601
v 1.215993 1.924554 0.153792
v 1.380675 1.929103 0.154342
v 1.550173 1.929103 0.154342
v 1.719588 1.929303 0.154384
v 2.057727 1.916636 0.151788
v 2.387483 1.906693 0.149983
v 2.723848 1.913918 0.151191
v 3.080516 1.932471 0.154478
v 3.398702 1.919823 0.152883
v 3.375762 0.025631 0.109345
v 3.404996 0.025631 0.109345
v 3.428458 1.920048 0.152930
v 3.426410 1.956601 0.161133
v 3.396790 1.956420 0.161095
v 3.082716 1.972898 0.163598
v 2.730402 1.959551 0.161181
v 2.389432 1.948236 0.159255
v 2.058095 1.955112 0.160605
v 1.720683 1.964770 0.162535
v 1.551814 1.964573 0.162494
v 1.382867 1.964573 0.162494
v 1.216761 1.961760 0.162183
v 1.048379 1.961760 0.162183
v 0.878120 1.963104 0.162188
v 0.709519 1.963079 0.162183
v 0.665805 1.962037 0.161999
v 0.669238 1.922137 0.153243
v 0.673402 1.919790 -0.153675
v 0.667329 1.961139 -0.162953
v 0.713905 1.960388 -0.162781
v 0.890655 1.954284 -0.161380
v 1.056012 1.955499 -0.161635
v 1.214886 1.963618 -0.163428
v 1.368821 1.981983 -0.167471
v 1.543992 1.977539 -0.166617
v 1.716478 1.975255 -0.166178
v 2.058160 1.969892 -0.165580
v 2.393141 1.956971 -0.162674
v 2.734494 1.964531 -0.163468
v 3.055873 1.951053 -0.161047
v 3.404788 1.961184 -0.162700
v 3.433900 1.960968 -0.162658
v 3.433900 1.923073 -0.154173
v 3.404788 1.923279 -0.154212
v 3.051812 1.910145 -0.152320
v 2.737297 1.929717 -0.155703
v 2.394697 1.922772 -0.155039
v 1.891496 1.611563 0.263451
v 1.889193 1.026343 0.506484
v 1.891296 0.021095 0.959991
v 1.891118 0.057470 1.014171
v 1.889538 1.064706 0.533630
v 1.890924 1.649853 0.278637
v 1.890388 1.961005 0.161904
v 1.887490 2.279859 0.038860
v 1.887237 2.281584 -0.040978
v 1.887662 1.974906 -0.166111
v 1.891987 1.654407 -0.282349
v 1.891301 1.065565 -0.529110
v 1.892732 0.078343 -0.993566
v 1.892915 0.044489 -0.938842
v 1.891371 1.028009 -0.501373
v 1.892073 1.616054 -0.267315
v 1.887435 1.937488 -0.157739
v 1.887424 2.241696 -0.038811
v 1.887449 2.241646 0.036828
v 1.889921 1.924888 0.153616
v 2.231389 2.249401 0.037074
v 2.231204 2.248334 -0.039003
v 2.223931 1.916640 -0.155627
v 2.220304 1.608861 -0.265341
v 2.224813 1.028148 -0.499513
v 2.220551 0.039638 -0.943247
v 2.219753 0.078993 -0.992613
v 2.224989 1.065717 -0.527331
v 2.219813 1.644571 -0.279431
v 2.224011 1.954408 -0.163940
v 2.231344 2.288095 -0.041172
v 2.231632 2.289810 0.039190
v 2.223366 1.947270 0.159070
v 2.227622 1.665962 0.286654
v 2.224479 1.064311 0.526567
v 2.225442 0.060981 1.010883
v 2.225382 0.023742 0.957719
v 2.223860 1.026722 0.497661
v 2.228873 1.630778 0.273138
v 2.222448 1.906938 0.150002
v 2.567765 1.666908 -0.288552
v 2.553675 1.064894 -0.523939
v 2.569414 0.036170 -1.034516
v 2.573007 -0.008719 -0.986519
v 2.552633 1.027492 -0.495888
v 2.565593 1.626620 -0.272239
v 2.569967 1.933263 -0.156517
v 2.574341 2.244993 -0.038789
v 2.576058 2.248679 0.037000
v 2.554734 1.910046 0.150544
v 2.557866 1.619223 0.267356
v 2.547638 1.026978 0.489236
v 2.559020 0.023955 0.957536
v 2.559020 0.061539 1.010361
v 2.547610 1.063551 0.516328
v 2.555203 1.653815 0.280670
v 2.559551 1.955133 0.160431
v 2.575445 2.286169 0.039087
v 2.573828 2.282567 -0.040798
v 2.567765 1.968098 -0.164286
v 2.895268 2.216082 0.036543
v 2.894863 2.215559 -0.037241
v 2.894675 1.918446 -0.153371
v 2.887576 1.616973 -0.267713
v 2.886663 1.025405 -0.499283
v 2.915149 -0.005732 -0.984516
v 2.911828 0.037096 -1.034659
v 2.884808 1.062659 -0.525741
v 2.888483 1.654905 -0.282784
v 2.894830 1.956302 -0.161766
v 2.894735 2.253072 -0.039271
v 2.894898 2.253283 0.038583
v 2.910281 1.971022 0.163110
v 2.886168 1.653016 0.280373
v 2.907406 1.062896 0.535766
v 2.892694 0.061539 1.010361
v 2.892694 0.023955 0.957536
v 2.903186 1.024782 0.505231
v 2.891363 1.619000 0.267391
v 2.905234 1.927680 0.153474
v 3.241329 1.624071 0.270045
v 3.244498 1.026494 0.507168
v 3.229347 0.021133 0.959898
v 3.230615 0.057651 1.013918
v 3.244224 1.064664 0.535066
v 3.237768 1.660462 0.284198
v 3.234332 1.959819 0.161562
v 3.236522 2.259868 0.038856
v 3.235998 2.259382 -0.039454
v 3.229186 1.956200 -0.161747
v 3.221927 1.655410 -0.282978
v 3.237102 1.065158 -0.532897
v 3.239781 0.049266 -1.022924
v 3.240333 0.010731 -0.969959
v 3.236712 1.027281 -0.504945
v 3.223481 1.618568 -0.268568
v 3.228367 1.917926 -0.153249
v 3.236522 2.221963 -0.037421
v 3.235998 2.221493 0.036790
v 3.234477 1.922020 0.153066
v 0.671671 1.323794 0.384812
v 0.671317 1.362048 0.406523
v 0.715688 1.362207 0.406757
v 0.866374 1.365536 0.412211
v 1.051334 1.362145 0.406546
v 1.227794 1.359744 0.402531
v 1.403229 1.353584 0.394964
v 1.566458 1.353584 0.394964
v 1.726363 1.359342 0.401858
v 1.891707 1.361766 0.404759
v 2.058515 1.362034 0.405115
v 2.225968 1.362718 0.406397
v 2.395988 1.364442 0.409301
v 2.573919 1.368534 0.416192
v 2.748664 1.369454 0.418057
v 2.901599 1.364309 0.409141
v 3.070597 1.364418 0.409254
v 3.236592 1.363937 0.408327
v 3.397624 1.362693 0.406348
v 3.426160 1.362562 0.406133
v 3.427723 1.325076 0.385331
v 3.404996 0.025625 0.280969
v 3.375762 0.025625 0.280969
v 3.398214 1.325055 0.385282
v 3.231813 1.325266 0.385501
v 3.065127 1.325426 0.385856
v 2.902394 1.326520 0.388039
v 2.749888 1.330946 0.396806
v 2.573690 1.329747 0.394258
v 2.395816 1.326328 0.387726
v 2.226062 1.325083 0.385344
v 2.058521 1.324498 0.384047
v 1.891675 1.324395 0.383825
v 1.726041 1.322519 0.381452
v 1.565888 1.317325 0.374883
v 1.403229 1.316813 0.374235
v 1.230725 1.321148 0.379808
v 1.057572 1.322642 0.382635
v 0.869702 1.326130 0.389220
v 0.715819 1.323926 0.385071
v 0.713309 1.325809 -0.387577
v 0.881477 1.325809 -0.387577
v 1.056925 1.324193 -0.384811
v 1.225784 1.322301 -0.384179
v 1.380023 1.325802 -0.391712
v 1.555462 1.323551 -0.386683
v 1.727940 1.317778 -0.379667
v 1.892253 1.317989 -0.379476
v 2.058066 1.323913 -0.385829
v 2.226820 1.325801 -0.387570
v 2.393152 1.324887 -0.385603
v 2.559144 1.324445 -0.384655
v 2.724802 1.323926 -0.384125
v 2.883934 1.321084 -0.381588
v 3.040919 1.317967 -0.379428
v 3.229607 1.324010 -0.386038
v 3.396926 1.324887 -0.385603
v 3.426062 1.324865 -0.385554
v 3.427635 1.362790 -0.407251
v 3.398510 1.362824 -0.407315
v 3.228787 1.361463 -0.407070
v 3.038307 1.354159 -0.399373
v 2.886433 1.359382 -0.403475
v 2.725417 1.361766 -0.405556
v 2.559316 1.362107 -0.405979
v 2.393565 1.362824 -0.407315
v 2.226775 1.363593 -0.408966
v 2.057918 1.361149 -0.406791
v 1.892488 1.354180 -0.399412
v 1.728270 1.354873 -0.400167
v 1.556286 1.361439 -0.407233
v 1.377196 1.365500 -0.415021
v 1.222889 1.361104 -0.406717
v 1.055531 1.362264 -0.406559
v 0.880814 1.363815 -0.409164
v 0.712549 1.363815 -0.409164
v 0.668037 1.363682 -0.408914
v 0.668784 1.325704 -0.387352
v 0.660226 0.009879 0.736188
v 0.707360 0.011278 0.735459
v 0.722455 0.525460 0.729348
v 0.892314 0.526806 0.727349
v 1.060282 0.526818 0.725045
v 1.211659 0.515904 0.737739
v 1.396847 0.530034 0.718803
v 1.565269 0.534393 0.713770
v 1.726412 0.529246 0.723047
v 1.891703 0.526330 0.728188
v 2.058511 0.526104 0.728586
v 2.225459 0.525729 0.729030
v 2.393805 0.523235 0.731968
v 2.566941 0.516596 0.739674
v 2.747232 0.506747 0.750996
v 2.914466 0.510297 0.746800
v 3.083537 0.511564 0.745303
v 3.254330 0.511570 0.745295
v 3.401467 0.522343 0.732910
v 3.375762 0.025617 0.536441
v 3.404996 0.025617 0.536441
v 3.426297 0.524385 0.730563
v 3.427394 0.561615 0.771468
v 3.403144 0.559441 0.774284
v 3.257721 0.548394 0.788591
v 3.086546 0.548330 0.788676
v 2.917764 0.546601 0.790970
v 2.749888 0.543258 0.795405
v 2.569443 0.551937 0.784165
v 2.394074 0.560539 0.772935
v 2.225442 0.563388 0.769183
v 2.058511 0.563688 0.768784
v 1.891756 0.564274 0.767599
v 1.727194 0.567994 0.760074
v 1.565687 0.571652 0.752022
v 1.395704 0.566005 0.759335
v 1.208994 0.552208 0.780975
v 1.058519 0.563301 0.766505
v 0.892076 0.564238 0.767671
v 0.722497 0.563101 0.769563
v 0.677227 0.562996 0.769703
v 0.677176 0.525345 0.729484
v 2.058648 0.268502 0.849418
v 1.891111 0.271715 0.846289
v 1.723641 0.271715 0.846289
v 1.557937 0.274909 0.843072
v 1.394682 0.279413 0.837223
v 1.223545 0.273762 0.842377
v 1.073748 0.287718 0.826486
v 0.910641 0.288219 0.826007
v 0.748377 0.289029 0.824959
v 0.691374 -0.002489 0.862833
v 0.643066 -0.004333 0.864121
v 0.706308 0.290134 0.823530
v 0.706308 0.326904 0.869036
v 0.748377 0.325859 0.870538
v 0.913543 0.326904 0.869036
v 1.075218 0.325614 0.870387
v 1.222822 0.310420 0.889018
v 1.395793 0.318027 0.881284
v 1.558285 0.313082 0.888746
v 1.723657 0.309484 0.892931
v 1.891118 0.309484 0.892931
v 2.058668 0.305459 0.897251
v 2.226933 0.305459 0.897251
v 2.395198 0.305459 0.897251
v 2.561005 0.309417 0.893002
v 2.726238 0.312150 0.890070
v 2.894040 0.311294 0.890954
v 3.071297 0.302996 0.899644
v 3.257721 0.290624 0.912601
v 3.429006 0.290624 0.912601
v 3.457872 0.291313 0.911879
v 3.453332 0.255612 0.861462
v 3.404996 0.025615 0.621272
v 3.375762 0.025615 0.621272
v 3.424467 0.254953 0.862086
v 3.253745 0.254953 0.862086
v 3.067463 0.268251 0.849485
v 2.893179 0.274532 0.843532
v 2.725999 0.274849 0.843238
v 2.560362 0.272772 0.845260
v 2.394816 0.268502 0.849418
v 2.226732 0.268502 0.849418
v 0.664220 0.013739 0.618140
v 0.711081 0.015037 0.617603
v 0.713373 0.774234 0.619041
v 0.881719 0.774294 0.618941
v 1.047714 0.773519 0.620207
v 1.211270 0.771451 0.623504
v 1.374624 0.767957 0.628694
v 1.549688 0.770011 0.621702
v 1.720678 0.771519 0.616480
v 1.888998 0.772406 0.615010
v 2.058121 0.769547 0.624704
v 2.228092 0.769547 0.624704
v 2.400304 0.768530 0.628120
v 2.562676 0.773287 0.618524
v 2.725016 0.776266 0.613481
v 2.898760 0.773232 0.618454
v 3.091965 0.765538 0.633225
v 3.257185 0.767727 0.629579
v 3.401714 0.774897 0.617838
v 3.375762 0.025620 0.451611
v 3.404996 0.025620 0.451611
v 3.426456 0.776124 0.615833
v 3.427394 0.813597 0.650244
v 3.403144 0.812375 0.652601
v 3.260343 0.805427 0.666029
v 3.094990 0.803294 0.670077
v 2.897133 0.811050 0.651387
v 2.721714 0.814714 0.644324
v 2.559766 0.812308 0.649246
v 2.400804 0.806345 0.663800
v 2.227719 0.807526 0.658683
v 2.057828 0.807526 0.658680
v 1.888693 0.809615 0.649235
v 1.719939 0.808458 0.651477
v 1.547328 0.806710 0.659416
v 1.371995 0.805224 0.666034
v 1.211861 0.809846 0.657521
v 1.047477 0.811387 0.654609
v 0.880814 0.811907 0.653606
v 0.714358 0.812365 0.652706
v 0.668256 0.812170 0.653090
v 0.667184 0.774002 0.619430
v 2.058514 2.072848 -0.096168
v 1.890107 2.073987 -0.096224
v 1.721368 2.074692 -0.096292
v 1.549830 2.080231 -0.096824
v 1.379908 2.080639 -0.096864
v 1.218930 2.070836 -0.095777
v 1.054113 2.067930 -0.095477
v 0.886728 2.067915 -0.095475
v 0.692786 2.086469 -0.097898
v 0.690261 2.088235 0.096062
v 0.861257 2.088283 0.096068
v 1.045059 2.076382 0.095325
v 1.210201 2.080639 0.095795
v 1.379908 2.080639 0.095795
v 1.549615 2.080639 0.095795
v 1.721364 2.074826 0.095367
v 1.890089 2.074455 0.095340
v 2.058680 2.074709 0.095340
v 2.226417 2.070310 0.094815
v 2.395139 2.072797 0.094928
v 2.572011 2.088470 0.096088
v 2.745166 2.091253 0.096348
v 2.904006 2.077235 0.095255
v 3.069608 2.074011 0.095063
v 3.228738 2.066621 0.094514
v 3.395109 2.066065 0.094478
v 3.375762 0.025633 0.066439
v 3.404996 0.025633 0.066439
v 3.424265 2.065987 0.094470
v 3.423834 2.103323 0.099666
v 3.394671 2.103394 0.099673
v 3.229562 2.104928 0.099845
v 3.066251 2.108732 0.100134
v 2.900068 2.110802 0.100213
v 2.745321 2.130091 0.101786
v 2.573072 2.129006 0.101619
v 2.397065 2.116125 0.100628
v 2.227464 2.113810 0.100549
v 2.058719 2.116825 0.100952
v 1.889598 2.115417 0.100845
v 1.720247 2.116129 0.100899
v 1.547108 2.123781 0.101482
v 1.376934 2.123219 0.101419
v 1.206476 2.123219 0.101419
v 1.041835 2.117572 0.100789
v 0.859721 2.128098 0.101518
v 0.688435 2.128098 0.101518
v 0.644932 2.126214 0.101374
v 0.646755 2.086469 0.095932
v 0.644144 2.088235 -0.098128
v 0.642256 2.128098 -0.103657
v 0.691023 2.126214 -0.103410
v 0.883532 2.108285 -0.101063
v 1.051393 2.108285 -0.101063
v 1.216553 2.111442 -0.101404
v 1.381525 2.116503 -0.101866
v 1.549832 2.118444 -0.102120
v 1.721562 2.112108 -0.101490
v 1.890190 2.111422 -0.101442
v 2.058599 2.111772 -0.101480
v 2.225952 2.107291 -0.101340
v 2.395253 2.110969 -0.101367
v 2.563564 2.110900 -0.101319
v 2.734033 2.113821 -0.101515
v 2.894810 2.104727 -0.100518
v 3.060700 2.103453 -0.100394
v 3.231552 2.106529 -0.100694
v 3.404189 2.110105 -0.101043
v 3.433292 2.109851 -0.101018
v 3.433900 2.072375 -0.095793
v 3.404788 2.072621 -0.095817
v 3.229631 2.067297 -0.095307
v 3.059917 2.065123 -0.095098
v 2.894861 2.067105 -0.095290
v 2.734715 2.076725 -0.096353
v 2.563042 2.071978 -0.095865
v 2.393268 2.067828 -0.095574
v 2.224686 2.064318 -0.095870
v 0.668662 1.773263 0.211760
v 0.668037 1.811430 0.223561
v 0.712549 1.811842 0.223704
v 0.879996 1.812313 0.223842
v 1.044818 1.814729 0.224396
v 1.215019 1.813739 0.224051
v 1.373097 1.824538 0.227131
v 1.544908 1.823957 0.226931
v 1.717415 1.819429 0.225403
v 1.888026 1.818166 0.225021
v 2.056471 1.805707 0.220817
v 2.220526 1.792618 0.216941
v 2.382601 1.788200 0.215649
v 2.545830 1.788200 0.215649
v 2.709520 1.788658 0.215783
v 2.879208 1.793699 0.217258
v 3.051454 1.798883 0.218879
v 3.224966 1.804575 0.221081
v 3.413627 1.816087 0.224879
v 3.444740 1.816902 0.225169
v 3.449974 1.781063 0.214041
v 3.404996 0.025630 0.152251
v 3.375762 0.025630 0.152251
v 3.418177 1.779959 0.213648
v 3.227643 1.768075 0.209716
v 3.046933 1.758517 0.206463
v 2.875820 1.754075 0.205071
v 2.709058 1.751430 0.204292
v 2.546572 1.752398 0.204621
v 2.383372 1.752828 0.204745
v 2.221159 1.757651 0.206150
v 2.056349 1.767904 0.209095
v 1.888013 1.777853 0.212465
v 1.718789 1.777013 0.212225
v 1.545176 1.784838 0.214832
v 1.373440 1.785597 0.215090
v 1.212467 1.777685 0.212833
v 1.041742 1.778626 0.213162
v 0.878522 1.775185 0.212360
v 0.713183 1.773638 0.211892
v 0.723818 1.768626 -0.210865
v 0.889701 1.769141 -0.211034
v 1.046119 1.775838 -0.213453
v 1.195119 1.790920 -0.218980
v 1.369224 1.789625 -0.218510
v 1.553062 1.774960 -0.213199
v 1.722045 1.774038 -0.212896
v 1.890338 1.773685 -0.212828
v 2.057874 1.768893 -0.211913
v 2.220837 1.756724 -0.209591
v 2.399199 1.781656 -0.216454
v 2.576367 1.789964 -0.218622
v 2.745370 1.786829 -0.217632
v 2.892523 1.767907 -0.211590
v 3.035517 1.751430 -0.207604
v 3.221084 1.765098 -0.210370
v 3.404788 1.773937 -0.212608
v 3.433900 1.773770 -0.212554
v 3.434271 1.811842 -0.224316
v 3.404788 1.811842 -0.224316
v 3.221787 1.802986 -0.222023
v 3.036867 1.789214 -0.219159
v 2.892889 1.805864 -0.223217
v 2.745069 1.825177 -0.229427
v 2.577136 1.829836 -0.231000
v 2.399687 1.821024 -0.228680
v 2.221609 1.796764 -0.222142
v 2.057984 1.810128 -0.224773
v 1.889594 1.814962 -0.225725
v 1.720575 1.814962 -0.225725
v 1.550645 1.816205 -0.226132
v 1.367871 1.829836 -0.231000
v 1.195119 1.829836 -0.231000
v 1.047110 1.813190 -0.224977
v 0.890242 1.806446 -0.222551
v 0.723818 1.806209 -0.222473
v 0.678839 1.806209 -0.222473
v 0.678839 1.768626 -0.210865
v 2.058528 1.512951 0.346417
v 1.891922 1.506973 0.341630
v 1.729686 1.498456 0.335192
v 1.566458 1.498456 0.335192
v 1.393704 1.507133 0.341794
v 1.214160 1.514599 0.347811
v 1.031006 1.520004 0.352406
v 0.859830 1.519957 0.352433
v 0.704230 1.515499 0.348913
v 0.664812 1.513803 0.347486
v 0.664347 1.475946 0.329408
v 0.674010 1.473627 -0.327798
v 0.675579 1.510927 -0.345467
v 0.720272 1.511035 -0.345568
v 0.880814 1.513158 -0.347548
v 1.048379 1.513420 -0.347809
v 1.215197 1.514164 -0.348679
v 1.373487 1.520054 -0.354592
v 1.554353 1.512821 -0.347404
v 1.726051 1.507158 -0.343120
v 1.892789 1.499302 -0.339001
v 2.056192 1.499514 -0.339505
v 2.224952 1.509309 -0.345432
v 2.394757 1.512658 -0.347205
v 2.561078 1.511495 -0.345997
v 2.726287 1.510287 -0.344871
v 2.887028 1.506838 -0.342950
v 3.037154 1.499032 -0.339050
v 3.228787 1.509908 -0.345824
v 3.404788 1.513158 -0.347548
v 3.433900 1.513060 -0.347457
v 3.433900 1.475166 -0.329314
v 3.404788 1.475253 -0.329400
v 3.228159 1.472060 -0.327616
v 3.036896 1.462120 -0.321335
v 2.887028 1.469481 -0.325064
v 2.726029 1.472558 -0.326745
v 2.560413 1.473347 -0.327522
v 2.395198 1.475253 -0.329400
v 2.225426 1.472530 -0.327945
v 2.056360 1.463664 -0.322562
v 1.892814 1.461900 -0.321115
v 1.726397 1.469007 -0.324811
v 1.554904 1.474474 -0.328889
v 1.374686 1.480855 -0.335478
v 1.216856 1.475493 -0.329786
v 1.049617 1.475075 -0.329224
v 0.880814 1.475253 -0.329400
v 0.718655 1.473749 -0.327918
v 0.703239 1.477609 0.330876
v 0.857806 1.481959 0.334486
v 1.031006 1.481418 0.333932
v 1.218024 1.474817 0.328092
v 1.396202 1.467784 0.322335
v 1.566458 1.461685 0.317587
v 1.729381 1.462365 0.318113
v 1.891985 1.469778 0.323847
v 2.058544 1.473900 0.327208
v 2.226845 1.475351 0.328505
v 2.400718 1.480855 0.333429
v 2.565412 1.476686 0.329715
v 2.734270 1.476593 0.329780
v 2.905658 1.477508 0.330805
v 3.088995 1.481677 0.334732
v 3.255337 1.480293 0.333232
v 3.408382 1.476245 0.329357
v 3.375762 0.025627 0.238063
v 3.404996 0.025627 0.238063
v 3.438560 1.476402 0.329494
v 3.442875 1.515572 0.348735
v 3.412247 1.515214 0.348466
v 3.254292 1.518017 0.351228
v 3.087384 1.519337 0.352581
v 2.905842 1.515692 0.349122
v 2.730626 1.512649 0.346251
v 2.563335 1.513223 0.346629
v 2.401292 1.520004 0.352406
v 2.227534 1.514726 0.347907
v 0.673135 1.172887 0.440935
v 0.671201 1.210926 0.466174
v 0.715697 1.210713 0.466218
v 0.883279 1.210713 0.466218
v 1.069578 1.209267 0.457924
v 1.240001 1.208711 0.454736
v 1.403229 1.208711 0.454736
v 1.560534 1.212292 0.462660
v 1.724163 1.213942 0.467021
v 1.891637 1.213928 0.466233
v 2.058561 1.214091 0.467408
v 2.226775 1.214336 0.469867
v 2.392396 1.212877 0.466865
v 2.563498 1.213448 0.470211
v 2.746291 1.216163 0.479526
v 2.913887 1.215837 0.477203
v 3.068588 1.214572 0.470134
v 3.229499 1.214085 0.467364
v 3.404424 1.214456 0.470041
v 3.434271 1.214473 0.470168
v 3.434271 1.176568 0.445579
v 3.404996 0.025624 0.323875
v 3.375762 0.025624 0.323875
v 3.404788 1.176568 0.445579
v 3.231515 1.176458 0.443662
v 3.071600 1.176758 0.446805
v 2.915530 1.177384 0.453021
v 2.743750 1.177217 0.452802
v 2.560578 1.174854 0.443174
v 2.390779 1.174628 0.440543
v 2.226459 1.176288 0.444647
v 2.058581 1.176435 0.443452
v 1.891592 1.176344 0.441984
v 1.723739 1.176422 0.443296
v 1.559828 1.175263 0.439301
v 1.402347 1.172262 0.431677
v 1.238854 1.172262 0.431677
v 1.070397 1.172192 0.433551
v 0.885492 1.172887 0.440935
v 0.713828 1.173264 0.442489
v 0.708173 1.175318 -0.448172
v 0.896342 1.174645 -0.440519
v 1.063787 1.174603 -0.439831
v 1.229492 1.172698 -0.440110
v 1.386308 1.173233 -0.446193
v 1.552945 1.173280 -0.447020
v 1.724738 1.172712 -0.441253
v 1.890780 1.175532 -0.444011
v 2.058548 1.176384 -0.443394
v 2.225611 1.176368 -0.443083
v 2.392188 1.176329 -0.442470
v 2.558239 1.176068 -0.441975
v 2.719013 1.174437 -0.439163
v 2.877507 1.172375 -0.436741
v 3.071939 1.175991 -0.448500
v 3.236686 1.176581 -0.446278
v 3.396013 1.176386 -0.443369
v 3.423771 1.176355 -0.442885
v 3.424008 1.213986 -0.467367
v 3.396377 1.214065 -0.467923
v 3.235837 1.214339 -0.470566
v 3.065243 1.213185 -0.470228
v 2.874623 1.208882 -0.459315
v 2.720819 1.212299 -0.464244
v 2.558675 1.213775 -0.466615
v 2.392263 1.213926 -0.466948
v 2.225846 1.214088 -0.468083
v 2.058499 1.213956 -0.467885
v 1.890797 1.212823 -0.467988
v 1.724648 1.209789 -0.465509
v 1.552605 1.210841 -0.471860
v 1.386023 1.210713 -0.470908
v 1.233218 1.209341 -0.462094
v 1.062652 1.212354 -0.464520
v 0.893544 1.212605 -0.465815
v 0.708553 1.213712 -0.472547
v 0.663992 1.213660 -0.472238
v 0.663520 1.175306 -0.447906
v 0.673876 0.021776 0.556344
v 0.719364 0.022277 0.556383
v 0.705344 0.899297 0.564317
v 0.884981 0.901511 0.559637
v 1.053220 0.901649 0.559325
v 1.216053 0.900258 0.562502
v 1.376970 0.897554 0.568625
v 1.548013 0.897664 0.567691
v 1.716830 0.895848 0.567648
v 1.888151 0.897322 0.564290
v 2.056514 0.900029 0.553921
v 2.222666 0.900375 0.553140
v 2.392949 0.900128 0.558697
v 2.548075 0.903597 0.545838
v 2.711073 0.903911 0.545136
v 2.883827 0.901355 0.550957
v 3.088837 0.895129 0.572408
v 3.245591 0.898859 0.565625
v 3.399474 0.901599 0.559421
v 3.375762 0.025621 0.409196
v 3.404996 0.025621 0.409196
v 3.426397 0.902018 0.558472
v 3.427795 0.939496 0.589899
v 3.400376 0.939212 0.590710
v 3.244372 0.937251 0.596303
v 3.090706 0.933382 0.605068
v 2.884958 0.938008 0.582140
v 2.710265 0.940662 0.574605
v 2.546625 0.940709 0.574474
v 2.391589 0.938287 0.587487
v 2.222048 0.937981 0.582214
v 2.056308 0.937808 0.582701
v 1.887647 0.934916 0.597985
v 1.715484 0.933571 0.601801
v 1.548491 0.936240 0.598620
v 1.377851 0.936203 0.599300
v 1.216011 0.938201 0.593601
v 1.053858 0.939531 0.589802
v 0.884454 0.939199 0.590749
v 0.703917 0.937265 0.596076
v 0.656585 0.937002 0.596747
v 0.658243 0.899004 0.564872
v 0.887811 0.650413 0.673027
v 0.714988 0.648310 0.675900
v 0.708219 0.012335 0.676903
v 0.661453 0.011189 0.677383
v 0.668938 0.648030 0.676284
v 0.670623 0.686454 0.712710
v 0.716537 0.686686 0.712349
v 0.886351 0.687506 0.711070
v 1.046654 0.684281 0.715979
v 1.202525 0.677292 0.726256
v 1.379651 0.680404 0.718285
v 1.560836 0.690260 0.699558
v 1.725969 0.690260 0.699558
v 1.890432 0.686989 0.708332
v 2.058455 0.684389 0.715305
v 2.227385 0.684000 0.716348
v 2.396328 0.683790 0.716676
v 2.574806 0.675307 0.729658
v 2.739670 0.680026 0.722544
v 2.909898 0.680026 0.722544
v 3.075461 0.682126 0.719271
v 3.258164 0.677107 0.726854
v 3.403144 0.685908 0.713443
v 3.427394 0.687606 0.710856
v 3.426380 0.650246 0.673203
v 3.404996 0.025619 0.494026
v 3.375762 0.025619 0.494026
v 3.401595 0.648607 0.675382
v 3.254745 0.639921 0.686927
v 3.075292 0.644040 0.681499
v 2.910253 0.641478 0.684999
v 2.739953 0.641478 0.684999
v 2.573665 0.637650 0.690028
v 2.394993 0.647650 0.676663
v 2.226693 0.647901 0.676320
v 2.058519 0.648057 0.675967
v 1.890859 0.650174 0.671178
v 1.726721 0.654209 0.662050
v 1.561857 0.654209 0.662050
v 1.381978 0.643847 0.678189
v 1.205294 0.640317 0.686004
v 1.048984 0.647445 0.676969
v 0.650026 0.001479 0.800663
v 0.698030 0.003288 0.799527
v 0.734790 0.405698 0.778248
v 0.901122 0.406233 0.777458
v 1.068572 0.407103 0.774227
v 1.218943 0.394382 0.787378
v 1.397872 0.407103 0.774227
v 1.560529 0.404271 0.780355
v 1.724945 0.400842 0.785418
v 1.891590 0.400142 0.786275
v 2.058583 0.397643 0.788925
v 2.226072 0.397643 0.788925
v 2.394845 0.394916 0.791818
v 2.563223 0.394509 0.792237
v 2.733190 0.392569 0.794138
v 2.899679 0.394455 0.792138
v 3.083297 0.383214 0.803722
v 3.254064 0.383214 0.803722
v 3.409576 0.391584 0.795089
v 3.375762 0.025616 0.578856
v 3.404996 0.025616 0.578856
v 3.438478 0.391953 0.794708
v 3.437768 0.430338 0.838154
v 3.408863 0.429997 0.838546
v 3.257721 0.419509 0.850596
v 3.086435 0.419509 0.850596
v 2.903279 0.429360 0.839296
v 2.736704 0.426919 0.842170
v 2.564283 0.430943 0.837635
v 2.395198 0.432071 0.836340
v 2.226041 0.435492 0.832310
v 2.058580 0.435492 0.832310
v 1.891598 0.437786 0.829608
v 1.725132 0.438853 0.828011
v 1.561768 0.443307 0.820612
v 1.398452 0.444663 0.815766
v 1.218442 0.431488 0.830902
v 1.069578 0.444663 0.815766
v 0.900665 0.443213 0.820768
v 0.734281 0.442722 0.821585
v 0.690853 0.443213 0.820768
v 0.691401 0.406233 0.777458
v 2.058646 0.142115 0.907002
v 1.890578 0.142115 0.907002
v 1.722509 0.142115 0.907002
v 1.556163 0.145685 0.903758
v 1.388691 0.145685 0.903758
v 1.221588 0.146108 0.903272
v 1.060193 0.151696 0.896901
v 0.893731 0.151550 0.897069
v 0.722455 0.147589 0.899903
v 0.695443 0.000522 0.919238
v 0.647086 -0.001442 0.920793
v 0.677302 0.147408 0.899892
v 0.685602 0.190816 0.944073
v 0.729451 0.190266 0.944823
v 0.897055 0.191492 0.943416
v 1.063056 0.191686 0.943170
v 1.223237 0.185703 0.951039
v 1.388735 0.183477 0.953551
v 1.556196 0.183477 0.953551
v 1.722138 0.178847 0.958162
v 1.890403 0.178847 0.958162
v 2.058668 0.178847 0.958162
v 2.226041 0.183477 0.953551
v 2.393502 0.183477 0.953551
v 2.559287 0.186582 0.950458
v 2.725857 0.187076 0.949967
v 2.892694 0.187076 0.949967
v 3.061144 0.185556 0.951444
v 3.240079 0.175995 0.960742
v 3.427884 0.162533 0.973833
v 3.459019 0.161739 0.974605
v 3.454005 0.126763 0.920418
v 3.404996 0.025614 0.663687
v 3.375762 0.025614 0.663687
v 3.423083 0.127511 0.919755
v 3.235653 0.141691 0.907204
v 3.060113 0.148923 0.900803
v 2.892694 0.149492 0.900299
v 2.725857 0.149493 0.900299
v 2.559119 0.149303 0.900471
v 2.393075 0.146964 0.902596
v 2.225816 0.146964 0.902596
v 3.413904 1.118846 0.030071
v 3.418938 1.118778 -0.035639
v 3.450066 1.118763 -0.035690
v 3.444810 1.118832 0.030074
v 3.430269 1.044087 0.081047
v 3.420790 0.970304 0.131334
v 3.419500 0.896109 0.181851
v 3.414411 0.822930 0.231701
v 3.413716 0.749052 0.281999
v 3.413716 0.675014 0.332402
v 3.413716 0.600976 0.382805
v 3.413716 0.526938 0.433208
v 3.413716 0.464169 0.483034
v 3.413716 0.401399 0.532861
v 3.413716 0.338630 0.582687
v 3.413716 0.275861 0.632513
v 3.414703 0.212423 0.682815
v 3.415523 0.149014 0.733103
v 3.418738 0.083686 0.784778
v 3.420895 0.018925 0.836063
v 3.390857 0.019468 0.835670
v 3.388891 0.084084 0.784491
v 3.385974 0.149219 0.732956
v 3.385502 0.212386 0.682841
v 3.384483 0.275861 0.632513
v 3.384483 0.338630 0.582687
v 3.384483 0.401399 0.532861
v 3.384483 0.464169 0.483034
v 3.384483 0.526938 0.433208
v 3.384483 0.600976 0.382805
v 3.384483 0.675014 0.332402
v 3.384483 0.749052 0.281999
v 3.385076 0.822950 0.231687
v 3.389829 0.896166 0.181815
v 3.391069 0.970346 0.131307
v 3.400040 1.044131 0.081021
v 3.408913 1.673965 0.033343
v 3.400335 1.670572 -0.036121
v 3.429677 1.670518 -0.036118
v 3.438675 1.674000 0.033345
v 3.454995 1.566265 0.089027
v 3.437590 1.448310 0.143160
v 3.420196 1.333180 0.195927
v 3.419613 1.221903 0.250102
v 3.422300 1.110649 0.304921
v 3.420355 0.999463 0.358723
v 3.418952 0.888487 0.412537
v 3.418077 0.777596 0.466421
v 3.418077 0.683443 0.519953
v 3.418077 0.589289 0.573486
v 3.418208 0.495074 0.627076
v 3.419255 0.400348 0.681114
v 3.430091 0.299534 0.740303
v 3.432795 0.202725 0.795811
v 3.436377 0.104890 0.852054
v 3.437952 0.008195 0.907303
v 3.407322 0.009003 0.906673
v 3.405831 0.105591 0.851493
v 3.403693 0.202417 0.796065
v 3.400994 0.299290 0.740510
v 3.390410 0.400121 0.681316
v 3.390158 0.494505 0.627608
v 3.389615 0.588973 0.573801
v 3.389065 0.683367 0.520035
v 3.389018 0.777549 0.466479
v 3.389753 0.888477 0.412553
v 3.391165 0.999452 0.358748
v 3.392977 1.110649 0.304921
v 3.390348 1.221903 0.250102
v 3.390694 1.333148 0.195899
v 3.407867 1.448294 0.143154
v 3.425034 1.566283 0.089031
v 3.393412 1.940846 0.034897
v 3.397523 1.943254 -0.036536
v 3.426680 1.943130 -0.036531
v 3.422584 1.940782 0.034893
v 3.426468 1.812862 0.091286
v 3.443632 1.689431 0.149060
v 3.461930 1.563258 0.208390
v 3.435894 1.424428 0.261586
v 3.423336 1.291941 0.315670
v 3.429931 1.162152 0.373628
v 3.427587 1.031875 0.429309
v 3.423270 0.902389 0.484099
v 3.421819 0.792687 0.538998
v 3.421685 0.682761 0.594390
v 3.421459 0.572894 0.649730
v 3.421509 0.462928 0.705188
v 3.436378 0.344476 0.768591
v 3.443834 0.228474 0.828925
v 3.445783 0.115310 0.886465
v 3.446430 0.002892 0.943308
v 3.415608 0.003748 0.942615
v 3.414991 0.116069 0.885826
v 3.414827 0.227988 0.829355
v 3.407369 0.344143 0.768903
v 3.394864 0.461613 0.706512
v 3.394783 0.571808 0.650931
v 3.395199 0.681820 0.595567
v 3.395453 0.791942 0.540107
v 3.394213 0.902346 0.484184
v 3.398429 1.031855 0.429383
v 3.400493 1.162152 0.373628
v 3.393952 1.291931 0.315650
v 3.405674 1.424290 0.261472
v 3.429323 1.562345 0.207989
v 3.411488 1.688290 0.148728
v 3.396645 1.812638 0.091251
v 3.380123 0.424359 0.213377
v 3.380123 0.387339 0.260031
v 3.380123 0.350320 0.306685
v 3.380123 0.313300 0.353340
v 3.380123 0.276280 0.399994
v 3.380123 0.244895 0.446115
v 3.380123 0.213510 0.492236
v 3.380123 0.182124 0.538357
v 3.380123 0.150739 0.584477
v 3.380123 0.119354 0.630598
v 3.380123 0.087969 0.676719
v 3.380123 0.056583 0.722840
v 3.380297 0.025053 0.769058
v 3.409649 0.024958 0.769121
v 3.409356 0.056583 0.722840
v 3.409356 0.087969 0.676719
v 3.409356 0.119354 0.630598
v 3.409356 0.150739 0.584477
v 3.409356 0.182124 0.538357
v 3.409356 0.213510 0.492236
v 3.409356 0.244895 0.446115
v 3.409356 0.276280 0.399994
v 3.409356 0.313300 0.353340
v 3.409356 0.350320 0.306685
v 3.409356 0.387339 0.260031
v 3.409356 0.424359 0.213377
v 3.409356 0.461379 0.166722
v 3.409356 0.498398 0.120068
v 3.409356 0.535418 0.073413
v 3.409356 0.572438 0.026759
v 3.409356 0.572438 -0.032547
v 3.380123 0.572438 -0.032547
v 3.380123 0.572438 0.026759
v 3.380123 0.535418 0.073413
v 3.380123 0.498398 0.120068
v 3.380123 0.461379 0.166722
v 3.377942 0.224994 0.204267
v 3.377942 0.206483 0.249047
v 3.377942 0.187972 0.293827
v 3.377942 0.169462 0.338607
v 3.377942 0.150951 0.383387
v 3.377942 0.135258 0.427655
v 3.377942 0.119565 0.471923
v 3.377942 0.103872 0.516191
v 3.377942 0.088178 0.560459
v 3.377942 0.072485 0.604727
v 3.377942 0.056792 0.648995
v 3.377942 0.041099 0.693263
v 3.377942 0.025405 0.737531
v 3.407176 0.025405 0.737531
v 3.407176 0.041099 0.693263
v 3.407176 0.056792 0.648995
v 3.407176 0.072485 0.604727
v 3.407176 0.088178 0.560459
v 3.407176 0.103872 0.516191
v 3.407176 0.119565 0.471923
v 3.407176 0.135258 0.427655
v 3.407176 0.150951 0.383387
v 3.407176 0.169462 0.338607
v 3.407176 0.187972 0.293827
v 3.407176 0.206483 0.249047
v 3.407176 0.224994 0.204267
v 3.407176 0.243504 0.159487
v 3.407176 0.262015 0.114706
v 3.407176 0.280525 0.069926
v 3.407176 0.299036 0.025146
v 3.407176 0.299036 -0.031777
v 3.377942 0.299036 -0.031777
v 3.377942 0.299036 0.025146
v 3.377942 0.280525 0.069926
v 3.377942 0.262015 0.114706
v 3.377942 0.243504 0.159487
v 3.415490 0.838579 0.028429
v 3.416702 0.838314 -0.034850
v 3.447828 0.838070 -0.034899
v 3.446563 0.838341 0.028431
v 3.436601 0.783922 0.077837
v 3.421112 0.731951 0.126128
v 3.411851 0.679147 0.173992
v 3.411536 0.623724 0.222486
v 3.411536 0.568196 0.271015
v 3.411536 0.512667 0.319544
v 3.411536 0.457138 0.368072
v 3.411536 0.401609 0.416601
v 3.411536 0.354532 0.464575
v 3.411536 0.307455 0.512548
v 3.411536 0.260377 0.560522
v 3.411536 0.213300 0.608495
v 3.411536 0.166223 0.656469
v 3.411536 0.119145 0.704443
v 3.412666 0.071184 0.753019
v 3.414145 0.022859 0.801874
v 3.384482 0.023171 0.801657
v 3.383197 0.071353 0.752904
v 3.382303 0.119145 0.704443
v 3.382303 0.166223 0.656469
v 3.382303 0.213300 0.608495
v 3.382303 0.260377 0.560522
v 3.382303 0.307455 0.512548
v 3.382303 0.354532 0.464575
v 3.382303 0.401609 0.416601
v 3.382303 0.457138 0.368072
v 3.382303 0.512667 0.319544
v 3.382303 0.568196 0.271015
v 3.382303 0.623724 0.222486
v 3.382545 0.679170 0.173985
v 3.391231 0.732084 0.126095
v 3.405952 0.784151 0.077803
v 3.430775 1.301872 0.084504
v 3.447928 1.398637 0.031727
v 3.452304 1.399456 -0.036480
v 3.421175 1.399242 -0.036429
v 3.416984 1.398441 0.031723
v 3.400599 1.301796 0.084477
v 3.391852 1.207823 0.136579
v 3.388157 1.114978 0.188610
v 3.386663 1.022455 0.240706
v 3.386663 0.929908 0.292983
v 3.386663 0.837361 0.345260
v 3.386663 0.744814 0.397537
v 3.386663 0.652267 0.449815
v 3.386663 0.573806 0.501494
v 3.386663 0.495344 0.553173
v 3.386663 0.416883 0.604852
v 3.387379 0.337994 0.656869
v 3.392594 0.256066 0.711239
v 3.393327 0.176732 0.763550
v 3.396758 0.095224 0.817505
v 3.398755 0.014506 0.870826
v 3.429104 0.013813 0.871348
v 3.426969 0.094650 0.817940
v 3.422487 0.176885 0.763433
v 3.421752 0.256198 0.711137
v 3.416592 0.338015 0.656853
v 3.415896 0.416883 0.604852
v 3.415896 0.495344 0.553173
v 3.415896 0.573806 0.501494
v 3.415896 0.652267 0.449815
v 3.415896 0.744814 0.397537
v 3.415896 0.837361 0.345260
v 3.415896 0.929908 0.292983
v 3.415896 1.022455 0.240706
v 3.417563 1.114975 0.188627
v 3.421498 1.207838 0.136603
v 3.376853 0.125311 0.199712
v 3.376853 0.116055 0.243555
v 3.376853 0.106799 0.287398
v 3.376853 0.097543 0.331241
v 3.376853 0.088287 0.375084
v 3.376853 0.080440 0.418426
v 3.376853 0.072592 0.461767
v 3.376853 0.064745 0.505109
v 3.376853 0.056898 0.548450
v 3.376853 0.049051 0.591792
v 3.376853 0.041203 0.635133
v 3.376853 0.033356 0.678475
v 3.376853 0.025509 0.721816
v 3.406086 0.025509 0.721816
v 3.406086 0.033356 0.678475
v 3.406086 0.041203 0.635133
v 3.406086 0.049051 0.591792
v 3.406086 0.056898 0.548450
v 3.406086 0.064745 0.505109
v 3.406086 0.072592 0.461767
v 3.406086 0.080440 0.418426
v 3.406086 0.088287 0.375084
v 3.406086 0.097543 0.331241
v 3.406086 0.106799 0.287398
v 3.406086 0.116055 0.243555
v 3.406086 0.125311 0.199712
v 3.406086 0.134567 0.155869
v 3.406086 0.143823 0.112026
v 3.406086 0.153079 0.068183
v 3.406086 0.162335 0.024340
v 3.406086 0.162335 -0.031392
v 3.376853 0.162335 -0.031392
v 3.376853 0.162335 0.024340
v 3.376853 0.153079 0.068183
v 3.376853 0.143823 0.112026
v 3.376853 0.134567 0.155869
v 0.632620 0.505407 -0.754576
v 0.631370 0.543722 -0.796832
v 0.680774 0.544824 -0.795119
v 0.883374 0.559251 -0.774593
v 1.065439 0.566005 -0.763250
v 1.228302 0.564372 -0.765370
v 1.382483 0.555348 -0.779512
v 1.554349 0.559011 -0.774738
v 1.721280 0.557442 -0.778029
v 1.889820 0.556999 -0.778793
v 2.058603 0.556999 -0.778793
v 2.227813 0.555648 -0.780556
v 2.399216 0.551937 -0.785398
v 2.577136 0.543258 -0.797437
v 2.743189 0.548246 -0.790420
v 2.893965 0.560469 -0.772555
v 3.037502 0.571420 -0.755738
v 3.198744 0.572549 -0.754172
v 3.384532 0.566148 -0.765255
v 3.418119 0.564889 -0.767435
v 3.419074 0.527125 -0.727788
v 3.385995 0.528337 -0.725975
v 3.201731 0.534733 -0.716408
v 3.039779 0.533727 -0.717653
v 2.892369 0.523769 -0.730944
v 2.742532 0.510158 -0.748551
v 2.575132 0.506749 -0.752884
v 2.399196 0.513617 -0.744393
v 2.227901 0.517222 -0.740206
v 2.058610 0.518416 -0.738820
v 1.889674 0.518416 -0.738820
v 1.720815 0.518568 -0.738593
v 1.552898 0.519528 -0.736739
v 1.380829 0.516001 -0.740832
v 1.226269 0.525789 -0.727359
v 1.062393 0.527172 -0.725758
v 0.883375 0.521387 -0.734187
v 0.682318 0.506726 -0.752769
v 0.717773 0.020950 -0.732632
v 0.671989 0.020458 -0.732949
v 0.677376 0.775795 -0.615573
v 0.680766 0.813686 -0.647918
v 0.720750 0.812728 -0.650337
v 0.873154 0.809850 -0.658813
v 1.046803 0.811163 -0.656005
v 1.220554 0.811978 -0.651790
v 1.389945 0.812925 -0.649609
v 1.559710 0.814882 -0.645803
v 1.729531 0.818029 -0.636312
v 1.892915 0.818194 -0.635996
v 2.056144 0.818194 -0.635996
v 2.219372 0.818194 -0.635996
v 2.388060 0.816199 -0.643282
v 2.555744 0.814690 -0.646299
v 2.732913 0.809513 -0.657018
v 2.904817 0.809964 -0.658409
v 3.065424 0.811437 -0.653786
v 3.201345 0.817481 -0.637489
v 3.384072 0.815766 -0.645004
v 3.417741 0.815268 -0.646850
v 3.418634 0.777686 -0.613408
v 3.385391 0.778241 -0.611839
v 3.203227 0.780442 -0.605002
v 3.064629 0.774119 -0.619010
v 2.905713 0.771579 -0.624675
v 2.735975 0.770549 -0.625105
v 2.558283 0.776249 -0.615048
v 2.389557 0.778272 -0.611607
v 2.219922 0.781033 -0.603946
v 2.056361 0.781033 -0.603946
v 1.892801 0.781033 -0.603946
v 1.729196 0.780981 -0.604031
v 1.560930 0.778298 -0.610477
v 1.391879 0.776252 -0.613828
v 1.224849 0.775997 -0.614472
v 1.051288 0.774736 -0.618875
v 0.878523 0.773373 -0.621465
v 0.719262 0.775120 -0.617015
v 0.713373 0.018283 -0.619661
v 0.667184 0.017581 -0.620042
v 2.058603 0.302996 -0.900990
v 1.889820 0.302996 -0.900990
v 1.721038 0.302996 -0.900990
v 1.551140 0.301064 -0.903032
v 1.377851 0.295759 -0.908641
v 1.213498 0.301695 -0.902237
v 1.055908 0.310420 -0.891679
v 0.898915 0.316481 -0.883874
v 0.727667 0.313946 -0.887682
v 0.681929 0.313500 -0.888279
v 0.681956 0.276027 -0.841884
v 0.675161 0.021729 -0.846043
v 0.721356 0.022624 -0.845340
v 0.728366 0.276946 -0.840879
v 0.900179 0.280430 -0.836805
v 1.056670 0.273730 -0.844488
v 1.216405 0.266707 -0.852083
v 1.381122 0.261716 -0.856893
v 1.553284 0.266724 -0.852094
v 1.722276 0.268251 -0.850631
v 1.890424 0.268251 -0.850631
v 2.058573 0.268251 -0.850631
v 2.226714 0.267464 -0.851229
v 2.393116 0.268648 -0.849118
v 2.554529 0.276322 -0.840904
v 2.719104 0.278129 -0.839176
v 2.876251 0.286809 -0.830414
v 3.065821 0.268383 -0.850096
v 3.257721 0.252038 -0.866988
v 3.429006 0.252038 -0.866988
v 3.457872 0.252759 -0.866260
v 3.459019 0.290624 -0.914739
v 3.427884 0.291313 -0.913973
v 3.253745 0.293412 -0.911641
v 3.058155 0.311676 -0.890544
v 2.873746 0.325475 -0.873937
v 2.717115 0.317066 -0.883282
v 2.553003 0.315266 -0.885154
v 2.394608 0.302669 -0.899975
v 2.227419 0.301941 -0.901902
v 0.643785 0.381489 -0.807174
v 0.647240 0.421676 -0.849470
v 0.700248 0.424796 -0.845035
v 0.880787 0.429944 -0.837377
v 1.050860 0.431488 -0.835593
v 1.205723 0.421797 -0.848989
v 1.368438 0.413815 -0.859192
v 1.543775 0.417907 -0.854593
v 1.716149 0.419509 -0.852735
v 1.887435 0.419509 -0.852735
v 2.058721 0.419509 -0.852735
v 2.230427 0.417896 -0.854606
v 2.403450 0.414414 -0.858336
v 2.567733 0.422784 -0.847254
v 2.733841 0.427010 -0.842290
v 2.877273 0.445587 -0.818329
v 3.036085 0.449332 -0.813743
v 3.224812 0.437194 -0.830120
v 3.407633 0.430553 -0.839167
v 3.438436 0.429997 -0.839892
v 3.439166 0.391584 -0.796463
v 3.409121 0.391830 -0.796190
v 3.233717 0.394797 -0.792434
v 3.039969 0.410305 -0.774006
v 2.880809 0.406145 -0.778598
v 2.734753 0.387648 -0.799686
v 2.565366 0.387837 -0.799393
v 2.401997 0.378700 -0.810140
v 2.229796 0.381869 -0.807100
v 2.058696 0.383214 -0.805696
v 1.887929 0.383214 -0.805696
v 1.717163 0.383214 -0.805696
v 1.545556 0.381913 -0.807054
v 1.370827 0.377664 -0.811448
v 1.206915 0.384642 -0.803564
v 1.051397 0.394376 -0.791596
v 0.881894 0.393094 -0.792930
v 0.695998 0.384405 -0.803520
v 0.721703 0.023705 -0.787805
v 0.676179 0.023330 -0.788076
v 2.057476 0.194513 -0.942273
v 1.892043 0.192129 -0.944973
v 1.724945 0.187453 -0.950270
v 1.556855 0.184791 -0.952939
v 1.385608 0.178847 -0.958774
v 1.222389 0.184791 -0.952939
v 1.058500 0.187965 -0.949689
v 0.898910 0.192881 -0.943677
v 0.739272 0.195998 -0.939348
v 0.692863 0.194744 -0.940769
v 0.690754 0.156361 -0.893084
v 0.674875 0.020720 -0.903596
v 0.721553 0.022008 -0.902515
v 0.737044 0.157540 -0.891879
v 0.895583 0.153050 -0.897060
v 1.057804 0.149782 -0.900734
v 1.222801 0.147623 -0.902702
v 1.386371 0.142115 -0.907630
v 1.557099 0.147623 -0.902702
v 1.725139 0.150600 -0.899899
v 1.892227 0.157430 -0.892928
v 2.057456 0.157430 -0.892928
v 2.223177 0.155024 -0.895118
v 2.388980 0.150307 -0.898670
v 2.562694 0.135663 -0.912610
v 2.729250 0.142595 -0.907069
v 2.897840 0.142016 -0.907702
v 3.086435 0.123153 -0.925752
v 3.257721 0.123153 -0.925752
v 3.409152 0.137760 -0.912042
v 3.438056 0.138247 -0.911584
v 3.438436 0.175995 -0.962089
v 3.409051 0.175861 -0.962226
v 3.253423 0.165211 -0.973174
v 3.082723 0.165229 -0.973154
v 2.891389 0.186211 -0.950896
v 2.723646 0.187135 -0.949802
v 2.558795 0.179853 -0.956207
v 2.387497 0.190533 -0.944966
v 2.223210 0.192026 -0.944712
v 0.890222 0.688856 -0.709380
v 0.698458 0.680537 -0.722937
v 0.651988 0.680342 -0.723292
v 0.651377 0.641818 -0.685858
v 0.668550 0.018164 -0.677103
v 0.714622 0.018805 -0.676723
v 0.697952 0.642061 -0.685474
v 0.890853 0.651494 -0.671966
v 1.065475 0.654524 -0.666597
v 1.236745 0.656872 -0.661541
v 1.397078 0.654104 -0.665226
v 1.564564 0.656822 -0.661608
v 1.726238 0.653653 -0.668254
v 1.892033 0.653653 -0.668254
v 2.057827 0.653653 -0.668254
v 2.223678 0.653500 -0.668459
v 2.393982 0.648978 -0.675669
v 2.569655 0.641477 -0.686315
v 2.743413 0.639011 -0.690145
v 2.911147 0.640080 -0.688083
v 3.054622 0.651650 -0.670414
v 3.201499 0.657907 -0.660163
v 3.385884 0.653273 -0.668976
v 3.419002 0.652392 -0.670652
v 3.418119 0.690058 -0.707218
v 3.384532 0.690932 -0.705223
v 3.198744 0.695372 -0.695084
v 3.055935 0.688754 -0.708086
v 2.911935 0.678243 -0.726513
v 2.745884 0.675926 -0.730797
v 2.569443 0.680026 -0.723777
v 2.393327 0.687369 -0.711775
v 2.222772 0.691819 -0.703126
v 2.057476 0.691913 -0.702982
v 1.892217 0.691913 -0.702982
v 1.726958 0.691913 -0.702982
v 1.565251 0.694218 -0.696836
v 1.397777 0.691494 -0.700973
v 1.237963 0.694218 -0.696836
v 1.064703 0.691524 -0.703870
v 0.678038 0.899581 -0.558584
v 0.676646 0.936633 -0.589972
v 0.720324 0.936692 -0.590490
v 0.864241 0.934554 -0.602484
v 1.038596 0.935367 -0.600213
v 1.207332 0.934968 -0.601013
v 1.378283 0.936230 -0.600125
v 1.548566 0.936247 -0.599876
v 1.725239 0.939493 -0.586512
v 1.892136 0.940500 -0.583650
v 2.057476 0.940613 -0.583336
v 2.222734 0.940613 -0.583336
v 2.382601 0.941017 -0.576908
v 2.547118 0.940489 -0.578359
v 2.714785 0.939242 -0.581785
v 2.896509 0.937568 -0.592274
v 3.082055 0.935332 -0.602449
v 3.221522 0.939368 -0.587143
v 3.391243 0.940345 -0.587615
v 3.422019 0.940309 -0.588182
v 3.421650 0.902754 -0.557337
v 3.390411 0.902853 -0.556640
v 3.220337 0.901811 -0.556174
v 3.082668 0.896518 -0.571572
v 2.899962 0.899472 -0.563264
v 2.715764 0.902193 -0.552014
v 2.548106 0.903559 -0.548991
v 2.383413 0.904117 -0.547755
v 2.222274 0.903503 -0.552069
v 2.057293 0.903503 -0.552069
v 1.892286 0.903460 -0.552166
v 1.726376 0.902762 -0.553737
v 1.551213 0.899150 -0.565420
v 1.381142 0.899023 -0.566285
v 1.206987 0.897003 -0.569889
v 1.038153 0.897403 -0.569109
v 0.863996 0.896517 -0.571104
v 0.721442 0.899570 -0.559168
v 0.714622 0.019888 -0.561448
v 0.668550 0.019247 -0.561762
v 0.658876 0.519257 0.506843
v 0.669794 0.460678 0.560621
v 0.675542 0.400372 0.615615
v 0.683836 0.341517 0.668320
v 0.694052 0.284036 0.718558
v 0.700111 0.225336 0.770963
v 0.679519 0.149119 0.840505
v 0.657110 0.069869 0.913774
v 0.704956 0.071607 0.912349
v 0.725645 0.150087 0.839831
v 0.743131 0.224662 0.771883
v 0.737399 0.283479 0.719337
v 0.728093 0.341270 0.668685
v 0.721128 0.400655 0.615380
v 0.716013 0.461166 0.560218
v 0.706375 0.520123 0.506154
v 0.697451 0.516131 -0.510787
v 0.689771 0.447958 -0.572553
v 0.690196 0.383543 -0.631063
v 0.697315 0.323169 -0.685983
v 0.714579 0.270034 -0.734553
v 0.727157 0.214768 -0.784570
v 0.732600 0.155320 -0.838144
v 0.732856 0.092947 -0.894773
v 0.685768 0.091148 -0.896395
v 0.686560 0.154414 -0.839009
v 0.681488 0.214281 -0.785041
v 0.668179 0.269359 -0.735163
v 0.649604 0.322114 -0.686923
v 0.641712 0.382280 -0.632175
v 0.640711 0.446521 -0.573793
v 0.648880 0.514928 -0.511812
v 0.658876 1.026566 -0.000466
v 0.671712 1.176475 -0.000329
v 0.667019 1.326001 -0.000542
v 0.650513 1.479400 -0.000909
v 0.669122 1.623975 -0.000552
v 0.678499 1.768781 -0.000363
v 0.675908 1.918366 -0.000421
v 0.655655 2.080451 -0.000811
v 0.644062 2.240118 -0.001035
v 0.645882 2.277178 -0.001000
v 0.694355 2.275153 -0.000952
v 0.862787 2.277178 -0.001000
v 1.033631 2.277178 -0.001000
v 1.203761 2.278142 -0.001012
v 1.373962 2.279484 -0.000987
v 1.541596 2.287607 -0.000980
v 1.715511 2.282350 -0.001057
v 1.887177 2.282041 -0.001056
v 2.058862 2.288638 -0.001020
v 2.231538 2.289248 -0.001019
v 2.403487 2.286907 -0.000964
v 2.575517 2.286282 -0.000949
v 2.735803 2.266595 -0.000474
v 2.894797 2.253153 -0.000348
v 3.067984 2.259573 -0.000308
v 3.236381 2.259737 -0.000307
v 3.396350 2.252998 -0.000349
v 3.423995 2.251675 -0.000357
v 3.425014 2.214834 -0.000352
v 3.424241 1.941732 -0.000768
v 3.433670 1.672074 -0.001513
v 3.451472 1.399300 -0.002351
v 3.448701 1.118781 -0.002772
v 3.447828 0.838070 -0.003233
v 3.409356 0.572438 -0.002894
v 3.407176 0.299036 -0.003315
v 3.406086 0.162335 -0.003526
v 3.404996 0.025634 -0.003737
v 3.375762 0.025634 -0.003737
v 3.376853 0.162335 -0.003526
v 3.377942 0.299036 -0.003315
v 3.380123 0.572438 -0.002894
v 3.416702 0.838314 -0.003209
v 3.417630 1.118796 -0.002749
v 3.420384 1.399091 -0.002328
v 3.404180 1.672103 -0.001512
v 3.395080 1.941823 -0.000767
v 3.396171 2.215184 -0.000350
v 3.236021 2.221513 -0.000309
v 3.067546 2.221220 -0.000311
v 2.894881 2.215586 -0.000355
v 2.736080 2.228909 -0.000491
v 2.576029 2.248580 -0.000986
v 2.403830 2.249186 -0.001002
v 2.231369 2.249282 -0.000980
v 2.058860 2.248825 -0.000980
v 1.887305 2.242556 -0.001016
v 1.715822 2.242673 -0.001018
v 1.541008 2.250050 -0.001010
v 1.372837 2.242759 -0.001020
v 1.201875 2.242081 -0.001042
v 1.032314 2.240118 -0.001035
v 0.861248 2.240118 -0.001035
v 0.692688 2.238087 -0.000985
v 0.701394 2.080451 -0.000811
v 0.720946 1.918388 -0.000421
v 0.723377 1.768834 -0.000363
v 0.715515 1.623576 -0.000530
v 0.698610 1.478847 -0.000866
v 0.713650 1.325824 -0.000521
v 0.717518 1.176462 -0.000332
v 0.706375 1.026727 -0.000451
v 0.748377 0.537177 -0.001562
v 0.729289 0.032474 -0.000632
v 0.685905 0.033506 -0.000703
v 0.706224 0.537844 -0.001658
v 0.706308 0.048695 -0.246250
v 0.748377 0.047199 -0.246551
v 0.701341 0.517349 -0.255059
v 0.706956 1.026869 -0.253878
v 0.723796 1.176329 -0.221419
v 0.723124 1.324496 -0.192563
v 0.723467 1.472564 -0.163559
v 0.723818 1.620552 -0.134565
v 0.723818 1.768626 -0.105615
v 0.718482 1.919835 -0.077078
v 0.695963 2.084249 -0.049264
v 0.694665 2.236484 -0.019750
v 0.863086 2.238414 -0.019830
v 1.033887 2.238414 -0.019830
v 1.203197 2.240359 -0.019881
v 1.373495 2.241688 -0.019868
v 1.541333 2.249343 -0.020008
v 1.715913 2.242365 -0.019923
v 1.887382 2.242003 -0.019919
v 2.058851 2.248334 -0.019994
v 2.231250 2.248574 -0.019987
v 2.403497 2.248123 -0.019970
v 2.575382 2.247199 -0.019931
v 2.735842 2.228520 -0.019140
v 2.894863 2.215560 -0.018796
v 3.067127 2.220783 -0.018851
v 3.236389 2.221844 -0.018862
v 3.396431 2.215389 -0.018793
v 3.396292 1.942533 -0.018635
v 3.402222 1.671324 -0.018843
v 3.421086 1.399225 -0.019384
v 3.418608 1.118782 -0.019197
v 3.416702 0.838314 -0.019029
v 3.380123 0.572438 -0.017720
v 3.377942 0.299036 -0.017546
v 3.376853 0.162335 -0.017459
v 3.375762 0.025634 -0.017372
v 3.404996 0.025634 -0.017372
v 3.406086 0.162335 -0.017459
v 3.407176 0.299036 -0.017546
v 3.409356 0.572438 -0.017720
v 3.447828 0.838070 -0.019066
v 3.449721 1.118768 -0.019234
v 3.452177 1.399432 -0.019420
v 3.431645 1.671286 -0.018842
v 3.425451 1.942425 -0.018634
v 3.425576 2.215268 -0.018791
v 3.423857 2.251565 -0.019793
v 3.396145 2.252829 -0.019807
v 3.235965 2.259351 -0.019881
v 3.067518 2.259068 -0.019878
v 2.894701 2.253028 -0.019809
v 2.735144 2.265517 -0.020137
v 2.574880 2.284874 -0.020920
v 2.403160 2.285824 -0.020960
v 2.231386 2.288320 -0.021089
v 2.058852 2.288124 -0.021099
v 1.887210 2.281796 -0.021019
v 1.715541 2.282248 -0.021025
v 1.542249 2.286129 -0.020986
v 1.375061 2.277630 -0.020833
v 1.204977 2.276504 -0.020847
v 1.035248 2.275366 -0.020806
v 0.864675 2.275366 -0.020806
v 0.696404 2.273434 -0.020727
v 0.648115 2.275366 -0.020806
v 0.646235 2.238414 -0.019830
v 0.647634 2.085875 -0.049393
v 0.672419 1.920348 -0.077146
v 0.678839 1.768626 -0.105615
v 0.678839 1.620552 -0.134565
v 0.678612 1.472533 -0.163546
v 0.678265 1.324477 -0.192543
v 0.678839 1.176328 -0.221415
v 0.659659 1.026731 -0.254230
v 0.653823 0.516464 -0.255443
v 0.683317 1.026895 0.247814
v 0.671848 1.176267 0.221736
v 0.660326 1.326846 0.194267
v 0.641423 1.481566 0.166741
v 0.661169 1.626748 0.135361
v 0.673141 1.771223 0.105354
v 0.671506 1.920861 0.076247
v 0.650039 2.084249 0.047425
v 0.642714 2.241176 0.017824
v 0.644533 2.278273 0.018875
v 0.693116 2.276193 0.018888
v 0.861646 2.278273 0.018875
v 1.032655 2.278273 0.018875
v 1.203094 2.279041 0.018885
v 1.373230 2.280722 0.018931
v 1.540870 2.289252 0.019086
v 1.715586 2.282096 0.018921
v 1.887273 2.281375 0.018920
v 2.058868 2.289022 0.019072
v 2.231543 2.289252 0.019086
v 2.403502 2.286987 0.019069
v 2.575711 2.286727 0.019070
v 2.736250 2.267325 0.019227
v 2.894887 2.253269 0.019117
v 3.068227 2.259836 0.019274
v 3.236522 2.259868 0.019275
v 3.396420 2.253053 0.019112
v 3.424040 2.251711 0.019080
v 3.424426 2.214381 0.018072
v 3.423311 1.941198 0.017072
v 3.436217 1.673055 0.015881
v 3.450011 1.399027 0.014707
v 3.447042 1.118803 0.013671
v 3.447484 0.838144 0.012604
v 3.409356 0.572438 0.011932
v 3.407176 0.299036 0.010915
v 3.406086 0.162335 0.010407
v 3.404996 0.025634 0.009898
v 3.375762 0.025634 0.009898
v 3.376853 0.162335 0.010407
v 3.377942 0.299036 0.010915
v 3.380123 0.572438 0.011932
v 3.416396 0.838381 0.012614
v 3.416042 1.118817 0.013681
v 3.418992 1.398825 0.014716
v 3.406522 1.673027 0.015880
v 3.394152 1.941280 0.017074
v 3.396158 2.215174 0.018090
v 3.235998 2.221493 0.018241
v 3.067766 2.221450 0.018240
v 2.895043 2.215796 0.018089
v 2.736479 2.229545 0.018180
v 2.576258 2.249081 0.018006
v 2.403866 2.249321 0.018003
v 2.231333 2.249056 0.018050
v 2.058866 2.249221 0.018045
v 1.887327 2.242443 0.017912
v 1.715755 2.242904 0.017908
v 1.540922 2.250235 0.018021
v 1.372510 2.243288 0.017873
v 1.201080 2.243116 0.017861
v 1.031338 2.241176 0.017824
v 0.860107 2.241176 0.017824
v 0.691436 2.239101 0.017840
v 0.693636 2.085875 0.047461
v 0.715529 1.921563 0.076300
v 0.717756 1.771483 0.105402
v 0.707998 1.626285 0.135258
v 0.690062 1.480953 0.166484
v 0.707682 1.326603 0.194024
v 0.716687 1.176357 0.221820
v 0.727420 1.027082 0.248085
v 0.704430 0.519326 0.252969
v 0.711746 0.018088 0.251804
v 0.664601 0.016659 0.252109
v 0.656798 0.518437 0.253300
v 0.671688 0.775821 -0.503208
v 0.673235 0.682077 -0.559912
v 0.651879 0.578869 -0.627342
v 0.636426 0.475482 -0.693546
v 0.641093 0.380744 -0.749978
v 0.666868 0.299264 -0.793610
v 0.686589 0.216485 -0.838990
v 0.689235 0.124506 -0.894097
v 0.735443 0.125636 -0.892987
v 0.732652 0.217337 -0.838109
v 0.713698 0.300114 -0.792719
v 0.691603 0.382851 -0.747581
v 0.684975 0.476505 -0.692392
v 0.698947 0.579358 -0.626747
v 0.718593 0.682141 -0.559821
v 0.716239 0.775745 -0.503416
v 0.701220 0.772081 -0.254939
v 0.699665 0.770146 -0.001651
v 0.719429 0.775698 0.249338
v 0.710426 0.774564 0.504594
v 0.708626 0.678671 0.563220
v 0.716447 0.586552 0.617588
v 0.721428 0.494206 0.672580
v 0.729873 0.403933 0.724689
v 0.744585 0.318116 0.771486
v 0.741220 0.223022 0.829734
v 0.713689 0.109790 0.906116
v 0.666992 0.108711 0.906959
v 0.698131 0.223709 0.828766
v 0.702169 0.319062 0.770287
v 0.685939 0.404303 0.724176
v 0.675906 0.493985 0.672810
v 0.670449 0.586238 0.617936
v 0.661599 0.678159 0.563829
v 0.663529 0.774176 0.505111
v 0.673999 0.775462 0.249282
v 0.651333 0.769406 -0.001727
v 0.653346 0.771520 -0.255359
v 0.653579 0.262360 0.508518
v 0.658219 0.232742 0.564512
v 0.665651 0.204802 0.618431
v 0.672225 0.176745 0.672252
v 0.680344 0.150630 0.725444
v 0.668557 0.110504 0.789683
v 0.653646 0.067579 0.857245
v 0.650081 0.032777 0.918660
v 0.698381 0.034726 0.917073
v 0.702290 0.069837 0.855445
v 0.716135 0.112279 0.788359
v 0.724667 0.150384 0.725993
v 0.717128 0.176749 0.672627
v 0.711148 0.205034 0.618584
v 0.704999 0.233586 0.564154
v 0.701648 0.263830 0.507696
v 0.685218 0.253189 0.256291
v 0.703230 0.263975 -0.001591
v 0.716581 0.272635 -0.252431
v 0.702188 0.264187 -0.508843
v 0.707927 0.235703 -0.564441
v 0.711144 0.205764 -0.620804
v 0.717364 0.178172 -0.675358
v 0.722288 0.149850 -0.730158
v 0.726759 0.121119 -0.784807
v 0.729623 0.091334 -0.840058
v 0.726806 0.057291 -0.898915
v 0.679842 0.055686 -0.900311
v 0.683094 0.090041 -0.841152
v 0.681173 0.120637 -0.785220
v 0.676591 0.149384 -0.730511
v 0.671306 0.177567 -0.675784
v 0.664301 0.204794 -0.621462
v 0.660792 0.234648 -0.565119
v 0.654523 0.262963 -0.509587
v 0.671342 0.272407 -0.252547
v 0.656500 0.263175 -0.001712
v 0.636025 0.251368 0.256769
v 0.687543 1.025578 0.370003
v 0.673194 1.174415 0.331149
v 0.669744 1.325369 0.289602
v 0.656191 1.477940 0.248264
v 0.663111 1.626040 0.203191
v 0.670157 1.772582 0.158561
v 0.669770 1.921841 0.114752
v 0.647749 2.085797 0.071671
v 0.642384 2.241434 0.027267
v 0.644216 2.278530 0.028826
v 0.692824 2.276437 0.028820
v 0.861378 2.278530 0.028826
v 1.032425 2.278530 0.028826
v 1.202988 2.279184 0.028845
v 1.373057 2.281014 0.028905
v 1.540685 2.289671 0.029137
v 1.715725 2.281622 0.028905
v 1.887366 2.280729 0.028897
v 2.058867 2.288806 0.029119
v 2.231610 2.289671 0.029137
v 2.403389 2.286630 0.029083
v 2.575635 2.286572 0.029082
v 2.736342 2.267475 0.029084
v 2.894898 2.253283 0.028850
v 3.068259 2.259868 0.029066
v 3.236487 2.259836 0.029065
v 3.396405 2.253040 0.028842
v 3.424040 2.251711 0.028799
v 3.424125 2.214150 0.027277
v 3.422952 1.940993 0.025985
v 3.437471 1.673537 0.024605
v 3.449053 1.398848 0.023223
v 3.445993 1.118817 0.021879
v 3.447113 0.838223 0.020520
v 3.409356 0.572438 0.019346
v 3.407176 0.299036 0.018031
v 3.406086 0.162335 0.017373
v 3.404996 0.025634 0.016716
v 3.375762 0.025634 0.016716
v 3.376853 0.162335 0.017373
v 3.377942 0.299036 0.018031
v 3.380123 0.572438 0.019346
v 3.415988 0.838470 0.020524
v 3.415037 1.118831 0.021882
v 3.418061 1.398647 0.023226
v 3.407743 1.673507 0.024603
v 3.393780 1.941062 0.025988
v 3.396145 2.215164 0.027310
v 3.235978 2.221475 0.027515
v 3.067807 2.221493 0.027515
v 2.895161 2.215945 0.027315
v 2.736906 2.230224 0.027526
v 2.576206 2.248982 0.027505
v 2.403778 2.249060 0.027505
v 2.231362 2.249233 0.027560
v 2.058866 2.249039 0.027559
v 1.887373 2.242146 0.027374
v 1.715801 2.242760 0.027374
v 1.540872 2.250345 0.027545
v 1.372326 2.243588 0.027335
v 1.200879 2.243378 0.027325
v 1.031099 2.241434 0.027267
v 0.859829 2.241434 0.027267
v 0.691139 2.239342 0.027264
v 0.691302 2.087507 0.071753
v 0.713696 1.922633 0.114854
v 0.714709 1.772919 0.158650
v 0.709416 1.625746 0.203084
v 0.703985 1.477422 0.247900
v 0.712737 1.325712 0.290041
v 0.714674 1.174790 0.332157
v 0.731650 1.025807 0.370335
v 0.711801 0.774453 0.377343
v 0.701117 0.517765 0.380757
v 0.696472 0.260410 0.382103
v 0.700413 0.008282 0.380707
v 0.652865 0.006771 0.381107
v 0.647840 0.258693 0.382820
v 0.653205 0.516801 0.381317
v 0.665404 0.774106 0.377539
v 0.667184 1.176568 0.111165
v 0.678104 1.027473 0.124439
v 0.667937 0.772403 0.123459
v 0.684943 0.529632 0.123148
v 0.642256 0.255348 0.127264
v 0.678752 0.028184 0.124641
v 0.723818 0.028254 0.124635
v 0.691023 0.257023 0.127072
v 0.729794 0.529764 0.123205
v 0.713790 0.772820 0.123580
v 0.722785 1.027609 0.124534
v 0.713373 1.176551 0.111092
v 0.704341 1.327097 0.096896
v 0.687715 1.481580 0.082794
v 0.710429 1.625422 0.067178
v 0.721090 1.769912 0.052383
v 0.718242 1.919974 0.037853
v 0.697097 2.083456 0.023255
v 0.691964 2.238674 0.008422
v 0.860586 2.240732 0.008389
v 1.031747 2.240732 0.008389
v 1.201406 2.242692 0.008403
v 1.372655 2.243052 0.008422
v 1.541008 2.250047 0.008501
v 1.715754 2.242904 0.008442
v 1.887300 2.242605 0.008447
v 2.058864 2.249131 0.008530
v 2.231375 2.249312 0.008534
v 2.403887 2.249374 0.008499
v 2.576197 2.248943 0.008507
v 2.736145 2.229017 0.008841
v 2.894908 2.215623 0.008865
v 3.067684 2.221364 0.008964
v 3.235965 2.221463 0.008965
v 3.396145 2.215164 0.008870
v 3.394516 1.941493 0.008156
v 3.405277 1.672537 0.007175
v 3.419767 1.398973 0.006197
v 3.416909 1.118805 0.005469
v 3.416613 0.838333 0.004702
v 3.380123 0.572438 0.004519
v 3.377942 0.299036 0.003800
v 3.376853 0.162335 0.003440
v 3.375762 0.025634 0.003081
v 3.404996 0.025634 0.003081
v 3.406086 0.162335 0.003440
v 3.407176 0.299036 0.003800
v 3.409356 0.572438 0.004519
v 3.447748 0.838087 0.004685
v 3.447948 1.118791 0.005453
v 3.450850 1.399184 0.006181
v 3.434923 1.672557 0.007175
v 3.423681 1.941411 0.008154
v 3.424722 2.214610 0.008862
v 3.424040 2.251711 0.009362
v 3.396405 2.253040 0.009382
v 3.236487 2.259836 0.009484
v 3.068136 2.259737 0.009483
v 2.894850 2.253221 0.009384
v 2.736068 2.267027 0.009373
v 2.575673 2.286632 0.009058
v 2.403531 2.287065 0.009051
v 2.231562 2.289388 0.009032
v 2.058866 2.288960 0.009023
v 1.887208 2.281825 0.008933
v 1.715514 2.282341 0.008932
v 1.541178 2.288554 0.009045
v 1.373536 2.280205 0.008966
v 1.203363 2.278678 0.008931
v 1.033059 2.277821 0.008931
v 0.862118 2.277821 0.008931
v 0.693636 2.275756 0.008962
v 0.645091 2.277821 0.008931
v 0.643280 2.240732 0.008389
v 0.653430 2.081956 0.023259
v 0.673990 1.919454 0.037841
v 0.676367 1.769752 0.052368
v 0.663572 1.625924 0.067221
v 0.638848 1.482230 0.082900
v 0.656758 1.327359 0.097007
v 0.653645 1.026201 -0.128006
v 0.676706 1.176372 -0.111052
v 0.677880 1.324534 -0.096501
v 0.667938 1.475141 -0.082798
v 0.675783 1.621628 -0.067673
v 0.678839 1.768626 -0.052990
v 0.673819 1.919553 -0.038751
v 0.651212 2.083456 -0.025049
v 0.645052 2.239342 -0.010442
v 0.646895 2.276356 -0.010913
v 0.695285 2.274373 -0.010849
v 0.863643 2.276356 -0.010913
v 1.034365 2.276356 -0.010913
v 1.204291 2.277428 -0.010940
v 1.374510 2.278560 -0.010921
v 1.542026 2.286632 -0.010988
v 1.715528 2.282289 -0.011043
v 1.887177 2.282029 -0.011042
v 2.058857 2.288360 -0.011060
v 2.231473 2.288856 -0.011062
v 2.403367 2.286507 -0.010970
v 2.575254 2.285697 -0.010944
v 2.735444 2.266008 -0.010311
v 2.894713 2.253043 -0.010079
v 3.067779 2.259351 -0.010095
v 3.236204 2.259573 -0.010096
v 3.396259 2.252922 -0.010079
v 3.423936 2.251628 -0.010075
v 3.425301 2.215056 -0.009570
v 3.424839 1.942074 -0.009697
v 3.432665 1.671683 -0.010184
v 3.451933 1.399386 -0.010886
v 3.449294 1.118773 -0.011002
v 3.447748 0.838087 -0.011147
v 3.409356 0.572438 -0.010307
v 3.407176 0.299036 -0.010431
v 3.406086 0.162335 -0.010493
v 3.404996 0.025634 -0.010554
v 3.375762 0.025634 -0.010554
v 3.376853 0.162335 -0.010493
v 3.377942 0.299036 -0.010431
v 3.380123 0.572438 -0.010307
v 3.416613 0.838333 -0.011117
v 3.418218 1.118788 -0.010973
v 3.420844 1.399179 -0.010857
v 3.403201 1.671714 -0.010184
v 3.395680 1.942175 -0.009697
v 3.396276 2.215268 -0.009570
v 3.236238 2.221708 -0.009584
v 3.067358 2.221024 -0.009583
v 2.894870 2.215569 -0.009575
v 2.735985 2.228752 -0.009817
v 2.575756 2.247994 -0.010467
v 2.403698 2.248763 -0.010493
v 2.231332 2.249069 -0.010490
v 2.058856 2.248562 -0.010488
v 1.887332 2.242357 -0.010473
v 1.715909 2.242377 -0.010473
v 1.541119 2.249811 -0.010515
v 1.373115 2.242307 -0.010451
v 1.202475 2.241300 -0.010471
v 1.033030 2.239342 -0.010442
v 0.862085 2.239342 -0.010442
v 0.693602 2.237346 -0.010376
v 0.699243 2.081956 -0.024968
v 0.719685 1.919129 -0.038716
v 0.723818 1.768626 -0.052990
v 0.721401 1.621432 -0.067635
v 0.714454 1.474844 -0.082702
v 0.723174 1.324494 -0.096474
v 0.722132 1.176364 -0.111023
v 0.701454 1.026368 -0.127785
v 0.686124 0.767332 -0.129751
v 0.725113 0.527559 -0.125888
v 0.715896 0.271188 -0.127742
v 0.737137 0.038529 -0.124655
v 0.695153 0.040388 -0.124531
v 0.670517 0.270878 -0.127903
v 0.679124 0.526981 -0.126038
v 0.636488 0.766403 -0.130119
v 0.692308 0.038203 -0.372042
v 0.735825 0.037465 -0.372290
v 0.701545 0.263762 -0.381981
v 0.701576 0.517982 -0.381972
v 0.704668 0.773049 -0.381107
v 0.710607 1.026211 -0.379607
v 0.717894 1.176424 -0.333441
v 0.717773 1.325212 -0.289807
v 0.721777 1.472980 -0.245459
v 0.723761 1.620572 -0.201674
v 0.723818 1.768626 -0.158240
v 0.718342 1.919918 -0.115396
v 0.693748 2.085797 -0.073598
v 0.695930 2.235458 -0.029100
v 0.864238 2.237346 -0.029195
v 1.034874 2.237346 -0.029195
v 1.204030 2.239274 -0.029266
v 1.373960 2.240931 -0.029267
v 1.541651 2.248651 -0.029483
v 1.715884 2.242463 -0.029380
v 1.887421 2.241725 -0.029361
v 2.058845 2.247970 -0.029491
v 2.231238 2.248521 -0.029498
v 2.403227 2.247269 -0.029427
v 2.574907 2.246192 -0.029373
v 2.735608 2.228146 -0.028454
v 2.894850 2.215542 -0.028018
v 3.066847 2.220490 -0.028114
v 3.236487 2.221932 -0.028142
v 3.396690 2.215593 -0.028018
v 3.396908 1.942894 -0.027581
v 3.401263 1.670942 -0.027488
v 3.421175 1.399242 -0.027908
v 3.418849 1.118779 -0.027420
v 3.416702 0.838314 -0.026940
v 3.380123 0.572438 -0.025133
v 3.377942 0.299036 -0.024662
v 3.376853 0.162335 -0.024426
v 3.375762 0.025634 -0.024190
v 3.404996 0.025634 -0.024190
v 3.406086 0.162335 -0.024426
v 3.407176 0.299036 -0.024662
v 3.409356 0.572438 -0.025133
v 3.447828 0.838070 -0.026983
v 3.449987 1.118764 -0.027464
v 3.452304 1.399456 -0.027952
v 3.430644 1.670896 -0.027486
v 3.426066 1.942778 -0.027578
v 3.425835 2.215467 -0.028016
v 3.423893 2.251594 -0.029511
v 3.396145 2.252829 -0.029536
v 3.235978 2.259363 -0.029667
v 3.067203 2.258729 -0.029654
v 2.894727 2.253062 -0.029540
v 2.734917 2.265139 -0.029955
v 2.574403 2.283827 -0.030874
v 2.402885 2.284925 -0.030928
v 2.231386 2.288336 -0.031137
v 2.058846 2.287735 -0.031128
v 1.887230 2.281645 -0.030997
v 1.715501 2.282384 -0.031016
v 1.542573 2.285399 -0.030966
v 1.375688 2.276572 -0.030723
v 1.205764 2.275442 -0.030731
v 1.036269 2.274221 -0.030674
v 0.865868 2.274221 -0.030674
v 0.697698 2.272349 -0.030580
v 0.649526 2.274221 -0.030674
v 0.647599 2.237346 -0.029195
v 0.645221 2.087507 -0.073778
v 0.672283 1.920426 -0.115488
v 0.678839 1.768626 -0.158240
v 0.678839 1.620552 -0.201665
v 0.677450 1.472808 -0.245333
v 0.673161 1.325137 -0.289688
v 0.673158 1.176403 -0.333339
v 0.663969 1.026109 -0.379980
v 0.657098 0.772539 -0.381671
v 0.653669 0.517013 -0.382599
v 0.653045 0.262016 -0.382768
v 0.648916 0.130715 0.508858
v 0.654083 0.117663 0.564836
v 0.662442 0.107030 0.618794
v 0.673015 0.098466 0.671243
v 0.671663 0.081496 0.729664
v 0.657450 0.054816 0.796097
v 0.645912 0.029869 0.862246
v 0.648033 0.015255 0.920104
v 0.696370 0.017205 0.918541
v 0.694001 0.031577 0.861051
v 0.704652 0.056145 0.795325
v 0.717192 0.081925 0.729682
v 0.718311 0.098778 0.671391
v 0.708675 0.107759 0.618645
v 0.701398 0.118921 0.564313
v 0.696402 0.131941 0.508397
v 0.681821 0.121866 0.385829
v 0.702411 0.137314 0.253362
v 0.706956 0.140750 0.125888
v 0.719331 0.149045 -0.001292
v 0.731650 0.157304 -0.125953
v 0.730687 0.157353 -0.249664
v 0.727295 0.155429 -0.374510
v 0.714709 0.146368 -0.503777
v 0.713373 0.129068 -0.561970
v 0.714709 0.113819 -0.619045
v 0.716652 0.099086 -0.675697
v 0.719007 0.084711 -0.731956
v 0.724585 0.072810 -0.786096
v 0.725082 0.056755 -0.842959
v 0.724020 0.039552 -0.900824
v 0.677183 0.038095 -0.902069
v 0.678683 0.055636 -0.843871
v 0.678804 0.072192 -0.786575
v 0.673216 0.084216 -0.732299
v 0.670767 0.098579 -0.676020
v 0.668655 0.113243 -0.619386
v 0.667184 0.128434 -0.562314
v 0.668552 0.145736 -0.504093
v 0.682795 0.155619 -0.374435
v 0.686038 0.157320 -0.249707
v 0.687543 0.157532 -0.126024
v 0.673999 0.148772 -0.001394
v 0.659659 0.139497 0.126013
v 0.653961 0.135333 0.253834
v 0.632019 0.119392 0.386692
v 0.673390 0.352707 0.559049
v 0.672416 0.399740 0.502024
v 0.658876 0.392430 0.380016
v 0.653432 0.389586 0.253934
v 0.664649 0.395236 0.125292
v 0.673999 0.399448 -0.001394
v 0.684765 0.404019 -0.126268
v 0.650148 0.386687 -0.256705
v 0.630289 0.377135 -0.389313
v 0.636224 0.380382 -0.516591
v 0.647188 0.337790 -0.571029
v 0.649990 0.290963 -0.628258
v 0.662478 0.250526 -0.680339
v 0.675986 0.211584 -0.730870
v 0.681796 0.167726 -0.784864
v 0.685482 0.122732 -0.839677
v 0.682721 0.073386 -0.898408
v 0.729787 0.075119 -0.896874
v 0.731447 0.123592 -0.838886
v 0.727462 0.168250 -0.784389
v 0.722035 0.212245 -0.730325
v 0.709501 0.251523 -0.679550
v 0.697993 0.292261 -0.627255
v 0.695779 0.339309 -0.569903
v 0.685765 0.382138 -0.515349
v 0.680464 0.379140 -0.388245
v 0.698613 0.388147 -0.256158
v 0.729568 0.404266 -0.126142
v 0.719353 0.399711 -0.001293
v 0.711740 0.396158 0.125172
v 0.701284 0.390717 0.253582
v 0.706375 0.393471 0.379503
v 0.718433 0.400206 0.501709
v 0.719439 0.353236 0.558683
v 0.720370 0.306035 0.615326
v 0.725884 0.261313 0.668846
v 0.734004 0.218998 0.720641
v 0.732919 0.171205 0.777954
v 0.713870 0.110152 0.847665
v 0.701262 0.052887 0.914996
v 0.653122 0.051004 0.916538
v 0.666198 0.108357 0.849089
v 0.687853 0.170798 0.778085
v 0.689445 0.218900 0.720481
v 0.680836 0.261108 0.668805
v 0.674856 0.305725 0.615447
v 0.652794 0.643992 0.508810
v 0.664771 0.568715 0.562575
v 0.672069 0.492685 0.617200
v 0.678661 0.417048 0.671341
v 0.692103 0.345219 0.720331
v 0.702033 0.272832 0.770177
v 0.690821 0.187947 0.833306
v 0.661778 0.089145 0.910551
v 0.709275 0.090718 0.909265
v 0.735105 0.187876 0.833624
v 0.744321 0.271775 0.771508
v 0.735472 0.344636 0.721075
v 0.723655 0.417084 0.671358
v 0.718052 0.493072 0.616832
v 0.711787 0.569392 0.561922
v 0.700487 0.644672 0.508143
v 0.687899 0.640118 0.384156
v 0.695815 0.642557 0.253961
v 0.719353 0.650361 0.124032
v 0.729904 0.652932 -0.001874
v 0.714118 0.648383 -0.127093
v 0.706375 0.646774 -0.253753
v 0.718558 0.651276 -0.376836
v 0.719151 0.651544 -0.502202
v 0.702046 0.565339 -0.567142
v 0.692155 0.480593 -0.630076
v 0.691792 0.399790 -0.688862
v 0.704321 0.326631 -0.740366
v 0.723854 0.259456 -0.786572
v 0.733048 0.186577 -0.837856
v 0.734394 0.109494 -0.893713
v 0.688253 0.108417 -0.894753
v 0.686966 0.185668 -0.838757
v 0.677601 0.258693 -0.787322
v 0.655488 0.324948 -0.742091
v 0.643420 0.398639 -0.690035
v 0.643963 0.479597 -0.631082
v 0.654740 0.564692 -0.567825
v 0.673344 0.651309 -0.502461
v 0.672548 0.650967 -0.377068
v 0.658941 0.646101 -0.254111
v 0.667672 0.647817 -0.127286
v 0.684915 0.652597 -0.002007
v 0.674545 0.650262 0.123865
v 0.647956 0.641801 0.254221
v 0.639019 0.639172 0.384837
v 0.671512 0.899735 -0.503725
v 0.678708 0.792123 -0.557841
v 0.666184 0.679164 -0.620597
v 0.641972 0.558288 -0.690693
v 0.635393 0.442167 -0.753104
v 0.653461 0.338994 -0.801470
v 0.685338 0.246857 -0.839765
v 0.690082 0.140494 -0.893532
v 0.736346 0.141662 -0.892362
v 0.731391 0.247645 -0.838919
v 0.704456 0.341679 -0.798361
v 0.686143 0.444092 -0.750673
v 0.689926 0.559031 -0.689755
v 0.711968 0.679292 -0.620402
v 0.721751 0.791812 -0.558610
v 0.715689 0.899759 -0.504035
v 0.691618 0.897380 -0.385155
v 0.688948 0.897086 -0.257582
v 0.685376 0.896422 -0.129617
v 0.700244 0.898545 -0.000832
v 0.714183 0.900046 0.124547
v 0.731650 0.901736 0.246263
v 0.703952 0.898252 0.378695
v 0.708929 0.900011 0.504541
v 0.712497 0.790311 0.561664
v 0.713159 0.679667 0.619136
v 0.718374 0.571140 0.674155
v 0.724724 0.463967 0.727991
v 0.740545 0.362153 0.774276
v 0.746525 0.257225 0.826203
v 0.718092 0.128751 0.902988
v 0.672349 0.128265 0.903284
v 0.703890 0.258065 0.825091
v 0.697746 0.362918 0.773232
v 0.679980 0.464036 0.727857
v 0.672634 0.570897 0.674441
v 0.666811 0.679326 0.619590
v 0.665874 0.789988 0.562171
v 0.662269 0.899722 0.504886
v 0.656047 0.897822 0.379245
v 0.687494 0.901563 0.246005
v 0.667885 0.899692 0.124531
v 0.653153 0.898160 -0.000923
v 0.636167 0.895921 -0.129935
v 0.639831 0.896579 -0.258171
v 0.643563 0.897023 -0.385756
v 3.353611 2.201491 -0.014012
v 3.353611 2.197420 -0.022001
v 3.353611 2.191080 -0.028342
v 3.353611 2.183092 -0.032413
v 3.353611 2.174234 -0.033815
v 3.353611 2.165377 -0.032413
v 3.353611 2.157388 -0.028342
v 3.353611 2.151047 -0.022001
v 3.353611 2.146976 -0.014012
v 3.353611 2.145573 -0.005155
v 3.353611 2.146976 0.003702
v 3.353611 2.151047 0.011691
v 3.353611 2.157388 0.018032
v 3.353611 2.165377 0.022103
v 3.353611 2.174234 0.023505
v 3.353611 2.183092 0.022103
v 3.353611 2.191080 0.018032
v 3.353611 2.197420 0.011691
v 3.353611 2.201491 0.003702
v 3.353611 2.202894 -0.005155
v 0.732494 2.201491 -0.014012
v 0.732494 2.197420 -0.022001
v 0.732494 2.191080 -0.028342
v 0.732494 2.183092 -0.032413
v 0.732494 2.174234 -0.033815
v 0.732494 2.165377 -0.032413
v 0.732494 2.157388 -0.028342
v 0.732494 2.151047 -0.022001
v 0.732494 2.146976 -0.014012
v 0.732494 2.145573 -0.005155
v 0.732494 2.146976 0.003702
v 0.732494 2.151047 0.011691
v 0.732494 2.157388 0.018032
v 0.732494 2.165377 0.022103
v 0.732494 2.174234 0.023505
v 0.732494 2.183092 0.022103
v 0.732494 2.191080 0.018032
v 0.732494 2.197420 0.011691
v 0.732494 2.201491 0.003702
v 0.732494 2.202894 -0.005155
v 3.353611 2.174234 -0.005155
v 0.732494 2.174234 -0.005155
v 0.799499 0.013261 -0.014012
v 0.795428 0.013261 -0.022001
v 0.789087 0.013261 -0.028342
v 0.781098 0.013261 -0.032413
v 0.772241 0.013261 -0.033815
v 0.763385 0.013261 -0.032413
v 0.755395 0.013261 -0.028342
v 0.749054 0.013261 -0.022001
v 0.744984 0.013261 -0.014012
v 0.743581 0.013261 -0.005155
v 0.744984 0.013261 0.003702
v 0.749055 0.013261 0.011691
v 0.755395 0.013261 0.018032
v 0.763385 0.013261 0.022103
v 0.772241 0.013261 0.023505
v 0.781098 0.013261 0.022103
v 0.789087 0.013261 0.018032
v 0.795428 0.013261 0.011691
v 0.799499 0.013261 0.003702
v 0.800902 0.013261 -0.005155
v 0.799499 2.165120 -0.014012
v 0.795428 2.165120 -0.022001
v 0.789087 2.165120 -0.028342
v 0.781098 2.165120 -0.032413
v 0.772241 2.165120 -0.033815
v 0.763385 2.165120 -0.032413
v 0.755395 2.165120 -0.028342
v 0.749054 2.165120 -0.022001
v 0.744984 2.165120 -0.014012
v 0.743581 2.165120 -0.005155
v 0.744984 2.165120 0.003702
v 0.749055 2.165120 0.011691
v 0.755395 2.165120 0.018032
v 0.763385 2.165120 0.022103
v 0.772241 2.165120 0.023505
v 0.781098 2.165120 0.022103
v 0.789087 2.165120 0.018032
v 0.795428 2.165120 0.011691
v 0.799499 2.165120 0.003702
v 0.800902 2.165120 -0.005155
v 0.772241 0.013261 -0.005155
v 0.772241 2.165120 -0.005155
v 3.336250 0.013261 -0.014012
v 3.332179 0.013261 -0.022001
v 3.325838 0.013261 -0.028342
v 3.317849 0.013261 -0.032413
v 3.308992 0.013261 -0.033815
v 3.300136 0.013261 -0.032413
v 3.292146 0.013261 -0.028342
v 3.285805 0.013261 -0.022001
v 3.281735 0.013261 -0.014012
v 3.280332 0.013261 -0.005155
v 3.281735 0.013261 0.003702
v 3.285805 0.013261 0.011691
v 3.292146 0.013261 0.018032
v 3.300136 0.013261 0.022103
v 3.308992 0.013261 0.023505
v 3.317849 0.013261 0.022103
v 3.325838 0.013261 0.018032
v 3.332179 0.013261 0.011691
v 3.336250 0.013261 0.003702
v 3.337652 0.013261 -0.005155
v 3.336250 2.165120 -0.014012
v 3.332179 2.165120 -0.022001
v 3.325838 2.165120 -0.028342
v 3.317849 2.165120 -0.032413
v 3.308992 2.165120 -0.033815
v 3.300136 2.165120 -0.032413
v 3.292146 2.165120 -0.028342
v 3.285805 2.165120 -0.022001
v 3.281735 2.165120 -0.014012
v 3.280332 2.165120 -0.005155
v 3.281735 2.165120 0.003702
v 3.285805 2.165120 0.011691
v 3.292146 2.165120 0.018032
v 3.300136 2.165120 0.022103
v 3.308992 2.165120 0.023505
v 3.317849 2.165120 0.022103
v 3.325838 2.165120 0.018032
v 3.332179 2.165120 0.011691
v 3.336250 2.165120 0.003702
v 3.337652 2.165120 -0.005155
v 3.308992 0.013261 -0.005155
v 3.308992 2.165120 -0.005155
v 3.562593 -0.001543 0.771273
v 3.938545 -0.001543 0.771273
v 3.562593 0.195825 0.771273
v 3.938545 0.195825 0.771273
v 3.562593 0.195825 -0.023979
v 3.938545 0.195825 -0.023979
v 3.562593 -0.001543 -0.023979
v 3.938545 -0.001543 -0.023979
v 3.539971 0.208529 0.819126
v 3.961167 0.208529 0.819126
v 3.961167 0.208529 -0.071832
v 3.539971 0.208529 -0.071832
v 3.539971 0.261268 0.819126
v 3.961167 0.261268 0.819126
v 3.961167 0.261268 -0.071832
v 3.539971 0.261268 -0.071832
v 3.569201 0.294556 0.757295
v 3.931937 0.294556 0.757295
v 3.931937 0.294556 -0.010001
v 3.569201 0.294556 -0.010001
v 3.562593 0.195825 0.373647
v 3.539971 0.208529 0.373647
v 3.539971 0.261268 0.373647
v 3.569201 0.294556 0.373647
v 3.931937 0.294556 0.373647
v 3.961167 0.261268 0.373647
v 3.961167 0.208529 0.373647
v 3.938545 0.195825 0.373647
v 3.938545 -0.001543 0.373647
v 3.562593 -0.001543 0.373647
v 3.539971 0.234899 0.819126
v 3.961167 0.234899 0.819126
v 3.961167 0.234899 -0.071832
v 3.539971 0.234899 -0.071832
v 3.539971 0.234899 0.373647
v 3.562593 0.195825 0.572460
v 3.539971 0.208529 0.596386
v 3.539971 0.234899 0.596386
v 3.539971 0.261268 0.596386
v 3.569201 0.294556 0.565471
v 3.931937 0.294556 0.565471
v 3.961167 0.261268 0.596386
v 3.961167 0.234899 0.596386
v 3.961167 0.208529 0.596386
v 3.938545 0.195825 0.572460
v 3.938545 -0.001543 0.572460
v 3.562593 -0.001543 0.572460
v 3.562593 -0.001543 0.174834
v 3.938545 -0.001543 0.174834
v 3.938545 0.195825 0.174834
v 3.961167 0.208529 0.150908
v 3.961167 0.234899 0.150908
v 3.961167 0.261268 0.150908
v 3.931937 0.294556 0.181823
v 3.569201 0.294556 0.181823
v 3.539971 0.261268 0.150908
v 3.539971 0.234899 0.150908
v 3.539971 0.208529 0.150908
v 3.562593 0.195825 0.174834
v 3.938545 -0.001543 0.473054
v 3.938545 0.195825 0.473054
v 3.961167 0.208529 0.485017
v 3.961167 0.234899 0.485017
v 3.961167 0.261268 0.485017
v 3.931937 0.294556 0.469559
v 3.569201 0.294556 0.469559
v 3.539971 0.261268 0.485017
v 3.539971 0.234899 0.485017
v 3.539971 0.208529 0.485017
v 3.562593 0.195825 0.473054
v 3.562593 -0.001543 0.473054
v 3.562593 0.195825 0.274240
v 3.539971 0.208529 0.262277
v 3.539971 0.234899 0.262277
v 3.539971 0.261268 0.262277
v 3.569201 0.294556 0.277735
v 3.931937 0.294556 0.277735
v 3.961167 0.261268 0.262277
v 3.961167 0.234899 0.262277
v 3.961167 0.208529 0.262277
v 3.938545 0.195825 0.274240
v 3.938545 -0.001543 0.274240
v 3.562593 -0.001543 0.274240
v 3.961167 0.248083 0.373647
v 3.961167 0.248083 0.485017
v 3.961167 0.248083 0.596386
v 3.961167 0.248083 0.819126
v 3.539971 0.248083 0.819126
v 3.539971 0.248083 0.596386
v 3.539971 0.248083 0.485017
v 3.539971 0.248083 0.373647
v 3.539971 0.248083 0.262277
v 3.539971 0.248083 0.150908
v 3.539971 0.248083 -0.071832
v 3.961167 0.248083 -0.071832
v 3.961167 0.248083 0.150908
v 3.961167 0.248083 0.262277
v 3.539971 0.221714 0.819126
v 3.961167 0.221714 0.819126
v 3.961167 0.221714 0.596386
v 3.961167 0.221714 0.485017
v 3.961167 0.221714 0.373647
v 3.961167 0.221714 0.262277
v 3.961167 0.221714 0.150908
v 3.961167 0.221714 -0.071832
v 3.539971 0.221714 -0.071832
v 3.539971 0.221714 0.150908
v 3.539971 0.221714 0.262277
v 3.539971 0.221714 0.373647
v 3.539971 0.221714 0.485017
v 3.539971 0.221714 0.596386
v 3.938545 -0.001543 0.423350
v 3.938545 0.195825 0.423350
v 3.961167 0.208529 0.429332
v 3.961167 0.221714 0.429332
v 3.961167 0.234899 0.429332
v 3.961167 0.248083 0.429332
v 3.961167 0.261268 0.429332
v 3.931937 0.294556 0.421603
v 3.569201 0.294556 0.421603
v 3.539971 0.261268 0.429332
v 3.539971 0.248083 0.429332
v 3.539971 0.234899 0.429332
v 3.539971 0.221714 0.429332
v 3.539971 0.208529 0.429332
v 3.562593 0.195825 0.423350
v 3.562593 -0.001543 0.423350
v 3.562593 0.195825 0.323944
v 3.539971 0.208529 0.317962
v 3.539971 0.221714 0.317962
v 3.539971 0.234899 0.317962
v 3.539971 0.248083 0.317962
v 3.539971 0.261268 0.317962
v 3.569201 0.294556 0.325691
v 3.931937 0.294556 0.325691
v 3.961167 0.261268 0.317962
v 3.961167 0.248083 0.317962
v 3.961167 0.234899 0.317962
v 3.961167 0.221714 0.317962
v 3.961167 0.208529 0.317962
v 3.938545 0.195825 0.323944
v 3.938545 -0.001543 0.323944
v 3.562593 -0.001543 0.323944
v 3.971413 0.221714 0.429332
v 3.971413 0.234899 0.429332
v 3.971413 0.221714 0.373647
v 3.971413 0.234899 0.373647
v 3.971413 0.248083 0.373647
v 3.971413 0.248083 0.429332
v 3.971413 0.248083 0.317962
v 3.971413 0.234899 0.317962
v 3.971413 0.221714 0.317962
vt 0.366225 0.104052
vt 0.341365 0.101449
vt 0.341947 0.098993
vt 0.366703 0.101681
vt 0.885033 0.870207
vt 0.887213 0.869160
vt 0.888502 0.879097
vt 0.886546 0.880238
vt 0.919754 0.852542
vt 0.921097 0.862444
vt 0.915783 0.865312
vt 0.914236 0.855359
vt 0.857646 0.882493
vt 0.859057 0.892561
vt 0.853636 0.894825
vt 0.852061 0.884986
vt 0.811624 0.944535
vt 0.811331 0.948155
vt 0.804020 0.946152
vt 0.804319 0.942643
vt 0.972713 0.844760
vt 0.965955 0.846851
vt 0.965323 0.842700
vt 0.972285 0.841710
vt 0.805470 0.905975
vt 0.806709 0.908972
vt 0.800819 0.917537
vt 0.799656 0.914553
vt 0.803483 0.923009
vt 0.809772 0.917471
vt 0.810372 0.921657
vt 0.803936 0.925980
vt 0.897567 0.954717
vt 0.899510 0.953340
vt 0.900202 0.958434
vt 0.898287 0.959553
vt 0.907956 0.951771
vt 0.910764 0.944884
vt 0.912752 0.943803
vt 0.909425 0.950633
vt 0.878050 0.968411
vt 0.878286 0.964820
vt 0.883949 0.967421
vt 0.883634 0.971181
vt 0.888084 0.961651
vt 0.883323 0.958516
vt 0.885332 0.957594
vt 0.889725 0.961179
vt 0.860714 0.831877
vt 0.859265 0.828622
vt 0.863136 0.821614
vt 0.864444 0.824943
vt 0.888665 0.817736
vt 0.892873 0.819689
vt 0.891102 0.820985
vt 0.887329 0.818378
vt 0.880754 0.825742
vt 0.878713 0.826780
vt 0.878018 0.822091
vt 0.880046 0.821183
vt 0.870877 0.826110
vt 0.868478 0.832059
vt 0.866645 0.832666
vt 0.869522 0.826730
vt 0.677885 0.392110
vt 0.680294 0.389582
vt 0.681385 0.389874
vt 0.678938 0.392424
vt 0.182116 0.879474
vt 0.201797 0.880009
vt 0.201344 0.885584
vt 0.181628 0.885335
vt 0.660377 0.355647
vt 0.663351 0.353239
vt 0.667027 0.364628
vt 0.664068 0.367187
vt 0.805976 0.941165
vt 0.813168 0.942806
vt 0.808514 0.909088
vt 0.802684 0.917129
vt 0.414700 0.664631
vt 0.417665 0.662811
vt 0.429802 0.670395
vt 0.426831 0.672744
vt 0.879546 0.960679
vt 0.885074 0.962833
vt 0.899649 0.967625
vt 0.900642 0.972678
vt 0.897768 0.973741
vt 0.897853 0.970968
vt 0.613924 0.230493
vt 0.622244 0.228877
vt 0.626436 0.240228
vt 0.618594 0.242209
vt 0.537842 0.762740
vt 0.540901 0.755162
vt 0.551344 0.766140
vt 0.548504 0.773123
vt 0.876427 0.807640
vt 0.876720 0.812847
vt 0.874333 0.811334
vt 0.873575 0.808803
vt 0.866846 0.827707
vt 0.862969 0.834012
vt 0.172201 0.279851
vt 0.159929 0.277389
vt 0.159929 0.255941
vt 0.172186 0.258258
vt 0.020543 0.098911
vt 0.034161 0.098858
vt 0.034142 0.099097
vt 0.020508 0.099122
vt 0.019165 0.185109
vt 0.032652 0.185084
vt 0.030120 0.188593
vt 0.016307 0.188625
vt 0.019156 0.106300
vt 0.032727 0.106360
vt 0.035070 0.109986
vt 0.021502 0.109869
vt 0.022945 0.009763
vt 0.035343 0.009675
vt 0.035296 0.012810
vt 0.023998 0.013034
vt 0.022558 0.088670
vt 0.033925 0.088906
vt 0.033897 0.092075
vt 0.021212 0.092028
vt 0.019319 0.153542
vt 0.033042 0.153728
vt 0.032406 0.156262
vt 0.017948 0.155938
vt 0.018263 0.139449
vt 0.032702 0.139213
vt 0.033381 0.141722
vt 0.019407 0.141908
vt 0.033303 0.147109
vt 0.033265 0.148373
vt 0.020087 0.148348
vt 0.020112 0.147077
vt 0.021395 0.041249
vt 0.033969 0.041393
vt 0.034089 0.043874
vt 0.019096 0.044371
vt 0.030822 0.050144
vt 0.031039 0.051314
vt 0.018568 0.051358
vt 0.018558 0.049984
vt 0.019483 0.057159
vt 0.034054 0.057581
vt 0.033928 0.060106
vt 0.021379 0.060219
vt 0.541904 0.010172
vt 0.535949 0.006974
vt 0.536741 0.005673
vt 0.542693 0.008864
vt 0.676168 0.394085
vt 0.675115 0.393711
vt 0.522079 0.041025
vt 0.516337 0.037510
vt 0.521686 0.029589
vt 0.527506 0.032991
vt 0.659292 0.367703
vt 0.655855 0.356091
vt 0.418335 0.658301
vt 0.430503 0.665883
vt 0.426070 0.677281
vt 0.413932 0.669071
vt 0.449229 0.118963
vt 0.444490 0.114309
vt 0.451697 0.107873
vt 0.456432 0.112526
vt 0.614298 0.242784
vt 0.610110 0.230964
vt 0.385928 0.191090
vt 0.395402 0.179213
vt 0.400820 0.183741
vt 0.391380 0.195656
vt 0.542124 0.750578
vt 0.552580 0.763011
vt 0.568497 0.782912
vt 0.565513 0.790572
vt 0.564598 0.788301
vt 0.567490 0.782195
vt 0.547970 0.777195
vt 0.536776 0.767702
vt 0.171730 0.466469
vt 0.149473 0.468227
vt 0.149445 0.466932
vt 0.171701 0.465253
vt 0.735837 0.289048
vt 0.731290 0.288643
vt 0.741006 0.268927
vt 0.745317 0.269304
vt 0.738792 0.268597
vt 0.729098 0.288303
vt 0.727995 0.288136
vt 0.737683 0.268433
vt 0.178317 0.487210
vt 0.181565 0.494518
vt 0.163535 0.497568
vt 0.158938 0.490109
vt 0.715659 0.256969
vt 0.721127 0.260531
vt 0.711794 0.277584
vt 0.706666 0.272807
vt 0.211975 0.567116
vt 0.214821 0.574317
vt 0.212378 0.579109
vt 0.208215 0.571770
vt 0.655343 0.220056
vt 0.660817 0.223245
vt 0.655317 0.226197
vt 0.650176 0.221817
vt 0.421155 0.148439
vt 0.416049 0.143999
vt 0.420554 0.138062
vt 0.425567 0.142490
vt 0.075960 0.274659
vt 0.063521 0.280077
vt 0.063536 0.257944
vt 0.075963 0.252658
vt 0.128201 0.009767
vt 0.141776 0.009795
vt 0.140789 0.013159
vt 0.127488 0.013119
vt 0.125755 0.042638
vt 0.139314 0.042648
vt 0.138609 0.045038
vt 0.125224 0.045063
vt 0.138493 0.050166
vt 0.138521 0.051389
vt 0.125195 0.051380
vt 0.125145 0.050132
vt 0.125148 0.056452
vt 0.138603 0.056493
vt 0.139201 0.058936
vt 0.125579 0.058927
vt 0.140392 0.092129
vt 0.126802 0.092103
vt 0.126371 0.088783
vt 0.139760 0.088789
vt 0.127041 0.098930
vt 0.140679 0.098905
vt 0.140704 0.099078
vt 0.127047 0.099122
vt 0.126525 0.106675
vt 0.139839 0.106675
vt 0.140342 0.109678
vt 0.126736 0.109747
vt 0.125566 0.139034
vt 0.138452 0.138889
vt 0.138694 0.141738
vt 0.125654 0.141845
vt 0.139050 0.147357
vt 0.139006 0.148584
vt 0.125588 0.148609
vt 0.125667 0.147307
vt 0.125227 0.153983
vt 0.138286 0.154133
vt 0.137911 0.156919
vt 0.124956 0.156759
vt 0.136915 0.188974
vt 0.123563 0.188930
vt 0.123812 0.185763
vt 0.137490 0.185939
vt 0.826110 0.948007
vt 0.827572 0.945925
vt 0.834886 0.947469
vt 0.833424 0.950013
vt 0.833122 0.953683
vt 0.825818 0.951092
vt 0.138446 0.119372
vt 0.125821 0.119318
vt 0.125639 0.116328
vt 0.138503 0.116331
vt 0.033083 0.119155
vt 0.019766 0.119136
vt 0.018502 0.115919
vt 0.032812 0.115982
vt 0.652214 0.331394
vt 0.647576 0.331737
vt 0.643023 0.319496
vt 0.647749 0.319090
vt 0.652541 0.316584
vt 0.656179 0.328690
vt 0.699270 0.246256
vt 0.704723 0.249828
vt 0.696525 0.262893
vt 0.691463 0.257931
vt 0.504451 0.064348
vt 0.499043 0.060395
vt 0.505036 0.052930
vt 0.510567 0.056732
vt 0.188074 0.509142
vt 0.191335 0.516447
vt 0.177927 0.519966
vt 0.173123 0.512507
vt 0.018228 0.175981
vt 0.031048 0.176034
vt 0.030617 0.179173
vt 0.016165 0.179169
vt 0.123765 0.176324
vt 0.136396 0.176327
vt 0.136176 0.179346
vt 0.123343 0.179308
vt 0.952730 0.850882
vt 0.945966 0.853011
vt 0.944834 0.845442
vt 0.951667 0.844521
vt 0.139921 0.022561
vt 0.126330 0.022564
vt 0.126686 0.019436
vt 0.140194 0.019420
vt 0.035343 0.022099
vt 0.022973 0.022083
vt 0.023486 0.019068
vt 0.035312 0.019014
vt 0.453999 0.686057
vt 0.454738 0.681756
vt 0.466944 0.689353
vt 0.466142 0.693862
vt 0.451074 0.689161
vt 0.463168 0.697695
vt 0.462397 0.702217
vt 0.450348 0.693469
vt 0.022162 0.079504
vt 0.034133 0.079532
vt 0.034183 0.082632
vt 0.022335 0.082554
vt 0.125400 0.079230
vt 0.138965 0.079277
vt 0.139242 0.082441
vt 0.125708 0.082387
vt 0.822934 0.882483
vt 0.824179 0.885279
vt 0.818340 0.893127
vt 0.817067 0.890241
vt 0.826072 0.886187
vt 0.820195 0.893819
vt 0.822120 0.906824
vt 0.828314 0.901535
vt 0.829418 0.909104
vt 0.822940 0.913308
vt 0.039425 0.278386
vt 0.027372 0.280675
vt 0.027432 0.258711
vt 0.039475 0.256353
vt 0.168073 0.010053
vt 0.180342 0.010282
vt 0.180748 0.013307
vt 0.169004 0.013027
vt 0.179204 0.022687
vt 0.165900 0.022665
vt 0.166831 0.019511
vt 0.180006 0.019568
vt 0.166104 0.042579
vt 0.178399 0.042337
vt 0.177915 0.044877
vt 0.165303 0.045028
vt 0.177670 0.050191
vt 0.177629 0.051452
vt 0.164645 0.051430
vt 0.164655 0.050176
vt 0.165353 0.056571
vt 0.177795 0.056801
vt 0.178185 0.059376
vt 0.165941 0.059096
vt 0.165262 0.079243
vt 0.178453 0.079246
vt 0.179135 0.082400
vt 0.165985 0.082425
vt 0.178855 0.091751
vt 0.166340 0.091896
vt 0.167777 0.088975
vt 0.179468 0.088714
vt 0.167246 0.098826
vt 0.180619 0.098807
vt 0.180694 0.099018
vt 0.167309 0.099034
vt 0.166252 0.106712
vt 0.179518 0.106709
vt 0.179764 0.109822
vt 0.166350 0.109835
vt 0.179069 0.119322
vt 0.165158 0.119325
vt 0.166302 0.116133
vt 0.180748 0.116077
vt 0.165548 0.139194
vt 0.177311 0.138852
vt 0.176836 0.141392
vt 0.165167 0.141801
vt 0.178754 0.147436
vt 0.178591 0.148713
vt 0.165444 0.148646
vt 0.165419 0.147379
vt 0.164667 0.154218
vt 0.176472 0.154633
vt 0.176726 0.157162
vt 0.164878 0.156794
vt 0.162809 0.176462
vt 0.176456 0.176519
vt 0.178380 0.179748
vt 0.163639 0.179616
vt 0.176412 0.189018
vt 0.163259 0.188989
vt 0.163715 0.185914
vt 0.177166 0.185980
vt 0.137113 0.280291
vt 0.124878 0.284652
vt 0.124865 0.262538
vt 0.137088 0.258214
vt 0.074161 0.012770
vt 0.060231 0.012571
vt 0.060948 0.009540
vt 0.074746 0.009782
vt 0.074001 0.022247
vt 0.060933 0.022184
vt 0.061043 0.019084
vt 0.074051 0.019124
vt 0.059008 0.042047
vt 0.071907 0.042450
vt 0.072416 0.044726
vt 0.059647 0.044314
vt 0.071073 0.050147
vt 0.071171 0.051374
vt 0.057345 0.051314
vt 0.057078 0.050245
vt 0.059555 0.057185
vt 0.072089 0.056663
vt 0.071520 0.058983
vt 0.058534 0.059354
vt 0.059923 0.079479
vt 0.072988 0.079441
vt 0.072995 0.082573
vt 0.059879 0.082607
vt 0.073460 0.091899
vt 0.059688 0.092144
vt 0.058832 0.089176
vt 0.072806 0.088981
vt 0.059452 0.098987
vt 0.072960 0.098968
vt 0.072935 0.099137
vt 0.059411 0.099141
vt 0.074212 0.110184
vt 0.061338 0.110152
vt 0.060351 0.106741
vt 0.073771 0.106901
vt 0.072985 0.119224
vt 0.058936 0.119174
vt 0.059832 0.116061
vt 0.072627 0.116010
vt 0.059420 0.139216
vt 0.072746 0.139204
vt 0.072705 0.141943
vt 0.059631 0.141820
vt 0.072860 0.147191
vt 0.072809 0.148464
vt 0.059625 0.148430
vt 0.059669 0.147165
vt 0.059272 0.153750
vt 0.072328 0.153681
vt 0.072180 0.156388
vt 0.058914 0.156335
vt 0.056958 0.176138
vt 0.070985 0.176170
vt 0.070416 0.179349
vt 0.057439 0.179257
vt 0.070945 0.188370
vt 0.057763 0.188383
vt 0.058587 0.185147
vt 0.071441 0.185200
vt 0.015213 0.280206
vt 0.015282 0.258214
vt 0.193219 0.010383
vt 0.193068 0.013468
vt 0.193030 0.022734
vt 0.193307 0.019624
vt 0.191760 0.042403
vt 0.190257 0.044726
vt 0.190857 0.050226
vt 0.190725 0.051468
vt 0.190169 0.056964
vt 0.191593 0.059326
vt 0.192222 0.079230
vt 0.192338 0.082371
vt 0.191885 0.091717
vt 0.191829 0.088588
vt 0.194058 0.098801
vt 0.194146 0.099012
vt 0.192936 0.106690
vt 0.192753 0.109869
vt 0.193656 0.119315
vt 0.194238 0.116092
vt 0.190625 0.138927
vt 0.189574 0.141373
vt 0.192005 0.147464
vt 0.191838 0.148744
vt 0.189320 0.154687
vt 0.189927 0.157168
vt 0.191269 0.176588
vt 0.192027 0.179801
vt 0.189631 0.189059
vt 0.190033 0.185968
vt 0.110712 0.176295
vt 0.110514 0.179355
vt 0.112033 0.153926
vt 0.111828 0.156684
vt 0.112376 0.148565
vt 0.112435 0.147291
vt 0.112445 0.139062
vt 0.112457 0.141845
vt 0.112778 0.119287
vt 0.112828 0.116215
vt 0.113278 0.109766
vt 0.113146 0.106741
vt 0.113539 0.098933
vt 0.113545 0.099131
vt 0.113322 0.092110
vt 0.113058 0.088802
vt 0.112473 0.079243
vt 0.112561 0.082296
vt 0.111825 0.056364
vt 0.112089 0.058886
vt 0.111784 0.051418
vt 0.111728 0.050022
vt 0.112309 0.042651
vt 0.111954 0.045123
vt 0.113410 0.022508
vt 0.113580 0.019486
vt 0.114243 0.013068
vt 0.114715 0.009710
vt 0.088148 0.285137
vt 0.088154 0.263148
vt 0.110143 0.188807
vt 0.110467 0.185729
vt 0.112621 0.289787
vt 0.112614 0.267641
vt 0.088189 0.009958
vt 0.088207 0.013241
vt 0.087088 0.022310
vt 0.087412 0.019228
vt 0.085475 0.042538
vt 0.085519 0.044990
vt 0.085186 0.050034
vt 0.085223 0.051474
vt 0.085271 0.056430
vt 0.085154 0.058933
vt 0.086129 0.079400
vt 0.086377 0.082485
vt 0.086868 0.088547
vt 0.086796 0.091798
vt 0.086469 0.098983
vt 0.086456 0.099144
vt 0.086877 0.106948
vt 0.087006 0.110140
vt 0.086406 0.119256
vt 0.086340 0.116095
vt 0.086082 0.139119
vt 0.085972 0.141952
vt 0.086050 0.147219
vt 0.085997 0.148502
vt 0.085579 0.153731
vt 0.085475 0.156508
vt 0.084365 0.176207
vt 0.084126 0.179330
vt 0.084214 0.185320
vt 0.083947 0.188417
vt 0.005094 0.175934
vt 0.003060 0.179113
vt 0.004647 0.153178
vt 0.004497 0.155904
vt 0.006685 0.148307
vt 0.006600 0.147084
vt 0.004767 0.139427
vt 0.004701 0.142194
vt 0.006682 0.119123
vt 0.005352 0.115910
vt 0.007830 0.109753
vt 0.007201 0.106499
vt 0.007270 0.098939
vt 0.007238 0.099141
vt 0.007556 0.092154
vt 0.007990 0.088937
vt 0.007135 0.079607
vt 0.007216 0.082733
vt 0.004050 0.056650
vt 0.006471 0.059889
vt 0.005264 0.051323
vt 0.005245 0.049990
vt 0.006078 0.041623
vt 0.003946 0.044773
vt 0.008097 0.021958
vt 0.008408 0.018870
vt 0.009386 0.012741
vt 0.009040 0.009568
vt 0.184210 0.283514
vt 0.184223 0.261912
vt 0.004188 0.188398
vt 0.004912 0.185210
vt 0.003232 0.283159
vt 0.003305 0.261201
vt 0.139370 0.960644
vt 0.026857 0.960245
vt 0.034252 0.947359
vt 0.143122 0.947950
vt 0.040497 0.909167
vt 0.150866 0.909739
vt 0.145996 0.922569
vt 0.039573 0.921952
vt 0.178528 0.828305
vt 0.056788 0.826701
vt 0.081381 0.817714
vt 0.194014 0.818699
vt 0.869774 0.797634
vt 0.872487 0.795109
vt 0.858554 0.810121
vt 0.854180 0.817139
vt 0.818186 0.871742
vt 0.812514 0.879971
vt 0.795109 0.902727
vt 0.800936 0.895061
vt 0.255393 0.090289
vt 0.254787 0.092704
vt 0.802995 0.959808
vt 0.810294 0.961735
vt 0.832056 0.965905
vt 0.824730 0.963628
vt 0.876801 0.981863
vt 0.882188 0.984611
vt 0.899630 0.987705
vt 0.896558 0.987004
vt 0.817648 0.057908
vt 0.823302 0.032240
vt 0.833430 0.038966
vt 0.827795 0.065426
vt 0.905931 0.130403
vt 0.911022 0.105801
vt 0.924034 0.114995
vt 0.919113 0.139877
vt 0.960824 0.149203
vt 0.955293 0.176097
vt 0.943051 0.164837
vt 0.948403 0.138314
vt 0.153086 0.079277
vt 0.153511 0.082500
vt 0.152347 0.056411
vt 0.153074 0.058861
vt 0.151895 0.051361
vt 0.151848 0.050207
vt 0.153137 0.042748
vt 0.152263 0.045135
vt 0.153737 0.022608
vt 0.154398 0.019404
vt 0.155633 0.009773
vt 0.155297 0.012990
vt 0.051559 0.273823
vt 0.051587 0.251843
vt 0.150275 0.189024
vt 0.151021 0.185996
vt 0.149209 0.176371
vt 0.149590 0.179474
vt 0.151162 0.154316
vt 0.150738 0.157074
vt 0.152219 0.148624
vt 0.152256 0.147373
vt 0.151338 0.138826
vt 0.151527 0.141587
vt 0.151310 0.119378
vt 0.152137 0.116221
vt 0.153162 0.106668
vt 0.153885 0.109665
vt 0.153854 0.098829
vt 0.153907 0.099034
vt 0.154193 0.092195
vt 0.154181 0.088990
vt 0.114706 0.006801
vt 0.127994 0.006845
vt 0.141512 0.006805
vt 0.154901 0.006855
vt 0.167576 0.007078
vt 0.180559 0.007185
vt 0.193750 0.007242
vt 0.132302 0.973574
vt 0.004440 0.974244
vt 0.980058 0.842360
vt 0.979879 0.840370
vt 0.975140 0.157401
vt 0.969521 0.184760
vt 0.191018 0.192464
vt 0.176544 0.192200
vt 0.163523 0.192228
vt 0.150150 0.192181
vt 0.136776 0.192131
vt 0.123246 0.191980
vt 0.109951 0.191926
vt 0.083453 0.191766
vt 0.070152 0.191769
vt 0.056194 0.192005
vt 0.030039 0.191713
vt 0.016989 0.191609
vt 0.004453 0.191433
vt 0.175085 0.479902
vt 0.154376 0.482405
vt 0.526890 0.021564
vt 0.532767 0.024882
vt 0.726602 0.264082
vt 0.717165 0.282354
vt 0.670659 0.376344
vt 0.668672 0.379004
vt 0.664364 0.379504
vt 0.007676 0.103414
vt 0.020549 0.103370
vt 0.033639 0.103360
vt 0.059423 0.103184
vt 0.073293 0.103467
vt 0.086654 0.103543
vt 0.113265 0.103521
vt 0.126598 0.103505
vt 0.140245 0.103370
vt 0.153659 0.103364
vt 0.167085 0.103351
vt 0.180059 0.103442
vt 0.194414 0.103260
vt 0.233577 0.143650
vt 0.321757 0.152322
vt 0.291699 0.193225
vt 0.204894 0.184685
vt 0.314097 0.195656
vt 0.343953 0.154942
vt 0.261434 0.951959
vt 0.282564 0.948686
vt 0.370794 0.982457
vt 0.349509 0.987705
vt 0.282838 0.862104
vt 0.371869 0.845970
vt 0.372291 0.868704
vt 0.284291 0.876625
vt 0.350211 0.795109
vt 0.372404 0.800640
vt 0.281442 0.833238
vt 0.260277 0.829798
vt 0.373636 0.013681
vt 0.397490 0.016301
vt 0.390129 0.059826
vt 0.365263 0.056848
vt 0.268119 0.042827
vt 0.283420 0.003060
vt 0.192508 0.094949
vt 0.179283 0.094959
vt 0.166265 0.095018
vt 0.153269 0.095106
vt 0.139999 0.095135
vt 0.126469 0.095037
vt 0.113203 0.095037
vt 0.086764 0.094987
vt 0.073432 0.095097
vt 0.060159 0.095160
vt 0.034045 0.095220
vt 0.020980 0.095235
vt 0.007515 0.095320
vt 0.401833 0.660789
vt 0.402600 0.656509
vt 0.405518 0.655305
vt 0.406140 0.650912
vt 0.009166 0.006456
vt 0.022536 0.006553
vt 0.035545 0.006575
vt 0.061706 0.006603
vt 0.075073 0.006739
vt 0.088343 0.006861
vt 0.097568 0.176251
vt 0.097389 0.179358
vt 0.098829 0.153788
vt 0.098675 0.156561
vt 0.099175 0.148527
vt 0.099232 0.147272
vt 0.099282 0.139122
vt 0.099241 0.141952
vt 0.099678 0.116130
vt 0.099619 0.119274
vt 0.099920 0.106835
vt 0.099974 0.109954
vt 0.099952 0.103499
vt 0.100034 0.098971
vt 0.100034 0.099137
vt 0.099892 0.092041
vt 0.099949 0.095050
vt 0.099788 0.088745
vt 0.099433 0.079337
vt 0.099691 0.082324
vt 0.098540 0.056354
vt 0.098641 0.058898
vt 0.098524 0.051433
vt 0.098512 0.050044
vt 0.098905 0.042613
vt 0.098726 0.045101
vt 0.100719 0.019407
vt 0.100361 0.022391
vt 0.101276 0.009745
vt 0.101052 0.013090
vt 0.101442 0.006764
vt 0.100354 0.285108
vt 0.100358 0.262975
vt 0.096924 0.188625
vt 0.096669 0.191885
vt 0.097207 0.185524
vt 0.046830 0.079523
vt 0.046855 0.082639
vt 0.046490 0.057335
vt 0.045349 0.059559
vt 0.044126 0.051333
vt 0.043934 0.050160
vt 0.045563 0.041937
vt 0.046556 0.044141
vt 0.047886 0.022124
vt 0.048000 0.019030
vt 0.047764 0.009540
vt 0.046934 0.012562
vt 0.048185 0.006462
vt 0.148590 0.278911
vt 0.148577 0.257176
vt 0.042547 0.192005
vt 0.044431 0.188405
vt 0.045789 0.185087
vt 0.043079 0.176094
vt 0.044126 0.179210
vt 0.046214 0.153766
vt 0.045525 0.156247
vt 0.046443 0.148401
vt 0.046484 0.147137
vt 0.045827 0.139304
vt 0.046607 0.141726
vt 0.045157 0.119149
vt 0.046629 0.116039
vt 0.046883 0.106609
vt 0.048434 0.110105
vt 0.045852 0.103087
vt 0.046754 0.098895
vt 0.046714 0.099103
vt 0.046720 0.095301
vt 0.046534 0.092154
vt 0.045610 0.089160
vt 0.110574 0.538077
vt 0.106304 0.564223
vt 0.093902 0.553397
vt 0.097745 0.529279
vt 0.201945 0.605887
vt 0.196102 0.631039
vt 0.185527 0.620974
vt 0.190150 0.597120
vt 0.351682 0.161032
vt 0.361631 0.150128
vt 0.591910 0.244838
vt 0.585684 0.234467
vt 0.624197 0.333495
vt 0.618965 0.321216
vt 0.635580 0.370756
vt 0.628046 0.358449
vt 0.640432 0.382567
vt 0.654531 0.399333
vt 0.653311 0.398723
vt 0.409769 0.696176
vt 0.397562 0.687243
vt 0.422032 0.705754
vt 0.458218 0.728344
vt 0.446200 0.720574
vt 0.543825 0.803508
vt 0.529754 0.793833
vt 0.577917 0.785924
vt 0.572408 0.805945
vt 0.547904 0.724630
vt 0.560324 0.740824
vt 0.459451 0.654934
vt 0.471510 0.663905
vt 0.422740 0.631206
vt 0.435424 0.637872
vt 0.410395 0.623999
vt 0.195599 0.287184
vt 0.195612 0.265720
vt 0.060496 0.503967
vt 0.055241 0.529135
vt 0.043217 0.521085
vt 0.048056 0.495577
vt 0.072589 0.511567
vt 0.067489 0.541062
vt 0.842159 0.948846
vt 0.840769 0.951906
vt 0.840414 0.955723
vt 0.839134 0.969339
vt 0.192244 0.122501
vt 0.177550 0.122453
vt 0.164123 0.122425
vt 0.151259 0.122419
vt 0.138842 0.122413
vt 0.125931 0.122413
vt 0.112721 0.122397
vt 0.099553 0.122391
vt 0.086283 0.122387
vt 0.073218 0.122372
vt 0.059719 0.122365
vt 0.045289 0.122359
vt 0.032079 0.122334
vt 0.019879 0.122290
vt 0.007194 0.122265
vt 0.614437 0.309355
vt 0.640168 0.307277
vt 0.644435 0.306890
vt 0.649261 0.304522
vt 0.693824 0.242677
vt 0.686406 0.252960
vt 0.498087 0.071787
vt 0.492807 0.067681
vt 0.194599 0.523739
vt 0.182735 0.527415
vt 0.123356 0.546080
vt 0.118668 0.572632
vt 0.005302 0.172827
vt 0.017908 0.172855
vt 0.030212 0.172868
vt 0.043739 0.172918
vt 0.058188 0.172987
vt 0.071567 0.173047
vt 0.084513 0.173094
vt 0.097738 0.173148
vt 0.110894 0.173201
vt 0.124120 0.173242
vt 0.137037 0.173299
vt 0.149461 0.173352
vt 0.162337 0.173396
vt 0.175610 0.173428
vt 0.190191 0.173440
vt 0.892901 0.121733
vt 0.898646 0.094364
vt 0.939313 0.855080
vt 0.938008 0.846388
vt 0.041620 0.896168
vt 0.165152 0.896979
vt 0.191628 0.025835
vt 0.178437 0.025775
vt 0.165381 0.025762
vt 0.153017 0.025756
vt 0.139892 0.025715
vt 0.126365 0.025633
vt 0.113303 0.025552
vt 0.100112 0.025476
vt 0.086972 0.025413
vt 0.073869 0.025341
vt 0.060797 0.025275
vt 0.048132 0.025218
vt 0.035645 0.025177
vt 0.020300 0.025130
vt 0.007323 0.025042
vt 0.483342 0.673932
vt 0.478868 0.698056
vt 0.478079 0.702305
vt 0.475132 0.706493
vt 0.474384 0.710741
vt 0.470189 0.735277
vt 0.006484 0.076498
vt 0.019926 0.076447
vt 0.034972 0.076416
vt 0.047100 0.076403
vt 0.059879 0.076369
vt 0.072995 0.076322
vt 0.086104 0.076274
vt 0.099282 0.076240
vt 0.112486 0.076189
vt 0.125573 0.076133
vt 0.139138 0.076089
vt 0.152269 0.076079
vt 0.164328 0.076108
vt 0.177767 0.076127
vt 0.191093 0.076095
vt 0.823525 0.862699
vt 0.828802 0.874430
vt 0.830047 0.877232
vt 0.831996 0.878320
vt 0.834503 0.896215
vt 0.835767 0.904922
vt 0.895347 0.940051
vt 0.897360 0.938759
vt 0.898086 0.943529
vt 0.896058 0.944768
vt 0.915695 0.933499
vt 0.918273 0.927468
vt 0.922355 0.925376
vt 0.919062 0.931801
vt 0.848700 0.082066
vt 0.854360 0.054395
vt 0.865044 0.063851
vt 0.859321 0.090613
vt 0.177962 0.162202
vt 0.190659 0.162331
vt 0.190980 0.164957
vt 0.177899 0.164887
vt 0.165648 0.161960
vt 0.165013 0.164777
vt 0.151712 0.162032
vt 0.152143 0.164626
vt 0.137493 0.162284
vt 0.138333 0.164667
vt 0.124510 0.162234
vt 0.124846 0.164680
vt 0.111580 0.162039
vt 0.111583 0.164655
vt 0.098377 0.161910
vt 0.098263 0.164476
vt 0.085132 0.161850
vt 0.084878 0.164422
vt 0.071878 0.161796
vt 0.071322 0.164325
vt 0.057813 0.161466
vt 0.058521 0.164447
vt 0.044711 0.161535
vt 0.045726 0.164504
vt 0.031290 0.161498
vt 0.032042 0.164369
vt 0.018282 0.161535
vt 0.016816 0.164070
vt 0.004147 0.161372
vt 0.003795 0.164092
vt 0.168221 0.579386
vt 0.164535 0.602350
vt 0.153970 0.593551
vt 0.157507 0.570971
vt 0.203492 0.545495
vt 0.206312 0.552712
vt 0.199926 0.557060
vt 0.195794 0.549671
vt 0.470787 0.099512
vt 0.465960 0.094940
vt 0.472925 0.088358
vt 0.477840 0.092849
vt 0.671797 0.229600
vt 0.677313 0.232772
vt 0.670876 0.239288
vt 0.665666 0.234930
vt 0.628008 0.263594
vt 0.634809 0.261516
vt 0.638683 0.271855
vt 0.632363 0.273999
vt 0.628769 0.274222
vt 0.624379 0.263802
vt 0.607494 0.275502
vt 0.602796 0.265261
vt 0.004666 0.131116
vt 0.017691 0.131198
vt 0.019216 0.133742
vt 0.004814 0.133880
vt 0.033315 0.130928
vt 0.032259 0.133827
vt 0.047141 0.130824
vt 0.045679 0.133849
vt 0.059901 0.130931
vt 0.058669 0.134015
vt 0.072432 0.131182
vt 0.072740 0.133776
vt 0.086069 0.131126
vt 0.086057 0.133780
vt 0.099458 0.131135
vt 0.099367 0.133770
vt 0.112797 0.131025
vt 0.112614 0.133673
vt 0.126104 0.131069
vt 0.125585 0.133547
vt 0.139723 0.131170
vt 0.138597 0.133556
vt 0.153552 0.131261
vt 0.152907 0.133883
vt 0.166183 0.131116
vt 0.166872 0.134012
vt 0.179144 0.131075
vt 0.179166 0.133814
vt 0.192279 0.131069
vt 0.191804 0.133729
vt 0.858862 0.975442
vt 0.860010 0.961946
vt 0.866192 0.963886
vt 0.864969 0.977587
vt 0.860362 0.958135
vt 0.866532 0.960226
vt 0.861696 0.954642
vt 0.867833 0.956623
vt 0.874594 0.953510
vt 0.869956 0.950868
vt 0.874078 0.949035
vt 0.877971 0.951981
vt 0.098996 0.151087
vt 0.112259 0.151140
vt 0.125497 0.151197
vt 0.138600 0.151376
vt 0.151813 0.151429
vt 0.164975 0.151476
vt 0.177685 0.151662
vt 0.190804 0.151693
vt 0.806379 0.044321
vt 0.811885 0.016801
vt 0.904683 0.960192
vt 0.905482 0.959519
vt 0.901010 0.962845
vt 0.898963 0.963732
vt 0.894310 0.964861
vt 0.895215 0.964801
vt 0.892398 0.964886
vt 0.891017 0.969244
vt 0.890618 0.972609
vt 0.889165 0.985982
vt 0.190813 0.144376
vt 0.177729 0.144351
vt 0.165101 0.144505
vt 0.152055 0.144540
vt 0.138839 0.144537
vt 0.125758 0.144688
vt 0.112504 0.144688
vt 0.099222 0.144681
vt 0.086010 0.144571
vt 0.072800 0.144562
vt 0.059713 0.144461
vt 0.046569 0.144427
vt 0.033403 0.144398
vt 0.020131 0.144402
vt 0.006018 0.144593
vt 0.578166 0.225635
vt 0.604551 0.220648
vt 0.608991 0.220000
vt 0.618050 0.218368
vt 0.649868 0.216868
vt 0.644947 0.217374
vt 0.442062 0.125412
vt 0.437295 0.120784
vt 0.217657 0.581530
vt 0.216576 0.586580
vt 0.212463 0.614965
vt 0.204866 0.641878
vt 0.006169 0.150832
vt 0.019995 0.151021
vt 0.033183 0.151055
vt 0.046343 0.151087
vt 0.059499 0.151115
vt 0.072605 0.151093
vt 0.085796 0.151143
vt 0.894602 0.934929
vt 0.896740 0.933763
vt 0.920886 0.921421
vt 0.925659 0.919012
vt 0.875823 0.072136
vt 0.870031 0.100986
vt 0.190565 0.167683
vt 0.177305 0.167639
vt 0.164472 0.167541
vt 0.151794 0.167397
vt 0.138311 0.167359
vt 0.125007 0.167277
vt 0.111501 0.167277
vt 0.098222 0.167359
vt 0.085142 0.167324
vt 0.071740 0.167217
vt 0.059499 0.167350
vt 0.046676 0.167321
vt 0.033083 0.167186
vt 0.016901 0.166853
vt 0.004537 0.166931
vt 0.142518 0.586709
vt 0.146650 0.562818
vt 0.200680 0.538263
vt 0.191669 0.542269
vt 0.479726 0.081651
vt 0.484754 0.086028
vt 0.682844 0.235936
vt 0.676115 0.243640
vt 0.642479 0.282200
vt 0.636514 0.284426
vt 0.632391 0.284781
vt 0.609333 0.286614
vt 0.005946 0.128214
vt 0.018065 0.128365
vt 0.034337 0.128117
vt 0.048094 0.128028
vt 0.060970 0.128044
vt 0.073202 0.128220
vt 0.086560 0.128189
vt 0.099619 0.128205
vt 0.112932 0.128396
vt 0.126507 0.128456
vt 0.139679 0.128393
vt 0.153134 0.128409
vt 0.165900 0.128333
vt 0.178685 0.128286
vt 0.192036 0.128311
vt 0.852441 0.973926
vt 0.853967 0.959462
vt 0.854319 0.955770
vt 0.855633 0.952613
vt 0.865331 0.948268
vt 0.870148 0.946101
vt 0.115161 0.003358
vt 0.101672 0.003192
vt 0.128673 0.003402
vt 0.142370 0.003365
vt 0.155558 0.003559
vt 0.168909 0.003651
vt 0.182226 0.003742
vt 0.195656 0.003798
vt 0.003060 0.987004
vt 0.113379 0.987705
vt 0.987036 0.840235
vt 0.986888 0.839521
vt 0.982316 0.195656
vt 0.987705 0.168535
vt 0.177453 0.195608
vt 0.190948 0.195656
vt 0.164073 0.195596
vt 0.150555 0.195552
vt 0.137264 0.195624
vt 0.123478 0.195432
vt 0.109967 0.195370
vt 0.096458 0.195451
vt 0.082862 0.195420
vt 0.069287 0.195363
vt 0.055697 0.195319
vt 0.042994 0.194954
vt 0.030548 0.194646
vt 0.016948 0.194690
vt 0.003692 0.194643
vt 0.030580 0.511076
vt 0.035482 0.486971
vt 0.171862 0.472554
vt 0.149631 0.474698
vt 0.531996 0.013458
vt 0.537905 0.016725
vt 0.722451 0.287294
vt 0.732120 0.267632
vt 0.674505 0.388211
vt 0.673552 0.390808
vt 0.670191 0.391374
vt 0.647532 0.394865
vt 0.020483 0.100178
vt 0.007213 0.100163
vt 0.034183 0.100301
vt 0.046751 0.100144
vt 0.059452 0.099927
vt 0.072960 0.099977
vt 0.086428 0.099949
vt 0.099986 0.099980
vt 0.113467 0.100109
vt 0.126978 0.100087
vt 0.140767 0.099939
vt 0.153961 0.100056
vt 0.167368 0.100071
vt 0.180817 0.100075
vt 0.194300 0.100075
vt 0.337174 0.113618
vt 0.250529 0.104656
vt 0.362423 0.115721
vt 0.200136 0.913513
vt 0.180427 0.914755
vt 0.202882 0.868811
vt 0.183295 0.867742
vt 0.367467 0.096936
vt 0.342903 0.094056
vt 0.256384 0.085453
vt 0.180424 0.098386
vt 0.193841 0.098377
vt 0.167082 0.098408
vt 0.153700 0.098424
vt 0.140584 0.098559
vt 0.127019 0.098543
vt 0.113504 0.098543
vt 0.100012 0.098634
vt 0.086478 0.098663
vt 0.073042 0.098631
vt 0.059603 0.098672
vt 0.046902 0.098480
vt 0.034218 0.098377
vt 0.020615 0.098493
vt 0.007276 0.098534
vt 0.385321 0.677577
vt 0.390032 0.653371
vt 0.390899 0.648934
vt 0.393799 0.647812
vt 0.394475 0.643032
vt 0.397581 0.617738
vt 0.022244 0.003336
vt 0.008852 0.003245
vt 0.035765 0.003478
vt 0.048358 0.003314
vt 0.061068 0.003060
vt 0.074576 0.003097
vt 0.088101 0.003119
vt 0.820356 0.944381
vt 0.818878 0.946331
vt 0.818582 0.949950
vt 0.817507 0.963286
vt 0.192929 0.113001
vt 0.180911 0.112869
vt 0.167302 0.112872
vt 0.153064 0.112976
vt 0.139553 0.113036
vt 0.125903 0.113228
vt 0.112982 0.113187
vt 0.099814 0.112957
vt 0.086403 0.112935
vt 0.073429 0.113023
vt 0.060533 0.113045
vt 0.047698 0.113052
vt 0.034435 0.112992
vt 0.021373 0.112979
vt 0.006726 0.112835
vt 0.624848 0.346003
vt 0.653371 0.344180
vt 0.657254 0.343909
vt 0.659745 0.341463
vt 0.710184 0.253397
vt 0.701594 0.267855
vt 0.516441 0.048949
vt 0.510796 0.045295
vt 0.184817 0.501835
vt 0.168327 0.505036
vt 0.084808 0.519378
vt 0.080538 0.548731
vt 0.003997 0.182169
vt 0.018467 0.182122
vt 0.031583 0.182188
vt 0.045028 0.182198
vt 0.057864 0.182282
vt 0.070718 0.182392
vt 0.083783 0.182534
vt 0.097238 0.182553
vt 0.110398 0.182348
vt 0.123246 0.182348
vt 0.136695 0.182547
vt 0.150209 0.182679
vt 0.164699 0.182870
vt 0.178129 0.182914
vt 0.190310 0.182858
vt 0.930669 0.153753
vt 0.936077 0.127183
vt 0.959339 0.848863
vt 0.958494 0.843606
vt 0.038088 0.934653
vt 0.145065 0.935291
vt 0.193128 0.016537
vt 0.180770 0.016411
vt 0.168632 0.016238
vt 0.154042 0.016310
vt 0.140238 0.016335
vt 0.127025 0.016301
vt 0.113869 0.016310
vt 0.100946 0.016404
vt 0.088038 0.016313
vt 0.074504 0.016074
vt 0.060854 0.015917
vt 0.047654 0.015867
vt 0.035472 0.015942
vt 0.023766 0.016052
vt 0.008980 0.015804
vt 0.447464 0.646029
vt 0.442644 0.673671
vt 0.441915 0.678140
vt 0.438965 0.680944
vt 0.438210 0.685400
vt 0.434088 0.713775
vt 0.007858 0.085821
vt 0.022542 0.085598
vt 0.034161 0.085742
vt 0.046198 0.085859
vt 0.059461 0.085821
vt 0.073218 0.085667
vt 0.086909 0.085399
vt 0.099788 0.085362
vt 0.112747 0.085500
vt 0.125919 0.085541
vt 0.139087 0.085528
vt 0.152756 0.085585
vt 0.167673 0.085752
vt 0.179779 0.085594
vt 0.191933 0.085478
vt 0.806709 0.887486
vt 0.811275 0.898099
vt 0.812529 0.901020
vt 0.814372 0.901454
vt 0.815935 0.912120
vt 0.816648 0.917456
vt 0.849467 0.950658
vt 0.848146 0.953613
vt 0.847797 0.957050
vt 0.846043 0.972427
vt 0.177883 0.125522
vt 0.191562 0.125573
vt 0.165142 0.125535
vt 0.152020 0.125526
vt 0.139166 0.125548
vt 0.126334 0.125629
vt 0.112825 0.125579
vt 0.099559 0.125526
vt 0.086406 0.125503
vt 0.073856 0.125422
vt 0.060945 0.125409
vt 0.047025 0.125444
vt 0.032561 0.125522
vt 0.017970 0.125566
vt 0.005993 0.125459
vt 0.612805 0.297013
vt 0.636473 0.295142
vt 0.640718 0.294768
vt 0.646085 0.292460
vt 0.688394 0.239099
vt 0.681366 0.247988
vt 0.486339 0.074790
vt 0.491486 0.079041
vt 0.187552 0.534854
vt 0.197872 0.531024
vt 0.131704 0.579219
vt 0.135952 0.554561
vt 0.016395 0.169595
vt 0.004465 0.169661
vt 0.031385 0.169739
vt 0.045729 0.169890
vt 0.059395 0.169985
vt 0.072312 0.170032
vt 0.084887 0.170007
vt 0.097990 0.170038
vt 0.111262 0.170029
vt 0.124777 0.170038
vt 0.137622 0.170176
vt 0.150565 0.170249
vt 0.163737 0.170296
vt 0.176387 0.170374
vt 0.189974 0.170393
vt 0.886568 0.081541
vt 0.880619 0.111633
vt 0.932489 0.857032
vt 0.931046 0.847083
vt 0.168085 0.884137
vt 0.044465 0.883090
vt 0.178390 0.028878
vt 0.191587 0.028941
vt 0.166048 0.028904
vt 0.153712 0.028929
vt 0.140301 0.028888
vt 0.126434 0.028753
vt 0.113039 0.028636
vt 0.099902 0.028570
vt 0.086824 0.028501
vt 0.074054 0.028413
vt 0.061027 0.028347
vt 0.048355 0.028278
vt 0.034708 0.028272
vt 0.019014 0.028319
vt 0.007078 0.028149
vt 0.495423 0.683205
vt 0.490754 0.706628
vt 0.489921 0.710967
vt 0.487021 0.715621
vt 0.486185 0.719970
vt 0.481937 0.743729
vt 0.018382 0.073234
vt 0.006261 0.073366
vt 0.034076 0.073303
vt 0.047723 0.073322
vt 0.060175 0.073268
vt 0.073231 0.073224
vt 0.086069 0.073165
vt 0.099172 0.073124
vt 0.112331 0.073083
vt 0.125720 0.073004
vt 0.139572 0.072907
vt 0.153030 0.072891
vt 0.165394 0.072935
vt 0.177424 0.073010
vt 0.190577 0.072973
vt 0.834798 0.866299
vt 0.829082 0.854262
vt 0.836006 0.869101
vt 0.837961 0.870321
vt 0.840741 0.890476
vt 0.842241 0.900435
vt 0.893910 0.930203
vt 0.896026 0.929342
vt 0.923468 0.915459
vt 0.929109 0.912318
vt 0.860469 0.945513
vt 0.866249 0.943202
vt 0.838147 0.073256
vt 0.843801 0.046141
vt 0.913226 0.939158
vt 0.915843 0.938011
vt 0.898863 0.948142
vt 0.896768 0.949519
vt 0.879081 0.956066
vt 0.881650 0.954730
vt 0.873805 0.958569
vt 0.872531 0.962390
vt 0.872236 0.965987
vt 0.871006 0.979649
vt 0.191326 0.136361
vt 0.178207 0.136358
vt 0.166324 0.136660
vt 0.151577 0.136235
vt 0.138182 0.136069
vt 0.125444 0.136198
vt 0.112470 0.136323
vt 0.099326 0.136339
vt 0.086173 0.136342
vt 0.072882 0.136412
vt 0.059049 0.136641
vt 0.044824 0.136861
vt 0.031601 0.136745
vt 0.018304 0.136673
vt 0.004814 0.136654
vt 0.597743 0.255041
vt 0.619496 0.253431
vt 0.623342 0.253196
vt 0.630819 0.251196
vt 0.666298 0.226424
vt 0.660477 0.230568
vt 0.463630 0.106058
vt 0.458866 0.101430
vt 0.209139 0.559919
vt 0.204061 0.564428
vt 0.178921 0.588168
vt 0.175094 0.611261
vt 0.004333 0.158636
vt 0.017791 0.158677
vt 0.031114 0.158677
vt 0.044292 0.158617
vt 0.058486 0.158922
vt 0.072117 0.159146
vt 0.085374 0.159262
vt 0.098524 0.159325
vt 0.111662 0.159385
vt 0.124680 0.159532
vt 0.137377 0.159753
vt 0.150656 0.159687
vt 0.165303 0.159344
vt 0.177229 0.159677
vt 0.190467 0.159709
vt 0.800461 0.003060
vt 0.795109 0.031762
vt 0.901825 0.966833
vt 0.901847 0.966864
vt 0.899696 0.967672
vt 0.571867 0.216286
vt 0.599312 0.210195
vt 0.604010 0.209513
vt 0.613798 0.207950
vt 0.644368 0.213673
vt 0.639664 0.212915
vt 0.430151 0.127327
vt 0.434965 0.131906
vt 0.220795 0.594105
vt 0.220500 0.588762
vt 0.214727 0.651311
vt 0.223176 0.623971
vt 0.102983 0.472768
vt 0.080337 0.474679
vt 0.080328 0.473261
vt 0.102942 0.471375
vt 0.707556 0.350736
vt 0.703330 0.350129
vt 0.712112 0.329986
vt 0.716593 0.330586
vt 0.709688 0.329640
vt 0.700773 0.349795
vt 0.699506 0.349594
vt 0.708480 0.329438
vt 0.693060 0.348597
vt 0.688523 0.339645
vt 0.697896 0.320228
vt 0.702396 0.328354
vt 0.693478 0.312336
vt 0.684394 0.329964
vt 0.689114 0.304557
vt 0.680683 0.320458
vt 0.684721 0.296809
vt 0.676448 0.311305
vt 0.680331 0.289064
vt 0.672187 0.302148
vt 0.675983 0.281316
vt 0.668228 0.293004
vt 0.671668 0.273559
vt 0.664329 0.283863
vt 0.667373 0.265795
vt 0.660430 0.274716
vt 0.656015 0.266798
vt 0.662688 0.259069
vt 0.658028 0.252337
vt 0.651629 0.258874
vt 0.653387 0.245605
vt 0.647246 0.250947
vt 0.648755 0.238835
vt 0.642859 0.242979
vt 0.643944 0.231795
vt 0.637960 0.234439
vt 0.639466 0.224952
vt 0.633725 0.226248
vt 0.634495 0.217899
vt 0.629021 0.218022
vt 0.629640 0.210988
vt 0.624389 0.209925
vt 0.408939 0.169437
vt 0.403600 0.164919
vt 0.407650 0.157621
vt 0.412923 0.162111
vt 0.222302 0.611770
vt 0.214126 0.603324
vt 0.214865 0.597517
vt 0.221751 0.605667
vt 0.207894 0.589250
vt 0.205913 0.594825
vt 0.201001 0.581634
vt 0.197533 0.586970
vt 0.193929 0.573556
vt 0.188870 0.578203
vt 0.187141 0.565780
vt 0.180805 0.570232
vt 0.180393 0.558019
vt 0.172720 0.562208
vt 0.173642 0.550262
vt 0.164630 0.554255
vt 0.166897 0.542505
vt 0.156564 0.546322
vt 0.147118 0.538417
vt 0.158989 0.534751
vt 0.151093 0.526987
vt 0.137672 0.530584
vt 0.143213 0.519208
vt 0.128245 0.522714
vt 0.135346 0.511381
vt 0.118856 0.514460
vt 0.127472 0.503536
vt 0.109464 0.506199
vt 0.119557 0.495716
vt 0.099606 0.498401
vt 0.111527 0.487804
vt 0.089585 0.490147
vt 0.103257 0.479748
vt 0.080400 0.481817
vt 0.057914 0.477138
vt 0.057845 0.475683
vt 0.697946 0.370822
vt 0.693739 0.370266
vt 0.691239 0.369781
vt 0.690007 0.369502
vt 0.683712 0.368200
vt 0.679825 0.357801
vt 0.675715 0.347651
vt 0.670983 0.337312
vt 0.667942 0.326020
vt 0.664285 0.315285
vt 0.660147 0.304736
vt 0.656745 0.294136
vt 0.653374 0.283590
vt 0.649280 0.274496
vt 0.645183 0.265371
vt 0.641067 0.256255
vt 0.636954 0.247146
vt 0.632068 0.237216
vt 0.627907 0.227515
vt 0.623499 0.218151
vt 0.619078 0.208887
vt 0.404930 0.176736
vt 0.399540 0.172205
vt 0.222801 0.617927
vt 0.213359 0.609198
vt 0.203963 0.600466
vt 0.193933 0.592190
vt 0.183867 0.583049
vt 0.174497 0.574754
vt 0.165114 0.566557
vt 0.155687 0.558557
vt 0.146272 0.550312
vt 0.135267 0.542357
vt 0.124155 0.534553
vt 0.113209 0.526015
vt 0.102128 0.517582
vt 0.090421 0.509576
vt 0.079733 0.500599
vt 0.069086 0.492486
vt 0.058219 0.484412
vt 0.035277 0.479428
vt 0.035227 0.477921
vt 0.688032 0.390843
vt 0.683765 0.390381
vt 0.201309 0.498646
vt 0.203020 0.505797
vt 0.204740 0.512941
vt 0.206460 0.520076
vt 0.208186 0.527204
vt 0.209686 0.534266
vt 0.211189 0.541322
vt 0.212698 0.548372
vt 0.214214 0.555416
vt 0.215736 0.562459
vt 0.217267 0.569506
vt 0.218795 0.576559
vt 0.220324 0.583618
vt 0.425271 0.132638
vt 0.430214 0.137103
vt 0.648928 0.214293
vt 0.654726 0.216289
vt 0.660518 0.218292
vt 0.666313 0.220292
vt 0.672115 0.222289
vt 0.677923 0.224276
vt 0.683743 0.226260
vt 0.689573 0.228241
vt 0.695412 0.230213
vt 0.701235 0.232401
vt 0.707062 0.234581
vt 0.712901 0.236760
vt 0.718740 0.238936
vt 0.724583 0.241108
vt 0.730425 0.243278
vt 0.736268 0.245445
vt 0.742110 0.247611
vt 0.748314 0.248482
vt 0.747286 0.248334
vt 0.750373 0.248756
vt 0.754625 0.249252
vt 0.194392 0.464190
vt 0.194366 0.463029
vt 0.194505 0.470016
vt 0.196203 0.477176
vt 0.197901 0.484333
vt 0.199602 0.491493
vt 0.209557 0.497096
vt 0.210497 0.504155
vt 0.211441 0.511211
vt 0.212390 0.518258
vt 0.213346 0.525302
vt 0.214189 0.532270
vt 0.215035 0.539235
vt 0.215890 0.546200
vt 0.216748 0.553161
vt 0.217616 0.560129
vt 0.218490 0.567100
vt 0.219365 0.574078
vt 0.220242 0.581059
vt 0.427692 0.129965
vt 0.432572 0.134490
vt 0.651201 0.214588
vt 0.657157 0.216000
vt 0.663112 0.217412
vt 0.669068 0.218821
vt 0.675023 0.220220
vt 0.680985 0.221616
vt 0.686953 0.223006
vt 0.692934 0.224389
vt 0.698918 0.225770
vt 0.704927 0.227257
vt 0.710949 0.228741
vt 0.716973 0.230222
vt 0.723007 0.231703
vt 0.729042 0.233178
vt 0.735082 0.234653
vt 0.741126 0.236128
vt 0.747166 0.237605
vt 0.753273 0.238448
vt 0.752263 0.238307
vt 0.755288 0.238712
vt 0.759533 0.239228
vt 0.205724 0.463083
vt 0.205699 0.461945
vt 0.205834 0.468793
vt 0.206762 0.475881
vt 0.207689 0.482959
vt 0.208620 0.490034
vt 0.126227 0.470563
vt 0.126195 0.469214
vt 0.726567 0.309864
vt 0.722030 0.309339
vt 0.719627 0.309000
vt 0.718432 0.308811
vt 0.712408 0.307846
vt 0.707336 0.301362
vt 0.702512 0.294988
vt 0.697789 0.288605
vt 0.693095 0.282316
vt 0.688390 0.275974
vt 0.683693 0.269616
vt 0.679014 0.263255
vt 0.674357 0.256887
vt 0.669392 0.251350
vt 0.664446 0.245809
vt 0.659525 0.240266
vt 0.654638 0.234716
vt 0.649764 0.229100
vt 0.644922 0.223474
vt 0.639825 0.217704
vt 0.634747 0.212004
vt 0.416970 0.155042
vt 0.411775 0.150571
vt 0.221229 0.599749
vt 0.215660 0.591907
vt 0.210029 0.584005
vt 0.204507 0.576512
vt 0.198979 0.568956
vt 0.193533 0.561419
vt 0.188096 0.553850
vt 0.182657 0.546272
vt 0.177226 0.538684
vt 0.170865 0.531090
vt 0.164513 0.523487
vt 0.158171 0.515868
vt 0.151844 0.508253
vt 0.145571 0.500674
vt 0.139207 0.493037
vt 0.132858 0.485308
vt 0.126425 0.477305
vt 0.217972 0.502536
vt 0.217805 0.495571
vt 0.218145 0.509495
vt 0.218321 0.516453
vt 0.218503 0.523406
vt 0.218689 0.530276
vt 0.218880 0.537147
vt 0.219078 0.544024
vt 0.219286 0.550904
vt 0.219497 0.557790
vt 0.219714 0.564686
vt 0.219934 0.571588
vt 0.220166 0.578496
vt 0.659588 0.215714
vt 0.653472 0.214887
vt 0.665707 0.216535
vt 0.671819 0.217349
vt 0.677935 0.218157
vt 0.684051 0.218959
vt 0.690167 0.219755
vt 0.696289 0.220544
vt 0.702411 0.221330
vt 0.708615 0.222119
vt 0.714823 0.222905
vt 0.721039 0.223688
vt 0.727262 0.224471
vt 0.733491 0.225251
vt 0.739730 0.226028
vt 0.745974 0.226811
vt 0.752222 0.227594
vt 0.758244 0.228421
vt 0.757253 0.228282
vt 0.760222 0.228685
vt 0.764464 0.229200
vt 0.217060 0.462058
vt 0.217031 0.460941
vt 0.217324 0.474632
vt 0.217167 0.467636
vt 0.217481 0.481622
vt 0.217638 0.488603
vt 0.850784 0.846074
vt 0.852734 0.848391
vt 0.847322 0.856080
vt 0.845197 0.853878
vt 0.843930 0.851004
vt 0.849413 0.843452
vt 0.843216 0.832534
vt 0.839483 0.841206
vt 0.177166 0.065008
vt 0.190917 0.064895
vt 0.192348 0.067423
vt 0.178660 0.067492
vt 0.163501 0.065121
vt 0.164960 0.067558
vt 0.150892 0.065042
vt 0.151605 0.067599
vt 0.137682 0.065118
vt 0.138223 0.067668
vt 0.124944 0.065014
vt 0.124846 0.067800
vt 0.111948 0.065017
vt 0.112001 0.067819
vt 0.098974 0.065042
vt 0.099175 0.067847
vt 0.085991 0.065090
vt 0.086349 0.067891
vt 0.072551 0.065011
vt 0.073061 0.067850
vt 0.058628 0.064857
vt 0.059832 0.067860
vt 0.044670 0.064791
vt 0.045824 0.067734
vt 0.031554 0.064920
vt 0.032246 0.067781
vt 0.020162 0.065288
vt 0.019571 0.067888
vt 0.008889 0.065546
vt 0.008817 0.068155
vt 0.515947 0.747559
vt 0.508834 0.774108
vt 0.499728 0.764847
vt 0.506045 0.738151
vt 0.517246 0.742434
vt 0.507243 0.733098
vt 0.510180 0.727366
vt 0.520236 0.736073
vt 0.511133 0.722184
vt 0.521223 0.730736
vt 0.516258 0.694544
vt 0.526214 0.702496
vt 0.009276 0.033312
vt 0.020216 0.033586
vt 0.020756 0.036161
vt 0.009182 0.035909
vt 0.032752 0.033743
vt 0.032089 0.036560
vt 0.046151 0.033843
vt 0.045339 0.036673
vt 0.060200 0.033746
vt 0.059077 0.036695
vt 0.073504 0.033771
vt 0.072966 0.036579
vt 0.086862 0.033743
vt 0.086381 0.036538
vt 0.099710 0.033812
vt 0.099402 0.036614
vt 0.112552 0.033869
vt 0.112410 0.036667
vt 0.125409 0.033906
vt 0.125444 0.036695
vt 0.138647 0.034035
vt 0.138179 0.036601
vt 0.151964 0.034130
vt 0.151382 0.036699
vt 0.165126 0.034174
vt 0.164032 0.036645
vt 0.178808 0.034271
vt 0.177531 0.036765
vt 0.192423 0.034365
vt 0.191291 0.036903
vt 0.165202 0.861667
vt 0.060587 0.861441
vt 0.050452 0.849401
vt 0.176802 0.851162
vt 0.901793 0.824107
vt 0.907041 0.827245
vt 0.902661 0.829006
vt 0.898470 0.825981
vt 0.882603 0.839178
vt 0.880675 0.840062
vt 0.880024 0.835641
vt 0.881955 0.834638
vt 0.863425 0.843093
vt 0.860513 0.849316
vt 0.856136 0.851605
vt 0.860029 0.844480
vt 0.842665 0.863290
vt 0.840565 0.861482
vt 0.839241 0.858495
vt 0.835257 0.849008
vt 0.193156 0.070064
vt 0.179412 0.070127
vt 0.166104 0.070136
vt 0.152634 0.070180
vt 0.139223 0.070193
vt 0.125296 0.070363
vt 0.112165 0.070423
vt 0.099163 0.070454
vt 0.086160 0.070492
vt 0.073576 0.070599
vt 0.060612 0.070630
vt 0.047387 0.070633
vt 0.033029 0.070561
vt 0.018385 0.070485
vt 0.007367 0.070709
vt 0.491188 0.753892
vt 0.496297 0.728570
vt 0.497234 0.724121
vt 0.500099 0.719008
vt 0.500986 0.714398
vt 0.506058 0.688969
vt 0.008150 0.030775
vt 0.019021 0.031042
vt 0.033435 0.031001
vt 0.047984 0.030938
vt 0.061203 0.030966
vt 0.074174 0.031026
vt 0.086846 0.031142
vt 0.099814 0.031208
vt 0.112778 0.031265
vt 0.125818 0.031334
vt 0.139606 0.031526
vt 0.152998 0.031573
vt 0.166714 0.031680
vt 0.180022 0.031715
vt 0.193747 0.031803
vt 0.152347 0.872264
vt 0.058445 0.872431
vt 0.912346 0.830431
vt 0.907092 0.832264
vt 0.883279 0.843813
vt 0.881339 0.844562
vt 0.857488 0.856017
vt 0.852319 0.859032
vt 0.098521 0.053977
vt 0.111637 0.053949
vt 0.124903 0.053990
vt 0.138229 0.054062
vt 0.151797 0.053996
vt 0.164692 0.054125
vt 0.177588 0.054182
vt 0.190159 0.054311
vt 0.863840 0.803782
vt 0.867645 0.814966
vt 0.868997 0.818101
vt 0.871343 0.821104
vt 0.873544 0.819960
vt 0.872830 0.820315
vt 0.877342 0.817485
vt 0.879392 0.816620
vt 0.884040 0.815246
vt 0.883329 0.815520
vt 0.090786 0.807357
vt 0.195024 0.807413
vt 0.190527 0.047449
vt 0.177751 0.047509
vt 0.164762 0.047512
vt 0.151835 0.047603
vt 0.138304 0.047525
vt 0.124972 0.047563
vt 0.111706 0.047525
vt 0.098616 0.047528
vt 0.085519 0.047440
vt 0.072432 0.047217
vt 0.058574 0.047280
vt 0.045434 0.046987
vt 0.032136 0.046997
vt 0.017320 0.047572
vt 0.003858 0.047578
vt 0.571358 0.759662
vt 0.560834 0.770828
vt 0.559337 0.773872
vt 0.556362 0.781214
vt 0.556180 0.785692
vt 0.557762 0.810334
vt 0.004085 0.053836
vt 0.017502 0.053870
vt 0.032520 0.054550
vt 0.045758 0.054597
vt 0.058785 0.054314
vt 0.072438 0.054317
vt 0.085403 0.054031
vt 0.858322 0.841037
vt 0.856359 0.838788
vt 0.855067 0.836109
vt 0.848577 0.824535
vt 0.191411 0.062099
vt 0.177056 0.062326
vt 0.164208 0.062285
vt 0.152011 0.061996
vt 0.138437 0.062084
vt 0.125274 0.061999
vt 0.112017 0.061974
vt 0.098770 0.061992
vt 0.085484 0.062018
vt 0.071982 0.062011
vt 0.057898 0.061857
vt 0.044755 0.062080
vt 0.032793 0.062480
vt 0.021429 0.062832
vt 0.008719 0.062904
vt 0.517981 0.784245
vt 0.525597 0.757911
vt 0.527078 0.752229
vt 0.530213 0.744726
vt 0.531358 0.738934
vt 0.536345 0.710442
vt 0.008902 0.038532
vt 0.021665 0.038623
vt 0.033315 0.038953
vt 0.045182 0.039397
vt 0.058427 0.039595
vt 0.072347 0.039535
vt 0.085840 0.039560
vt 0.099128 0.039620
vt 0.112382 0.039667
vt 0.125658 0.039676
vt 0.138899 0.039648
vt 0.152483 0.039752
vt 0.164711 0.039481
vt 0.177641 0.039475
vt 0.191750 0.039683
vt 0.175679 0.839597
vt 0.044085 0.837254
vt 0.897096 0.821629
vt 0.894652 0.823356
vt 0.881336 0.830166
vt 0.879370 0.831239
vt 0.866104 0.837405
vt 0.863598 0.838257
vt 0.878691 0.812058
vt 0.084918 0.795109
vt 0.195656 0.795917
vt 0.917066 0.832877
vt 0.911642 0.835609
vt 0.883955 0.848546
vt 0.882012 0.849143
vt 0.854416 0.862991
vt 0.848913 0.865434
vt 0.879669 0.941715
vt 0.876981 0.938042
vt 0.883141 0.935785
vt 0.885071 0.939702
vt 0.882336 0.945344
vt 0.886857 0.943548
vt 0.884842 0.948840
vt 0.888624 0.947406
vt 0.887197 0.952318
vt 0.890272 0.951290
vt 0.889866 0.956082
vt 0.892709 0.955733
vt 0.893470 0.960635
vt 0.895341 0.960393
vt 0.896907 0.964572
vt 0.897662 0.964377
vt 0.902378 0.961990
vt 0.903114 0.961449
vt 0.903082 0.956289
vt 0.904733 0.954736
vt 0.904032 0.949894
vt 0.906510 0.947689
vt 0.904840 0.944048
vt 0.907783 0.942070
vt 0.905211 0.939190
vt 0.908881 0.936957
vt 0.905695 0.934259
vt 0.910098 0.931694
vt 0.906214 0.929294
vt 0.911418 0.926156
vt 0.906824 0.924131
vt 0.912733 0.920594
vt 0.902708 0.860724
vt 0.904966 0.870852
vt 0.898985 0.873619
vt 0.897548 0.863724
vt 0.897117 0.836779
vt 0.899592 0.840291
vt 0.894451 0.843313
vt 0.892615 0.839361
vt 0.894438 0.833119
vt 0.890697 0.835386
vt 0.892033 0.829726
vt 0.888863 0.831528
vt 0.889693 0.826421
vt 0.886980 0.827717
vt 0.887143 0.823016
vt 0.885081 0.823950
vt 0.884568 0.819592
vt 0.883141 0.820167
vt 0.881785 0.815979
vt 0.880977 0.816183
vt 0.875842 0.818475
vt 0.875072 0.818988
vt 0.875066 0.823937
vt 0.873641 0.824736
vt 0.874421 0.829066
vt 0.872383 0.830129
vt 0.873798 0.834078
vt 0.871123 0.835424
vt 0.873198 0.839087
vt 0.869991 0.840401
vt 0.872660 0.844058
vt 0.868808 0.845477
vt 0.872075 0.849218
vt 0.867475 0.851017
vt 0.871572 0.854272
vt 0.866290 0.856240
vt 0.870003 0.887706
vt 0.869214 0.876779
vt 0.874525 0.874827
vt 0.875984 0.884719
vt 0.838304 0.922537
vt 0.845027 0.920528
vt 0.846442 0.930263
vt 0.839559 0.931345
vt 0.831512 0.924553
vt 0.832635 0.932278
vt 0.824541 0.926644
vt 0.825500 0.933175
vt 0.817994 0.928294
vt 0.818736 0.933722
vt 0.811504 0.930052
vt 0.812045 0.934304
vt 0.804781 0.932005
vt 0.805156 0.935071
vt 0.285234 0.905488
vt 0.372357 0.914035
vt 0.371517 0.936810
vt 0.283876 0.919918
vt 0.200618 0.896750
vt 0.200350 0.902340
vt 0.180867 0.897067
vt 0.180603 0.902947
vt 0.364213 0.111102
vt 0.339133 0.108763
vt 0.339966 0.106329
vt 0.364983 0.108763
vt 0.253353 0.097518
vt 0.252513 0.099911
vt 0.180795 0.099442
vt 0.194266 0.099439
vt 0.194294 0.099653
vt 0.180820 0.099653
vt 0.167381 0.099449
vt 0.167394 0.099656
vt 0.153983 0.099442
vt 0.153995 0.099647
vt 0.140770 0.099424
vt 0.140785 0.099597
vt 0.127044 0.099509
vt 0.127029 0.099700
vt 0.113539 0.099521
vt 0.113523 0.099716
vt 0.100027 0.099474
vt 0.100021 0.099644
vt 0.086443 0.099465
vt 0.086443 0.099625
vt 0.072916 0.099471
vt 0.072922 0.099641
vt 0.059373 0.099455
vt 0.059376 0.099612
vt 0.046663 0.099518
vt 0.046663 0.099729
vt 0.034126 0.099578
vt 0.034133 0.099820
vt 0.020477 0.099546
vt 0.020473 0.099757
vt 0.007210 0.099549
vt 0.007213 0.099754
vt 0.672948 0.392950
vt 0.650733 0.397377
vt 0.649484 0.396616
vt 0.671898 0.392513
vt 0.675976 0.391553
vt 0.675137 0.391302
vt 0.676976 0.388701
vt 0.678114 0.388991
vt 0.687526 0.368926
vt 0.686271 0.368659
vt 0.696956 0.349176
vt 0.695667 0.348975
vt 0.706059 0.329004
vt 0.704845 0.328784
vt 0.716033 0.308424
vt 0.714826 0.308229
vt 0.725790 0.287791
vt 0.724680 0.287621
vt 0.735469 0.268103
vt 0.734353 0.267940
vt 0.745220 0.248036
vt 0.744188 0.247888
vt 0.750238 0.238017
vt 0.749219 0.237876
vt 0.755260 0.227999
vt 0.754254 0.227861
vt 0.539518 0.014100
vt 0.533584 0.010877
vt 0.534370 0.009578
vt 0.540313 0.012788
vt 0.217129 0.465400
vt 0.205796 0.466504
vt 0.205774 0.465363
vt 0.217107 0.464284
vt 0.194470 0.467680
vt 0.194445 0.466513
vt 0.171818 0.470120
vt 0.171789 0.468903
vt 0.149568 0.472111
vt 0.149540 0.470815
vt 0.126334 0.474607
vt 0.126296 0.473258
vt 0.103125 0.476953
vt 0.103071 0.475557
vt 0.080365 0.478959
vt 0.080356 0.477528
vt 0.058109 0.481503
vt 0.058052 0.480047
vt 0.035409 0.483946
vt 0.035369 0.482440
vt 0.195586 0.351604
vt 0.184188 0.348280
vt 0.184188 0.326703
vt 0.195586 0.330127
vt 0.172227 0.344626
vt 0.172223 0.323049
vt 0.159941 0.341768
vt 0.159932 0.320304
vt 0.148624 0.344142
vt 0.148602 0.322367
vt 0.137147 0.346572
vt 0.137141 0.324470
vt 0.124890 0.351066
vt 0.124890 0.328904
vt 0.112621 0.356238
vt 0.112624 0.334064
vt 0.100354 0.351537
vt 0.100354 0.329388
vt 0.088145 0.351207
vt 0.088145 0.329174
vt 0.075947 0.340730
vt 0.075947 0.318713
vt 0.063502 0.346500
vt 0.063511 0.324329
vt 0.051518 0.339780
vt 0.051528 0.317773
vt 0.039327 0.344497
vt 0.039349 0.322464
vt 0.027256 0.346645
vt 0.027284 0.324640
vt 0.015078 0.346233
vt 0.015112 0.324212
vt 0.003085 0.349031
vt 0.003119 0.327074
vt 0.987463 0.842411
vt 0.981118 0.848052
vt 0.980712 0.846175
vt 0.987325 0.841681
vt 0.974197 0.853816
vt 0.973665 0.850800
vt 0.967977 0.859325
vt 0.967279 0.855155
vt 0.961984 0.864834
vt 0.961138 0.859457
vt 0.955962 0.870418
vt 0.954997 0.863875
vt 0.949519 0.875940
vt 0.948381 0.868261
vt 0.943265 0.881326
vt 0.941944 0.872591
vt 0.937023 0.886615
vt 0.935577 0.876896
vt 0.920213 0.895611
vt 0.918959 0.885103
vt 0.924336 0.882361
vt 0.926037 0.892171
vt 0.907749 0.890860
vt 0.909161 0.901152
vt 0.903174 0.904453
vt 0.901645 0.894177
vt 0.889508 0.900359
vt 0.891505 0.899139
vt 0.892957 0.909352
vt 0.891039 0.910579
vt 0.874720 0.917883
vt 0.873110 0.907632
vt 0.879361 0.905048
vt 0.880845 0.915374
vt 0.857532 0.925194
vt 0.856319 0.915119
vt 0.861733 0.912670
vt 0.863585 0.922990
vt 0.883530 0.859777
vt 0.885621 0.859064
vt 0.900850 0.850413
vt 0.895772 0.853482
vt 0.913031 0.845505
vt 0.918361 0.842596
vt 0.929530 0.837207
vt 0.936665 0.837568
vt 0.943702 0.837748
vt 0.950705 0.838049
vt 0.957692 0.838310
vt 0.964694 0.838543
vt 0.971832 0.838678
vt 0.979665 0.838408
vt 0.986734 0.838807
vt 0.003393 0.239253
vt 0.015364 0.236266
vt 0.027498 0.236763
vt 0.039532 0.234348
vt 0.051619 0.229895
vt 0.063561 0.235838
vt 0.075963 0.230653
vt 0.088160 0.241171
vt 0.100358 0.240869
vt 0.112614 0.245520
vt 0.124846 0.240445
vt 0.137056 0.236153
vt 0.148562 0.235483
vt 0.159926 0.234461
vt 0.172167 0.236662
vt 0.184235 0.240300
vt 0.195634 0.244256
vt 0.035170 0.476415
vt 0.057776 0.474224
vt 0.080318 0.471843
vt 0.102908 0.469982
vt 0.126161 0.467872
vt 0.149414 0.465636
vt 0.171673 0.464042
vt 0.194338 0.461869
vt 0.205671 0.460806
vt 0.217006 0.459828
vt 0.537530 0.004368
vt 0.543486 0.007559
vt 0.759234 0.228556
vt 0.754279 0.238583
vt 0.749342 0.248627
vt 0.739899 0.268760
vt 0.730196 0.288470
vt 0.720825 0.309176
vt 0.710895 0.329828
vt 0.702047 0.349978
vt 0.692484 0.370042
vt 0.682523 0.390157
vt 0.680045 0.392773
vt 0.677184 0.394493
vt 0.655654 0.399924
vt 0.007279 0.098735
vt 0.020583 0.098700
vt 0.034183 0.098619
vt 0.046808 0.098688
vt 0.059515 0.098829
vt 0.072995 0.098801
vt 0.086472 0.098823
vt 0.100031 0.098801
vt 0.113526 0.098738
vt 0.127032 0.098735
vt 0.140641 0.098732
vt 0.153788 0.098628
vt 0.167173 0.098616
vt 0.180528 0.098597
vt 0.193955 0.098587
vt 0.255931 0.087874
vt 0.342453 0.096531
vt 0.367109 0.099307
vt 0.182669 0.873607
vt 0.202303 0.874421
vt 0.281860 0.847640
vt 0.371920 0.823264
vt 0.803068 0.920056
vt 0.809155 0.913283
vt 0.815155 0.906790
vt 0.821167 0.900350
vt 0.827185 0.893876
vt 0.833242 0.887389
vt 0.839317 0.880527
vt 0.850505 0.875050
vt 0.855944 0.872846
vt 0.867994 0.866123
vt 0.873261 0.864246
vt 0.847829 0.939828
vt 0.840857 0.940064
vt 0.833773 0.939875
vt 0.826575 0.939580
vt 0.819541 0.939077
vt 0.812595 0.938561
vt 0.805552 0.938130
vt 0.370951 0.959644
vt 0.282954 0.934319
vt 0.200199 0.907922
vt 0.180456 0.908849
vt 0.363348 0.113419
vt 0.338202 0.111190
vt 0.251579 0.102291
vt 0.194307 0.099864
vt 0.180827 0.099864
vt 0.167387 0.099864
vt 0.153992 0.099851
vt 0.140782 0.099770
vt 0.127003 0.099895
vt 0.113504 0.099911
vt 0.100008 0.099810
vt 0.086437 0.099788
vt 0.072938 0.099810
vt 0.059401 0.099770
vt 0.046685 0.099936
vt 0.034152 0.100059
vt 0.020480 0.099968
vt 0.007220 0.099958
vt 0.648371 0.395783
vt 0.670933 0.391997
vt 0.674366 0.391060
vt 0.675781 0.388425
vt 0.685004 0.368410
vt 0.694368 0.348780
vt 0.703622 0.328567
vt 0.713618 0.308037
vt 0.723567 0.287457
vt 0.733239 0.267783
vt 0.743151 0.247746
vt 0.748194 0.237738
vt 0.753241 0.227726
vt 0.538713 0.015411
vt 0.532792 0.012169
vt 0.217148 0.466520
vt 0.205815 0.467649
vt 0.194489 0.468847
vt 0.171843 0.471337
vt 0.149599 0.473403
vt 0.126375 0.475956
vt 0.103184 0.478352
vt 0.080375 0.480390
vt 0.058169 0.482959
vt 0.035450 0.485459
vt 0.195580 0.373074
vt 0.184185 0.369873
vt 0.172227 0.366222
vt 0.159948 0.363235
vt 0.148650 0.365977
vt 0.137147 0.368665
vt 0.124884 0.373212
vt 0.112621 0.378385
vt 0.100351 0.373684
vt 0.088145 0.373225
vt 0.075947 0.362766
vt 0.063499 0.368678
vt 0.051506 0.361826
vt 0.039315 0.366546
vt 0.027240 0.368649
vt 0.015062 0.368238
vt 0.003066 0.371011
vt 0.987589 0.843150
vt 0.981489 0.849942
vt 0.974703 0.856844
vt 0.968672 0.863513
vt 0.962761 0.870204
vt 0.956796 0.876959
vt 0.950633 0.883530
vt 0.944529 0.890055
vt 0.938445 0.896184
vt 0.927546 0.902309
vt 0.921701 0.905853
vt 0.910887 0.911054
vt 0.905123 0.914242
vt 0.894344 0.919792
vt 0.892574 0.920635
vt 0.875956 0.928078
vt 0.881851 0.925659
vt 0.865142 0.933256
vt 0.859042 0.935385
vt 0.843430 0.867934
vt 0.847436 0.861268
vt 0.851668 0.854045
vt 0.856413 0.846407
vt 0.860988 0.839584
vt 0.864821 0.833235
vt 0.868176 0.827283
vt 0.872110 0.820673
vt 0.884744 0.814966
vt 0.889973 0.817038
vt 0.894681 0.818428
vt 0.899746 0.820132
vt 0.905441 0.822632
vt 0.911535 0.825711
vt 0.917160 0.828189
vt 0.922499 0.830154
vt 0.923795 0.839663
vt 0.925257 0.849652
vt 0.926735 0.859680
vt 0.929952 0.879622
vt 0.931530 0.889168
vt 0.932958 0.899803
vt 0.934596 0.909569
vt 0.930511 0.916421
vt 0.926427 0.923367
vt 0.922427 0.930140
vt 0.918490 0.936841
vt 0.914689 0.942954
vt 0.910859 0.949541
vt 0.906277 0.958843
vt 0.893379 0.964892
vt 0.886514 0.962176
vt 0.881421 0.959566
vt 0.876481 0.957390
vt 0.871220 0.955047
vt 0.865865 0.952780
vt 0.860397 0.950318
vt 0.854938 0.948004
vt 0.853658 0.938108
vt 0.851923 0.927515
vt 0.850677 0.917802
vt 0.847973 0.897511
vt 0.846483 0.887436
vt 0.844974 0.877411
vt 0.888986 0.933250
vt 0.890212 0.937464
vt 0.891219 0.941674
vt 0.892096 0.945878
vt 0.893404 0.950246
vt 0.895212 0.955170
vt 0.896945 0.960028
vt 0.898350 0.964116
vt 0.901674 0.962459
vt 0.901545 0.957588
vt 0.901693 0.951771
vt 0.901894 0.945932
vt 0.901800 0.940976
vt 0.901429 0.936564
vt 0.901193 0.931996
vt 0.901076 0.927257
vt 0.899215 0.917669
vt 0.898095 0.906768
vt 0.896498 0.896636
vt 0.893822 0.876276
vt 0.892319 0.866472
vt 0.890926 0.856514
vt 0.889329 0.846162
vt 0.888002 0.841716
vt 0.886725 0.837370
vt 0.885430 0.833106
vt 0.884122 0.828915
vt 0.882946 0.824843
vt 0.881584 0.820661
vt 0.880178 0.816400
vt 0.876600 0.817972
vt 0.876556 0.822997
vt 0.876537 0.827924
vt 0.876603 0.832547
vt 0.876584 0.837367
vt 0.876613 0.842210
vt 0.876688 0.847093
vt 0.876764 0.852121
vt 0.878279 0.862567
vt 0.879855 0.872468
vt 0.881207 0.882405
vt 0.884496 0.902586
vt 0.885879 0.912824
vt 0.887904 0.923298
vt 0.184179 0.391453
vt 0.195577 0.394547
vt 0.172223 0.387799
vt 0.159954 0.384711
vt 0.148678 0.387783
vt 0.137141 0.390767
vt 0.124881 0.395346
vt 0.112624 0.400546
vt 0.100348 0.395842
vt 0.088145 0.395273
vt 0.075950 0.384799
vt 0.063495 0.390868
vt 0.051499 0.383843
vt 0.039312 0.388591
vt 0.027237 0.390654
vt 0.015056 0.390242
vt 0.003060 0.392956
vt 0.981809 0.851844
vt 0.987705 0.843892
vt 0.975172 0.859884
vt 0.969336 0.867705
vt 0.963531 0.875553
vt 0.957789 0.883499
vt 0.951676 0.891074
vt 0.945759 0.898784
vt 0.940064 0.906975
vt 0.837050 0.913689
vt 0.843659 0.910535
vt 0.849325 0.907818
vt 0.854992 0.905070
vt 0.860318 0.902677
vt 0.871594 0.897520
vt 0.877691 0.894778
vt 0.882845 0.892391
vt 0.888033 0.890260
vt 0.889967 0.889127
vt 0.900262 0.883832
vt 0.895121 0.886367
vt 0.906274 0.880792
vt 0.922729 0.872494
vt 0.917459 0.875173
vt 0.928379 0.869777
vt 0.934027 0.867035
vt 0.940611 0.863815
vt 0.947155 0.860579
vt 0.953887 0.857341
vt 0.960242 0.854127
vt 0.966597 0.851001
vt 0.973134 0.847803
vt 0.980275 0.844316
vt 0.987183 0.840952
vt 0.003170 0.305107
vt 0.015156 0.302208
vt 0.027322 0.302651
vt 0.039384 0.300419
vt 0.051540 0.295784
vt 0.063511 0.302195
vt 0.075954 0.296680
vt 0.088145 0.307154
vt 0.100354 0.307254
vt 0.112624 0.311918
vt 0.124887 0.306773
vt 0.137132 0.302393
vt 0.148596 0.300632
vt 0.159929 0.298856
vt 0.172214 0.301440
vt 0.184194 0.305107
vt 0.195593 0.308663
vt 0.035328 0.480934
vt 0.057983 0.478594
vt 0.080346 0.476101
vt 0.103024 0.474161
vt 0.126261 0.471909
vt 0.149508 0.469523
vt 0.171761 0.467686
vt 0.194420 0.465350
vt 0.205749 0.464221
vt 0.217082 0.463171
vt 0.535163 0.008279
vt 0.541109 0.011480
vt 0.756260 0.228141
vt 0.751251 0.238162
vt 0.746254 0.248186
vt 0.736576 0.268267
vt 0.726894 0.287963
vt 0.717234 0.308619
vt 0.707270 0.329225
vt 0.698239 0.349384
vt 0.688768 0.369212
vt 0.679209 0.389286
vt 0.676894 0.391821
vt 0.674033 0.393343
vt 0.652028 0.398075
vt 0.007220 0.099345
vt 0.020486 0.099336
vt 0.034130 0.099339
vt 0.046679 0.099310
vt 0.059386 0.099298
vt 0.072922 0.099304
vt 0.086450 0.099304
vt 0.100031 0.099307
vt 0.113545 0.099326
vt 0.127047 0.099317
vt 0.140738 0.099251
vt 0.153951 0.099238
vt 0.167356 0.099241
vt 0.180754 0.099229
vt 0.194216 0.099226
vt 0.254104 0.095116
vt 0.340708 0.103892
vt 0.365650 0.106414
vt 0.181213 0.891193
vt 0.200957 0.891146
vt 0.286127 0.891165
vt 0.373023 0.891382
vt 0.804407 0.928961
vt 0.810954 0.925839
vt 0.817309 0.922852
vt 0.823708 0.919977
vt 0.830468 0.916751
vt 0.927870 0.827176
vt 0.935225 0.828528
vt 0.942545 0.830019
vt 0.949746 0.831522
vt 0.956899 0.833000
vt 0.964065 0.834392
vt 0.971348 0.835679
vt 0.979410 0.836471
vt 0.986580 0.838090
vt 0.003487 0.217330
vt 0.015452 0.214318
vt 0.027573 0.214846
vt 0.039595 0.212356
vt 0.051660 0.207950
vt 0.063593 0.213733
vt 0.075966 0.208661
vt 0.088167 0.219151
vt 0.100361 0.218739
vt 0.112614 0.223390
vt 0.124818 0.218358
vt 0.137015 0.214047
vt 0.148540 0.213793
vt 0.159929 0.212981
vt 0.172148 0.215101
vt 0.184241 0.218698
vt 0.195656 0.222761
vt 0.035114 0.474909
vt 0.057707 0.472768
vt 0.080309 0.470428
vt 0.102876 0.468592
vt 0.126129 0.466532
vt 0.149382 0.464344
vt 0.171645 0.462834
vt 0.194310 0.460712
vt 0.205642 0.459668
vt 0.216981 0.458715
vt 0.538323 0.003060
vt 0.544278 0.006251
vt 0.681209 0.393163
vt 0.678114 0.394997
vt 0.656509 0.400546
vt 0.874908 0.943897
vt 0.871736 0.940668
vt 0.870500 0.930580
vt 0.869031 0.920389
vt 0.867088 0.910069
vt 0.865390 0.900328
vt 0.864491 0.890200
vt 0.863409 0.879628
vt 0.861846 0.869651
vt 0.860409 0.859397
vt 0.862670 0.853111
vt 0.864777 0.847184
vt 0.866783 0.841596
vt 0.868588 0.836480
vt 0.870387 0.831169
vt 0.872251 0.825447
vt 0.874298 0.819497
vt 0.882597 0.815774
vt 0.885961 0.818997
vt 0.889172 0.822047
vt 0.892193 0.824931
vt 0.895143 0.827786
vt 0.898400 0.830943
vt 0.901853 0.834304
vt 0.905529 0.837795
vt 0.907079 0.847973
vt 0.908472 0.858010
vt 0.910434 0.868113
vt 0.912374 0.877698
vt 0.913604 0.887640
vt 0.914780 0.898234
vt 0.916314 0.908337
vt 0.918015 0.918147
vt 0.916141 0.923776
vt 0.914229 0.929502
vt 0.912362 0.935086
vt 0.910560 0.940470
vt 0.908758 0.945998
vt 0.906390 0.953167
vt 0.903887 0.960846
vt 0.896086 0.964707
vt 0.891546 0.960874
vt 0.887392 0.956692
vt 0.884320 0.953456
vt 0.881285 0.950362
vt 0.878147 0.947177
vt 0.885442 0.814677
vt 0.891237 0.816274
vt 0.896536 0.817167
vt 0.902466 0.818673
vt 0.909145 0.821299
vt 0.915783 0.823966
vt 0.921861 0.825827
vt 0.935310 0.914236
vt 0.930543 0.921238
vt 0.925804 0.928496
vt 0.921176 0.935505
vt 0.916632 0.942187
vt 0.912211 0.948696
vt 0.907073 0.958157
vn -0.558346 0.818348 -0.136224
vn 0.000097 0.996080 -0.088463
vn 0.000080 0.994548 -0.104278
vn -0.557806 0.814360 -0.160222
vn -0.892335 -0.451086 0.016140
vn 0.974282 -0.225157 -0.008847
vn 0.959907 -0.277209 0.041641
vn -0.903614 -0.419846 -0.084923
vn 0.994673 0.090684 0.049022
vn 0.994004 0.104824 -0.031100
vn 0.987200 0.128938 -0.093863
vn 0.999372 0.035250 0.003493
vn -0.999227 -0.039068 -0.004475
vn -0.984289 -0.142906 0.103698
vn -0.992891 -0.113917 0.034500
vn -0.993597 -0.098753 -0.054886
vn -0.498427 0.328156 0.802424
vn -0.003780 0.380504 0.924772
vn -0.002783 0.360159 0.932887
vn -0.427595 0.285478 0.857709
vn 0.996905 0.072309 -0.030862
vn 0.999862 -0.001939 0.016499
vn 0.999926 0.011699 0.003410
vn 0.996312 0.082074 -0.025015
vn 0.003013 0.376533 -0.926399
vn -0.474630 0.308639 -0.824298
vn -0.393772 0.268045 -0.879259
vn 0.019933 0.358703 -0.933239
vn -0.995388 -0.091875 0.027588
vn -0.999893 -0.013839 -0.004812
vn -0.999851 0.002591 -0.017044
vn -0.995721 -0.080572 0.045247
vn -0.760312 -0.624214 -0.179675
vn 0.695030 -0.718824 0.015011
vn 0.540464 -0.841355 0.004534
vn -0.596035 -0.801381 -0.050310
vn 0.987708 -0.142913 0.063310
vn 0.996913 -0.030145 -0.072494
vn 0.994351 0.023135 -0.103586
vn 0.993214 -0.112406 0.029831
vn 0.001554 0.392093 0.919924
vn -0.763270 0.170128 0.623278
vn -0.777893 0.288006 0.558512
vn 0.000802 0.439030 0.898472
vn -0.991211 0.128312 -0.032200
vn -0.993479 -0.026405 0.110912
vn -0.995773 0.039623 0.082866
vn -0.983597 0.169218 -0.062476
vn -0.698514 0.146294 -0.700482
vn 0.036370 0.393081 -0.918784
vn 0.013679 0.392296 -0.919737
vn -0.686247 0.130589 -0.715550
vn 0.993381 0.094509 0.065281
vn 0.975161 0.194457 0.106053
vn 0.984168 0.148684 0.096465
vn 0.996861 0.029812 0.073342
vn 0.723468 -0.689591 0.032541
vn -0.738635 -0.672348 -0.048646
vn -0.595935 -0.802902 0.014521
vn 0.562093 -0.826802 0.021234
vn -0.997221 -0.033713 -0.066437
vn -0.980852 -0.169693 -0.095571
vn -0.968210 -0.231132 -0.095648
vn -0.992882 -0.104859 -0.056479
vn 0.786116 0.618064 0.004260
vn 0.999020 0.003112 0.044144
vn 0.999012 0.005334 0.044124
vn 0.779948 0.625792 0.008100
vn -0.999440 -0.013931 0.030425
vn -0.997428 -0.037461 0.061109
vn 0.598676 0.401740 0.692959
vn 0.988087 0.062430 -0.140665
vn 0.993953 0.052269 -0.096572
vn 0.556520 0.356089 0.750657
vn -0.998458 -0.047851 -0.028133
vn -0.999892 0.014609 -0.001667
vn -0.999926 -0.012196 -0.000358
vn -0.996981 -0.077623 -0.002113
vn 0.583009 0.311368 -0.750433
vn 0.617026 -0.285877 0.733180
vn 0.662347 -0.273311 0.697565
vn 0.639534 0.293601 -0.710489
vn -0.992019 -0.092496 0.085695
vn -0.998916 0.045490 0.009904
vn -0.962765 -0.072360 0.260474
vn 0.039331 -0.857835 -0.512417
vn 0.012704 0.098642 0.995042
vn -0.794947 0.170313 0.582282
vn 0.922168 0.226789 0.313325
vn 0.991846 -0.003185 -0.127401
vn 0.991396 0.043809 -0.123349
vn 0.903344 0.268369 0.334587
vn 0.871582 0.325698 -0.366423
vn 0.868432 -0.119566 0.481175
vn 0.911836 -0.192853 0.362440
vn 0.904973 0.196759 -0.377240
vn 0.029581 -0.889278 0.456410
vn -0.879332 -0.436447 -0.190498
vn -0.800168 0.126309 -0.586326
vn 0.000285 0.082915 -0.996557
vn -0.976812 -0.135761 -0.165555
vn -0.976856 -0.157689 -0.144522
vn 0.017904 -0.999811 0.007559
vn -0.023392 -0.999655 0.011958
vn -0.023362 -0.999595 0.016260
vn 0.018348 -0.999765 0.011557
vn -0.018620 0.999665 -0.018000
vn 0.019672 0.999632 -0.018691
vn 0.020368 0.999513 -0.023656
vn -0.018954 0.999636 -0.019179
vn 0.014864 -0.345169 -0.938423
vn 0.014437 -0.347655 -0.937511
vn 0.010886 -0.320368 -0.947231
vn -0.000861 -0.338640 -0.940916
vn 0.005746 0.360767 0.932638
vn -0.007496 0.342968 0.939317
vn -0.015286 0.348081 0.937340
vn -0.012027 0.350573 0.936458
vn -0.001186 -0.347889 0.937535
vn -0.038545 -0.361257 0.931669
vn -0.056107 -0.350500 0.934880
vn -0.003580 -0.352192 0.935921
vn 0.004191 0.365775 -0.930694
vn 0.057894 0.369305 -0.927503
vn 0.033970 0.378912 -0.924809
vn 0.000079 0.364091 -0.931363
vn 0.020037 -0.392142 -0.919687
vn 0.008343 -0.398136 -0.917288
vn 0.007091 -0.380792 -0.924634
vn 0.014651 -0.396545 -0.917898
vn -0.015604 0.413745 0.910259
vn -0.007304 0.393953 0.919101
vn -0.010980 0.409665 0.912170
vn -0.024158 0.406461 0.913349
vn -0.000859 0.045008 0.998986
vn 0.000326 -0.781105 -0.624400
vn -0.000159 -0.778471 -0.627681
vn -0.013463 0.037901 0.999191
vn 0.016149 -0.437734 0.898960
vn -0.034054 -0.397739 0.916866
vn 0.002064 -0.436263 0.899817
vn 0.034828 -0.452671 0.890997
vn 0.030970 -0.774975 0.631233
vn 0.014975 0.138669 -0.990226
vn 0.014514 0.068093 -0.997573
vn 0.030282 -0.759955 0.649271
vn -0.037534 0.473767 -0.879850
vn -0.000220 0.452371 -0.891830
vn 0.042844 0.406443 -0.912671
vn -0.014080 0.452794 -0.891504
vn 0.976744 -0.214410 0.000000
vn -0.979904 -0.199469 0.000000
vn -0.979903 -0.199477 0.000000
vn 0.976742 -0.214419 0.000000
vn 0.041593 0.999107 -0.007461
vn 0.042223 0.999013 -0.013784
vn 0.964391 -0.264479 -0.001034
vn -0.969151 -0.246466 0.001023
vn -0.973537 -0.228529 0.000948
vn 0.969421 -0.245402 -0.000960
vn -0.006142 0.388276 0.921522
vn -0.032420 0.397539 0.917013
vn 0.015504 -0.360768 0.932527
vn 0.020625 -0.362123 0.931902
vn -0.022334 0.378194 -0.925457
vn -0.014871 0.377520 -0.925882
vn 0.527847 -0.849335 -0.002843
vn -0.556729 -0.830689 0.002961
vn -0.680790 -0.732474 0.002609
vn 0.652854 -0.757479 -0.002537
vn 0.030563 0.448897 0.893061
vn 0.000589 0.435579 0.900150
vn -0.088438 0.001424 0.996081
vn -0.155461 -0.871292 -0.465492
vn 0.958124 -0.285801 -0.017774
vn 0.916193 -0.014049 0.400490
vn 0.012007 -0.458911 0.888401
vn -0.006105 -0.426210 0.904604
vn 0.007596 -0.768363 0.639970
vn 0.063940 0.004344 -0.997944
vn 0.856142 -0.075944 -0.511129
vn 0.847324 -0.458709 0.267636
vn -0.004376 0.447911 -0.894067
vn -0.022176 0.479273 -0.877386
vn -0.997309 0.073312 0.000006
vn -0.997578 0.067712 -0.015936
vn -0.997562 0.068546 -0.013131
vn -0.997305 0.073354 -0.001516
vn -0.240221 0.010968 -0.970656
vn 0.257191 -0.023998 -0.966063
vn 0.233953 -0.023869 -0.971955
vn -0.254179 0.013329 -0.967065
vn 0.997032 -0.076983 0.001364
vn 0.997320 -0.071845 0.013833
vn 0.997340 -0.070971 0.016616
vn 0.997035 -0.076944 -0.000005
vn -0.999132 0.027575 -0.031238
vn -0.999901 0.013490 -0.004001
vn -0.998907 0.024960 -0.039512
vn -0.994233 0.038433 -0.100117
vn 0.999892 -0.013830 0.004897
vn 0.999026 -0.028856 0.033396
vn 0.993533 -0.040315 0.106146
vn 0.998734 -0.026176 0.042963
vn -0.999164 0.033790 0.022994
vn -0.998490 0.044334 0.032430
vn -0.996868 0.048840 0.062192
vn -0.998590 0.035475 0.039495
vn 0.998456 -0.044549 -0.033169
vn 0.999165 -0.033787 -0.022992
vn 0.998539 -0.035641 -0.040610
vn 0.996547 -0.050015 -0.066278
vn 0.831546 -0.527102 -0.175200
vn -0.932026 -0.346596 0.105823
vn -0.882503 -0.466487 0.059819
vn 0.795425 -0.598195 -0.097269
vn -0.021431 -0.999469 0.024563
vn 0.000654 -0.999312 0.037080
vn 0.002258 -0.998848 0.047938
vn -0.020993 -0.999555 0.021189
vn -0.004124 -0.360238 0.932851
vn -0.015566 -0.364752 0.930974
vn -0.021986 -0.332668 0.942788
vn -0.004424 -0.328262 0.944576
vn -0.000470 -0.410293 0.911954
vn -0.007410 -0.413934 0.910277
vn -0.010048 -0.377602 0.925913
vn -0.005650 -0.372521 0.928007
vn 0.012312 -0.783093 0.621782
vn 0.034290 0.036044 -0.998762
vn 0.053051 0.006830 -0.998569
vn 0.020132 -0.789020 0.614037
vn 0.005739 0.385172 -0.922827
vn 0.012106 0.389288 -0.921036
vn 0.008005 0.443134 -0.896420
vn 0.000050 0.437583 -0.899178
vn 0.015012 0.388616 -0.921278
vn 0.005348 0.384230 -0.923222
vn 0.004201 0.345135 -0.938544
vn 0.020758 0.347169 -0.937573
vn 0.012319 0.999767 -0.017727
vn -0.013833 0.998381 -0.055174
vn -0.010645 0.998037 -0.061719
vn 0.013827 0.999618 -0.023943
vn 0.008504 0.386159 0.922393
vn 0.004859 0.386653 0.922212
vn 0.015046 0.366732 0.930205
vn 0.013994 0.351304 0.936157
vn -0.017737 0.455923 0.889842
vn -0.018639 0.458803 0.888343
vn -0.017538 0.456595 0.889502
vn -0.008842 0.448910 0.893533
vn 0.009367 0.051965 0.998605
vn 0.009444 -0.785182 -0.619193
vn 0.009377 -0.778838 -0.627155
vn 0.009628 0.029648 0.999514
vn 0.006052 -0.426307 -0.904558
vn 0.013908 -0.432897 -0.901336
vn 0.017462 -0.438093 -0.898760
vn 0.013598 -0.432676 -0.901447
vn -0.006055 -0.371531 -0.928401
vn -0.008747 -0.367704 -0.929902
vn -0.012789 -0.326770 -0.945017
vn -0.016846 -0.339297 -0.940529
vn -0.592892 0.301403 0.746750
vn -0.998260 -0.014468 0.057165
vn -0.999573 -0.023878 0.016841
vn -0.603365 0.270970 0.750017
vn -0.025134 0.352948 0.935305
vn -0.027654 0.380546 0.924348
vn -0.016378 0.397246 0.917566
vn -0.028732 0.409755 0.911743
vn -0.016688 0.383299 0.923474
vn 0.017890 0.352102 0.935791
vn 0.016256 0.389249 0.920989
vn 0.006106 0.367256 0.930100
vn -0.008124 0.403037 0.915148
vn -0.005510 0.416438 0.909148
vn 0.658364 0.176200 0.731785
vn -0.004042 0.366348 0.930469
vn 0.007438 0.366545 0.930371
vn 0.728301 0.225258 0.647176
vn 0.999256 -0.017498 -0.034362
vn 0.993628 -0.099886 0.052205
vn 0.999870 -0.012633 -0.010025
vn 0.999892 -0.011499 -0.009125
vn 0.999858 -0.011542 -0.012319
vn 0.999825 -0.012309 -0.014085
vn 0.939212 -0.343335 -0.001343
vn -0.947065 -0.321039 0.001332
vn -0.956461 -0.291860 0.001211
vn 0.949891 -0.312579 -0.001223
vn -0.999892 0.011500 0.009126
vn -0.999870 0.012635 0.010026
vn -0.999825 0.012311 0.014087
vn -0.999857 0.011503 0.012405
vn -0.008328 -0.352401 -0.935812
vn -0.018201 -0.369909 -0.928890
vn 0.001300 -0.389270 -0.921123
vn 0.005600 -0.374344 -0.927273
vn 0.025621 -0.391708 -0.919733
vn 0.018630 -0.382809 -0.923640
vn -0.011588 -0.346120 -0.938119
vn 0.017589 -0.373869 -0.927315
vn 0.994561 0.000063 0.104151
vn 0.997679 0.021976 0.064453
vn 0.999926 0.005988 -0.010552
vn 0.999829 -0.003028 0.018220
vn -0.034062 -0.358423 0.932938
vn -0.023021 -0.372513 0.927742
vn -0.026781 -0.351822 0.935684
vn -0.035226 -0.360941 0.931923
vn -0.009578 -0.365795 0.930646
vn 0.018036 -0.382948 0.923594
vn 0.009648 -0.367371 0.930025
vn -0.030643 -0.358742 0.932934
vn 0.745232 -0.261189 0.613522
vn 0.011837 -0.362887 0.931758
vn -0.000866 -0.363123 0.931741
vn 0.760045 -0.248967 0.600289
vn 0.721290 0.251796 -0.645244
vn 0.752776 0.219873 -0.620472
vn -0.001374 0.379777 -0.925077
vn -0.013964 0.381218 -0.924380
vn -0.017668 0.395509 -0.918292
vn 0.016081 0.379296 -0.925136
vn 0.036343 0.374517 -0.926507
vn -0.009176 0.384070 -0.923259
vn 0.026271 0.387966 -0.921299
vn 0.040340 0.373378 -0.926802
vn 0.038678 0.380135 -0.924122
vn 0.028578 0.366016 -0.930170
vn 0.003761 0.382115 -0.924107
vn -0.609469 0.331498 -0.720179
vn -0.558628 0.340352 -0.756370
vn -0.008500 0.391012 -0.920346
vn -0.998638 0.007085 0.051685
vn -0.999236 0.019078 0.034122
vn -0.999630 0.003329 -0.026990
vn -0.999973 -0.005209 0.005204
vn -0.996939 -0.024497 -0.074242
vn -0.992896 0.000010 -0.118982
vn 0.008669 -0.996525 0.082844
vn 0.005708 -0.995844 0.090899
vn 0.005679 -0.994280 0.106656
vn 0.009587 -0.995036 0.099050
vn 0.034748 -0.391917 0.919344
vn 0.026357 -0.378966 0.925035
vn 0.042158 -0.377937 0.924871
vn 0.026585 -0.371873 0.927903
vn -0.006904 -0.345101 0.938540
vn 0.021573 -0.341397 0.939672
vn 0.016353 -0.337372 0.941230
vn 0.007132 -0.344505 0.938757
vn 0.028933 -0.427093 0.903745
vn 0.011259 -0.419728 0.907580
vn 0.021010 -0.399321 0.916570
vn 0.021830 -0.388192 0.921320
vn 0.000732 -0.780439 0.625232
vn -0.011791 0.056336 -0.998342
vn -0.024503 0.046583 -0.998614
vn -0.007076 -0.777401 0.628965
vn -0.029494 0.402982 -0.914733
vn -0.026811 0.414158 -0.909810
vn -0.011912 0.444142 -0.895877
vn -0.034946 0.455380 -0.889611
vn -0.024826 0.351725 -0.935774
vn 0.007064 0.359714 -0.933036
vn -0.011452 0.361636 -0.932249
vn -0.017299 0.357014 -0.933939
vn -0.023617 0.392288 -0.919539
vn -0.037280 0.409272 -0.911651
vn -0.029061 0.395834 -0.917862
vn -0.045100 0.400832 -0.915041
vn -0.006661 0.994735 -0.102259
vn -0.003331 0.994379 -0.105832
vn -0.003091 0.996016 -0.089117
vn -0.006585 0.996126 -0.087692
vn -0.008733 0.375530 0.926769
vn 0.001460 0.371338 0.928497
vn -0.005171 0.399052 0.916914
vn -0.005184 0.397162 0.917734
vn 0.028257 0.331874 0.942900
vn 0.032514 0.335339 0.941536
vn 0.034221 0.342146 0.939023
vn 0.012072 0.358533 0.933439
vn -0.000975 0.416505 0.909133
vn -0.022836 0.397852 0.917165
vn -0.024539 0.443467 0.895955
vn -0.013738 0.450475 0.892683
vn -0.004355 0.107906 0.994152
vn 0.005102 -0.778694 -0.627383
vn 0.004847 -0.781197 -0.624265
vn -0.008340 0.089576 0.995945
vn 0.011692 -0.432232 -0.901687
vn 0.020254 -0.427914 -0.903592
vn 0.018897 -0.388314 -0.921333
vn 0.001742 -0.404257 -0.914644
vn -0.026729 -0.326557 -0.944800
vn -0.027197 -0.317907 -0.947732
vn -0.014967 -0.337331 -0.941267
vn -0.033655 -0.324272 -0.945365
vn 0.000211 -0.361063 -0.932541
vn 0.009140 -0.365973 -0.930581
vn 0.002557 -0.375256 -0.926918
vn 0.007210 -0.380156 -0.924894
vn -0.059915 -0.996561 0.057247
vn -0.003070 -0.998453 0.055518
vn -0.004467 -0.997499 0.070538
vn -0.058733 -0.995258 0.077536
vn 0.041711 -0.349517 0.936001
vn 0.008860 -0.355266 0.934723
vn 0.010248 -0.392913 0.919519
vn 0.027453 -0.380080 0.924546
vn -0.005717 -0.357290 0.933976
vn -0.008075 -0.356197 0.934376
vn -0.003369 -0.352840 0.935678
vn 0.007069 -0.368634 0.929548
vn -0.011022 -0.368973 0.929375
vn -0.006691 -0.386795 0.922142
vn -0.005562 -0.375513 0.926800
vn -0.009772 -0.395379 0.918466
vn -0.042165 -0.784113 0.619184
vn -0.094828 0.095296 -0.990922
vn -0.040526 0.136497 -0.989811
vn -0.018344 -0.790970 0.611579
vn 0.021034 0.395539 -0.918208
vn 0.013777 0.377645 -0.925848
vn 0.007675 0.406267 -0.913722
vn 0.018470 0.378874 -0.925264
vn 0.007729 0.373639 -0.927542
vn 0.005058 0.375813 -0.926682
vn -0.012123 0.383920 -0.923287
vn 0.002383 0.364692 -0.931125
vn -0.024674 0.395627 -0.918080
vn -0.008585 0.410662 -0.911748
vn -0.008685 0.383472 -0.923512
vn -0.044316 0.373798 -0.926451
vn 0.060696 0.994963 -0.079773
vn 0.010594 0.997512 -0.069702
vn 0.009257 0.998369 -0.056338
vn 0.061247 0.996058 -0.064161
vn 0.009365 0.391831 0.919990
vn -0.000901 0.372449 0.928052
vn -0.012702 0.321123 0.946952
vn -0.008296 0.330147 0.943893
vn -0.015422 0.363745 0.931371
vn -0.017737 0.381017 0.924398
vn 0.009172 0.423686 0.905763
vn 0.002453 0.398254 0.917272
vn -0.011857 0.410429 0.911816
vn -0.008944 0.433011 0.901344
vn 0.002214 0.426464 0.904502
vn 0.004524 0.418921 0.908011
vn 0.002792 0.030089 0.999543
vn -0.000823 -0.782911 -0.622134
vn -0.001540 -0.782267 -0.622942
vn 0.002155 0.038966 0.999238
vn -0.004555 -0.404020 -0.914739
vn -0.002532 -0.408165 -0.912905
vn 0.005413 -0.414925 -0.909840
vn 0.007558 -0.396786 -0.917880
vn 0.020020 -0.354237 -0.934942
vn 0.014672 -0.343473 -0.939048
vn 0.002268 -0.370996 -0.928632
vn -0.004494 -0.396701 -0.917937
vn 0.005163 -0.323072 -0.946360
vn 0.009972 -0.310875 -0.950399
vn -0.003568 -0.374037 -0.927407
vn -0.011757 -0.391163 -0.920246
vn 0.005876 -0.995963 0.089573
vn 0.005721 -0.994440 0.105149
vn -0.002697 -0.357653 0.933851
vn 0.012681 -0.369387 0.929189
vn -0.009401 -0.353660 0.935327
vn 0.004807 -0.364343 0.931252
vn -0.021665 -0.393580 0.919035
vn 0.002438 -0.392295 0.919836
vn 0.006950 -0.782782 0.622258
vn -0.008928 0.079561 -0.996790
vn -0.004155 0.406385 -0.913693
vn 0.022301 0.412543 -0.910665
vn 0.008112 0.372029 -0.928186
vn -0.007794 0.383223 -0.923623
vn 0.006712 0.370798 -0.928689
vn -0.011262 0.385594 -0.922600
vn -0.005710 0.994273 -0.106719
vn -0.005862 0.995875 -0.090547
vn 0.003061 0.365294 0.930887
vn -0.008723 0.387329 0.921900
vn 0.002068 0.343103 0.939296
vn -0.014014 0.376353 0.926371
vn 0.009128 0.394793 0.918725
vn 0.004159 0.441136 0.897431
vn 0.007182 0.120217 0.992722
vn 0.001586 -0.771730 -0.635948
vn -0.001635 -0.427676 -0.903931
vn -0.006723 -0.382735 -0.923834
vn -0.007028 -0.325940 -0.945364
vn 0.009823 -0.354972 -0.934825
vn -0.001189 -0.352596 -0.935775
vn 0.009875 -0.371644 -0.928323
vn 0.014454 -0.377932 -0.925721
vn 0.034288 -0.375541 -0.926171
vn 0.003578 -0.423121 -0.906066
vn 0.006557 -0.424507 -0.905401
vn 0.000000 -0.784237 -0.620462
vn 0.000000 0.012629 0.999920
vn -0.009430 0.446382 0.894793
vn -0.004887 0.444356 0.895837
vn -0.018474 0.394451 0.918731
vn -0.038341 0.390057 0.919992
vn 0.007325 0.359774 0.933011
vn 0.014677 0.378962 0.925296
vn -0.016906 0.999726 -0.016223
vn -0.017705 0.999748 -0.013831
vn 0.005884 0.384594 -0.923067
vn 0.012062 0.339745 -0.940440
vn -0.011163 0.402837 -0.915204
vn 0.010101 0.373982 -0.927381
vn 0.003478 0.377519 -0.925996
vn -0.000380 0.433927 -0.900948
vn 0.043835 -0.013486 -0.998948
vn 0.013381 -0.772118 0.635339
vn 0.000111 -0.408214 0.912887
vn -0.002968 -0.364343 0.931260
vn 0.011605 -0.385416 0.922670
vn -0.006683 -0.360835 0.932606
vn -0.011648 -0.321987 0.946673
vn -0.006124 -0.360773 0.932634
vn 0.017859 -0.999524 0.025176
vn 0.017255 -0.999577 0.023420
vn -0.014890 -0.361543 -0.932237
vn -0.002400 -0.340381 -0.940285
vn 0.000398 -0.999236 0.039081
vn -0.000665 -0.999124 0.041852
vn -0.002763 -0.358411 0.933560
vn 0.016298 -0.334379 0.942298
vn 0.007448 -0.366436 0.930413
vn 0.023590 -0.387645 0.921507
vn 0.004856 -0.403756 0.914854
vn 0.002016 -0.361470 0.932382
vn -0.030620 -0.771864 0.635050
vn -0.063130 0.036492 -0.997338
vn -0.001636 0.368078 -0.929793
vn -0.006393 0.428900 -0.903329
vn -0.010075 0.387197 -0.921942
vn -0.028153 0.406299 -0.913306
vn -0.015067 0.351392 -0.936107
vn 0.005679 0.375599 -0.926765
vn 0.006708 0.999157 -0.040508
vn 0.005620 0.999055 -0.043104
vn 0.014065 0.342686 0.939345
vn 0.025509 0.404076 0.914370
vn -0.012369 0.369210 0.929264
vn -0.011046 0.373987 0.927368
vn -0.004872 0.443247 0.896386
vn -0.000013 0.433512 0.901148
vn 0.010720 0.024888 0.999633
vn 0.001892 -0.781519 -0.623879
vn -0.000363 -0.413383 -0.910557
vn 0.003581 -0.422799 -0.906216
vn 0.009702 -0.354537 -0.934992
vn 0.012578 -0.350670 -0.936415
vn -0.021755 -0.397910 -0.917166
vn -0.015406 -0.335673 -0.941852
vn -0.006945 -0.346539 -0.938010
vn -0.000438 -0.358252 -0.933625
vn 0.011721 -0.400856 -0.916066
vn -0.006978 -0.414995 -0.909797
vn -0.018944 -0.772508 -0.634722
vn -0.064010 0.028912 0.997530
vn 0.010485 0.435153 0.900295
vn -0.012088 0.419785 0.907543
vn 0.008985 0.361502 0.932328
vn -0.002806 0.382241 0.924058
vn -0.023112 0.376635 0.926073
vn 0.005085 0.375797 0.926688
vn 0.018666 0.999715 -0.014880
vn 0.019542 0.999630 -0.018902
vn -0.018925 0.370096 -0.928801
vn -0.031095 0.371820 -0.927784
vn -0.023395 0.391393 -0.919926
vn -0.034595 0.383994 -0.922687
vn -0.020568 0.462550 -0.886355
vn -0.031360 0.477449 -0.878100
vn 0.031850 -0.027786 -0.999106
vn 0.008652 -0.804132 0.594388
vn 0.025311 -0.458504 0.888332
vn 0.013776 -0.440039 0.897873
vn 0.017503 -0.376435 0.926278
vn 0.031064 -0.366573 0.929871
vn 0.030370 -0.357474 0.933429
vn 0.020126 -0.353993 0.935031
vn -0.017445 -0.999830 -0.005913
vn -0.016281 -0.999862 -0.003270
vn -0.000249 -0.358678 -0.933462
vn 0.025572 -0.363323 -0.931312
vn 0.872758 -0.488132 0.004502
vn 0.863008 -0.505052 0.011809
vn 0.189386 -0.328094 0.925466
vn 0.291315 -0.346700 0.891591
vn 0.481216 -0.325899 0.813770
vn 0.441554 -0.344218 0.828580
vn 0.083486 -0.364518 0.927446
vn 0.059757 -0.361873 0.930310
vn 0.078189 -0.421483 -0.903459
vn 0.120784 -0.363361 -0.923786
vn 0.499648 -0.278377 -0.820279
vn 0.471661 -0.306350 -0.826853
vn 0.213335 -0.329242 -0.919830
vn 0.295849 -0.354355 -0.887077
vn -0.007104 0.357931 -0.933721
vn 0.013422 0.376994 -0.926119
vn -0.003131 0.392328 -0.919820
vn -0.010798 0.448255 -0.893840
vn -0.000153 0.031791 -0.999495
vn 0.000177 -0.789640 0.613570
vn 0.008294 -0.418872 0.908008
vn 0.001304 -0.379911 0.925022
vn 0.008157 -0.345868 0.938248
vn -0.009170 -0.354533 0.934999
vn 0.003696 -0.382884 0.923789
vn -0.021376 -0.347845 0.937308
vn 0.025015 -0.997811 0.061215
vn 0.026443 -0.996473 0.079634
vn 0.006386 -0.370847 -0.928672
vn -0.000734 -0.358291 -0.933610
vn -0.013360 -0.352577 -0.935687
vn -0.033677 -0.326533 -0.944586
vn 0.000378 -0.435625 -0.900128
vn -0.012860 -0.424265 -0.905447
vn -0.000845 -0.777535 -0.628839
vn -0.003398 0.073046 0.997323
vn 0.018218 0.439601 0.898008
vn 0.000473 0.457214 0.889357
vn 0.020186 0.361706 0.932073
vn 0.038294 0.336475 0.940914
vn -0.006748 0.382545 0.923912
vn -0.004153 0.384313 0.923193
vn -0.028356 0.995393 -0.091586
vn -0.027687 0.995822 -0.087020
vn -0.008533 0.404697 -0.914411
vn 0.019135 0.365624 -0.930566
vn -0.001507 -0.360473 0.932768
vn -0.006330 -0.363085 0.931735
vn -0.005982 -0.364678 0.931115
vn 0.012469 -0.366919 0.930169
vn 0.021149 -0.357949 0.933502
vn 0.008212 -0.343620 0.939073
vn -0.011574 -0.339780 0.940434
vn 0.115438 -0.326283 0.938197
vn 0.993396 0.100829 -0.054759
vn 0.993740 0.100854 -0.048051
vn 0.150435 -0.328321 -0.932510
vn -0.005927 -0.344758 -0.938673
vn -0.002762 -0.344444 -0.938803
vn 0.005403 -0.345566 -0.938379
vn 0.003549 -0.346584 -0.938012
vn -0.003973 -0.346521 -0.938034
vn -0.007601 -0.348123 -0.937418
vn -0.003223 -0.342245 -0.939605
vn -0.005037 -0.316527 -0.948570
vn 0.011038 -0.314611 -0.949157
vn 0.008635 -0.322396 -0.946566
vn -0.005614 -0.365475 -0.930804
vn -0.006799 -0.372815 -0.927881
vn -0.012275 -0.367133 -0.930087
vn -0.998497 0.049493 -0.023555
vn -0.990366 0.048906 -0.129552
vn -0.977062 -0.212955 0.000883
vn 0.973472 -0.228805 -0.000895
vn 0.998343 -0.051996 0.024664
vn 0.989368 -0.051275 0.136094
vn 0.999482 0.009644 -0.030693
vn 0.522701 0.328461 0.786700
vn 0.008570 0.380521 0.924733
vn 0.012787 0.384530 0.923024
vn 0.005725 0.395092 0.918624
vn 0.010758 0.392123 0.919850
vn -0.007649 0.348270 0.937363
vn -0.010907 0.336174 0.941737
vn 0.003926 0.334425 0.942414
vn 0.001207 0.356562 0.934271
vn 0.009330 0.360927 0.932548
vn 0.004596 0.359088 0.933293
vn -0.004494 0.360853 0.932612
vn -0.005654 0.362658 0.931905
vn 0.002828 0.363029 0.931774
vn 0.006021 0.364753 0.931085
vn -0.002716 0.365597 0.930769
vn -0.377663 0.324944 0.867054
vn -0.994492 -0.098062 0.036996
vn -0.992529 -0.110227 0.052307
vn -0.990452 -0.110344 0.082641
vn -0.992772 -0.111269 -0.044982
vn -0.358043 0.345502 -0.867430
vn 0.024534 0.363228 -0.931377
vn 0.013835 0.358089 -0.933585
vn -0.006531 0.358529 -0.933496
vn -0.018209 0.371856 -0.928112
vn -0.013557 0.385073 -0.922787
vn 0.003670 0.382392 -0.923993
vn 0.006480 0.378316 -0.925654
vn 0.000633 0.374432 -0.927254
vn 0.007040 0.351178 -0.936282
vn -0.003939 0.351966 -0.936004
vn 0.001325 0.364813 -0.931080
vn 0.015255 0.377879 -0.925729
vn -0.003168 0.372943 -0.927849
vn -0.006892 0.376379 -0.926440
vn -0.003338 0.383077 -0.923711
vn 0.539825 0.350299 -0.765428
vn 0.578950 -0.297485 0.759157
vn 0.006019 -0.364705 0.931104
vn 0.008434 -0.357662 0.933813
vn 0.001907 -0.353845 0.935302
vn -0.018540 -0.360728 0.932487
vn 0.002742 -0.352504 0.935806
vn 0.007584 -0.340106 0.940357
vn -0.007755 -0.338563 0.940912
vn 0.009072 -0.365823 -0.930640
vn 0.022565 -0.355280 -0.934487
vn 0.001751 -0.418960 -0.908003
vn 0.003498 -0.423520 -0.905880
vn 0.001437 -0.785979 -0.618252
vn 0.009756 0.013495 0.999861
vn -0.004425 0.444259 0.895887
vn -0.002601 0.439720 0.898131
vn -0.024497 0.374282 0.926991
vn -0.011933 0.379430 0.925143
vn 0.024331 0.360626 0.932393
vn 0.021247 0.387939 0.921440
vn 0.003700 0.343481 0.939152
vn -0.019262 0.999454 -0.026855
vn -0.019853 0.999426 -0.027468
vn 0.023065 0.376640 -0.926072
vn 0.007415 0.362377 -0.932002
vn 0.025955 0.336851 -0.941200
vn -0.026638 0.403203 -0.914723
vn -0.019514 0.400807 -0.915955
vn -0.001345 0.371657 -0.928369
vn -0.002490 0.433216 -0.901287
vn -0.002263 -0.018520 -0.999826
vn 0.000919 -0.782022 0.623251
vn 0.001843 -0.407774 0.913081
vn 0.001895 -0.360782 0.932648
vn 0.020140 -0.384119 0.923064
vn 0.023019 -0.382732 0.923573
vn -0.023490 -0.355567 0.934356
vn -0.022815 -0.320474 0.946983
vn -0.010374 -0.348330 0.937315
vn 0.019385 -0.999375 0.029562
vn 0.019339 -0.999327 0.031158
vn -0.025541 -0.348936 -0.936799
vn -0.007290 -0.327558 -0.944803
vn -0.015045 -0.375229 -0.926810
vn 0.015338 0.370406 -0.928743
vn 0.016758 0.363711 -0.931361
vn 0.021847 0.420863 -0.906861
vn 0.047563 0.371961 -0.927029
vn 0.003156 0.169655 -0.985499
vn -0.000097 -0.773739 0.633504
vn -0.035652 -0.365037 0.930310
vn -0.016437 -0.413818 0.910211
vn -0.013902 -0.353903 0.935179
vn -0.014448 -0.350763 0.936353
vn -0.026074 -0.383843 0.923030
vn -0.035897 -0.355341 0.934047
vn -0.018924 -0.362932 0.931623
vn -0.101079 -0.994402 0.030798
vn -0.098552 -0.994209 0.042844
vn -0.010077 -0.343669 -0.939037
vn 0.010121 -0.308165 -0.951279
vn 0.007500 -0.359976 -0.932931
vn -0.002717 -0.372306 -0.928106
vn -0.002593 -0.404826 -0.914390
vn -0.001420 -0.401967 -0.915653
vn 0.002844 -0.379788 -0.925069
vn -0.000115 -0.781287 -0.624172
vn 0.000292 0.045502 0.998964
vn -0.004123 0.390368 0.920650
vn 0.001049 0.413550 0.910481
vn 0.004685 0.398153 0.917307
vn 0.001042 0.430799 0.902448
vn -0.008953 0.323593 0.946154
vn -0.010160 0.358690 0.933401
vn 0.016649 0.371708 0.928200
vn 0.099114 0.993919 -0.047984
vn 0.101596 0.993602 -0.049320
vn 0.019363 0.376854 -0.926070
vn 0.025603 0.403030 -0.914829
vn 0.039285 0.381090 -0.923703
vn -0.403139 -0.317728 -0.858212
vn -0.416478 -0.276078 -0.866215
vn -0.245173 -0.407390 -0.879729
vn -0.304204 -0.423633 -0.853226
vn -0.863808 -0.502083 -0.041806
vn -0.862857 -0.503357 -0.045937
vn -0.473025 -0.358059 -0.805010
vn -0.511934 -0.319157 -0.797535
vn -0.434875 -0.383861 -0.814577
vn -0.995870 -0.011429 -0.090072
vn -0.654074 0.321148 0.684873
vn 0.002511 0.380179 0.924910
vn 0.020877 0.366987 0.929992
vn 0.023914 0.366113 0.930263
vn 0.013159 0.385704 0.922529
vn -0.009879 0.407326 0.913229
vn -0.035995 0.419492 0.907045
vn -0.017422 0.414713 0.909786
vn 0.003533 0.398442 0.917187
vn -0.001649 0.382713 0.923866
vn 0.005998 0.365215 0.930904
vn -0.001538 0.338788 0.940862
vn -0.033225 0.324928 0.945155
vn -0.017005 0.343139 0.939131
vn 0.009116 0.379648 0.925086
vn 0.014766 0.398317 0.917129
vn 0.011105 0.394800 0.918700
vn 0.000066 0.389263 0.921127
vn 0.785058 0.261498 0.561518
vn 0.999032 -0.007839 -0.043288
vn 0.999840 -0.014016 -0.011121
vn 0.999788 -0.013563 -0.015519
vn 0.924908 -0.380188 -0.001487
vn -0.934417 -0.356177 0.001477
vn -0.999840 0.014018 0.011123
vn -0.999788 0.013564 0.015521
vn -0.379957 -0.348733 -0.856749
vn -0.010360 -0.380746 -0.924622
vn -0.013087 -0.382701 -0.923779
vn -0.004752 -0.358977 -0.933335
vn 0.019551 -0.322176 -0.946478
vn 0.030591 -0.309109 -0.950535
vn -0.000887 -0.322918 -0.946427
vn -0.009238 -0.345909 -0.938223
vn -0.001146 -0.363191 -0.931714
vn -0.005120 -0.379843 -0.925037
vn 0.014417 -0.395702 -0.918266
vn 0.032842 -0.401800 -0.915138
vn 0.010529 -0.394691 -0.918753
vn -0.007715 -0.378658 -0.925505
vn -0.018947 -0.360490 -0.932571
vn -0.020342 -0.355983 -0.934271
vn 0.545628 -0.296627 -0.783775
vn 0.997785 -0.062065 0.023922
vn 0.998537 -0.053788 -0.005583
vn 0.499913 -0.325980 0.802387
vn -0.019113 -0.356803 0.933984
vn -0.001625 -0.359633 0.933093
vn 0.024859 -0.371096 0.928262
vn 0.018209 -0.380404 0.924641
vn -0.021842 -0.389143 0.920919
vn -0.017218 -0.393439 0.919190
vn 0.007581 -0.383655 0.923446
vn 0.005714 -0.365498 0.930795
vn -0.004921 -0.352850 0.935667
vn -0.006814 -0.348742 0.937194
vn -0.008455 -0.348374 0.937317
vn -0.010701 -0.353196 0.935488
vn 0.020864 -0.375193 0.926712
vn 0.023616 -0.393411 0.919059
vn -0.009642 -0.380997 0.924526
vn -0.013863 -0.365631 0.930656
vn 0.792575 -0.228772 0.565234
vn 0.790798 0.219131 -0.571507
vn 0.012843 0.382706 -0.923781
vn 0.003447 0.399531 -0.916713
vn -0.027741 0.411684 -0.910905
vn -0.015676 0.388991 -0.921108
vn 0.015042 0.366189 -0.930419
vn 0.009404 0.364525 -0.931146
vn 0.007285 0.366157 -0.930525
vn 0.003889 0.370418 -0.928857
vn -0.009015 0.384683 -0.923005
vn -0.009042 0.404016 -0.914707
vn 0.019364 0.412555 -0.910727
vn 0.025999 0.405339 -0.913797
vn -0.020588 0.393727 -0.918997
vn -0.029424 0.382188 -0.923616
vn 0.004563 0.369472 -0.929231
vn 0.021344 0.368657 -0.929320
vn 0.024844 0.377227 -0.925788
vn -0.639354 0.315728 -0.701101
vn -0.998555 0.017690 0.050751
vn -0.998020 0.062872 0.001990
vn -0.997162 0.069930 -0.027882
vn -0.871357 -0.490368 -0.016656
vn 0.884026 -0.463710 -0.058917
vn 0.830330 -0.555635 -0.042680
vn -0.900994 -0.433475 0.017614
vn 0.995499 0.048907 -0.081174
vn 0.997566 0.031439 -0.062237
vn 0.997715 0.026717 -0.062064
vn 0.998027 0.041308 -0.047290
vn -0.000857 -0.400030 -0.916502
vn 0.195668 -0.390358 -0.899630
vn 0.225398 -0.391669 -0.892071
vn -0.001219 -0.412385 -0.911009
vn 0.018139 -0.398088 -0.917168
vn 0.011785 -0.420387 -0.907268
vn 0.001330 -0.390733 -0.920503
vn 0.012942 -0.419048 -0.907872
vn -0.036792 -0.372909 -0.927138
vn -0.012361 -0.397075 -0.917703
vn -0.020950 -0.372028 -0.927985
vn -0.024198 -0.372375 -0.927767
vn 0.014043 -0.397049 -0.917690
vn -0.005553 -0.371725 -0.928326
vn 0.023361 -0.407780 -0.912781
vn 0.008954 -0.399280 -0.916786
vn 0.011694 -0.399074 -0.916844
vn 0.007497 -0.427016 -0.904213
vn 0.004195 -0.392316 -0.919821
vn 0.007751 -0.434028 -0.900866
vn 0.013301 -0.400798 -0.916070
vn -0.003886 -0.440997 -0.897500
vn 0.007631 -0.425506 -0.904923
vn -0.018057 -0.463300 -0.886018
vn -0.001089 -0.443891 -0.896080
vn 0.000486 -0.468865 -0.883270
vn 0.004246 -0.433901 -0.900950
vn 0.031594 -0.445765 -0.894592
vn 0.006924 -0.415128 -0.909737
vn 0.018998 -0.419694 -0.907467
vn -0.018756 -0.410233 -0.911788
vn -0.026758 -0.415954 -0.908992
vn -0.394318 -0.378111 -0.837583
vn -0.411397 -0.385889 -0.825737
vn -0.999701 0.020227 0.013764
vn -0.999601 0.023354 0.015891
vn -0.999534 0.021792 0.021384
vn -0.999640 0.019138 0.018781
vn 0.805729 -0.592282 -0.001990
vn -0.826288 -0.563245 0.002000
vn -0.867051 -0.498216 0.001776
vn 0.850035 -0.526722 -0.001763
vn 0.999601 -0.023349 -0.015889
vn 0.999701 -0.020224 -0.013763
vn 0.999641 -0.019137 -0.018779
vn 0.999534 -0.021790 -0.021382
vn 0.909489 0.180170 0.374658
vn 0.998563 -0.023606 -0.048120
vn 0.998663 -0.022703 -0.046448
vn 0.892968 0.195228 0.405578
vn 0.051513 0.442344 0.895365
vn 0.059557 0.431141 0.900317
vn 0.030550 0.436973 0.898956
vn 0.020963 0.428902 0.903108
vn -0.023550 0.438165 0.898586
vn -0.010732 0.436170 0.899800
vn -0.039596 0.465339 0.884247
vn -0.007082 0.460462 0.887651
vn -0.002763 0.492374 0.870379
vn 0.001797 0.475070 0.879946
vn 0.024470 0.490686 0.870993
vn -0.004777 0.454532 0.890718
vn 0.007731 0.469642 0.882823
vn -0.013365 0.422499 0.906265
vn -0.010212 0.462494 0.886564
vn -0.006440 0.410595 0.911795
vn -0.006156 0.450830 0.892589
vn -0.015358 0.417434 0.908577
vn -0.005547 0.413653 0.910418
vn -0.027107 0.423052 0.905700
vn 0.008375 0.383181 0.923635
vn -0.012478 0.406645 0.913501
vn 0.026850 0.390417 0.920247
vn 0.027789 0.378273 0.925277
vn 0.010052 0.420303 0.907328
vn 0.041165 0.385028 0.921987
vn -0.017062 0.443322 0.896200
vn -0.003656 0.410331 0.911930
vn -0.012461 0.443077 0.896397
vn -0.021803 0.418517 0.907947
vn 0.000012 0.431697 0.902019
vn -0.002511 0.418348 0.908283
vn 0.005660 0.425233 0.905066
vn 0.003510 0.422145 0.906522
vn -0.685467 0.273010 0.674982
vn -0.716471 0.275864 0.640756
vn -0.999197 -0.026019 0.030475
vn -0.998911 -0.021992 0.041157
vn -0.997293 -0.046832 0.056688
vn -0.996876 -0.028365 0.073711
vn -0.996754 -0.036048 0.071989
vn -0.993766 -0.056280 0.096241
vn -0.002646 -0.408475 -0.912766
vn 0.001141 -0.411896 -0.911230
vn 0.001487 -0.416481 -0.909143
vn 0.004066 -0.425717 -0.904847
vn 0.001148 -0.432210 -0.901772
vn 0.010078 -0.437576 -0.899125
vn 0.011104 -0.448082 -0.893923
vn -0.002127 -0.454976 -0.890501
vn 0.053257 -0.463954 -0.884257
vn 0.971941 -0.233024 -0.032109
vn 0.980120 -0.198144 0.010157
vn 0.350242 -0.934551 0.062817
vn -0.318872 -0.939838 0.122574
vn -0.972562 0.232464 0.009116
vn -0.962420 0.266433 0.052540
vn -0.988489 0.149932 -0.020228
vn -0.781348 0.391481 0.486044
vn 0.000857 0.478465 0.878106
vn 0.001589 0.478466 0.878105
vn -0.013067 0.471946 0.881531
vn -0.012574 0.459454 0.888113
vn -0.002888 0.454063 0.890965
vn -0.006563 0.447306 0.894357
vn -0.003167 0.436941 0.899485
vn -0.001610 0.431795 0.901970
vn 0.002753 0.427010 0.904243
vn 0.004583 0.422571 0.906318
vn 0.004003 0.422700 0.906261
vn 0.005333 0.427292 0.904098
vn 0.001130 0.431179 0.902266
vn -0.004527 0.428223 0.903662
vn -0.016468 0.416950 0.908780
vn -0.027439 0.413677 0.910010
vn -0.026991 0.420474 0.906903
vn 0.927375 0.165082 0.335743
vn 0.991473 -0.053100 -0.119002
vn 0.995973 -0.068982 -0.057260
vn 0.990384 -0.080928 -0.112205
vn 0.365264 -0.930899 -0.003126
vn -0.389685 -0.920942 0.003272
vn -0.996239 0.067596 0.054203
vn -0.991511 0.077337 0.104518
vn -0.167548 -0.394543 -0.903473
vn 0.022726 -0.398753 -0.916777
vn 0.011900 -0.402934 -0.915152
vn 0.002550 -0.411903 -0.911224
vn -0.000753 -0.413644 -0.910438
vn -0.003896 -0.410377 -0.911908
vn -0.003063 -0.406173 -0.913791
vn -0.003874 -0.405439 -0.914114
vn -0.835169 -0.549683 -0.018479
vn 0.962303 -0.270051 -0.032348
vn 0.993415 0.028407 -0.110993
vn 0.995072 -0.013096 -0.098290
vn 0.256734 -0.400856 -0.879433
vn -0.009930 -0.427101 -0.904150
vn 0.005901 -0.435506 -0.900167
vn 0.016499 -0.439018 -0.898327
vn 0.005679 -0.436013 -0.899922
vn -0.002783 -0.417946 -0.908468
vn -0.006583 -0.395713 -0.918351
vn -0.018341 -0.403139 -0.914955
vn -0.013589 -0.428900 -0.903250
vn 0.001498 -0.450265 -0.892894
vn -0.015624 -0.463235 -0.886098
vn -0.018711 -0.452754 -0.891439
vn 0.014592 -0.428047 -0.903639
vn 0.046756 -0.414088 -0.909035
vn 0.025006 -0.417162 -0.908488
vn -0.030302 -0.420705 -0.906692
vn -0.408538 -0.380446 -0.829673
vn -0.999767 0.017838 0.012139
vn -0.999714 0.017061 0.016742
vn -0.895770 -0.444515 0.001584
vn 0.881690 -0.471827 -0.001580
vn 0.999767 -0.017837 -0.012138
vn 0.999714 -0.017060 -0.016740
vn 0.998770 -0.038554 -0.031188
vn 0.854090 0.200583 0.479892
vn 0.031543 0.439671 0.897605
vn 0.033839 0.443271 0.895749
vn -0.025721 0.436572 0.899302
vn -0.053499 0.424854 0.903680
vn -0.021145 0.435899 0.899747
vn 0.019870 0.466849 0.884114
vn 0.019240 0.482349 0.875768
vn -0.001891 0.467424 0.884031
vn 0.018693 0.445347 0.895163
vn 0.024939 0.422263 0.906130
vn 0.005126 0.418650 0.908133
vn -0.001285 0.446348 0.894859
vn -0.008327 0.466200 0.884640
vn -0.018145 0.466193 0.884497
vn -0.004641 0.459724 0.888050
vn 0.013916 0.447186 0.894333
vn 0.018391 0.434948 0.900268
vn -0.696254 0.278914 0.661391
vn -0.998499 -0.052472 -0.015685
vn -0.993903 0.014958 0.109236
vn -0.991668 -0.030570 0.125142
vn 0.002370 -0.366510 0.930411
vn -0.000651 -0.355759 0.934578
vn -0.007836 -0.370884 0.928646
vn -0.001713 -0.376575 0.926384
vn 0.012703 -0.378092 0.925681
vn 0.010436 -0.371572 0.928345
vn 0.002936 -0.365053 0.930982
vn -0.011327 -0.377751 0.925838
vn 0.080831 -0.391789 0.916498
vn -0.005477 -0.402768 -0.915286
vn 0.113577 -0.408768 -0.905544
vn -0.003191 -0.389491 -0.921025
vn 0.004374 -0.386296 -0.922364
vn 0.004729 -0.383261 -0.923628
vn -0.003667 -0.378592 -0.925557
vn -0.009459 -0.374933 -0.927004
vn 0.004104 -0.371904 -0.928262
vn 0.002308 -0.363736 -0.931499
vn -0.001460 -0.356425 -0.934323
vn 0.009682 -0.364930 -0.930985
vn -0.000648 -0.394840 -0.918750
vn -0.031477 -0.427091 -0.903661
vn -0.019907 -0.434814 -0.900301
vn -0.002550 -0.418619 -0.908158
vn -0.009862 -0.405699 -0.913954
vn -0.227944 -0.390915 -0.891755
vn -0.996359 0.084948 0.007261
vn -0.984956 0.022702 -0.171307
vn -0.978637 -0.205596 0.000735
vn 0.975294 -0.220910 -0.000741
vn 0.983481 -0.023595 0.179466
vn 0.995969 -0.089341 -0.008032
vn 1.000000 0.000801 -0.000253
vn 0.240175 0.413911 0.878063
vn 0.013006 0.421046 0.906946
vn 0.008978 0.421409 0.906826
vn -0.001328 0.429609 0.903014
vn 0.021965 0.446949 0.894290
vn 0.038163 0.448270 0.893083
vn 0.004001 0.421231 0.906944
vn -0.006528 0.391636 0.920097
vn 0.002231 0.381922 0.924192
vn -0.005501 0.387202 0.921979
vn -0.005691 0.395042 0.918645
vn 0.012187 0.399082 0.916834
vn 0.003973 0.405374 0.914142
vn -0.008207 0.413097 0.910650
vn -0.005773 0.417431 0.908690
vn 0.002528 0.417848 0.908514
vn 0.005145 0.428457 0.903548
vn -0.001949 0.436229 0.899834
vn -0.152507 0.433982 0.887920
vn -0.999845 -0.015289 0.008738
vn -0.999037 0.018772 0.039654
vn -0.131029 0.448571 -0.884090
vn 0.020905 0.421511 -0.906582
vn 0.011284 0.403643 -0.914847
vn -0.002880 0.391876 -0.920013
vn -0.006971 0.397106 -0.917746
vn -0.011967 0.399035 -0.916858
vn -0.002465 0.393982 -0.919115
vn 0.006227 0.385245 -0.922793
vn -0.003237 0.379484 -0.925193
vn -0.002213 0.372313 -0.928105
vn 0.002998 0.368149 -0.929762
vn 0.002230 0.372389 -0.928074
vn 0.012586 0.388958 -0.921170
vn 0.027766 0.412186 -0.910676
vn 0.012633 0.425278 -0.904974
vn -0.005937 0.421164 -0.906965
vn -0.000243 0.425740 -0.904846
vn 0.006153 0.432875 -0.901433
vn 0.242648 0.443928 -0.862584
vn 0.897251 -0.188843 -0.399098
vn -0.095910 -0.513097 0.852956
vn 0.001590 -0.404773 0.914416
vn 0.004739 -0.401321 0.915925
vn -0.014043 -0.406627 0.913486
vn -0.025504 -0.393030 0.919172
vn -0.007874 -0.366407 0.930421
vn 0.001200 -0.347232 0.937779
vn -0.003851 -0.345501 0.938410
vn -0.998270 0.040990 0.042162
vn -0.537036 0.331046 0.775887
vn -0.012795 0.394641 0.918746
vn -0.018282 0.398652 0.916920
vn -0.006080 0.395437 0.918473
vn 0.015442 0.376400 0.926329
vn 0.021580 0.344793 0.938431
vn 0.029214 0.324336 0.945491
vn 0.008768 0.328667 0.944405
vn -0.026575 0.354212 0.934788
vn -0.013472 0.390555 0.920481
vn 0.012653 0.425468 0.904885
vn 0.019226 0.441012 0.897295
vn 0.015521 0.436037 0.899795
vn -0.004240 0.427792 0.903867
vn -0.012536 0.427508 0.903925
vn -0.016910 0.425529 0.904787
vn -0.029944 0.407813 0.912574
vn -0.033401 0.392169 0.919287
vn 0.656600 0.315638 0.685018
vn 0.998377 -0.054853 0.015298
vn 0.999911 -0.010690 -0.007973
vn 0.999896 -0.013579 -0.004953
vn 0.958041 -0.286628 -0.001121
vn -0.963603 -0.267335 0.001109
vn -0.999911 0.010659 0.008066
vn -0.999896 0.013233 0.005743
vn -0.419578 -0.323416 -0.848149
vn 0.025463 -0.389423 -0.920707
vn 0.016073 -0.410507 -0.911716
vn 0.009875 -0.414551 -0.909972
vn 0.001757 -0.414051 -0.910252
vn -0.015321 -0.417720 -0.908447
vn -0.016023 -0.416107 -0.909175
vn -0.006932 -0.399364 -0.916766
vn 0.018335 -0.370145 -0.928793
vn 0.029553 -0.342317 -0.939120
vn -0.004706 -0.320644 -0.947188
vn -0.026568 -0.311639 -0.949829
vn -0.024741 -0.324975 -0.945399
vn -0.018109 -0.352943 -0.935470
vn 0.003869 -0.373078 -0.927792
vn 0.015602 -0.380124 -0.924804
vn 0.372244 -0.364143 -0.853718
vn 0.995700 -0.046384 0.080185
vn 0.999575 -0.014718 0.025177
vn 0.373630 -0.349741 0.859117
vn 0.014650 -0.368826 0.929383
vn 0.032674 -0.354886 0.934339
vn 0.013295 -0.343097 0.939206
vn -0.028202 -0.350104 0.936286
vn -0.026959 -0.354657 0.934608
vn -0.014671 -0.344107 0.938816
vn -0.018003 -0.334992 0.942049
vn -0.005595 -0.348403 0.937328
vn 0.028499 -0.363726 0.931070
vn 0.033188 -0.349719 0.936267
vn 0.005754 -0.330675 0.943727
vn -0.025015 -0.332315 0.942837
vn -0.047888 -0.349166 0.935836
vn 0.003112 -0.364755 0.931098
vn 0.034345 -0.367618 0.929343
vn 0.019878 -0.366992 0.930012
vn 0.702396 -0.259385 0.662842
vn 0.683253 0.277852 -0.675251
vn -0.022485 0.384291 -0.922938
vn -0.037079 0.384691 -0.922300
vn -0.001758 0.381298 -0.924450
vn 0.054949 0.365016 -0.929378
vn 0.030679 0.348071 -0.936966
vn -0.006543 0.345271 -0.938480
vn -0.039836 0.362012 -0.931322
vn -0.031305 0.373548 -0.927083
vn 0.009586 0.356015 -0.934431
vn 0.020185 0.344152 -0.938697
vn 0.014018 0.355390 -0.934613
vn 0.025317 0.367792 -0.929564
vn 0.030971 0.365796 -0.930180
vn -0.012465 0.361013 -0.932478
vn -0.038907 0.373844 -0.926675
vn -0.017634 0.387037 -0.921896
vn -0.006536 0.387817 -0.921713
vn -0.514660 0.333086 -0.790050
vn -0.999851 0.011858 0.012554
vn -0.999345 0.016475 -0.032234
vn -0.994398 0.052868 -0.091531
vn -0.995134 0.021935 -0.096064
vn -0.727365 0.338023 0.597228
vn 0.021835 0.425077 0.904894
vn 0.024827 0.424846 0.904925
vn 0.007757 0.437041 0.899408
vn -0.006066 0.455700 0.890113
vn -0.015342 0.460052 0.887760
vn -0.028471 0.447383 0.893889
vn -0.007354 0.434328 0.900725
vn 0.024290 0.418220 0.908021
vn 0.016107 0.393573 0.919153
vn 0.013549 0.385530 0.922596
vn 0.019361 0.383729 0.923243
vn -0.016329 0.360982 0.932430
vn -0.036045 0.342458 0.938841
vn -0.032648 0.371287 0.927944
vn -0.000204 0.412553 0.910933
vn 0.023164 0.419614 0.907407
vn 0.009452 0.409440 0.912288
vn 0.824554 0.212121 0.524514
vn 0.998194 -0.043814 -0.041092
vn 0.999809 -0.015781 -0.011498
vn 0.999757 -0.015189 -0.015996
vn -0.917637 -0.397416 0.001541
vn 0.906048 -0.423172 -0.001549
vn -0.999757 0.015191 0.015998
vn -0.999809 0.015783 0.011499
vn -0.022953 -0.398570 -0.916851
vn -0.404899 -0.352456 -0.843701
vn 0.003729 -0.390348 -0.920660
vn 0.034391 -0.353146 -0.934936
vn 0.031442 -0.333583 -0.942196
vn 0.012368 -0.356058 -0.934382
vn -0.017278 -0.377103 -0.926010
vn -0.013670 -0.375031 -0.926911
vn -0.016190 -0.377436 -0.925894
vn -0.022339 -0.394923 -0.918443
vn 0.004330 -0.408227 -0.912870
vn 0.022433 -0.423588 -0.905577
vn 0.012723 -0.437450 -0.899153
vn 0.008066 -0.434096 -0.900831
vn -0.003958 -0.418529 -0.908195
vn -0.019277 -0.406724 -0.913348
vn 0.523320 -0.370836 -0.767213
vn 0.993575 -0.113151 -0.002245
vn 0.992889 -0.117616 0.018371
vn -0.012660 -0.411672 0.911244
vn 0.495722 -0.350185 0.794752
vn 0.005297 -0.423947 0.905672
vn 0.022903 -0.419914 0.907275
vn 0.017106 -0.407283 0.913142
vn -0.018805 -0.394675 0.918629
vn -0.024558 -0.384238 0.922907
vn -0.005047 -0.373458 0.927633
vn -0.003026 -0.370026 0.929017
vn -0.010838 -0.367908 0.929799
vn -0.008370 -0.364189 0.931288
vn -0.003492 -0.368752 0.929521
vn 0.005973 -0.388437 0.921456
vn 0.041547 -0.405477 0.913161
vn 0.010861 -0.398707 0.917014
vn -0.029471 -0.381329 0.923970
vn -0.013174 -0.377850 0.925773
vn 0.801716 -0.234491 0.549787
vn 0.815278 0.227551 -0.532486
vn 0.014155 0.396268 -0.918026
vn 0.026704 0.402224 -0.915152
vn -0.015579 0.421356 -0.906762
vn -0.042707 0.425335 -0.904028
vn -0.001576 0.402643 -0.915356
vn 0.005987 0.381615 -0.924302
vn 0.009561 0.378218 -0.925667
vn 0.011630 0.384584 -0.923017
vn 0.002075 0.389309 -0.921105
vn 0.004736 0.394971 -0.918681
vn 0.026608 0.407966 -0.912609
vn 0.021454 0.419793 -0.907366
vn -0.021367 0.432818 -0.901228
vn -0.028582 0.443574 -0.895782
vn -0.005885 0.442723 -0.896639
vn 0.016168 0.428760 -0.903274
vn 0.018514 0.409350 -0.912190
vn -0.684965 0.271450 -0.676119
vn -0.999249 0.001489 -0.038734
vn -0.991087 0.131312 -0.022466
vn -0.992229 0.124394 0.002798
vn -0.833291 -0.533853 0.143617
vn 0.978999 -0.184328 -0.087092
vn 0.996557 -0.026503 -0.078560
vn 0.998652 -0.038565 -0.034748
vn -0.998379 0.042290 0.038091
vn -0.995959 0.030198 0.084586
vn -0.006817 -0.388050 -0.921613
vn 0.157891 -0.377808 -0.912322
vn 0.989099 0.049437 -0.138708
vn 0.991590 0.072179 -0.107424
vn 0.801350 -0.597895 0.018989
vn -0.868279 -0.482459 -0.115432
vn -0.988969 -0.082408 0.123083
vn -0.986097 -0.055400 0.156665
vn -0.996283 -0.061499 0.060323
vn -0.739473 0.222328 0.635413
vn 0.004336 0.409207 0.912431
vn 0.005437 0.403641 0.914901
vn -0.023244 0.391421 0.919918
vn 0.006994 0.387810 0.921713
vn 0.042929 0.401270 0.914954
vn 0.000775 0.430111 0.902776
vn -0.025478 0.447085 0.894128
vn -0.019161 0.438890 0.898337
vn -0.007027 0.427802 0.903845
vn -0.005898 0.425002 0.905173
vn -0.021159 0.421757 0.906462
vn -0.023622 0.417260 0.908480
vn -0.002478 0.419712 0.907654
vn 0.003445 0.430722 0.902478
vn -0.004399 0.437638 0.899141
vn 0.019949 0.438529 0.898496
vn 0.051457 0.436741 0.898114
vn 0.909244 0.210459 0.359140
vn 0.997308 0.005540 -0.073118
vn 0.999442 -0.027615 -0.018792
vn 0.999237 -0.026196 -0.028957
vn 0.742713 -0.669607 -0.002250
vn -0.767200 -0.641404 0.002277
vn -0.999442 0.027619 0.018794
vn -0.999233 0.026227 0.029094
vn -0.353650 -0.396228 -0.847311
vn -0.016414 -0.419047 -0.907816
vn 0.003980 -0.415495 -0.909587
vn -0.002191 -0.406539 -0.913631
vn 0.002954 -0.396502 -0.918029
vn 0.020135 -0.398732 -0.916847
vn 0.016342 -0.407089 -0.913242
vn 0.004274 -0.411559 -0.911373
vn 0.004566 -0.412688 -0.910861
vn 0.014282 -0.421329 -0.906795
vn 0.022282 -0.430666 -0.902236
vn 0.003241 -0.418004 -0.908440
vn -0.034291 -0.391795 -0.919414
vn -0.006505 -0.378934 -0.925401
vn 0.018690 -0.380064 -0.924771
vn 0.248395 -0.964070 0.094178
vn -0.140014 -0.970559 0.195986
vn -0.265583 -0.964082 0.003302
vn 0.234737 -0.972039 -0.006210
vn -0.999600 -0.027618 -0.006172
vn -0.998514 -0.045943 0.029294
vn -0.998401 -0.045200 0.033953
vn -0.999499 -0.030146 0.009690
vn -0.288675 -0.013003 -0.957339
vn 0.270575 0.012938 -0.962612
vn 0.270177 0.009054 -0.962768
vn -0.262216 -0.009527 -0.964962
vn 0.999409 0.033223 -0.008833
vn 0.998167 0.048762 -0.035855
vn 0.998285 0.049486 -0.031276
vn 0.999515 0.030586 0.005866
vn 0.997806 0.065715 -0.007988
vn 0.999571 0.007839 0.028234
vn 0.985431 -0.040204 0.165256
vn 0.999662 -0.019239 0.017504
vn 0.990948 -0.027574 0.131383
vn 0.996487 -0.074592 -0.038063
vn 0.999343 -0.009712 0.034919
vn 0.996553 -0.082732 0.006071
vn 0.999923 -0.012063 -0.003004
vn 0.999123 -0.038169 -0.017244
vn 0.999468 -0.018686 -0.026735
vn 0.997148 -0.025542 -0.071020
vn 0.999543 -0.017472 -0.024662
vn 0.997585 -0.037031 -0.058768
vn 0.999628 -0.015215 -0.022649
vn 0.998531 -0.033633 -0.042471
vn 0.999627 -0.014625 -0.023087
vn 0.999081 -0.024955 -0.034842
vn 0.999103 -0.021493 -0.036482
vn 0.999586 -0.015833 -0.024039
vn 0.999476 -0.017583 -0.027166
vn 0.999001 -0.021981 -0.038901
vn 0.999146 -0.019492 -0.036449
vn 0.998842 -0.021082 -0.043245
vn 0.995061 -0.022644 -0.096645
vn 0.993224 -0.007907 -0.115951
vn 0.986792 -0.058772 -0.150952
vn 0.981841 -0.038656 -0.185726
vn 0.978591 -0.091263 -0.184474
vn 0.972634 -0.090108 -0.214158
vn 0.968970 -0.108878 -0.221906
vn 0.965061 -0.111010 -0.237346
vn 0.867877 -0.423409 -0.259837
vn 0.888265 -0.378934 -0.259604
vn -0.966662 -0.173117 0.188666
vn -0.961549 -0.207745 0.179625
vn -0.966329 0.114759 0.230301
vn -0.970284 0.111335 0.214833
vn -0.978546 0.095721 0.182440
vn -0.972896 0.094557 0.211027
vn -0.986503 0.060115 0.152310
vn -0.981158 0.042874 0.188392
vn -0.994802 0.024984 0.098714
vn -0.992036 0.019487 0.124438
vn -0.998865 0.023686 0.041319
vn -0.997503 0.032743 0.062569
vn -0.999194 0.020683 0.034402
vn -0.997819 0.030684 0.058437
vn -0.999458 0.017103 0.028134
vn -0.998030 0.029048 0.055615
vn -0.999590 0.015165 0.024301
vn -0.998384 0.027419 0.049782
vn -0.998479 0.033648 0.043672
vn -0.999603 0.015437 0.023586
vn -0.999536 0.017538 0.024885
vn -0.997566 0.036579 0.059364
vn -0.999447 0.018659 0.027521
vn -0.997216 0.024849 0.070303
vn -0.999911 0.012200 0.005471
vn -0.999170 0.036015 0.019053
vn -0.999464 0.009819 -0.031246
vn -0.996953 0.077795 -0.005793
vn -0.991795 0.027503 -0.124842
vn -0.997147 0.069932 0.028414
vn -0.987055 0.040503 -0.155184
vn -0.999331 -0.008382 -0.035609
vn -0.999742 0.021320 -0.007832
vn -0.997942 -0.063857 0.005830
vn -0.999870 -0.012450 -0.010214
vn -0.999861 -0.010402 -0.013067
vn -0.292278 -0.004048 -0.956325
vn 0.293483 0.000225 -0.955964
vn 0.999847 0.010965 0.013605
vn 0.999821 0.013284 0.013472
vn 0.999578 0.014716 -0.025046
vn 0.997751 0.056628 -0.035880
vn 0.997189 0.041542 -0.062356
vn 0.991088 -0.061238 -0.118300
vn 0.993485 -0.113841 -0.005296
vn 0.998664 -0.044660 -0.025997
vn 0.997085 -0.020565 -0.073472
vn 0.996196 -0.046752 -0.073532
vn 0.997623 -0.047697 -0.049726
vn 0.997982 -0.033673 -0.053831
vn 0.997640 -0.031376 -0.061070
vn 0.997269 -0.032836 -0.066149
vn 0.992912 -0.004915 -0.118752
vn 0.982633 -0.004382 -0.185508
vn 0.976285 -0.064221 -0.206745
vn 0.970050 -0.100742 -0.221028
vn 0.912741 -0.335463 -0.233170
vn -0.971981 -0.154893 0.176808
vn -0.970761 0.105774 0.215490
vn -0.976458 0.069485 0.204210
vn -0.982169 0.013386 0.187522
vn -0.991312 0.022377 0.129613
vn -0.994538 0.046675 0.093357
vn -0.995047 0.044064 0.089102
vn -0.995937 0.037073 0.082068
vn -0.996895 0.045144 0.064522
vn -0.996194 0.045716 0.074210
vn -0.997152 0.019457 0.072871
vn -0.998776 0.041526 0.026877
vn -0.994478 0.104530 0.009359
vn -0.993160 0.054535 0.103243
vn -0.998129 -0.040862 0.045482
vn -0.998211 -0.053245 0.027217
vn -0.999757 -0.010940 0.019129
vn -0.999928 0.010717 0.005481
vn -0.999913 0.011727 0.005998
vn -0.999894 0.012948 0.006622
vn -0.999868 0.014449 0.007390
vn -0.999837 0.016332 0.007674
vn -0.999795 0.018553 0.008138
vn -0.999731 0.021230 0.009311
vn -0.999633 0.024799 0.010876
vn -0.999471 0.029790 0.013066
vn -0.999173 0.037247 0.016337
vn -0.998536 0.049528 0.021724
vn -0.996765 0.073498 0.032535
vn -0.859564 -0.509678 0.037122
vn 0.776091 -0.628908 -0.046444
vn 0.996747 -0.073626 -0.032791
vn 0.998536 -0.049541 -0.021725
vn 0.999172 -0.037254 -0.016338
vn 0.999471 -0.029793 -0.013066
vn 0.999633 -0.024800 -0.010877
vn 0.999731 -0.021232 -0.009312
vn 0.999795 -0.018557 -0.008138
vn 0.999837 -0.016335 -0.007674
vn 0.999868 -0.014451 -0.007390
vn 0.999894 -0.012949 -0.006622
vn 0.999913 -0.011729 -0.005998
vn 0.999928 -0.010719 -0.005481
vn 0.999939 -0.009869 -0.005046
vn 0.999947 -0.009143 -0.004675
vn 0.999954 -0.008517 -0.004355
vn 0.999959 -0.008180 -0.003857
vn 0.999968 -0.007974 0.000000
vn 0.999968 -0.007974 0.000000
vn 0.238585 -0.004638 -0.971111
vn -0.239350 -0.000826 -0.970933
vn -0.999968 0.007973 0.000000
vn -0.999968 0.007973 0.000000
vn -0.999959 0.008179 0.003857
vn -0.999954 0.008516 0.004355
vn -0.999947 0.009141 0.004675
vn -0.999939 0.009867 0.005046
vn -0.999939 0.010831 0.002285
vn -0.999926 0.011901 0.002511
vn -0.999909 0.013205 0.002787
vn -0.999885 0.014834 0.003130
vn -0.999853 0.016859 0.003285
vn -0.999808 0.019294 0.003492
vn -0.999743 0.022325 0.004041
vn -0.999638 0.026491 0.004794
vn -0.999452 0.032566 0.005894
vn -0.999078 0.042250 0.007646
vn -0.998132 0.060112 0.010880
vn -0.994397 0.104021 0.018826
vn -0.636122 -0.771393 0.017403
vn 0.556231 -0.830647 -0.025143
vn 0.994395 -0.104038 -0.018832
vn 0.998132 -0.060117 -0.010883
vn 0.999078 -0.042249 -0.007649
vn 0.999452 -0.032567 -0.005895
vn 0.999638 -0.026490 -0.004796
vn 0.999743 -0.022326 -0.004042
vn 0.999808 -0.019294 -0.003493
vn 0.999853 -0.016858 -0.003286
vn 0.999885 -0.014834 -0.003131
vn 0.999909 -0.013207 -0.002788
vn 0.999926 -0.011901 -0.002512
vn 0.999939 -0.010830 -0.002286
vn 0.999948 -0.009936 -0.002097
vn 0.999956 -0.009178 -0.001937
vn 0.999962 -0.008529 -0.001800
vn 0.999965 -0.008199 -0.001587
vn 0.999968 -0.007974 0.000000
vn 0.999968 -0.007973 0.000000
vn 0.231802 -0.004588 -0.972752
vn -0.231803 -0.000891 -0.972762
vn -0.999968 0.007973 0.000000
vn -0.999968 0.007974 0.000000
vn -0.999965 0.008197 0.001587
vn -0.999962 0.008528 0.001800
vn -0.999956 0.009178 0.001937
vn -0.999948 0.009936 0.002097
vn -0.999157 0.007420 -0.040374
vn -0.999642 0.007792 -0.025579
vn -0.256277 -0.000677 -0.966603
vn 0.254374 -0.004753 -0.967094
vn 0.999582 -0.007734 0.027875
vn 0.999105 -0.007341 0.041648
vn 0.967446 -0.004854 0.253030
vn 0.974528 0.002752 0.224250
vn 0.988271 0.001802 0.152701
vn 0.997736 -0.010320 0.066458
vn 0.999818 -0.015482 0.011137
vn 0.999840 -0.011737 -0.013514
vn 0.999772 -0.012025 -0.017663
vn 0.999726 -0.013169 -0.019344
vn 0.999695 -0.014678 -0.019880
vn 0.999652 -0.016396 -0.020656
vn 0.999570 -0.018227 -0.022962
vn 0.999353 -0.021151 -0.029079
vn 0.997835 -0.028784 -0.059142
vn 0.994781 -0.050739 -0.088526
vn 0.989657 -0.070732 -0.124806
vn 0.979614 -0.097318 -0.175742
vn 0.850800 -0.471490 -0.232026
vn -0.952807 -0.263781 0.150264
vn -0.980888 0.096949 0.168698
vn -0.989926 0.072671 0.121513
vn -0.994696 0.051844 0.088840
vn -0.997808 0.028841 0.059567
vn -0.999350 0.021169 0.029175
vn -0.999570 0.018229 0.022963
vn -0.999652 0.016398 0.020657
vn -0.999695 0.014679 0.019881
vn -0.999726 0.013169 0.019345
vn -0.999772 0.012025 0.017664
vn -0.999836 0.011638 0.013917
vn -0.999847 0.015110 -0.008871
vn -0.998074 0.010282 -0.061179
vn -0.989559 -0.001228 -0.144120
vn -0.976979 -0.002266 -0.213321
vn -0.970300 0.004999 -0.241855
vn 0.228422 -0.052793 -0.972130
vn -0.230668 -0.049603 -0.971767
vn -0.749313 0.415623 -0.515545
vn -0.986663 0.106047 0.123490
vn -0.995674 0.080629 0.046168
vn -0.719918 0.363229 -0.591425
vn -0.021339 0.436525 -0.899439
vn 0.025943 0.455248 -0.889987
vn 0.027379 0.429126 -0.902829
vn -0.002667 0.414173 -0.910194
vn 0.021851 0.410255 -0.911709
vn 0.015579 0.389678 -0.920819
vn -0.000841 0.421552 -0.906804
vn 0.010034 0.378714 -0.925459
vn -0.000719 0.443729 -0.896161
vn 0.006928 0.376120 -0.926545
vn 0.003932 0.456705 -0.889610
vn 0.022393 0.388901 -0.921007
vn -0.003360 0.471960 -0.881613
vn 0.017628 0.414615 -0.909826
vn -0.000202 0.479309 -0.877646
vn 0.002142 0.431153 -0.902276
vn -0.000804 0.480437 -0.877029
vn 0.000115 0.433404 -0.901200
vn -0.014851 0.478995 -0.877692
vn -0.008479 0.442641 -0.896659
vn -0.029584 0.478130 -0.877791
vn -0.017632 0.465424 -0.884912
vn -0.025124 0.474733 -0.879771
vn -0.023580 0.482878 -0.875370
vn 0.003005 0.453333 -0.891336
vn -0.021184 0.481762 -0.876046
vn 0.045040 0.417269 -0.907666
vn 0.001540 0.453234 -0.891391
vn 0.058489 0.405579 -0.912187
vn 0.044989 0.412789 -0.909715
vn 0.003116 0.421871 -0.906651
vn 0.022786 0.405030 -0.914019
vn -0.038218 0.432181 -0.900977
vn -0.029489 0.418685 -0.907653
vn 0.807793 0.256915 -0.530533
vn 0.795016 0.248709 -0.553256
vn 0.830416 -0.234885 0.505211
vn 0.844816 -0.221195 0.487195
vn 0.025781 -0.403782 0.914492
vn 0.032541 -0.414218 0.909596
vn -0.019268 -0.390430 0.920431
vn -0.001097 -0.405680 0.914014
vn -0.041627 -0.393039 0.918579
vn -0.050076 -0.390475 0.919251
vn -0.004043 -0.428207 0.903672
vn -0.040622 -0.396582 0.917100
vn 0.017833 -0.455366 0.890126
vn -0.003409 -0.427227 0.904138
vn 0.020710 -0.459350 0.888014
vn 0.020289 -0.446345 0.894631
vn 0.017642 -0.445812 0.894953
vn 0.025360 -0.452076 0.891619
vn 0.009190 -0.428414 0.903536
vn 0.012929 -0.455361 0.890213
vn 0.000036 -0.421737 0.906718
vn 0.000692 -0.457406 0.889258
vn -0.000998 -0.420575 0.907257
vn 0.000063 -0.456761 0.889589
vn -0.011553 -0.406967 0.913370
vn 0.004466 -0.452479 0.891764
vn -0.016581 -0.383540 0.923376
vn -0.001462 -0.442526 0.896755
vn -0.006654 -0.369071 0.929378
vn 0.001776 -0.433321 0.901238
vn -0.009049 -0.365667 0.930702
vn 0.002423 -0.414755 0.909930
vn -0.014079 -0.371941 0.928150
vn -0.017655 -0.403408 0.914850
vn -0.001715 -0.395172 0.918606
vn -0.025989 -0.416082 0.908956
vn 0.257305 -0.411138 0.874505
vn 0.173449 -0.448881 0.876597
vn 0.998162 0.002935 -0.060529
vn 0.991476 -0.088488 -0.095631
vn 0.998159 -0.037884 -0.047375
vn 0.997560 0.069650 -0.004768
vn 0.891744 -0.452216 0.017111
vn -0.901450 -0.432760 -0.010353
vn -0.873015 -0.485153 -0.049718
vn 0.855856 -0.516757 0.021739
vn -0.996884 -0.076131 0.020633
vn -0.997962 0.045017 0.045216
vn -0.989986 0.099515 0.100125
vn -0.996829 0.000098 0.079572
vn -0.995775 -0.040369 -0.082473
vn -0.680735 0.244645 -0.690470
vn -0.022429 0.437904 -0.898742
vn -0.008811 0.452018 -0.891966
vn 0.001707 0.457446 -0.889236
vn -0.008507 0.431380 -0.902131
vn -0.002701 0.402735 -0.915313
vn 0.028582 0.389689 -0.920503
vn 0.032999 0.390023 -0.920214
vn 0.007057 0.394903 -0.918696
vn 0.001570 0.399462 -0.916749
vn 0.007588 0.409598 -0.912235
vn 0.004009 0.426983 -0.904251
vn -0.009076 0.446725 -0.894625
vn -0.022808 0.463064 -0.886031
vn -0.035737 0.452651 -0.890971
vn 0.014544 0.415857 -0.909314
vn 0.031075 0.400656 -0.915701
vn -0.007194 0.410291 -0.911927
vn 0.807980 0.241995 -0.537221
vn 0.826374 -0.244583 0.507233
vn 0.006771 -0.394851 0.918720
vn -0.030585 -0.384533 0.922605
vn -0.017012 -0.396329 0.917951
vn 0.031164 -0.431880 0.901393
vn 0.022258 -0.445234 0.895138
vn 0.009456 -0.433641 0.901036
vn -0.001036 -0.415600 0.909547
vn -0.004755 -0.397154 0.917740
vn -0.001382 -0.386379 0.922339
vn -0.005477 -0.381048 0.924539
vn -0.027328 -0.372827 0.927499
vn -0.024772 -0.368781 0.929186
vn -0.000278 -0.379147 0.925337
vn 0.003893 -0.404287 0.914624
vn -0.002602 -0.426469 0.904498
vn 0.009095 -0.424316 0.905469
vn 0.285123 -0.385523 0.877540
vn 0.996424 -0.062546 -0.056806
vn 0.993003 -0.108178 -0.047361
vn 0.921633 -0.388052 -0.002876
vn -0.915943 -0.399553 0.037495
vn -0.991493 0.122579 0.043764
vn -0.995429 0.076564 0.057095
vn 0.000533 0.376442 -0.926440
vn 0.013504 0.386202 -0.922315
vn 0.015004 0.403088 -0.915038
vn 0.013573 0.413048 -0.910608
vn 0.000020 0.415799 -0.909457
vn -0.016716 0.419404 -0.907646
vn -0.016381 0.431834 -0.901804
vn -0.011746 0.439650 -0.898093
vn -0.002024 0.438650 -0.898656
vn -0.760320 0.287394 -0.582511
vn -0.999352 0.032703 -0.015039
vn -0.997975 0.058284 -0.025480
vn -0.999781 0.020926 0.000800
vn -0.324929 -0.945634 0.014064
vn 0.344084 -0.938812 0.015439
vn 0.999723 -0.022714 0.006114
vn 0.998813 -0.045513 0.017362
vn 0.052701 -0.422745 0.904715
vn 0.008426 -0.423673 0.905776
vn 0.011104 -0.415352 0.909593
vn 0.012055 -0.405673 0.913939
vn -0.000167 -0.403454 0.915000
vn -0.011891 -0.400984 0.916008
vn -0.016269 -0.390190 0.920591
vn -0.011261 -0.373857 0.927418
vn 0.003644 -0.368656 0.929559
vn 0.013073 -0.385143 0.922764
vn 0.020707 -0.418797 0.907844
vn 0.009175 -0.447763 0.894105
vn -0.005915 -0.459175 0.888326
vn 0.012661 -0.454295 0.890762
vn 0.018664 -0.424808 0.905091
vn -0.007938 -0.395706 0.918343
vn -0.026701 -0.381281 0.924074
vn 0.907277 -0.267317 0.324639
vn 0.880153 0.059198 -0.470984
vn 0.019591 0.401227 -0.915769
vn 0.002905 0.419132 -0.907921
vn -0.022965 0.449328 -0.893072
vn -0.015361 0.476363 -0.879114
vn 0.005809 0.478210 -0.878227
vn -0.005268 0.463710 -0.885972
vn -0.014561 0.427124 -0.904076
vn -0.010742 0.390056 -0.920728
vn -0.999540 0.009876 0.028687
vn -0.755059 0.311298 -0.577044
vn 0.042767 0.434763 -0.899529
vn 0.037998 0.442188 -0.896117
vn 0.009477 0.458980 -0.888396
vn -0.021650 0.482522 -0.875616
vn -0.010676 0.494352 -0.869196
vn 0.001237 0.492017 -0.870585
vn -0.006339 0.485489 -0.874220
vn -0.000676 0.481679 -0.876347
vn -0.002037 0.482232 -0.876041
vn -0.010967 0.480346 -0.877011
vn -0.019829 0.466400 -0.884352
vn -0.005288 0.436366 -0.899754
vn 0.037435 0.403913 -0.914031
vn 0.063291 0.382912 -0.921614
vn 0.032224 0.408760 -0.912073
vn -0.017731 0.446420 -0.894648
vn -0.034425 0.458419 -0.888069
vn 0.829481 0.298165 -0.472292
vn 0.842500 -0.169597 0.511303
vn 0.026221 -0.441553 0.896852
vn 0.015819 -0.431725 0.901867
vn -0.023629 -0.399839 0.916281
vn -0.053531 -0.376524 0.924859
vn -0.030428 -0.391409 0.919714
vn 0.005187 -0.414534 0.910019
vn 0.014864 -0.438857 0.898434
vn 0.008973 -0.451721 0.892114
vn 0.001597 -0.453396 0.891308
vn 0.000199 -0.452993 0.891514
vn 0.004885 -0.456887 0.889511
vn -0.001465 -0.464024 0.885822
vn 0.009801 -0.466703 0.884360
vn 0.019449 -0.458044 0.888717
vn -0.006753 -0.438461 0.898725
vn -0.033934 -0.423931 0.905059
vn 0.117242 -0.422324 0.898831
vn 0.990103 0.137307 0.029038
vn 0.982497 0.166486 0.083564
vn 0.802566 -0.595885 0.028431
vn -0.820631 -0.565142 -0.084729
vn -0.978958 -0.189480 -0.075751
vn -0.987438 -0.157822 0.007692
vn 0.995151 0.038029 0.090706
vn 0.998635 -0.052235 0.000207
vn 0.935093 -0.350531 -0.052251
vn -0.916108 -0.378988 0.130820
vn -0.998040 0.062432 -0.004290
vn -0.993119 -0.035152 -0.111709
vn -0.993553 0.054844 0.099216
vn -0.997244 0.008915 0.073654
vn -0.990888 0.096758 0.093700
vn -0.987819 0.078446 0.134384
vn -0.987561 0.064187 0.143539
vn -0.983907 0.066615 0.165798
vn -0.976592 0.077572 0.200626
vn -0.982086 0.069759 0.175046
vn -0.971138 0.135912 0.196009
vn -0.988177 0.136941 0.068952
vn -0.972233 0.232292 0.028350
vn -0.975275 0.211638 -0.063628
vn -0.958445 0.285251 -0.003807
vn -0.973853 0.225559 -0.027076
vn -0.959805 0.260850 0.103590
vn -0.974724 0.199600 0.100368
vn 0.975616 -0.197699 -0.095339
vn 0.965995 -0.242487 -0.089748
vn 0.975014 -0.221016 0.022353
vn 0.965707 -0.259507 0.008164
vn 0.978569 -0.200655 0.046272
vn 0.977043 -0.210194 -0.034717
vn 0.988916 -0.127989 -0.075263
vn 0.975175 -0.123905 -0.183523
vn 0.984178 -0.066764 -0.164121
vn 0.980164 -0.073272 -0.184147
vn 0.986891 -0.063135 -0.148527
vn 0.990002 -0.061875 -0.126757
vn 0.990317 -0.074551 -0.117106
vn 0.994992 -0.051338 -0.085760
vn 0.992521 -0.089973 -0.082503
vn 0.997808 -0.008056 -0.065685
vn 0.991434 0.019168 -0.129196
vn 0.996149 -0.046515 -0.074326
vn 0.999243 0.034605 0.017754
vn 0.989414 0.116730 -0.086216
vn 0.996478 0.083520 0.007535
vn 0.999665 0.010245 0.023791
vn 0.989114 0.147108 0.003482
vn 0.995081 0.098957 0.004632
vn 0.992958 0.118364 0.005009
vn 0.996065 0.082638 0.032039
vn 0.986377 0.130871 0.099665
vn 0.995245 0.045405 0.086175
vn 0.990487 0.075279 0.115186
vn 0.995424 -0.008020 0.095222
vn 0.995525 0.003220 0.094446
vn 0.994739 -0.041803 0.093522
vn 0.995575 -0.052187 0.078147
vn 0.994882 -0.084639 0.055192
vn 0.992730 -0.115619 0.033450
vn 0.990190 -0.137669 0.023898
vn -0.990639 0.135380 -0.017493
vn -0.992531 0.119033 -0.026693
vn -0.995139 0.087485 -0.045229
vn -0.996254 0.054653 -0.067011
vn -0.994931 0.043621 -0.090608
vn -0.995638 -0.005102 -0.093158
vn -0.995107 0.005068 -0.098669
vn -0.989000 -0.082621 -0.122689
vn -0.994281 -0.053436 -0.092462
vn -0.983780 -0.141809 -0.109854
vn -0.994997 -0.093570 -0.035017
vn -0.991633 -0.128740 -0.009533
vn -0.993758 -0.111447 -0.004974
vn -0.995676 -0.092192 -0.011428
vn -0.986233 -0.165276 -0.005335
vn -0.999566 -0.011157 -0.027272
vn -0.995314 0.047729 0.084092
vn -0.989355 -0.023455 0.143619
vn -0.986401 -0.131275 0.098894
vn -0.999045 -0.039644 -0.018394
vn -0.998819 -0.043361 0.021917
vn -0.996569 0.003107 0.082714
vn -0.999856 -0.008896 0.014476
vn -0.997211 -0.063290 0.039553
vn -0.995874 -0.086312 -0.028037
vn -0.995236 -0.072301 0.065402
vn -0.998760 0.002183 -0.049738
vn -0.997434 0.006258 0.071314
vn -0.991560 0.115442 -0.059014
vn -0.994046 0.107783 0.016007
vn -0.997903 0.033487 -0.055400
vn -0.998651 0.031009 -0.041650
vn -0.995738 -0.068834 -0.061380
vn -0.995348 -0.073267 -0.062564
vn -0.990368 -0.112133 -0.081222
vn -0.990304 -0.114545 -0.078596
vn -0.993880 -0.056864 -0.094710
vn -0.994714 -0.051208 -0.089007
vn -0.559431 0.824722 -0.082885
vn -0.560002 0.826722 -0.054128
vn 0.000140 0.999395 -0.034778
vn 0.000117 0.998572 -0.053422
vn -0.006095 0.998485 -0.054694
vn -0.006158 0.999350 -0.035536
vn -0.002505 0.998609 -0.052660
vn -0.002215 0.999448 -0.033151
vn -0.006980 0.998619 -0.052075
vn -0.007153 0.999465 -0.031913
vn -0.029056 0.997547 -0.063687
vn -0.030086 0.998700 -0.041159
vn -0.006281 0.998544 -0.053582
vn -0.004122 0.999568 -0.029114
vn 0.019481 0.999793 -0.005891
vn 0.022748 0.999587 0.017546
vn -0.019266 0.999701 0.015081
vn -0.020152 0.999061 0.038363
vn -0.021896 0.999759 -0.001287
vn -0.023389 0.999629 0.013985
vn 0.005487 0.999968 -0.005867
vn 0.005877 0.999983 0.000277
vn 0.007989 0.999939 -0.007588
vn 0.007909 0.999936 0.008142
vn 0.060036 0.997955 -0.021923
vn 0.058843 0.998266 0.001336
vn 0.103990 0.994212 -0.027003
vn 0.104146 0.994490 -0.012008
vn 0.021960 0.999634 -0.015780
vn 0.022541 0.999705 -0.009054
vn -0.019259 0.999768 -0.009691
vn -0.019224 0.999807 -0.004048
vn 0.020383 0.999764 -0.007560
vn 0.020646 0.999785 -0.001700
vn 0.043235 0.999054 -0.004604
vn 0.043370 0.999059 -0.000001
vn 0.797806 0.602836 0.009750
vn 0.802729 0.596217 0.012306
vn 0.999423 -0.002438 0.033894
vn 0.999261 -0.000981 0.038415
vn 0.999826 0.018596 -0.001504
vn 0.999746 0.021434 -0.006930
vn 0.997988 0.049754 -0.039308
vn 0.998091 0.049123 -0.037428
vn 0.999267 0.023864 0.029940
vn 0.998824 0.019758 0.044271
vn 0.996968 -0.005796 0.077595
vn 0.995371 -0.004952 0.095977
vn 0.996915 -0.068687 0.037985
vn 0.996386 -0.067062 0.052128
vn 0.997030 -0.076792 0.005838
vn 0.997024 -0.076338 0.010771
vn 0.999968 -0.007973 0.000000
vn 0.999968 -0.007974 0.000000
vn 0.999968 -0.007974 0.000000
vn 0.999968 -0.007973 0.000000
vn 0.976744 -0.214410 0.000000
vn 0.976744 -0.214410 0.000000
vn -0.979904 -0.199468 0.000000
vn -0.979904 -0.199468 0.000000
vn -0.999968 0.007974 0.000000
vn -0.999968 0.007974 0.000000
vn -0.999968 0.007972 0.000000
vn -0.999968 0.007973 0.000000
vn -0.997294 0.072749 -0.010604
vn -0.997306 0.073177 -0.005195
vn -0.996673 0.064000 -0.050461
vn -0.997216 0.065497 -0.035636
vn -0.995742 0.005083 -0.092043
vn -0.997248 0.005880 -0.073901
vn -0.998985 -0.017391 -0.041549
vn -0.999326 -0.021260 -0.029912
vn -0.998298 -0.045691 0.036238
vn -0.998338 -0.046259 0.034365
vn -0.999727 -0.018776 0.013922
vn -0.999839 -0.016643 0.006692
vn -0.866664 -0.498604 -0.016946
vn -0.865781 -0.499927 -0.022291
vn -0.019096 -0.999816 0.002107
vn -0.018715 -0.999822 0.002497
vn 0.016638 -0.999830 0.007889
vn 0.017024 -0.999818 0.008629
vn -0.024641 -0.999330 0.027074
vn -0.023751 -0.999563 0.017609
vn -0.103733 -0.993833 0.039188
vn -0.103953 -0.994187 0.028031
vn -0.059034 -0.998167 0.013323
vn -0.060573 -0.997873 0.024093
vn -0.000416 -0.999961 -0.008818
vn -0.001030 -0.999974 0.007204
vn 0.000334 -0.999973 -0.007409
vn 0.000685 -0.999999 0.001042
vn 0.019608 -0.999762 -0.009533
vn 0.019406 -0.999794 0.005935
vn 0.018334 -0.999716 -0.015255
vn 0.018164 -0.999821 0.005263
vn -0.022591 -0.999728 -0.005858
vn -0.021848 -0.999737 0.006985
vn -0.001240 -0.999914 0.013034
vn -0.000698 -0.999888 0.014940
vn 0.021044 -0.999402 0.027424
vn 0.021928 -0.999294 0.030507
vn 0.006382 -0.999376 0.034731
vn 0.006886 -0.998790 0.048699
vn 0.005671 -0.999295 0.037113
vn 0.005700 -0.998418 0.055929
vn 0.006142 -0.999297 0.036983
vn 0.006080 -0.998423 0.055811
vn 0.864581 -0.491816 0.103042
vn 0.866058 -0.479730 0.140720
vn 0.991033 0.106151 0.081156
vn 0.988832 0.104408 0.106353
vn 0.994920 0.076746 0.065155
vn 0.994647 0.071406 0.074693
vn 0.998812 -0.020600 0.044167
vn 0.998035 -0.024419 0.057696
vn 0.995555 -0.093447 -0.011749
vn 0.993161 -0.102083 0.056656
vn 0.998115 -0.005806 -0.061095
vn 0.998920 -0.001205 0.046458
vn 0.996958 0.062600 -0.046445
vn 0.996648 0.077327 0.026713
vn 0.997955 0.059894 -0.022306
vn 0.999163 0.037405 -0.016578
vn 0.999839 0.015398 -0.009251
vn 0.997409 -0.002015 -0.071907
vn 0.995597 -0.023767 0.090678
vn 0.993653 0.064815 0.091935
vn 0.999313 0.004115 -0.036822
vn 0.995980 -0.078006 0.044026
vn 0.987854 -0.127210 0.089232
vn 0.996502 -0.077557 0.031118
vn 0.999519 -0.024170 0.019448
vn 0.997575 -0.007162 0.069227
vn -0.879597 -0.464995 -0.100442
vn 0.965633 -0.255253 0.048982
vn 0.960049 -0.271203 0.068950
vn -0.874384 -0.467711 -0.129226
vn -0.995831 0.084515 -0.034332
vn -0.985287 0.138467 -0.100186
vn -0.996831 0.007745 -0.079175
vn -0.999383 0.027428 -0.021961
vn -0.995185 0.084066 -0.050404
vn -0.999076 -0.005438 0.042641
vn -0.992471 -0.070722 -0.099997
vn -0.994418 0.028457 -0.101602
vn -0.899826 -0.415831 0.131901
vn 0.958959 -0.277181 -0.059737
vn 0.998879 0.022686 -0.041553
vn 0.984581 0.163888 -0.061168
vn 0.999059 -0.023328 0.036571
vn 0.994574 0.077057 0.069890
vn 0.997990 -0.063353 0.001439
vn 0.998745 -0.022229 -0.044881
vn 0.998710 0.000949 -0.050767
vn 0.999465 -0.009648 -0.031238
vn 0.999924 -0.004712 -0.011410
vn 0.999904 0.013842 0.000885
vn 0.996413 0.084532 -0.004027
vn 0.995274 0.096113 -0.013867
vn 0.847059 -0.528995 0.051524
vn 0.005566 -0.992806 0.119606
vn 0.005633 -0.992602 0.121286
vn 0.010492 -0.993415 0.114093
vn 0.027644 -0.994907 0.096933
vn 0.004538 -0.997957 0.063726
vn -0.019737 -0.999525 0.023670
vn 0.016181 -0.999713 0.017689
vn 0.019460 -0.999432 0.027532
vn -0.002172 -0.999122 0.041850
vn -0.006804 -0.996513 0.083165
vn -0.057231 -0.993582 0.097569
vn -0.095382 -0.993929 0.054845
vn -0.023207 -0.999528 0.020127
vn 0.018628 -0.999711 0.015203
vn -0.014846 -0.999890 0.000040
vn -0.862113 -0.504509 -0.047240
vn -0.999853 -0.008286 -0.015028
vn -0.998376 -0.044160 0.035995
vn -0.999265 -0.032317 0.020621
vn -0.999904 0.007925 -0.011374
vn -0.997604 0.068973 -0.005364
vn -0.997303 0.073401 0.000000
vn -0.999968 0.007973 0.000000
vn -0.999968 0.007974 0.000000
vn -0.979904 -0.199468 0.000000
vn 0.976743 -0.214411 0.000000
vn 0.999968 -0.007974 0.000000
vn 0.999968 -0.007974 0.000000
vn 0.997029 -0.077023 0.000000
vn 0.997366 -0.072312 0.005621
vn 0.999892 -0.007906 0.012415
vn 0.999159 0.035523 -0.020499
vn 0.998141 0.047757 -0.037870
vn 0.999868 0.008719 0.013718
vn 0.999020 0.007329 0.043646
vn 0.775034 0.631707 0.016381
vn 0.041190 0.999150 0.001623
vn 0.017854 0.999804 -0.008519
vn -0.018470 0.999680 -0.017280
vn 0.019276 0.999626 -0.019415
vn 0.095658 0.993979 -0.053426
vn 0.059279 0.993530 -0.096871
vn 0.013103 0.996495 -0.082623
vn 0.008327 0.999112 -0.041302
vn -0.019165 0.999478 -0.026005
vn -0.015752 0.999762 -0.015080
vn 0.010648 0.999679 -0.022988
vn -0.017091 0.997272 -0.071802
vn -0.029334 0.993613 -0.108962
vn -0.006882 0.993120 -0.116902
vn -0.003562 0.992697 -0.120579
vn -0.005532 0.992580 -0.121465
vn 0.000059 0.992924 -0.118753
vn -0.557378 0.810045 -0.182092
vn -0.999896 0.012698 -0.006854
vn -0.994348 -0.105103 0.015007
vn -0.995522 -0.094441 0.004089
vn -0.999853 -0.016908 -0.002782
vn -0.999961 0.004096 0.007876
vn -0.999536 0.010158 0.028735
vn -0.998775 0.000112 0.049477
vn -0.998587 0.030584 0.043455
vn -0.997344 0.072584 -0.006084
vn -0.993191 -0.081475 -0.083272
vn -0.998746 0.027330 -0.041958
vn -0.998595 -0.025180 0.046638
vn -0.980493 -0.184002 0.069112
vn -0.996280 0.019570 -0.083930
vn -0.998986 -0.043776 -0.010485
vn -0.997306 -0.043079 0.059368
vn -0.995120 0.000898 0.098671
vn -0.995556 0.073809 0.058489
vn -0.999616 0.023950 -0.013937
vn -0.996815 -0.069968 -0.038264
vn -0.992833 -0.110724 -0.044979
vn -0.997826 -0.039341 -0.052884
vn -0.560348 0.827884 -0.024860
vn 0.000142 0.999881 -0.015410
vn -0.006191 0.999857 -0.015767
vn -0.002007 0.999888 -0.014805
vn -0.007275 0.999870 -0.014407
vn -0.030817 0.999338 -0.019342
vn -0.001912 0.999991 -0.003869
vn 0.025838 0.998830 0.040869
vn -0.020904 0.997889 0.061485
vn -0.025905 0.999223 0.029716
vn 0.006191 0.999967 0.005214
vn 0.008976 0.999751 0.020452
vn 0.057396 0.998098 0.022512
vn 0.103587 0.994618 0.002413
vn 0.022954 0.999733 -0.002718
vn -0.019169 0.999816 -0.000186
vn 0.020652 0.999787 -0.000001
vn 0.043366 0.999059 0.000002
vn 0.807271 0.590070 0.011479
vn 0.999456 -0.003689 0.032778
vn 0.999686 0.024263 -0.006237
vn 0.998375 0.048102 -0.030547
vn 0.998192 0.015440 0.058091
vn 0.993594 -0.004124 0.112938
vn 0.995697 -0.065285 0.065761
vn 0.997014 -0.075621 0.015619
vn 0.999968 -0.007974 0.000000
vn 0.999968 -0.007973 0.000000
vn 0.976744 -0.214411 0.000000
vn -0.979904 -0.199469 0.000000
vn -0.999968 0.007974 0.000000
vn -0.999968 0.007972 0.000000
vn -0.997283 0.072042 -0.015373
vn -0.996021 0.062227 -0.063804
vn -0.994048 0.004309 -0.108861
vn -0.998371 -0.013212 -0.055511
vn -0.998563 -0.044755 0.029482
vn -0.999698 -0.021004 0.012760
vn -0.867206 -0.497652 -0.017188
vn -0.019154 -0.999817 0.000345
vn 0.016199 -0.999859 0.004466
vn -0.026437 -0.999322 0.025643
vn -0.102812 -0.994101 0.034526
vn -0.056338 -0.998409 -0.002398
vn -0.000864 -0.999832 -0.018292
vn 0.000107 -0.999974 -0.007161
vn 0.020723 -0.999566 -0.020935
vn 0.018300 -0.999227 -0.034787
vn -0.023833 -0.999503 -0.020624
vn -0.002382 -0.999991 0.003390
vn 0.020468 -0.999617 0.018608
vn 0.006296 -0.999756 0.021196
vn 0.005705 -0.999787 0.019813
vn 0.006178 -0.999804 0.018828
vn 0.860114 -0.506546 0.060120
vn 0.993729 0.101809 0.046226
vn 0.996541 0.073290 0.039179
vn 0.999721 -0.014473 0.018644
vn 0.997488 -0.061361 -0.035389
vn 0.998279 0.003474 -0.058535
vn 0.998748 0.039676 -0.030468
vn 0.998701 0.047369 0.018767
vn 0.996997 -0.003136 0.077371
vn 0.996610 -0.074297 0.035346
vn 0.999314 -0.036878 -0.003442
vn 0.998124 -0.033702 -0.051112
vn 0.996876 -0.066674 -0.042334
vn 0.956753 -0.290616 0.012865
vn -0.870899 -0.491455 0.002780
vn -0.997745 0.037379 0.055746
vn -0.996245 0.072706 0.047012
vn -0.999114 0.041998 0.002648
vn -0.995919 0.080664 -0.040491
vn -0.991548 -0.023622 -0.127575
vn -0.998165 0.033010 -0.050760
vn -0.987689 0.092780 0.125949
vn -0.990776 0.072283 0.114619
vn -0.998709 -0.050198 0.007774
vn -0.968516 -0.191376 -0.159226
vn -0.982766 -0.152332 -0.104718
vn -0.999901 -0.000414 0.014086
vn 0.999983 -0.001591 -0.005650
vn 0.984446 0.115877 0.132055
vn 0.973311 0.156980 0.167399
vn 0.998440 0.050444 0.023948
vn 0.992803 -0.060203 -0.103531
vn 0.989385 -0.073020 -0.125638
vn 0.999358 -0.020723 0.029241
vn 0.993969 0.017697 0.108228
vn 0.997663 -0.006213 0.068049
vn 0.998699 -0.032087 0.039628
vn 0.998957 -0.041223 -0.019665
vn 0.994127 -0.032038 -0.103365
vn 0.998975 -0.043886 0.011121
vn 0.996453 -0.038258 0.074952
vn 0.999138 -0.005325 0.041171
vn 0.999761 0.013086 -0.017508
vn 0.998808 0.011538 -0.047434
vn 0.998796 0.039076 -0.029661
vn 0.995692 0.068517 -0.062473
vn 0.991984 0.071317 -0.104317
vn 0.997946 -0.054349 0.033920
vn 0.982451 -0.186115 0.012331
vn -0.977575 0.210507 -0.005792
vn -0.997338 0.063580 -0.035715
vn -0.990017 -0.078869 0.116818
vn -0.994207 -0.078181 0.073764
vn -0.998476 -0.043683 0.033738
vn -0.998371 -0.012162 0.055742
vn -0.999666 -0.013119 0.022260
vn -0.998950 0.005290 -0.045520
vn -0.995539 0.042320 -0.084329
vn -0.998661 0.049853 -0.013800
vn -0.992656 0.036334 0.115383
vn -0.998682 0.045955 0.022870
vn -0.998343 0.035797 -0.045047
vn -0.996657 0.005914 -0.081480
vn -0.993224 -0.045751 0.106828
vn -0.995446 -0.062304 0.072156
vn -0.996205 -0.009343 0.086536
vn -0.994547 0.063009 0.083108
vn -0.990940 0.126320 -0.045623
vn -0.981302 0.147223 -0.123984
vn -0.989209 0.138437 -0.047970
vn -0.988557 0.117161 0.095019
vn 0.988602 -0.117725 -0.093848
vn 0.989624 -0.137991 0.040037
vn 0.983918 -0.142366 0.107876
vn 0.992826 -0.114388 0.034827
vn 0.995895 -0.051417 -0.074493
vn 0.997077 0.013370 -0.075227
vn 0.996319 0.056942 -0.064083
vn 0.994818 0.038686 -0.094027
vn 0.998352 0.056205 -0.011628
vn 0.993428 0.091246 0.069096
vn 0.989348 0.125941 0.073007
vn 0.992195 0.109427 0.059783
vn 0.991294 0.129030 -0.026223
vn 0.989136 0.122957 -0.080569
vn 0.993949 0.087452 -0.066470
vn 0.999362 0.035184 -0.006116
vn 0.999541 0.010805 0.028291
vn 0.998410 -0.014366 0.054510
vn 0.996272 -0.034174 0.079211
vn 0.995378 -0.060085 0.074913
vn 0.994424 -0.101517 0.028558
vn 0.990958 -0.133481 0.013635
vn -0.991839 0.127315 -0.006767
vn -0.995105 0.097205 -0.017795
vn -0.995750 0.059053 -0.070674
vn -0.996015 0.034672 -0.082170
vn -0.998192 0.013761 -0.058508
vn -0.999437 -0.013938 -0.030537
vn -0.999145 -0.040697 0.007262
vn -0.992251 -0.099750 0.074079
vn -0.986099 -0.139416 0.090404
vn -0.988815 -0.145629 0.032202
vn -0.990096 -0.124613 -0.064670
vn -0.986405 -0.139913 -0.086199
vn -0.992007 -0.100186 -0.076709
vn -0.997763 -0.064594 0.017200
vn -0.999645 0.020004 -0.017597
vn -0.995191 0.069834 0.068689
vn -0.992421 0.040520 0.116008
vn -0.989564 -0.101638 0.102143
vn -0.982992 -0.175900 0.052779
vn -0.988581 0.138476 -0.059424
vn -0.994688 0.002489 -0.102907
vn -0.985912 -0.128987 -0.106491
vn -0.895657 -0.433414 -0.099758
vn 0.959574 -0.274760 0.061034
vn 0.995851 -0.002825 0.090960
vn 0.989210 0.113573 0.092541
vn 0.990390 -0.127700 0.053105
vn 0.991556 0.093333 -0.090034
vn 0.986395 0.158295 -0.044354
vn 0.993924 -0.036231 -0.103933
vn 0.996104 -0.064097 -0.060560
vn 0.999690 -0.018335 0.016845
vn 0.994075 0.056045 0.093131
vn 0.992081 0.001399 0.125594
vn 0.991871 -0.082745 0.096672
vn 0.998922 -0.018558 0.042546
vn 0.997573 0.065328 0.024074
vn 0.994106 0.102491 0.035353
vn 0.873095 -0.479384 0.088857
vn 0.005999 -0.997290 0.073320
vn 0.005718 -0.997245 0.073952
vn 0.007736 -0.997823 0.065495
vn 0.023393 -0.998854 0.041747
vn -0.000045 -0.999733 0.023119
vn -0.021608 -0.999564 0.020137
vn 0.018018 -0.999617 0.021005
vn 0.019492 -0.999580 0.021444
vn 0.000844 -0.999760 0.021905
vn -0.002068 -0.999492 0.031793
vn -0.060693 -0.997446 0.037662
vn -0.102887 -0.994458 0.021617
vn -0.023315 -0.999681 0.009713
vn 0.017418 -0.999828 0.006449
vn -0.018128 -0.999830 -0.003456
vn -0.864719 -0.501030 -0.035080
vn -0.999881 -0.014457 -0.005449
vn -0.998536 -0.046334 0.027914
vn -0.999487 -0.024665 -0.020448
vn -0.998404 0.006716 -0.056067
vn -0.997539 0.066813 -0.021265
vn -0.997309 0.073316 -0.000002
vn -0.999968 0.007973 0.000000
vn -0.999968 0.007973 0.000000
vn -0.979904 -0.199468 0.000000
vn 0.976744 -0.214410 0.000000
vn 0.999968 -0.007973 0.000000
vn 0.999968 -0.007974 0.000000
vn 0.997035 -0.076948 0.000002
vn 0.997305 -0.070028 0.021871
vn 0.998339 -0.006638 0.057227
vn 0.999452 0.027491 0.018431
vn 0.998200 0.049899 -0.033268
vn 0.999835 0.015760 0.009061
vn 0.999056 0.000909 0.043443
vn 0.792186 0.610245 0.006565
vn 0.042854 0.999036 -0.009498
vn 0.020015 0.999709 -0.013467
vn -0.019196 0.999699 -0.015271
vn 0.021096 0.999519 -0.022715
vn 0.103121 0.993777 -0.042119
vn 0.060880 0.997153 -0.044485
vn 0.008608 0.999441 -0.032297
vn 0.005238 0.999602 -0.027705
vn -0.020877 0.999601 -0.019044
vn -0.018403 0.999826 -0.003048
vn 0.016252 0.999611 -0.022665
vn -0.008405 0.997540 -0.069596
vn -0.027981 0.996235 -0.082060
vn -0.006748 0.997472 -0.070735
vn -0.002804 0.997468 -0.071063
vn -0.005992 0.997308 -0.073084
vn 0.000117 0.997456 -0.071281
vn -0.558926 0.821861 -0.110212
vn -0.998551 -0.052895 -0.009887
vn -0.993738 -0.110796 0.014432
vn -0.997688 -0.067968 -0.000095
vn -0.998897 0.023718 -0.040522
vn -0.990056 0.093314 -0.105271
vn -0.990484 -0.001324 -0.137621
vn -0.992747 -0.062552 -0.102668
vn -0.996617 -0.054268 0.061719
vn -0.992976 -0.074178 0.092180
vn -0.997426 -0.065983 0.028055
vn -0.994707 -0.018510 -0.101069
vn -0.988425 0.025588 -0.149535
vn -0.999969 0.007806 -0.000592
vn -0.988773 -0.012166 0.148933
vn -0.994475 0.040419 0.096883
vn -0.992721 0.120027 0.009892
vn -0.990543 0.137027 0.006987
vn -0.998675 0.048697 -0.016630
vn -0.999111 -0.041720 -0.006047
vn -0.988266 -0.125943 -0.086426
vn -0.977545 -0.157649 -0.139829
vn -0.992268 -0.074530 -0.099250
vn -0.996300 0.024394 -0.082415
vn -0.994280 0.099021 -0.040027
vn 0.995589 -0.086267 0.036890
vn 0.996101 -0.020677 0.085763
vn 0.992657 0.065652 0.101598
vn 0.980543 0.139791 0.137819
vn 0.989629 0.113735 0.087745
vn 0.999220 0.039480 0.000604
vn 0.999036 -0.042848 0.009547
vn 0.992282 -0.123731 -0.008196
vn 0.994044 -0.108664 -0.008305
vn 0.995396 -0.036298 -0.088708
vn 0.990964 0.010713 -0.133701
vn 0.999968 -0.007672 0.002372
vn 0.990691 -0.020555 0.134568
vn 0.995629 0.019659 0.091307
vn 0.997776 0.061459 -0.025792
vn 0.994136 0.068178 -0.083939
vn 0.997345 0.048315 -0.054481
vn 0.997966 0.024532 -0.058834
vn 0.991001 0.011467 -0.133363
vn 0.985562 -0.021327 -0.167964
vn 0.991137 -0.117136 -0.062659
vn 0.975403 -0.217737 0.034358
vn 0.964660 -0.253797 -0.070842
vn -0.956405 0.279042 0.086170
vn -0.968387 0.247449 -0.031547
vn -0.986942 0.142638 0.074835
vn -0.980731 0.032267 0.192679
vn -0.988123 -0.011173 0.153261
vn -0.997112 -0.027917 0.070625
s 1
g TentandChest_pCube4
usemtl TentandChest_initialShadingGroup
f 2392/367/237 2393/368/238 2059/369/239 2060/370/240
f 1995/371/241 1996/372/242 2458/373/243 2459/374/244
f 2163/375/245 2455/376/246 2655/377/247 2656/378/248
f 2675/379/249 2676/380/250 2462/381/251 2184/382/252
f 918/383/253 919/384/254 512/385/255 513/386/256
f 2448/387/257 2449/388/258 2003/389/259 2004/390/260
f 992/391/261 993/392/262 516/393/263 517/394/264
f 2063/395/265 2064/396/266 2388/397/267 2389/398/268
f 1235/399/269 1236/400/270 764/401/271 765/402/272
f 2644/403/273 2645/404/274 2171/405/275 2172/406/276
f 1274/407/277 1275/408/278 767/409/279 768/410/280
f 2175/411/281 2176/412/282 2640/413/283 2641/414/284
f 1728/415/285 1729/416/286 1695/417/287 1696/418/288
f 2156/419/289 2157/420/290 2663/421/291 2664/422/292
f 1765/423/293 1766/424/294 1698/425/295 1699/426/296
f 2667/427/297 2668/428/298 2152/429/299 2153/430/300
f 2410/431/301 2411/432/302 2041/433/303 2042/434/304
f 2060/435/240 2061/436/305 2391/437/306 2392/438/237
f 936/439/307 937/440/308 499/441/309 500/442/310
f 513/386/256 514/443/311 917/444/312 918/383/253
f 993/392/262 994/445/313 515/446/314 516/393/263
f 529/447/315 530/448/316 974/449/317 975/450/318
f 1275/408/278 1276/451/319 766/452/320 767/409/279
f 252/453/321 251/454/322 264/455/323 263/456/324
f 785/457/325 786/458/326 1256/459/327 1257/460/328
f 1746/461/329 1747/462/330 1717/463/331 1718/464/332
f 254/465/333 253/466/334 266/467/335 265/468/336
f 1696/418/288 1697/469/337 1727/470/338 1728/415/285
f 2432/471/339 2433/472/340 2019/473/341 2020/474/342
f 2045/475/343 2046/476/344 2406/477/345 2407/478/346
f 942/479/347 943/480/348 614/481/349 495/482/350
f 502/483/351 607/484/352 932/485/353 933/486/354
f 532/487/355 597/488/356 970/489/357 971/490/358
f 978/491/359 979/492/360 604/493/361 527/494/362
f 791/495/363 792/496/364 1250/497/365 1251/498/366
f 1260/499/367 1261/500/368 781/501/369 782/502/370
f 610/503/371 611/504/372 415/505/373 416/506/374
f 1750/507/375 1751/508/376 1713/509/377 1714/510/378
f 600/511/379 601/512/380 423/513/381 424/514/382
f 1721/515/383 1722/516/384 1742/517/385 1743/518/386
f 2420/519/387 2421/520/388 2031/521/389 2032/522/390
f 2042/434/304 2043/523/391 2409/524/392 2410/431/301
f 938/525/393 939/526/394 497/527/395 498/528/396
f 500/442/310 501/529/397 935/530/398 936/439/307
f 530/448/316 531/531/399 973/532/400 974/449/317
f 975/450/318 976/533/401 528/534/402 529/447/315
f 787/535/403 788/536/404 1254/537/405 1255/538/406
f 1257/460/328 1258/539/407 784/540/408 785/457/325
f 276/541/409 275/542/410 287/543/411 288/544/412
f 1747/462/330 1748/545/413 1716/546/414 1717/463/331
f 277/547/415 278/548/416 290/549/417 289/550/418
f 1718/464/332 1719/551/419 1745/552/420 1746/461/329
f 2424/553/421 2425/554/422 2027/555/423 2028/556/424
f 1500/557/425 1501/558/426 1457/559/427 1458/560/428
f 2035/561/429 2036/562/430 2416/563/431 2417/564/432
f 1461/565/433 1462/566/434 1532/567/435 1533/568/436
f 1453/569/437 1454/570/438 1504/571/439 1505/572/440
f 1436/573/441 1437/574/442 1521/575/443 1522/576/444
f 1442/577/445 1443/578/446 1515/579/447 1516/580/448
f 1518/581/449 1519/582/450 1439/583/451 1440/584/452
f 2440/585/453 2441/586/454 2011/587/455 2012/588/456
f 478/589/457 479/590/458 962/591/459 963/592/460
f 1758/593/461 1759/594/462 1705/595/463 1706/596/464
f 465/597/465 466/598/466 391/599/467 392/600/468
f 1689/601/469 1690/602/470 1734/603/471 1735/604/472
f 522/605/473 523/606/474 986/607/475 987/608/476
f 2053/609/477 2054/610/478 2398/611/479 2399/612/480
f 506/613/481 507/614/482 924/615/483 925/616/484
f 1268/617/485 1269/618/486 773/619/487 774/620/488
f 473/621/489 474/622/490 383/623/491 384/624/492
f 757/625/493 758/626/494 1242/627/495 1243/628/496
f 490/629/497 491/630/498 950/631/499 951/632/500
f 1004/633/501 1005/634/502 635/635/503 636/636/504
f 636/636/504 637/637/505 1003/638/506 1004/633/501
f 642/639/507 643/640/508 997/641/509 998/642/510
f 650/643/511 651/644/512 1067/645/513 1068/646/514
f 1064/647/515 1065/648/516 653/649/517 654/650/518
f 654/650/518 655/651/519 1063/652/520 1064/647/515
f 1450/653/521 1451/654/522 1507/655/523 1508/656/524
f 656/657/525 657/658/526 1061/659/527 1062/660/528
f 1428/661/529 1429/662/530 1529/663/531 1530/664/532
f 660/665/533 661/666/534 1057/667/535 1058/668/536
f 668/669/537 669/670/538 1049/671/539 1050/672/540
f 2451/673/541 2452/674/542 2000/675/543 2001/676/544
f 680/677/545 681/678/546 1037/679/547 1038/680/548
f 688/681/549 689/682/550 1029/683/551 1030/684/552
f 1026/685/553 1027/686/554 691/687/555 692/688/556
f 1025/689/557 1026/685/553 692/688/556 693/690/558
f 693/690/558 694/691/559 1024/692/560 1025/689/557
f 696/693/561 697/694/562 1021/695/563 1022/696/564
f 704/697/565 705/698/566 1013/699/567 1014/700/568
f 710/701/569 711/702/570 1007/703/571 1008/704/572
f 711/702/570 712/705/573 1006/706/574 1007/703/571
f 2066/707/575 2067/708/576 2385/709/577 2386/710/578
f 2443/711/579 2444/712/580 2008/713/581 2009/714/582
f 481/715/583 482/716/584 959/717/585 960/718/586
f 677/719/587 678/720/588 1040/721/589 1041/722/590
f 1761/723/591 1762/724/592 1702/725/593 1703/726/594
f 369/727/595 370/728/596 447/729/597 448/730/598
f 1692/731/599 1693/732/600 1731/733/601 1732/734/602
f 707/735/603 708/736/604 1010/737/605 1011/738/606
f 519/739/607 520/740/608 989/741/609 990/742/610
f 2056/743/611 2057/744/612 2395/745/613 2396/746/614
f 509/747/615 510/748/616 921/749/617 922/750/618
f 639/751/619 640/752/620 1000/753/621 1001/754/622
f 1271/755/623 1272/756/624 770/757/625 771/758/626
f 377/759/627 378/760/628 455/761/629 456/762/630
f 760/763/631 761/764/632 1239/765/633 1240/766/634
f 671/767/635 672/768/636 1046/769/637 1047/770/638
f 487/771/639 488/772/640 953/773/641 954/774/642
f 2435/775/643 2436/776/644 2016/777/645 2017/778/646
f 967/779/647 968/780/648 581/781/649 534/782/650
f 685/783/651 686/784/652 1032/785/653 1033/786/654
f 1753/787/655 1754/788/656 1710/789/657 1711/790/658
f 401/791/659 402/792/660 577/793/661 578/794/662
f 1724/795/663 1725/796/664 1739/797/665 1740/798/666
f 699/799/667 700/800/668 1018/801/669 1019/802/670
f 525/803/671 594/804/672 981/805/673 982/806/674
f 2048/807/675 2049/808/676 2403/809/677 2404/810/678
f 929/811/679 930/812/680 591/813/681 504/814/682
f 647/815/683 648/816/684 1070/817/685 1071/818/686
f 1263/819/687 1264/820/688 778/821/689 779/822/690
f 409/823/691 410/824/692 587/825/693 588/826/694
f 794/827/695 795/828/696 1247/829/697 1248/830/698
f 663/831/699 664/832/700 1054/833/701 1055/834/702
f 493/835/703 584/836/704 945/837/705 946/838/706
f 2444/712/580 2445/839/707 2007/840/708 2008/713/581
f 482/716/584 483/841/709 958/842/710 959/717/585
f 676/843/711 677/719/587 1041/722/590 1042/844/712
f 1762/724/592 1763/845/713 1701/846/714 1702/725/593
f 433/847/715 434/848/716 370/728/596 369/727/595
f 1693/732/600 1694/849/717 1730/850/718 1731/733/601
f 708/736/604 709/851/719 1009/852/720 1010/737/605
f 518/853/721 519/739/607 990/742/610 991/854/722
f 2057/744/612 2058/855/723 2394/856/724 2395/745/613
f 510/748/616 511/857/725 920/858/726 921/749/617
f 638/859/727 639/751/619 1001/754/622 1002/860/728
f 1272/756/624 1273/861/729 769/862/730 770/757/625
f 441/863/731 442/864/732 378/760/628 377/759/627
f 761/764/632 762/865/733 1238/866/734 1239/765/633
f 672/768/636 673/867/735 1045/868/736 1046/769/637
f 486/869/737 487/771/639 954/774/642 955/870/738
f 667/871/739 668/669/537 1050/672/540 1051/872/740
f 756/873/741 757/625/493 1243/628/496 1244/874/742
f 384/624/492 383/623/491 537/875/743 538/876/744
f 1267/877/745 1268/617/485 774/620/488 775/878/746
f 643/640/508 644/879/747 996/880/748 997/641/509
f 925/616/484 926/881/749 541/882/750 506/613/481
f 2052/883/751 2053/609/477 2399/612/480 2400/884/752
f 544/885/753 985/886/754 986/607/475 523/606/474
f 703/887/755 704/697/565 1014/700/568 1015/888/756
f 1688/889/757 1689/601/469 1735/604/472 1736/890/758
f 392/600/468 391/599/467 547/891/759 548/892/760
f 1757/893/761 1758/593/461 1706/596/464 1707/894/762
f 681/678/546 682/895/763 1036/896/764 1037/679/547
f 963/592/460 964/897/765 551/898/766 478/589/457
f 2439/899/767 2440/585/453 2012/588/456 2013/900/768
f 554/901/769 949/902/770 950/631/499 491/630/498
f 2436/776/644 2437/903/771 2015/904/772 2016/777/645
f 534/782/650 557/905/773 966/906/774 967/779/647
f 684/907/775 685/783/651 1033/786/654 1034/908/776
f 1754/788/656 1755/909/777 1709/910/778 1710/789/657
f 560/911/779 561/912/780 402/792/660 401/791/659
f 1725/796/664 1726/913/781 1738/914/782 1739/797/665
f 700/800/668 701/915/783 1017/916/784 1018/801/669
f 982/806/674 983/917/785 564/918/786 525/803/671
f 2049/808/676 2050/919/787 2402/920/788 2403/809/677
f 504/814/682 567/921/789 928/922/790 929/811/679
f 646/923/791 647/815/683 1071/818/686 1072/924/792
f 1264/820/688 1265/925/793 777/926/794 778/821/689
f 570/927/795 571/928/796 410/824/692 409/823/691
f 795/828/696 796/929/797 1246/930/798 1247/829/697
f 664/832/700 665/931/799 1053/932/800 1054/833/701
f 946/838/706 947/933/801 574/934/802 493/835/703
f 659/935/803 660/665/533 1058/668/536 1059/936/804
f 790/937/805 791/495/363 1251/498/366 1252/938/806
f 416/506/374 415/505/373 617/939/807 618/940/808
f 1259/941/809 1260/499/367 782/502/370 783/942/810
f 651/644/512 652/943/811 1066/944/812 1067/645/513
f 933/486/354 934/945/813 621/946/814 502/483/351
f 2044/947/815 2045/475/343 2407/478/346 2408/948/816
f 624/949/817 977/950/818 978/491/359 527/494/362
f 695/951/819 696/693/561 1022/696/564 1023/952/820
f 1720/953/821 1721/515/383 1743/518/386 1744/954/822
f 424/514/382 423/513/381 627/955/823 628/956/824
f 1749/957/825 1750/507/375 1714/510/378 1715/958/826
f 689/682/550 690/959/827 1028/960/828 1029/683/551
f 971/490/358 972/961/829 631/962/830 532/487/355
f 2431/963/831 2432/471/339 2020/474/342 2021/964/832
f 634/965/833 941/966/834 942/479/347 495/482/350
f 2445/839/707 2446/967/835 2006/968/836 2007/840/708
f 483/969/709 484/970/837 957/971/838 958/972/710
f 675/973/839 676/974/711 1042/975/712 1043/976/840
f 1763/977/713 1764/978/841 1700/979/842 1701/980/714
f 254/465/333 265/468/336 434/981/716 433/982/715
f 1694/983/717 1695/417/287 1729/416/286 1730/984/718
f 709/985/719 710/701/569 1008/704/572 1009/986/720
f 517/394/264 518/987/721 991/988/722 992/391/261
f 2058/989/723 2059/369/239 2393/368/238 2394/990/724
f 511/991/725 512/385/255 919/384/254 920/992/726
f 637/637/505 638/993/727 1002/994/728 1003/638/506
f 1273/995/729 1274/407/277 768/410/280 769/996/730
f 264/455/323 251/454/322 442/997/732 441/998/731
f 762/999/733 763/1000/843 1237/1001/844 1238/1002/734
f 673/1003/735 674/1004/845 1044/1005/846 1045/1006/736
f 485/1007/847 486/1008/737 955/1009/738 956/1010/848
f 706/1011/849 707/735/603 1011/738/606 1012/1012/850
f 1691/1013/851 1692/731/599 1732/734/602 1733/1014/852
f 448/730/598 447/729/597 338/1015/853 337/1016/854
f 1760/1017/855 1761/723/591 1703/726/594 1704/1018/856
f 678/720/588 679/1019/857 1039/1020/858 1040/721/589
f 480/1021/859 481/715/583 960/718/586 961/1022/860
f 2442/1023/861 2443/711/579 2009/714/582 2010/1024/862
f 488/772/640 489/1025/863 952/1026/864 953/773/641
f 670/1027/865 671/767/635 1047/770/638 1048/1028/866
f 759/1029/867 760/763/631 1240/766/634 1241/1030/868
f 456/762/630 455/761/629 346/1031/869 345/1032/870
f 1270/1033/871 1271/755/623 771/758/626 772/1034/872
f 640/752/620 641/1035/873 999/1036/874 1000/753/621
f 508/1037/875 509/747/615 922/750/618 923/1038/876
f 2055/1039/877 2056/743/611 2396/746/614 2397/1040/878
f 520/740/608 521/1041/879 988/1042/880 989/741/609
f 2441/586/454 2442/1023/861 2010/1024/862 2011/587/455
f 479/590/458 480/1021/859 961/1022/860 962/591/459
f 679/1019/857 680/677/545 1038/680/548 1039/1020/858
f 1759/594/462 1760/1017/855 1704/1018/856 1705/595/463
f 337/1016/854 338/1015/853 466/598/466 465/597/465
f 1690/602/470 1691/1013/851 1733/1014/852 1734/603/471
f 705/698/566 706/1011/849 1012/1012/850 1013/699/567
f 521/1041/879 522/605/473 987/608/476 988/1042/880
f 2054/610/478 2055/1039/877 2397/1040/878 2398/611/479
f 507/614/482 508/1037/875 923/1038/876 924/615/483
f 641/1035/873 642/639/507 998/642/510 999/1036/874
f 1269/618/486 1270/1033/871 772/1034/872 773/619/487
f 345/1032/870 346/1031/869 474/622/490 473/621/489
f 758/626/494 759/1029/867 1241/1030/868 1242/627/495
f 669/670/538 670/1027/865 1048/1028/866 1049/671/539
f 489/1025/863 490/629/497 951/632/500 952/1026/864
f 840/1043/881 841/1044/882 478/589/457 551/898/766
f 841/1044/882 842/1045/883 479/590/458 478/589/457
f 842/1045/883 843/1046/884 480/1021/859 479/590/458
f 843/1046/884 844/1047/885 481/715/583 480/1021/859
f 844/1047/885 845/1048/886 482/716/584 481/715/583
f 845/1048/886 846/1049/887 483/841/709 482/716/584
f 846/1050/887 847/1051/888 484/970/837 483/969/709
f 2447/1052/889 2448/387/257 2004/390/260 2005/1053/890
f 848/1054/891 849/1055/892 486/1008/737 485/1007/847
f 849/1056/892 850/1057/893 487/771/639 486/869/737
f 850/1057/893 851/1058/894 488/772/640 487/771/639
f 851/1058/894 852/1059/895 489/1025/863 488/772/640
f 852/1059/895 853/1060/896 490/629/497 489/1025/863
f 853/1060/896 854/1061/897 491/630/498 490/629/497
f 854/1061/897 855/1062/898 554/901/769 491/630/498
f 857/1063/899 858/1064/900 493/835/703 574/934/802
f 858/1064/900 859/1065/901 584/836/704 493/835/703
f 861/1066/902 862/1067/903 495/482/350 614/481/349
f 862/1067/903 863/1068/904 634/965/833 495/482/350
f 1460/1069/905 1461/565/433 1533/568/436 1534/1070/906
f 498/528/396 497/527/395 865/1071/907 866/1072/908
f 1454/570/438 1455/1073/909 1503/1074/910 1504/571/439
f 500/442/310 499/441/309 867/1075/911 868/1076/912
f 868/1076/912 869/1077/913 501/529/397 500/442/310
f 870/1078/914 871/1079/915 502/483/351 621/946/814
f 871/1079/915 872/1080/916 607/484/352 502/483/351
f 874/1081/917 875/1082/918 504/814/682 591/813/681
f 875/1082/918 876/1083/919 567/921/789 504/814/682
f 878/1084/920 879/1085/921 506/613/481 541/882/750
f 879/1085/921 880/1086/922 507/614/482 506/613/481
f 880/1086/922 881/1087/923 508/1037/875 507/614/482
f 881/1087/923 882/1088/924 509/747/615 508/1037/875
f 882/1088/924 883/1089/925 510/748/616 509/747/615
f 883/1089/925 884/1090/926 511/857/725 510/748/616
f 884/1091/926 885/1092/927 512/1093/255 511/1094/725
f 513/1095/256 512/1093/255 885/1092/927 886/1096/928
f 886/1097/928 887/1098/929 514/1099/311 513/1100/256
f 2062/1101/930 2063/1102/265 2389/1103/268 2390/1104/931
f 516/1105/263 515/1106/314 888/1107/932 889/1108/933
f 517/1109/264 516/1110/263 889/1111/933 890/1112/934
f 890/1112/934 891/1113/935 518/1114/721 517/1109/264
f 891/1115/935 892/1116/936 519/739/607 518/853/721
f 892/1116/936 893/1117/937 520/740/608 519/739/607
f 893/1117/937 894/1118/938 521/1041/879 520/740/608
f 894/1118/938 895/1119/939 522/605/473 521/1041/879
f 895/1119/939 896/1120/940 523/606/474 522/605/473
f 896/1120/940 897/1121/941 544/885/753 523/606/474
f 899/1122/942 900/1123/943 525/803/671 564/918/786
f 900/1123/943 901/1124/944 594/804/672 525/803/671
f 903/1125/945 904/1126/946 527/494/362 604/493/361
f 904/1126/946 905/1127/947 624/949/817 527/494/362
f 529/447/315 528/534/402 906/1128/948 907/1129/949
f 907/1129/949 908/1130/950 530/448/316 529/447/315
f 908/1130/950 909/1131/951 531/531/399 530/448/316
f 910/1132/952 911/1133/953 532/487/355 631/962/830
f 911/1133/953 912/1134/954 597/488/356 532/487/355
f 914/1135/955 915/1136/956 534/782/650 581/781/649
f 915/1136/956 916/1137/957 557/905/773 534/782/650
f 666/1138/958 667/871/739 1051/872/740 1052/1139/959
f 755/1140/960 756/873/741 1244/874/742 1245/1141/961
f 538/876/744 537/875/743 309/1142/962 308/1143/963
f 1266/1144/964 1267/877/745 775/878/746 776/1145/965
f 995/1146/966 996/880/748 644/879/747 645/1147/967
f 505/1148/968 541/882/750 926/881/749 927/1149/969
f 877/1150/970 878/1084/920 541/882/750 505/1148/968
f 2051/1151/971 2052/883/751 2400/884/752 2401/1152/972
f 524/1153/973 544/885/753 897/1121/941 898/1154/974
f 984/1155/975 985/886/754 544/885/753 524/1153/973
f 702/1156/976 703/887/755 1015/888/756 1016/1157/977
f 1687/1158/978 1688/889/757 1736/890/758 1737/1159/979
f 548/892/760 547/891/759 303/1160/980 302/1161/981
f 1756/1162/982 1757/893/761 1707/894/762 1708/1163/983
f 1035/1164/984 1036/896/764 682/895/763 683/1165/985
f 477/1166/986 551/898/766 964/897/765 965/1167/987
f 839/1168/988 840/1043/881 551/898/766 477/1166/986
f 2438/1169/989 2439/899/767 2013/900/768 2014/1170/990
f 492/1171/991 554/901/769 855/1062/898 856/1172/992
f 948/1173/993 949/902/770 554/901/769 492/1171/991
f 2437/903/771 2438/1169/989 2014/1170/990 2015/904/772
f 916/1137/957 839/1168/988 477/1166/986 557/905/773
f 965/1167/987 966/906/774 557/905/773 477/1166/986
f 683/1165/985 684/907/775 1034/908/776 1035/1164/984
f 1755/909/777 1756/1162/982 1708/1163/983 1709/910/778
f 302/1161/981 303/1160/980 561/912/780 560/911/779
f 1726/913/781 1687/1158/978 1737/1159/979 1738/914/782
f 701/915/783 702/1156/976 1016/1157/977 1017/916/784
f 524/1153/973 564/918/786 983/917/785 984/1155/975
f 898/1154/974 899/1122/942 564/918/786 524/1153/973
f 2050/919/787 2051/1151/971 2401/1152/972 2402/920/788
f 876/1083/919 877/1150/970 505/1148/968 567/921/789
f 927/1149/969 928/922/790 567/921/789 505/1148/968
f 645/1147/967 646/923/791 1072/924/792 995/1146/966
f 1265/925/793 1266/1144/964 776/1145/965 777/926/794
f 308/1143/963 309/1142/962 571/928/796 570/927/795
f 796/929/797 755/1140/960 1245/1141/961 1246/930/798
f 665/931/799 666/1138/958 1052/1139/959 1053/932/800
f 492/1171/991 574/934/802 947/933/801 948/1173/993
f 856/1172/992 857/1063/899 574/934/802 492/1171/991
f 698/1174/994 699/799/667 1019/802/670 1020/1175/995
f 1723/1176/996 1724/795/663 1740/798/666 1741/1177/997
f 578/794/662 577/793/661 354/1178/998 353/1179/999
f 1752/1180/1000 1753/787/655 1711/790/658 1712/1181/1001
f 686/784/652 687/1182/1002 1031/1183/1003 1032/785/653
f 533/1184/1004 581/781/649 968/780/648 969/1185/1005
f 913/1186/1006 914/1135/955 581/781/649 533/1184/1004
f 2434/1187/1007 2435/775/643 2017/778/646 2018/1188/1008
f 859/1065/901 860/1189/1009 494/1190/1010 584/836/704
f 944/1191/1011 945/837/705 584/836/704 494/1190/1010
f 662/1192/1012 663/831/699 1055/834/702 1056/1193/1013
f 793/1194/1014 794/827/695 1248/830/698 1249/1195/1015
f 588/826/694 587/825/693 362/1196/1016 361/1197/1017
f 1262/1198/1018 1263/819/687 779/822/690 780/1199/1019
f 648/816/684 649/1200/1020 1069/1201/1021 1070/817/685
f 503/1202/1022 591/813/681 930/812/680 931/1203/1023
f 873/1204/1024 874/1081/917 591/813/681 503/1202/1022
f 2047/1205/1025 2048/807/675 2404/810/678 2405/1206/1026
f 901/1124/944 902/1207/1027 526/1208/1028 594/804/672
f 980/1209/1029 981/805/673 594/804/672 526/1208/1028
f 2433/472/340 2434/1187/1007 2018/1188/1008 2019/473/341
f 912/1134/954 913/1186/1006 533/1184/1004 597/488/356
f 969/1185/1005 970/489/357 597/488/356 533/1184/1004
f 687/1182/1002 688/681/549 1030/684/552 1031/1183/1003
f 1751/508/376 1752/1180/1000 1712/1181/1001 1713/509/377
f 353/1179/999 354/1178/998 601/512/380 600/511/379
f 1722/516/384 1723/1176/996 1741/1177/997 1742/517/385
f 697/694/562 698/1174/994 1020/1175/995 1021/695/563
f 526/1208/1028 604/493/361 979/492/360 980/1209/1029
f 902/1207/1027 903/1125/945 604/493/361 526/1208/1028
f 2046/476/344 2047/1205/1025 2405/1206/1026 2406/477/345
f 872/1080/916 873/1204/1024 503/1202/1022 607/484/352
f 931/1203/1023 932/485/353 607/484/352 503/1202/1022
f 649/1200/1020 650/643/511 1068/646/514 1069/1201/1021
f 1261/500/368 1262/1198/1018 780/1199/1019 781/501/369
f 361/1197/1017 362/1196/1016 611/504/372 610/503/371
f 792/496/364 793/1194/1014 1249/1195/1015 1250/497/365
f 661/666/534 662/1192/1012 1056/1193/1013 1057/667/535
f 494/1190/1010 614/481/349 943/480/348 944/1191/1011
f 860/1189/1009 861/1066/902 614/481/349 494/1190/1010
f 658/1210/1030 659/1211/803 1059/1212/804 1060/1213/1031
f 789/1214/1032 790/1215/805 1252/1216/806 1253/1217/1033
f 618/1218/808 617/1219/807 275/542/410 276/541/409
f 1258/539/407 1259/1220/809 783/1221/810 784/540/408
f 1065/648/516 1066/1222/812 652/1223/811 653/649/517
f 501/529/397 621/1224/814 934/1225/813 935/530/398
f 869/1077/913 870/1226/914 621/1224/814 501/529/397
f 2043/523/391 2044/1227/815 2408/1228/816 2409/524/392
f 528/534/402 624/1229/817 905/1230/947 906/1128/948
f 976/533/401 977/1231/818 624/1229/817 528/534/402
f 694/691/559 695/1232/819 1023/1233/820 1024/692/560
f 1719/551/419 1720/1234/821 1744/1235/822 1745/552/420
f 628/1236/824 627/1237/823 278/548/416 277/547/415
f 1748/545/413 1749/1238/825 1715/1239/826 1716/546/414
f 1027/686/554 1028/1240/828 690/1241/827 691/687/555
f 531/531/399 631/1242/830 972/1243/829 973/532/400
f 909/1131/951 910/1244/952 631/1242/830 531/531/399
f 2430/1245/1034 2431/963/831 2021/964/832 2022/1246/1035
f 496/1247/1036 634/1248/833 863/1249/904 864/1250/1037
f 940/1251/1038 941/1252/834 634/1248/833 496/1247/1036
f 636/636/504 635/635/503 1073/1253/1039 1074/1254/1040
f 1074/1254/1040 1075/1255/1041 637/637/505 636/636/504
f 1075/1255/1041 1076/1256/1042 638/993/727 637/637/505
f 1076/1257/1042 1077/1258/1043 639/751/619 638/859/727
f 1077/1258/1043 1078/1259/1044 640/752/620 639/751/619
f 1078/1259/1044 1079/1260/1045 641/1035/873 640/752/620
f 1079/1260/1045 1080/1261/1046 642/639/507 641/1035/873
f 1080/1261/1046 1081/1262/1047 643/640/508 642/639/507
f 1081/1262/1047 1082/1263/1048 644/879/747 643/640/508
f 645/1147/967 644/879/747 1082/1263/1048 1083/1264/1049
f 1083/1264/1049 1084/1265/1050 646/923/791 645/1147/967
f 1084/1265/1050 1085/1266/1051 647/815/683 646/923/791
f 1085/1266/1051 1086/1267/1052 648/816/684 647/815/683
f 1086/1267/1052 1087/1268/1053 649/1200/1020 648/816/684
f 1087/1268/1053 1088/1269/1054 650/643/511 649/1200/1020
f 1088/1269/1054 1089/1270/1055 651/644/512 650/643/511
f 1089/1270/1055 1090/1271/1056 652/943/811 651/644/512
f 653/649/517 652/1223/811 1090/1272/1056 1091/1273/1057
f 654/650/518 653/649/517 1091/1273/1057 1092/1274/1058
f 1092/1274/1058 1093/1275/1059 655/651/519 654/650/518
f 1449/1276/1060 1450/653/521 1508/656/524 1509/1277/1061
f 1094/1278/1062 1095/1279/1063 657/658/526 656/657/525
f 1429/662/530 1430/1280/1064 1528/1281/1065 1529/663/531
f 1096/1282/1066 1097/1283/1067 659/1211/803 658/1210/1030
f 1097/1284/1067 1098/1285/1068 660/665/533 659/935/803
f 1098/1285/1068 1099/1286/1069 661/666/534 660/665/533
f 1099/1286/1069 1100/1287/1070 662/1192/1012 661/666/534
f 1100/1287/1070 1101/1288/1071 663/831/699 662/1192/1012
f 1101/1288/1071 1102/1289/1072 664/832/700 663/831/699
f 1102/1289/1072 1103/1290/1073 665/931/799 664/832/700
f 1103/1290/1073 1104/1291/1074 666/1138/958 665/931/799
f 1104/1291/1074 1105/1292/1075 667/871/739 666/1138/958
f 1105/1292/1075 1106/1293/1076 668/669/537 667/871/739
f 1106/1293/1076 1107/1294/1077 669/670/538 668/669/537
f 1107/1294/1077 1108/1295/1078 670/1027/865 669/670/538
f 1108/1295/1078 1109/1296/1079 671/767/635 670/1027/865
f 1109/1296/1079 1110/1297/1080 672/768/636 671/767/635
f 1110/1297/1080 1111/1298/1081 673/867/735 672/768/636
f 1111/1299/1081 1112/1300/1082 674/1004/845 673/1003/735
f 2452/674/542 2453/1301/1083 1999/1302/1084 2000/675/543
f 1113/1303/1085 1114/1304/1086 676/974/711 675/973/839
f 1114/1305/1086 1115/1306/1087 677/719/587 676/843/711
f 1115/1306/1087 1116/1307/1088 678/720/588 677/719/587
f 1116/1307/1088 1117/1308/1089 679/1019/857 678/720/588
f 1117/1308/1089 1118/1309/1090 680/677/545 679/1019/857
f 1118/1309/1090 1119/1310/1091 681/678/546 680/677/545
f 1119/1310/1091 1120/1311/1092 682/895/763 681/678/546
f 683/1165/985 682/895/763 1120/1311/1092 1121/1312/1093
f 1121/1312/1093 1122/1313/1094 684/907/775 683/1165/985
f 1122/1313/1094 1123/1314/1095 685/783/651 684/907/775
f 1123/1314/1095 1124/1315/1096 686/784/652 685/783/651
f 1124/1315/1096 1125/1316/1097 687/1182/1002 686/784/652
f 1125/1316/1097 1126/1317/1098 688/681/549 687/1182/1002
f 1126/1317/1098 1127/1318/1099 689/682/550 688/681/549
f 1127/1318/1099 1128/1319/1100 690/959/827 689/682/550
f 691/687/555 690/1241/827 1128/1320/1100 1129/1321/1101
f 692/688/556 691/687/555 1129/1321/1101 1130/1322/1102
f 693/690/558 692/688/556 1130/1322/1102 1131/1323/1103
f 1131/1323/1103 1132/1324/1104 694/691/559 693/690/558
f 1132/1324/1104 1133/1325/1105 695/1232/819 694/691/559
f 1133/1326/1105 1134/1327/1106 696/693/561 695/951/819
f 1134/1327/1106 1135/1328/1107 697/694/562 696/693/561
f 1135/1328/1107 1136/1329/1108 698/1174/994 697/694/562
f 1136/1329/1108 1137/1330/1109 699/799/667 698/1174/994
f 1137/1330/1109 1138/1331/1110 700/800/668 699/799/667
f 1138/1331/1110 1139/1332/1111 701/915/783 700/800/668
f 1139/1332/1111 1140/1333/1112 702/1156/976 701/915/783
f 1140/1333/1112 1141/1334/1113 703/887/755 702/1156/976
f 1141/1334/1113 1142/1335/1114 704/697/565 703/887/755
f 1142/1335/1114 1143/1336/1115 705/698/566 704/697/565
f 1143/1336/1115 1144/1337/1116 706/1011/849 705/698/566
f 1144/1337/1116 1145/1338/1117 707/735/603 706/1011/849
f 1145/1338/1117 1146/1339/1118 708/736/604 707/735/603
f 1146/1339/1118 1147/1340/1119 709/851/719 708/736/604
f 1147/1341/1119 1148/1342/1120 710/701/569 709/985/719
f 1148/1342/1120 1149/1343/1121 711/702/570 710/701/569
f 1149/1343/1121 1150/1344/1122 712/705/573 711/702/570
f 2067/708/576 2068/1345/1123 2384/1346/1124 2385/709/577
f 797/1347/1125 798/1348/1126 1195/1349/1127 1196/1350/1128
f 2647/1351/1129 2648/1352/1130 2168/1353/1131 2169/1354/1132
f 1193/1355/1133 1194/1356/1134 799/1357/1135 800/1358/1136
f 1234/1359/1137 1193/1360/1133 800/1361/1136 801/1362/1138
f 1233/1363/1139 1234/1359/1137 801/1362/1138 802/1364/1140
f 1232/1365/1141 1233/1363/1139 802/1364/1140 803/1366/1142
f 1231/1367/1143 1232/1365/1141 803/1366/1142 804/1368/1144
f 1230/1369/1145 1231/1367/1143 804/1368/1144 805/1370/1146
f 1229/1371/1147 1230/1369/1145 805/1370/1146 806/1372/1148
f 1228/1373/1149 1229/1371/1147 806/1372/1148 807/1374/1150
f 1227/1375/1151 1228/1373/1149 807/1374/1150 808/1376/1152
f 1226/1377/1153 1227/1375/1151 808/1376/1152 809/1378/1154
f 1225/1379/1155 1226/1377/1153 809/1378/1154 810/1380/1156
f 1224/1381/1157 1225/1379/1155 810/1380/1156 811/1382/1158
f 1223/1383/1159 1224/1381/1157 811/1382/1158 812/1384/1160
f 1222/1385/1161 1223/1383/1159 812/1384/1160 813/1386/1162
f 1221/1387/1163 1222/1385/1161 813/1386/1162 814/1388/1164
f 1220/1389/1165 1221/1390/1163 814/1391/1164 815/1392/1166
f 1433/1393/1167 1434/1394/1168 1524/1395/1169 1525/1396/1170
f 1218/1397/1171 1219/1398/1172 816/1399/1173 817/1400/1174
f 1445/1401/1175 1446/1402/1176 1512/1403/1177 1513/1404/1178
f 1216/1405/1179 1217/1406/1180 818/1407/1181 819/1408/1182
f 819/1408/1182 820/1409/1183 1215/1410/1184 1216/1405/1179
f 820/1409/1183 821/1411/1185 1214/1412/1186 1215/1410/1184
f 821/1413/1185 822/1414/1187 1213/1415/1188 1214/1416/1186
f 822/1414/1187 823/1417/1189 1212/1418/1190 1213/1415/1188
f 823/1417/1189 824/1419/1191 1211/1420/1192 1212/1418/1190
f 824/1419/1191 825/1421/1193 1210/1422/1194 1211/1420/1192
f 825/1421/1193 826/1423/1195 1209/1424/1196 1210/1422/1194
f 826/1423/1195 827/1425/1197 1208/1426/1198 1209/1424/1196
f 827/1425/1197 828/1427/1199 1207/1428/1200 1208/1426/1198
f 828/1427/1199 829/1429/1201 1206/1430/1202 1207/1428/1200
f 829/1429/1201 830/1431/1203 1205/1432/1204 1206/1430/1202
f 830/1431/1203 831/1433/1205 1204/1434/1206 1205/1432/1204
f 831/1433/1205 832/1435/1207 1203/1436/1208 1204/1434/1206
f 832/1435/1207 833/1437/1209 1202/1438/1210 1203/1436/1208
f 833/1437/1209 834/1439/1211 1201/1440/1212 1202/1438/1210
f 834/1439/1211 835/1441/1213 1200/1442/1214 1201/1440/1212
f 835/1443/1213 836/1444/1215 1199/1445/1216 1200/1446/1214
f 836/1444/1215 837/1447/1217 1198/1448/1218 1199/1445/1216
f 837/1447/1217 838/1449/1219 1197/1450/1220 1198/1448/1218
f 2178/1451/1221 2179/1452/1222 2637/1453/1223 2638/1454/1224
f 1277/1455/1225 1278/1456/1226 756/873/741 755/1140/960
f 1278/1456/1226 1279/1457/1227 757/625/493 756/873/741
f 1279/1457/1227 1280/1458/1228 758/626/494 757/625/493
f 1280/1458/1228 1281/1459/1229 759/1029/867 758/626/494
f 1281/1459/1229 1282/1460/1230 760/763/631 759/1029/867
f 1282/1460/1230 1283/1461/1231 761/764/632 760/763/631
f 1283/1461/1231 1284/1462/1232 762/865/733 761/764/632
f 1284/1463/1232 1285/1464/1233 763/1000/843 762/999/733
f 2643/1465/1234 2644/403/273 2172/406/276 2173/1466/1235
f 765/402/272 764/401/271 1286/1467/1236 1287/1468/1237
f 2174/1469/1238 2175/411/281 2641/414/284 2642/1470/1239
f 767/409/279 766/452/320 1288/1471/1240 1289/1472/1241
f 768/410/280 767/409/279 1289/1472/1241 1290/1473/1242
f 769/996/730 768/410/280 1290/1473/1242 1291/1474/1243
f 770/757/625 769/862/730 1291/1475/1243 1292/1476/1244
f 771/758/626 770/757/625 1292/1476/1244 1293/1477/1245
f 772/1034/872 771/758/626 1293/1477/1245 1294/1478/1246
f 773/619/487 772/1034/872 1294/1478/1246 1295/1479/1247
f 774/620/488 773/619/487 1295/1479/1247 1296/1480/1248
f 775/878/746 774/620/488 1296/1480/1248 1297/1481/1249
f 776/1145/965 775/878/746 1297/1481/1249 1298/1482/1250
f 777/926/794 776/1145/965 1298/1482/1250 1299/1483/1251
f 778/821/689 777/926/794 1299/1483/1251 1300/1484/1252
f 779/822/690 778/821/689 1300/1484/1252 1301/1485/1253
f 780/1199/1019 779/822/690 1301/1485/1253 1302/1486/1254
f 781/501/369 780/1199/1019 1302/1486/1254 1303/1487/1255
f 782/502/370 781/501/369 1303/1487/1255 1304/1488/1256
f 783/942/810 782/502/370 1304/1488/1256 1305/1489/1257
f 784/540/408 783/1221/810 1305/1490/1257 1306/1491/1258
f 785/457/325 784/540/408 1306/1491/1258 1307/1492/1259
f 1307/1492/1259 1308/1493/1260 786/458/326 785/457/325
f 1441/1494/1261 1442/577/445 1516/580/448 1517/1495/1262
f 1309/1496/1263 1310/1497/1264 788/536/404 787/535/403
f 1437/574/442 1438/1498/1265 1520/1499/1266 1521/575/443
f 1311/1500/1267 1312/1501/1268 790/1215/805 789/1214/1032
f 1312/1502/1268 1313/1503/1269 791/495/363 790/937/805
f 1313/1503/1269 1314/1504/1270 792/496/364 791/495/363
f 1314/1504/1270 1315/1505/1271 793/1194/1014 792/496/364
f 1315/1505/1271 1316/1506/1272 794/827/695 793/1194/1014
f 1316/1506/1272 1317/1507/1273 795/828/696 794/827/695
f 1317/1507/1273 1318/1508/1274 796/929/797 795/828/696
f 1318/1508/1274 1277/1455/1225 755/1140/960 796/929/797
f 1151/1509/1275 1152/1510/1276 798/1348/1126 797/1347/1125
f 2648/1352/1130 2649/1511/1277 2167/1512/1278 2168/1353/1131
f 800/1358/1136 799/1357/1135 1153/1513/1279 1154/1514/1280
f 801/1362/1138 800/1361/1136 1154/1515/1280 1155/1516/1281
f 802/1364/1140 801/1362/1138 1155/1516/1281 1156/1517/1282
f 803/1366/1142 802/1364/1140 1156/1517/1282 1157/1518/1283
f 804/1368/1144 803/1366/1142 1157/1518/1283 1158/1519/1284
f 805/1370/1146 804/1368/1144 1158/1519/1284 1159/1520/1285
f 806/1372/1148 805/1370/1146 1159/1520/1285 1160/1521/1286
f 807/1374/1150 806/1372/1148 1160/1521/1286 1161/1522/1287
f 808/1376/1152 807/1374/1150 1161/1522/1287 1162/1523/1288
f 809/1378/1154 808/1376/1152 1162/1523/1288 1163/1524/1289
f 810/1380/1156 809/1378/1154 1163/1524/1289 1164/1525/1290
f 811/1382/1158 810/1380/1156 1164/1525/1290 1165/1526/1291
f 812/1384/1160 811/1382/1158 1165/1526/1291 1166/1527/1292
f 813/1386/1162 812/1384/1160 1166/1527/1292 1167/1528/1293
f 814/1388/1164 813/1386/1162 1167/1528/1293 1168/1529/1294
f 815/1392/1166 814/1391/1164 1168/1530/1294 1169/1531/1295
f 1432/1532/1296 1433/1393/1167 1525/1396/1170 1526/1533/1297
f 817/1400/1174 816/1399/1173 1170/1534/1298 1171/1535/1299
f 1446/1402/1176 1447/1536/1300 1511/1537/1301 1512/1403/1177
f 819/1408/1182 818/1407/1181 1172/1538/1302 1173/1539/1303
f 1173/1539/1303 1174/1540/1304 820/1409/1183 819/1408/1182
f 1174/1540/1304 1175/1541/1305 821/1411/1185 820/1409/1183
f 1175/1542/1305 1176/1543/1306 822/1414/1187 821/1413/1185
f 1176/1543/1306 1177/1544/1307 823/1417/1189 822/1414/1187
f 1177/1544/1307 1178/1545/1308 824/1419/1191 823/1417/1189
f 1178/1545/1308 1179/1546/1309 825/1421/1193 824/1419/1191
f 1179/1546/1309 1180/1547/1310 826/1423/1195 825/1421/1193
f 1180/1547/1310 1181/1548/1311 827/1425/1197 826/1423/1195
f 1181/1548/1311 1182/1549/1312 828/1427/1199 827/1425/1197
f 1182/1549/1312 1183/1550/1313 829/1429/1201 828/1427/1199
f 1183/1550/1313 1184/1551/1314 830/1431/1203 829/1429/1201
f 1184/1551/1314 1185/1552/1315 831/1433/1205 830/1431/1203
f 1185/1552/1315 1186/1553/1316 832/1435/1207 831/1433/1205
f 1186/1553/1316 1187/1554/1317 833/1437/1209 832/1435/1207
f 1187/1554/1317 1188/1555/1318 834/1439/1211 833/1437/1209
f 1188/1555/1318 1189/1556/1319 835/1441/1213 834/1439/1211
f 1189/1557/1319 1190/1558/1320 836/1444/1215 835/1443/1213
f 1190/1558/1320 1191/1559/1321 837/1447/1217 836/1444/1215
f 1191/1559/1321 1192/1560/1322 838/1449/1219 837/1447/1217
f 2179/1452/1222 2180/1561/1323 2636/1562/1324 2637/1453/1223
f 552/1563/1325 840/1043/881 839/1168/988 300/1564/1326
f 395/1565/1327 841/1044/882 840/1043/881 552/1563/1325
f 462/1566/1328 842/1045/883 841/1044/882 395/1565/1327
f 334/1567/1329 843/1046/884 842/1045/883 462/1566/1328
f 451/1568/1330 844/1047/885 843/1046/884 334/1567/1329
f 366/1569/1331 845/1048/886 844/1047/885 451/1568/1330
f 430/1570/1332 846/1049/887 845/1048/886 366/1569/1331
f 247/1571/1333 847/1051/888 846/1050/887 430/1572/1332
f 2446/1573/835 2447/1052/889 2005/1053/890 2006/1574/836
f 429/1575/1334 849/1055/892 848/1054/891 246/1576/1335
f 365/1577/1336 850/1057/893 849/1056/892 429/1578/1334
f 452/1579/1337 851/1058/894 850/1057/893 365/1577/1336
f 333/1580/1338 852/1059/895 851/1058/894 452/1579/1337
f 461/1581/1339 853/1060/896 852/1059/895 333/1580/1338
f 396/1582/1340 854/1061/897 853/1060/896 461/1581/1339
f 553/1583/1341 855/1062/898 854/1061/897 396/1582/1340
f 856/1172/992 855/1062/898 553/1583/1341 299/1584/1342
f 555/1585/1343 857/1063/899 856/1172/992 299/1584/1342
f 397/1586/1344 858/1064/900 857/1063/899 555/1585/1343
f 583/1587/1345 859/1065/901 858/1064/900 397/1586/1344
f 349/1588/1346 860/1189/1009 859/1065/901 583/1587/1345
f 595/1589/1347 861/1066/902 860/1189/1009 349/1588/1346
f 428/1590/1348 862/1067/903 861/1066/902 595/1589/1347
f 633/1591/1349 863/1068/904 862/1067/903 428/1590/1348
f 864/1250/1037 863/1249/904 633/1592/1349 267/1593/1350
f 1459/1594/1351 1460/1069/905 1534/1070/906 1499/1595/1352
f 866/1072/908 865/1071/907 291/1596/1353 294/1597/1354
f 1502/1598/1355 1503/1074/910 1455/1073/909 1456/1599/1356
f 868/1076/912 867/1075/911 279/1600/1357 282/1601/1358
f 270/1602/1359 869/1077/913 868/1076/912 282/1601/1358
f 622/1603/1360 870/1226/914 869/1077/913 270/1602/1359
f 419/1604/1361 871/1079/915 870/1078/914 622/1605/1360
f 606/1606/1362 872/1080/916 871/1079/915 419/1604/1361
f 358/1607/1363 873/1204/1024 872/1080/916 606/1606/1362
f 592/1608/1364 874/1081/917 873/1204/1024 358/1607/1363
f 406/1609/1365 875/1082/918 874/1081/917 592/1608/1364
f 566/1610/1366 876/1083/919 875/1082/918 406/1609/1365
f 306/1611/1367 877/1150/970 876/1083/919 566/1610/1366
f 542/1612/1368 878/1084/920 877/1150/970 306/1611/1367
f 387/1613/1369 879/1085/921 878/1084/920 542/1612/1368
f 470/1614/1370 880/1086/922 879/1085/921 387/1613/1369
f 342/1615/1371 881/1087/923 880/1086/922 470/1614/1370
f 459/1616/1372 882/1088/924 881/1087/923 342/1615/1371
f 374/1617/1373 883/1089/925 882/1088/924 459/1616/1372
f 438/1618/1374 884/1090/926 883/1089/925 374/1617/1373
f 256/1619/1375 885/1092/927 884/1091/926 438/1620/1374
f 886/1096/928 885/1092/927 256/1619/1375 255/1621/1376
f 245/1622/1377 887/1098/929 886/1097/928 255/1623/1376
f 2061/436/305 2062/1101/930 2390/1104/931 2391/437/306
f 889/1108/933 888/1107/932 248/1624/1378 258/1625/1379
f 890/1112/934 889/1111/933 258/1626/1379 257/1627/1380
f 437/1628/1381 891/1113/935 890/1112/934 257/1627/1380
f 373/1629/1382 892/1116/936 891/1115/935 437/1630/1381
f 460/1631/1383 893/1117/937 892/1116/936 373/1629/1382
f 341/1632/1384 894/1118/938 893/1117/937 460/1631/1383
f 469/1633/1385 895/1119/939 894/1118/938 341/1632/1384
f 388/1634/1386 896/1120/940 895/1119/939 469/1633/1385
f 543/1635/1387 897/1121/941 896/1120/940 388/1634/1386
f 898/1154/974 897/1121/941 543/1635/1387 305/1636/1388
f 565/1637/1389 899/1122/942 898/1154/974 305/1636/1388
f 405/1638/1390 900/1123/943 899/1122/942 565/1637/1389
f 593/1639/1391 901/1124/944 900/1123/943 405/1638/1390
f 357/1640/1392 902/1207/1027 901/1124/944 593/1639/1391
f 605/1641/1393 903/1125/945 902/1207/1027 357/1640/1392
f 420/1642/1394 904/1126/946 903/1125/945 605/1641/1393
f 623/1643/1395 905/1127/947 904/1126/946 420/1642/1394
f 906/1128/948 905/1230/947 623/1644/1395 269/1645/1396
f 907/1129/949 906/1128/948 269/1645/1396 281/1646/1397
f 280/1647/1398 908/1130/950 907/1129/949 281/1646/1397
f 268/1648/1399 909/1131/951 908/1130/950 280/1647/1398
f 632/1649/1400 910/1244/952 909/1131/951 268/1648/1399
f 427/1650/1401 911/1133/953 910/1132/952 632/1651/1400
f 596/1652/1402 912/1134/954 911/1133/953 427/1650/1401
f 350/1653/1403 913/1186/1006 912/1134/954 596/1652/1402
f 582/1654/1404 914/1135/955 913/1186/1006 350/1653/1403
f 398/1655/1405 915/1136/956 914/1135/955 582/1654/1404
f 556/1656/1406 916/1137/957 915/1136/956 398/1655/1405
f 300/1564/1326 839/1168/988 916/1137/957 556/1656/1406
f 918/383/253 917/444/312 311/1657/1407 312/1658/1408
f 312/1658/1408 313/1659/1409 919/384/254 918/383/253
f 920/992/726 919/384/254 313/1659/1409 439/1660/1410
f 921/749/617 920/858/726 439/1661/1410 375/1662/1411
f 922/750/618 921/749/617 375/1662/1411 458/1663/1412
f 923/1038/876 922/750/618 458/1663/1412 343/1664/1413
f 924/615/483 923/1038/876 343/1664/1413 471/1665/1414
f 925/616/484 924/615/483 471/1665/1414 386/1666/1415
f 540/1667/1416 926/881/749 925/616/484 386/1666/1415
f 927/1149/969 926/881/749 540/1667/1416 314/1668/1417
f 568/1669/1418 928/922/790 927/1149/969 314/1668/1417
f 929/811/679 928/922/790 568/1669/1418 407/1670/1419
f 590/1671/1420 930/812/680 929/811/679 407/1670/1419
f 931/1203/1023 930/812/680 590/1671/1420 359/1672/1421
f 608/1673/1422 932/485/353 931/1203/1023 359/1672/1421
f 933/486/354 932/485/353 608/1673/1422 418/1674/1423
f 620/1675/1424 934/945/813 933/486/354 418/1674/1423
f 935/530/398 934/1225/813 620/1676/1424 315/1677/1425
f 936/439/307 935/530/398 315/1677/1425 316/1678/1426
f 316/1678/1426 317/1679/1427 937/440/308 936/439/307
f 1452/1680/1428 1453/569/437 1505/572/440 1506/1681/1429
f 318/1682/1430 319/1683/1431 939/526/394 938/525/393
f 1462/566/434 1427/1684/1432 1531/1685/1433 1532/567/435
f 320/1686/1434 615/1687/1435 941/1252/834 940/1251/1038
f 942/479/347 941/966/834 615/1688/1435 413/1689/1436
f 613/1690/1437 943/480/348 942/479/347 413/1689/1436
f 944/1191/1011 943/480/348 613/1690/1437 364/1691/1438
f 585/1692/1439 945/837/705 944/1191/1011 364/1691/1438
f 946/838/706 945/837/705 585/1692/1439 412/1693/1440
f 573/1694/1441 947/933/801 946/838/706 412/1693/1440
f 948/1173/993 947/933/801 573/1694/1441 321/1695/1442
f 321/1695/1442 535/1696/1443 949/902/770 948/1173/993
f 950/631/499 949/902/770 535/1696/1443 381/1697/1444
f 951/632/500 950/631/499 381/1697/1444 476/1698/1445
f 952/1026/864 951/632/500 476/1698/1445 348/1699/1446
f 953/773/641 952/1026/864 348/1699/1446 453/1700/1447
f 954/774/642 953/773/641 453/1700/1447 380/1701/1448
f 955/870/738 954/774/642 380/1701/1448 444/1702/1449
f 956/1010/848 955/1009/738 444/1703/1449 322/1704/1450
f 2449/388/258 2450/1705/1451 2002/1706/1452 2003/389/259
f 958/972/710 957/971/838 323/1707/1453 431/1708/1454
f 959/717/585 958/842/710 431/1709/1454 367/1710/1455
f 960/718/586 959/717/585 367/1710/1455 450/1711/1456
f 961/1022/860 960/718/586 450/1711/1456 335/1712/1457
f 962/591/459 961/1022/860 335/1712/1457 463/1713/1458
f 963/592/460 962/591/459 463/1713/1458 394/1714/1459
f 550/1715/1460 964/897/765 963/592/460 394/1714/1459
f 965/1167/987 964/897/765 550/1715/1460 324/1716/1461
f 558/1717/1462 966/906/774 965/1167/987 324/1716/1461
f 967/779/647 966/906/774 558/1717/1462 399/1718/1463
f 580/1719/1464 968/780/648 967/779/647 399/1718/1463
f 969/1185/1005 968/780/648 580/1719/1464 351/1720/1465
f 598/1721/1466 970/489/357 969/1185/1005 351/1720/1465
f 971/490/358 970/489/357 598/1721/1466 426/1722/1467
f 630/1723/1468 972/961/829 971/490/358 426/1722/1467
f 973/532/400 972/1243/829 630/1724/1468 325/1725/1469
f 974/449/317 973/532/400 325/1725/1469 326/1726/1470
f 975/450/318 974/449/317 326/1726/1470 327/1727/1471
f 327/1727/1471 328/1728/1472 976/533/401 975/450/318
f 328/1728/1472 625/1729/1473 977/1231/818 976/533/401
f 978/491/359 977/950/818 625/1730/1473 421/1731/1474
f 603/1732/1475 979/492/360 978/491/359 421/1731/1474
f 980/1209/1029 979/492/360 603/1732/1475 356/1733/1476
f 575/1734/1477 981/805/673 980/1209/1029 356/1733/1476
f 982/806/674 981/805/673 575/1734/1477 404/1735/1478
f 563/1736/1479 983/917/785 982/806/674 404/1735/1478
f 984/1155/975 983/917/785 563/1736/1479 329/1737/1480
f 329/1737/1480 545/1738/1481 985/886/754 984/1155/975
f 986/607/475 985/886/754 545/1738/1481 389/1739/1482
f 987/608/476 986/607/475 389/1739/1482 468/1740/1483
f 988/1042/880 987/608/476 468/1740/1483 340/1741/1484
f 989/741/609 988/1042/880 340/1741/1484 445/1742/1485
f 990/742/610 989/741/609 445/1742/1485 372/1743/1486
f 991/854/722 990/742/610 372/1743/1486 436/1744/1487
f 992/391/261 991/988/722 436/1745/1487 330/1746/1488
f 330/1746/1488 331/1747/1489 993/392/262 992/391/261
f 331/1747/1489 332/1748/1490 994/445/313 993/392/262
f 2064/396/266 2065/1749/1491 2387/1750/1492 2388/397/267
f 314/1668/1417 540/1667/1416 996/880/748 995/1146/966
f 997/641/509 996/880/748 540/1667/1416 386/1666/1415
f 998/642/510 997/641/509 386/1666/1415 471/1665/1414
f 999/1036/874 998/642/510 471/1665/1414 343/1664/1413
f 1000/753/621 999/1036/874 343/1664/1413 458/1663/1412
f 1001/754/622 1000/753/621 458/1663/1412 375/1662/1411
f 1002/860/728 1001/754/622 375/1662/1411 439/1661/1410
f 1003/638/506 1002/994/728 439/1660/1410 313/1659/1409
f 1004/633/501 1003/638/506 313/1659/1409 312/1658/1408
f 312/1658/1408 311/1657/1407 1005/634/502 1004/633/501
f 2065/1749/1491 2066/707/575 2386/710/578 2387/1750/1492
f 1007/703/571 1006/706/574 332/1748/1490 331/1747/1489
f 1008/704/572 1007/703/571 331/1747/1489 330/1746/1488
f 1009/986/720 1008/704/572 330/1746/1488 436/1745/1487
f 1010/737/605 1009/852/720 436/1744/1487 372/1743/1486
f 1011/738/606 1010/737/605 372/1743/1486 445/1742/1485
f 1012/1012/850 1011/738/606 445/1742/1485 340/1741/1484
f 1013/699/567 1012/1012/850 340/1741/1484 468/1740/1483
f 1014/700/568 1013/699/567 468/1740/1483 389/1739/1482
f 1015/888/756 1014/700/568 389/1739/1482 545/1738/1481
f 1016/1157/977 1015/888/756 545/1738/1481 329/1737/1480
f 1017/916/784 1016/1157/977 329/1737/1480 563/1736/1479
f 1018/801/669 1017/916/784 563/1736/1479 404/1735/1478
f 1019/802/670 1018/801/669 404/1735/1478 575/1734/1477
f 1020/1175/995 1019/802/670 575/1734/1477 356/1733/1476
f 1021/695/563 1020/1175/995 356/1733/1476 603/1732/1475
f 1022/696/564 1021/695/563 603/1732/1475 421/1731/1474
f 1023/952/820 1022/696/564 421/1731/1474 625/1730/1473
f 1024/692/560 1023/1233/820 625/1729/1473 328/1728/1472
f 1025/689/557 1024/692/560 328/1728/1472 327/1727/1471
f 327/1727/1471 326/1726/1470 1026/685/553 1025/689/557
f 326/1726/1470 325/1725/1469 1027/686/554 1026/685/553
f 325/1725/1469 630/1724/1468 1028/1240/828 1027/686/554
f 1029/683/551 1028/960/828 630/1723/1468 426/1722/1467
f 1030/684/552 1029/683/551 426/1722/1467 598/1721/1466
f 1031/1183/1003 1030/684/552 598/1721/1466 351/1720/1465
f 1032/785/653 1031/1183/1003 351/1720/1465 580/1719/1464
f 1033/786/654 1032/785/653 580/1719/1464 399/1718/1463
f 1034/908/776 1033/786/654 399/1718/1463 558/1717/1462
f 1035/1164/984 1034/908/776 558/1717/1462 324/1716/1461
f 324/1716/1461 550/1715/1460 1036/896/764 1035/1164/984
f 1037/679/547 1036/896/764 550/1715/1460 394/1714/1459
f 1038/680/548 1037/679/547 394/1714/1459 463/1713/1458
f 1039/1020/858 1038/680/548 463/1713/1458 335/1712/1457
f 1040/721/589 1039/1020/858 335/1712/1457 450/1711/1456
f 1041/722/590 1040/721/589 450/1711/1456 367/1710/1455
f 1042/844/712 1041/722/590 367/1710/1455 431/1709/1454
f 1043/976/840 1042/975/712 431/1708/1454 323/1707/1453
f 2450/1705/1451 2451/673/541 2001/676/544 2002/1706/1452
f 1045/1006/736 1044/1005/846 322/1704/1450 444/1703/1449
f 1046/769/637 1045/868/736 444/1702/1449 380/1701/1448
f 1047/770/638 1046/769/637 380/1701/1448 453/1700/1447
f 1048/1028/866 1047/770/638 453/1700/1447 348/1699/1446
f 1049/671/539 1048/1028/866 348/1699/1446 476/1698/1445
f 1050/672/540 1049/671/539 476/1698/1445 381/1697/1444
f 1051/872/740 1050/672/540 381/1697/1444 535/1696/1443
f 1052/1139/959 1051/872/740 535/1696/1443 321/1695/1442
f 1053/932/800 1052/1139/959 321/1695/1442 573/1694/1441
f 1054/833/701 1053/932/800 573/1694/1441 412/1693/1440
f 1055/834/702 1054/833/701 412/1693/1440 585/1692/1439
f 1056/1193/1013 1055/834/702 585/1692/1439 364/1691/1438
f 1057/667/535 1056/1193/1013 364/1691/1438 613/1690/1437
f 1058/668/536 1057/667/535 613/1690/1437 413/1689/1436
f 1059/936/804 1058/668/536 413/1689/1436 615/1688/1435
f 1060/1213/1031 1059/1212/804 615/1687/1435 320/1686/1434
f 1427/1684/1432 1428/661/529 1530/664/532 1531/1685/1433
f 1062/660/528 1061/659/527 319/1683/1431 318/1682/1430
f 1451/654/522 1452/1680/1428 1506/1681/1429 1507/655/523
f 1064/647/515 1063/652/520 317/1679/1427 316/1678/1426
f 316/1678/1426 315/1677/1425 1065/648/516 1064/647/515
f 315/1677/1425 620/1676/1424 1066/1222/812 1065/648/516
f 1067/645/513 1066/944/812 620/1675/1424 418/1674/1423
f 1068/646/514 1067/645/513 418/1674/1423 608/1673/1422
f 1069/1201/1021 1068/646/514 608/1673/1422 359/1672/1421
f 1070/817/685 1069/1201/1021 359/1672/1421 590/1671/1420
f 1071/818/686 1070/817/685 590/1671/1420 407/1670/1419
f 1072/924/792 1071/818/686 407/1670/1419 568/1669/1418
f 995/1146/966 1072/924/792 568/1669/1418 314/1668/1417
f 1074/1254/1040 1073/1253/1039 239/1751/1493 259/1752/1494
f 259/1752/1494 260/1753/1495 1075/1255/1041 1074/1254/1040
f 440/1754/1496 1076/1256/1042 1075/1255/1041 260/1753/1495
f 376/1755/1497 1077/1258/1043 1076/1257/1042 440/1756/1496
f 457/1757/1498 1078/1259/1044 1077/1258/1043 376/1755/1497
f 344/1758/1499 1079/1260/1045 1078/1259/1044 457/1757/1498
f 472/1759/1500 1080/1261/1046 1079/1260/1045 344/1758/1499
f 385/1760/1501 1081/1262/1047 1080/1261/1046 472/1759/1500
f 539/1761/1502 1082/1263/1048 1081/1262/1047 385/1760/1501
f 1083/1264/1049 1082/1263/1048 539/1761/1502 307/1762/1503
f 569/1763/1504 1084/1265/1050 1083/1264/1049 307/1762/1503
f 408/1764/1505 1085/1266/1051 1084/1265/1050 569/1763/1504
f 589/1765/1506 1086/1267/1052 1085/1266/1051 408/1764/1505
f 360/1766/1507 1087/1268/1053 1086/1267/1052 589/1765/1506
f 609/1767/1508 1088/1269/1054 1087/1268/1053 360/1766/1507
f 417/1768/1509 1089/1270/1055 1088/1269/1054 609/1767/1508
f 619/1769/1510 1090/1271/1056 1089/1270/1055 417/1768/1509
f 1091/1273/1057 1090/1272/1056 619/1770/1510 272/1771/1511
f 1092/1274/1058 1091/1273/1057 272/1771/1511 284/1772/1512
f 283/1773/1513 1093/1275/1059 1092/1274/1058 284/1772/1512
f 1448/1774/1514 1449/1276/1060 1509/1277/1061 1510/1775/1515
f 295/1776/1516 1095/1279/1063 1094/1278/1062 296/1777/1517
f 1527/1778/1518 1528/1281/1065 1430/1280/1064 1431/1779/1519
f 616/1780/1520 1097/1283/1067 1096/1282/1066 271/1781/1521
f 414/1782/1522 1098/1285/1068 1097/1284/1067 616/1783/1520
f 612/1784/1523 1099/1286/1069 1098/1285/1068 414/1782/1522
f 363/1785/1524 1100/1287/1070 1099/1286/1069 612/1784/1523
f 586/1786/1525 1101/1288/1071 1100/1287/1070 363/1785/1524
f 411/1787/1526 1102/1289/1072 1101/1288/1071 586/1786/1525
f 572/1788/1527 1103/1290/1073 1102/1289/1072 411/1787/1526
f 310/1789/1528 1104/1291/1074 1103/1290/1073 572/1788/1527
f 536/1790/1529 1105/1292/1075 1104/1291/1074 310/1789/1528
f 382/1791/1530 1106/1293/1076 1105/1292/1075 536/1790/1529
f 475/1792/1531 1107/1294/1077 1106/1293/1076 382/1791/1530
f 347/1793/1532 1108/1295/1078 1107/1294/1077 475/1792/1531
f 454/1794/1533 1109/1296/1079 1108/1295/1078 347/1793/1532
f 379/1795/1534 1110/1297/1080 1109/1296/1079 454/1794/1533
f 443/1796/1535 1111/1298/1081 1110/1297/1080 379/1795/1534
f 240/1797/1536 1112/1300/1082 1111/1299/1081 443/1798/1535
f 2453/1301/1083 2454/1799/1537 1998/1800/1538 1999/1302/1084
f 432/1801/1539 1114/1304/1086 1113/1303/1085 242/1802/1540
f 368/1803/1541 1115/1306/1087 1114/1305/1086 432/1804/1539
f 449/1805/1542 1116/1307/1088 1115/1306/1087 368/1803/1541
f 336/1806/1543 1117/1308/1089 1116/1307/1088 449/1805/1542
f 464/1807/1544 1118/1309/1090 1117/1308/1089 336/1806/1543
f 393/1808/1545 1119/1310/1091 1118/1309/1090 464/1807/1544
f 549/1809/1546 1120/1311/1092 1119/1310/1091 393/1808/1545
f 1121/1312/1093 1120/1311/1092 549/1809/1546 301/1810/1547
f 559/1811/1548 1122/1313/1094 1121/1312/1093 301/1810/1547
f 400/1812/1549 1123/1314/1095 1122/1313/1094 559/1811/1548
f 579/1813/1550 1124/1315/1096 1123/1314/1095 400/1812/1549
f 352/1814/1551 1125/1316/1097 1124/1315/1096 579/1813/1550
f 599/1815/1552 1126/1317/1098 1125/1316/1097 352/1814/1551
f 425/1816/1553 1127/1318/1099 1126/1317/1098 599/1815/1552
f 629/1817/1554 1128/1319/1100 1127/1318/1099 425/1816/1553
f 1129/1321/1101 1128/1320/1100 629/1818/1554 273/1819/1555
f 1130/1322/1102 1129/1321/1101 273/1819/1555 285/1820/1556
f 1131/1323/1103 1130/1322/1102 285/1820/1556 286/1821/1557
f 274/1822/1558 1132/1324/1104 1131/1323/1103 286/1821/1557
f 626/1823/1559 1133/1325/1105 1132/1324/1104 274/1822/1558
f 422/1824/1560 1134/1327/1106 1133/1326/1105 626/1825/1559
f 602/1826/1561 1135/1328/1107 1134/1327/1106 422/1824/1560
f 355/1827/1562 1136/1329/1108 1135/1328/1107 602/1826/1561
f 576/1828/1563 1137/1330/1109 1136/1329/1108 355/1827/1562
f 403/1829/1564 1138/1331/1110 1137/1330/1109 576/1828/1563
f 562/1830/1565 1139/1332/1111 1138/1331/1110 403/1829/1564
f 304/1831/1566 1140/1333/1112 1139/1332/1111 562/1830/1565
f 546/1832/1567 1141/1334/1113 1140/1333/1112 304/1831/1566
f 390/1833/1568 1142/1335/1114 1141/1334/1113 546/1832/1567
f 467/1834/1569 1143/1336/1115 1142/1335/1114 390/1833/1568
f 339/1835/1570 1144/1337/1116 1143/1336/1115 467/1834/1569
f 446/1836/1571 1145/1338/1117 1144/1337/1116 339/1835/1570
f 371/1837/1572 1146/1339/1118 1145/1338/1117 446/1836/1571
f 435/1838/1573 1147/1340/1119 1146/1339/1118 371/1837/1572
f 262/1839/1574 1148/1342/1120 1147/1341/1119 435/1840/1573
f 262/1839/1574 261/1841/1575 1149/1343/1121 1148/1342/1120
f 241/1842/1576 1150/1344/1122 1149/1343/1121 261/1841/1575
f 2068/1345/1123 2069/1843/1577 2383/1844/1578 2384/1346/1124
f 237/1845/1579 238/1846/1580 1152/1510/1276 1151/1509/1275
f 2649/1511/1277 2650/1847/1581 2166/1848/1582 2167/1512/1278
f 1154/1514/1280 1153/1513/1279 240/1797/1536 443/1798/1535
f 1155/1516/1281 1154/1515/1280 443/1796/1535 379/1795/1534
f 1156/1517/1282 1155/1516/1281 379/1795/1534 454/1794/1533
f 1157/1518/1283 1156/1517/1282 454/1794/1533 347/1793/1532
f 1158/1519/1284 1157/1518/1283 347/1793/1532 475/1792/1531
f 1159/1520/1285 1158/1519/1284 475/1792/1531 382/1791/1530
f 1160/1521/1286 1159/1520/1285 382/1791/1530 536/1790/1529
f 1161/1522/1287 1160/1521/1286 536/1790/1529 310/1789/1528
f 1162/1523/1288 1161/1522/1287 310/1789/1528 572/1788/1527
f 1163/1524/1289 1162/1523/1288 572/1788/1527 411/1787/1526
f 1164/1525/1290 1163/1524/1289 411/1787/1526 586/1786/1525
f 1165/1526/1291 1164/1525/1290 586/1786/1525 363/1785/1524
f 1166/1527/1292 1165/1526/1291 363/1785/1524 612/1784/1523
f 1167/1528/1293 1166/1527/1292 612/1784/1523 414/1782/1522
f 1168/1529/1294 1167/1528/1293 414/1782/1522 616/1783/1520
f 1169/1531/1295 1168/1530/1294 616/1780/1520 271/1781/1521
f 1431/1779/1519 1432/1532/1296 1526/1533/1297 1527/1778/1518
f 1171/1535/1299 1170/1534/1298 295/1776/1516 296/1777/1517
f 1510/1775/1515 1511/1537/1301 1447/1536/1300 1448/1774/1514
f 1173/1539/1303 1172/1538/1302 283/1773/1513 284/1772/1512
f 272/1771/1511 1174/1540/1304 1173/1539/1303 284/1772/1512
f 619/1770/1510 1175/1541/1305 1174/1540/1304 272/1771/1511
f 417/1768/1509 1176/1543/1306 1175/1542/1305 619/1769/1510
f 609/1767/1508 1177/1544/1307 1176/1543/1306 417/1768/1509
f 360/1766/1507 1178/1545/1308 1177/1544/1307 609/1767/1508
f 589/1765/1506 1179/1546/1309 1178/1545/1308 360/1766/1507
f 408/1764/1505 1180/1547/1310 1179/1546/1309 589/1765/1506
f 569/1763/1504 1181/1548/1311 1180/1547/1310 408/1764/1505
f 307/1762/1503 1182/1549/1312 1181/1548/1311 569/1763/1504
f 539/1761/1502 1183/1550/1313 1182/1549/1312 307/1762/1503
f 385/1760/1501 1184/1551/1314 1183/1550/1313 539/1761/1502
f 472/1759/1500 1185/1552/1315 1184/1551/1314 385/1760/1501
f 344/1758/1499 1186/1553/1316 1185/1552/1315 472/1759/1500
f 457/1757/1498 1187/1554/1317 1186/1553/1316 344/1758/1499
f 376/1755/1497 1188/1555/1318 1187/1554/1317 457/1757/1498
f 440/1756/1496 1189/1556/1319 1188/1555/1318 376/1755/1497
f 260/1753/1495 1190/1558/1320 1189/1557/1319 440/1754/1496
f 260/1753/1495 259/1752/1494 1191/1559/1321 1190/1558/1320
f 239/1751/1493 1192/1560/1322 1191/1559/1321 259/1752/1494
f 2180/1561/1323 2181/1849/1583 2635/1850/1584 2636/1562/1324
f 716/1851/1585 715/1852/1586 1194/1356/1134 1193/1355/1133
f 2646/1853/1587 2647/1351/1129 2169/1354/1132 2170/1854/1588
f 1196/1350/1128 1195/1349/1127 714/1855/1589 713/1856/1590
f 2177/1857/1591 2178/1451/1221 2638/1454/1224 2639/1858/1592
f 1198/1448/1218 1197/1450/1220 754/1859/1593 753/1860/1594
f 1199/1445/1216 1198/1448/1218 753/1860/1594 752/1861/1595
f 1200/1446/1214 1199/1445/1216 752/1861/1595 751/1862/1596
f 1201/1440/1212 1200/1442/1214 751/1863/1596 750/1864/1597
f 1202/1438/1210 1201/1440/1212 750/1864/1597 749/1865/1598
f 1203/1436/1208 1202/1438/1210 749/1865/1598 748/1866/1599
f 1204/1434/1206 1203/1436/1208 748/1866/1599 747/1867/1600
f 1205/1432/1204 1204/1434/1206 747/1867/1600 746/1868/1601
f 1206/1430/1202 1205/1432/1204 746/1868/1601 745/1869/1602
f 1207/1428/1200 1206/1430/1202 745/1869/1602 744/1870/1603
f 1208/1426/1198 1207/1428/1200 744/1870/1603 743/1871/1604
f 1209/1424/1196 1208/1426/1198 743/1871/1604 742/1872/1605
f 1210/1422/1194 1209/1424/1196 742/1872/1605 741/1873/1606
f 1211/1420/1192 1210/1422/1194 741/1873/1606 740/1874/1607
f 1212/1418/1190 1211/1420/1192 740/1874/1607 739/1875/1608
f 1213/1415/1188 1212/1418/1190 739/1875/1608 738/1876/1609
f 1214/1416/1186 1213/1415/1188 738/1876/1609 737/1877/1610
f 1215/1410/1184 1214/1412/1186 737/1878/1610 736/1879/1611
f 1216/1405/1179 1215/1410/1184 736/1879/1611 735/1880/1612
f 735/1880/1612 734/1881/1613 1217/1406/1180 1216/1405/1179
f 1444/1882/1614 1445/1401/1175 1513/1404/1178 1514/1883/1615
f 733/1884/1616 732/1885/1617 1219/1398/1172 1218/1397/1171
f 1434/1394/1168 1435/1886/1618 1523/1887/1619 1524/1395/1169
f 731/1888/1620 730/1889/1621 1221/1390/1163 1220/1389/1165
f 730/1890/1621 729/1891/1622 1222/1385/1161 1221/1387/1163
f 729/1891/1622 728/1892/1623 1223/1383/1159 1222/1385/1161
f 728/1892/1623 727/1893/1624 1224/1381/1157 1223/1383/1159
f 727/1893/1624 726/1894/1625 1225/1379/1155 1224/1381/1157
f 726/1894/1625 725/1895/1626 1226/1377/1153 1225/1379/1155
f 725/1895/1626 724/1896/1627 1227/1375/1151 1226/1377/1153
f 724/1896/1627 723/1897/1628 1228/1373/1149 1227/1375/1151
f 723/1897/1628 722/1898/1629 1229/1371/1147 1228/1373/1149
f 722/1898/1629 721/1899/1630 1230/1369/1145 1229/1371/1147
f 721/1899/1630 720/1900/1631 1231/1367/1143 1230/1369/1145
f 720/1900/1631 719/1901/1632 1232/1365/1141 1231/1367/1143
f 719/1901/1632 718/1902/1633 1233/1363/1139 1232/1365/1141
f 718/1902/1633 717/1903/1634 1234/1359/1137 1233/1363/1139
f 717/1903/1634 716/1904/1585 1193/1360/1133 1234/1359/1137
f 713/1856/1590 714/1855/1589 1236/400/270 1235/399/269
f 2645/404/274 2646/1853/1587 2170/1854/1588 2171/405/275
f 1238/1002/734 1237/1001/844 715/1852/1586 716/1851/1585
f 1239/765/633 1238/866/734 716/1904/1585 717/1903/1634
f 1240/766/634 1239/765/633 717/1903/1634 718/1902/1633
f 1241/1030/868 1240/766/634 718/1902/1633 719/1901/1632
f 1242/627/495 1241/1030/868 719/1901/1632 720/1900/1631
f 1243/628/496 1242/627/495 720/1900/1631 721/1899/1630
f 1244/874/742 1243/628/496 721/1899/1630 722/1898/1629
f 1245/1141/961 1244/874/742 722/1898/1629 723/1897/1628
f 1246/930/798 1245/1141/961 723/1897/1628 724/1896/1627
f 1247/829/697 1246/930/798 724/1896/1627 725/1895/1626
f 1248/830/698 1247/829/697 725/1895/1626 726/1894/1625
f 1249/1195/1015 1248/830/698 726/1894/1625 727/1893/1624
f 1250/497/365 1249/1195/1015 727/1893/1624 728/1892/1623
f 1251/498/366 1250/497/365 728/1892/1623 729/1891/1622
f 1252/938/806 1251/498/366 729/1891/1622 730/1890/1621
f 1253/1217/1033 1252/1216/806 730/1889/1621 731/1888/1620
f 1435/1886/1618 1436/573/441 1522/576/444 1523/1887/1619
f 1255/538/406 1254/537/405 732/1885/1617 733/1884/1616
f 1443/578/446 1444/1882/1614 1514/1883/1615 1515/579/447
f 1257/460/328 1256/459/327 734/1881/1613 735/1880/1612
f 735/1880/1612 736/1879/1611 1258/539/407 1257/460/328
f 736/1879/1611 737/1878/1610 1259/1220/809 1258/539/407
f 737/1877/1610 738/1876/1609 1260/499/367 1259/941/809
f 738/1876/1609 739/1875/1608 1261/500/368 1260/499/367
f 739/1875/1608 740/1874/1607 1262/1198/1018 1261/500/368
f 740/1874/1607 741/1873/1606 1263/819/687 1262/1198/1018
f 741/1873/1606 742/1872/1605 1264/820/688 1263/819/687
f 742/1872/1605 743/1871/1604 1265/925/793 1264/820/688
f 743/1871/1604 744/1870/1603 1266/1144/964 1265/925/793
f 744/1870/1603 745/1869/1602 1267/877/745 1266/1144/964
f 745/1869/1602 746/1868/1601 1268/617/485 1267/877/745
f 746/1868/1601 747/1867/1600 1269/618/486 1268/617/485
f 747/1867/1600 748/1866/1599 1270/1033/871 1269/618/486
f 748/1866/1599 749/1865/1598 1271/755/623 1270/1033/871
f 749/1865/1598 750/1864/1597 1272/756/624 1271/755/623
f 750/1864/1597 751/1863/1596 1273/861/729 1272/756/624
f 751/1862/1596 752/1861/1595 1274/407/277 1273/995/729
f 752/1861/1595 753/1860/1594 1275/408/278 1274/407/277
f 753/1860/1594 754/1859/1593 1276/451/319 1275/408/278
f 2176/412/282 2177/1857/1591 2639/1858/1592 2640/413/283
f 537/875/743 1278/1456/1226 1277/1455/1225 309/1142/962
f 383/623/491 1279/1457/1227 1278/1456/1226 537/875/743
f 474/622/490 1280/1458/1228 1279/1457/1227 383/623/491
f 346/1031/869 1281/1459/1229 1280/1458/1228 474/622/490
f 455/761/629 1282/1460/1230 1281/1459/1229 346/1031/869
f 378/760/628 1283/1461/1231 1282/1460/1230 455/761/629
f 442/864/732 1284/1462/1232 1283/1461/1231 378/760/628
f 251/1905/322 1285/1464/1233 1284/1463/1232 442/1906/732
f 251/1907/322 2643/1465/1234 2173/1466/1235
f 1287/1468/1237 1286/1467/1236 250/1908/1635 249/1909/1636
f 252/453/321 2174/1469/1238 2642/1470/1239
f 1289/1472/1241 1288/1471/1240 252/453/321 263/456/324
f 1290/1473/1242 1289/1472/1241 263/456/324 264/455/323
f 1291/1474/1243 1290/1473/1242 264/455/323 441/998/731
f 1292/1476/1244 1291/1475/1243 441/863/731 377/759/627
f 1293/1477/1245 1292/1476/1244 377/759/627 456/762/630
f 1294/1478/1246 1293/1477/1245 456/762/630 345/1032/870
f 1295/1479/1247 1294/1478/1246 345/1032/870 473/621/489
f 1296/1480/1248 1295/1479/1247 473/621/489 384/624/492
f 1297/1481/1249 1296/1480/1248 384/624/492 538/876/744
f 1298/1482/1250 1297/1481/1249 538/876/744 308/1143/963
f 1299/1483/1251 1298/1482/1250 308/1143/963 570/927/795
f 1300/1484/1252 1299/1483/1251 570/927/795 409/823/691
f 1301/1485/1253 1300/1484/1252 409/823/691 588/826/694
f 1302/1486/1254 1301/1485/1253 588/826/694 361/1197/1017
f 1303/1487/1255 1302/1486/1254 361/1197/1017 610/503/371
f 1304/1488/1256 1303/1487/1255 610/503/371 416/506/374
f 1305/1489/1257 1304/1488/1256 416/506/374 618/940/808
f 1306/1491/1258 1305/1490/1257 618/1910/808 276/1911/409
f 1307/1492/1259 1306/1491/1258 276/1911/409 288/1912/412
f 287/1913/411 1308/1493/1260 1307/1492/1259 288/1912/412
f 1440/1914/452 1441/1494/1261 1517/1495/1262 1518/1915/449
f 297/1916/1637 1310/1497/1264 1309/1496/1263 298/1917/1638
f 1519/1918/450 1520/1499/1266 1438/1498/1265 1439/1919/451
f 617/1920/807 1312/1501/1268 1311/1500/1267 275/1921/410
f 415/505/373 1313/1503/1269 1312/1502/1268 617/939/807
f 611/504/372 1314/1504/1270 1313/1503/1269 415/505/373
f 362/1196/1016 1315/1505/1271 1314/1504/1270 611/504/372
f 587/825/693 1316/1506/1272 1315/1505/1271 362/1196/1016
f 410/824/692 1317/1507/1273 1316/1506/1272 587/825/693
f 571/928/796 1318/1508/1274 1317/1507/1273 410/824/692
f 309/1142/962 1277/1455/1225 1318/1508/1274 571/928/796
f 2427/1922/1639 2428/1923/1640 2024/1924/1641 2025/1925/1642
f 1356/1926/1643 1357/1927/1644 1537/1928/1645 1538/1929/1646
f 2038/1930/1647 2039/1931/1648 2413/1932/1649 2414/1933/1650
f 1358/1934/1651 1359/1935/1652 1535/1936/1653 1536/1937/1654
f 1570/1938/1655 1535/1936/1653 1359/1935/1652 1360/1939/1656
f 1569/1940/1657 1570/1938/1655 1360/1939/1656 1361/1941/1658
f 1568/1942/1659 1569/1940/1657 1361/1941/1658 1362/1943/1660
f 1567/1944/1661 1568/1942/1659 1362/1943/1660 1363/1945/1662
f 1566/1946/1663 1567/1944/1661 1363/1945/1662 1364/1947/1664
f 1565/1948/1665 1566/1946/1663 1364/1947/1664 1365/1949/1666
f 1564/1950/1667 1565/1948/1665 1365/1949/1666 1366/1951/1668
f 1366/1951/1668 1367/1952/1669 1563/1953/1670 1564/1950/1667
f 1562/1954/1671 1563/1953/1670 1367/1952/1669 1368/1955/1672
f 1561/1956/1673 1562/1954/1671 1368/1955/1672 1369/1957/1674
f 1560/1958/1675 1561/1956/1673 1369/1957/1674 1370/1959/1676
f 1559/1960/1677 1560/1958/1675 1370/1959/1676 1371/1961/1678
f 1558/1962/1679 1559/1960/1677 1371/1961/1678 1372/1963/1680
f 1557/1964/1681 1558/1962/1679 1372/1963/1680 1373/1965/1682
f 1556/1966/1683 1557/1964/1681 1373/1965/1682 1374/1967/1684
f 1374/1968/1684 1375/1969/1685 1555/1970/1686 1556/1971/1683
f 1375/1972/1685 1376/1973/1687 1554/1974/1688 1555/1975/1686
f 1553/1976/1689 1554/1974/1688 1376/1973/1687 1377/1977/1690
f 1552/1978/1691 1553/1976/1689 1377/1977/1690 1378/1979/1692
f 1551/1980/1693 1552/1978/1691 1378/1979/1692 1379/1981/1694
f 1550/1982/1695 1551/1980/1693 1379/1981/1694 1380/1983/1696
f 1549/1984/1697 1550/1982/1695 1380/1983/1696 1381/1985/1698
f 1548/1986/1699 1549/1984/1697 1381/1985/1698 1382/1987/1700
f 1547/1988/1701 1548/1986/1699 1382/1987/1700 1383/1989/1702
f 1383/1989/1702 1384/1990/1703 1546/1991/1704 1547/1988/1701
f 1545/1992/1705 1546/1991/1704 1384/1990/1703 1385/1993/1706
f 1544/1994/1707 1545/1992/1705 1385/1993/1706 1386/1995/1708
f 1543/1996/1709 1544/1994/1707 1386/1995/1708 1387/1997/1710
f 1542/1998/1711 1543/1996/1709 1387/1997/1710 1388/1999/1712
f 1541/2000/1713 1542/1998/1711 1388/1999/1712 1389/2001/1714
f 1540/2002/1715 1541/2000/1713 1389/2001/1714 1390/2003/1716
f 1539/2004/1717 1540/2002/1715 1390/2003/1716 1355/2005/1718
f 2428/1923/1640 2429/2006/1719 2023/2007/1720 2024/1924/1641
f 1392/2008/1721 1393/2009/1722 1357/1927/1644 1356/1926/1643
f 2039/1931/1648 2040/2010/1723 2412/2011/1724 2413/1932/1649
f 1394/2012/1725 1395/2013/1726 1359/1935/1652 1358/1934/1651
f 1360/1939/1656 1359/1935/1652 1395/2013/1726 1396/2014/1727
f 1361/1941/1658 1360/1939/1656 1396/2014/1727 1397/2015/1728
f 1362/1943/1660 1361/1941/1658 1397/2015/1728 1398/2016/1729
f 1363/1945/1662 1362/1943/1660 1398/2016/1729 1399/2017/1730
f 1364/1947/1664 1363/1945/1662 1399/2017/1730 1400/2018/1731
f 1365/1949/1666 1364/1947/1664 1400/2018/1731 1401/2019/1732
f 1366/1951/1668 1365/1949/1666 1401/2019/1732 1402/2020/1733
f 1402/2020/1733 1403/2021/1734 1367/1952/1669 1366/1951/1668
f 1368/1955/1672 1367/1952/1669 1403/2021/1734 1404/2022/1735
f 1369/1957/1674 1368/1955/1672 1404/2022/1735 1405/2023/1736
f 1370/1959/1676 1369/1957/1674 1405/2023/1736 1406/2024/1737
f 1371/1961/1678 1370/1959/1676 1406/2024/1737 1407/2025/1738
f 1372/1963/1680 1371/1961/1678 1407/2025/1738 1408/2026/1739
f 1373/1965/1682 1372/1963/1680 1408/2026/1739 1409/2027/1740
f 1374/1967/1684 1373/1965/1682 1409/2027/1740 1410/2028/1741
f 1410/2029/1741 1411/2030/1742 1375/1969/1685 1374/1968/1684
f 1411/2031/1742 1412/2032/1743 1376/1973/1687 1375/1972/1685
f 1377/1977/1690 1376/1973/1687 1412/2032/1743 1413/2033/1744
f 1378/1979/1692 1377/1977/1690 1413/2033/1744 1414/2034/1745
f 1379/1981/1694 1378/1979/1692 1414/2034/1745 1415/2035/1746
f 1380/1983/1696 1379/1981/1694 1415/2035/1746 1416/2036/1747
f 1381/1985/1698 1380/1983/1696 1416/2036/1747 1417/2037/1748
f 1382/1987/1700 1381/1985/1698 1417/2037/1748 1418/2038/1749
f 1383/1989/1702 1382/1987/1700 1418/2038/1749 1419/2039/1750
f 1419/2039/1750 1420/2040/1751 1384/1990/1703 1383/1989/1702
f 1385/1993/1706 1384/1990/1703 1420/2040/1751 1421/2041/1752
f 1386/1995/1708 1385/1993/1706 1421/2041/1752 1422/2042/1753
f 1387/1997/1710 1386/1995/1708 1422/2042/1753 1423/2043/1754
f 1388/1999/1712 1387/1997/1710 1423/2043/1754 1424/2044/1755
f 1389/2001/1714 1388/1999/1712 1424/2044/1755 1425/2045/1756
f 1390/2003/1716 1389/2001/1714 1425/2045/1756 1426/2046/1757
f 1355/2005/1718 1390/2003/1716 1426/2046/1757 1391/2047/1758
f 2429/2006/1719 2430/2048/1034 2022/2049/1035 2023/2007/1720
f 268/2050/1399 280/2051/1398 1393/2009/1722 1392/2008/1721
f 2040/2010/1723 2041/433/303 2411/432/302 2412/2011/1724
f 279/1600/1357 867/1075/911 1395/2013/1726 1394/2012/1725
f 1396/2014/1727 1395/2013/1726 867/1075/911 499/441/309
f 1397/2015/1728 1396/2014/1727 499/441/309 937/440/308
f 1398/2016/1729 1397/2015/1728 937/440/308 317/1679/1427
f 1399/2017/1730 1398/2016/1729 317/1679/1427 1063/652/520
f 1400/2018/1731 1399/2017/1730 1063/652/520 655/651/519
f 1401/2019/1732 1400/2018/1731 655/651/519 1093/1275/1059
f 1402/2020/1733 1401/2019/1732 1093/1275/1059 283/1773/1513
f 283/1773/1513 1172/1538/1302 1403/2021/1734 1402/2020/1733
f 1404/2022/1735 1403/2021/1734 1172/1538/1302 818/1407/1181
f 1405/2023/1736 1404/2022/1735 818/1407/1181 1217/1406/1180
f 1406/2024/1737 1405/2023/1736 1217/1406/1180 734/1881/1613
f 1407/2025/1738 1406/2024/1737 734/1881/1613 1256/459/327
f 1408/2026/1739 1407/2025/1738 1256/459/327 786/458/326
f 1409/2027/1740 1408/2026/1739 786/458/326 1308/1493/1260
f 1410/2028/1741 1409/2027/1740 1308/1493/1260 287/1913/411
f 287/543/411 275/542/410 1411/2030/1742 1410/2029/1741
f 275/1921/410 1311/1500/1267 1412/2032/1743 1411/2031/1742
f 1413/2033/1744 1412/2032/1743 1311/1500/1267 789/1214/1032
f 1414/2034/1745 1413/2033/1744 789/1214/1032 1253/1217/1033
f 1415/2035/1746 1414/2034/1745 1253/1217/1033 731/1888/1620
f 1416/2036/1747 1415/2035/1746 731/1888/1620 1220/1389/1165
f 1417/2037/1748 1416/2036/1747 1220/1389/1165 815/1392/1166
f 1418/2038/1749 1417/2037/1748 815/1392/1166 1169/1531/1295
f 1419/2039/1750 1418/2038/1749 1169/1531/1295 271/1781/1521
f 271/1781/1521 1096/1282/1066 1420/2040/1751 1419/2039/1750
f 1421/2041/1752 1420/2040/1751 1096/1282/1066 658/1210/1030
f 1422/2042/1753 1421/2041/1752 658/1210/1030 1060/1213/1031
f 1423/2043/1754 1422/2042/1753 1060/1213/1031 320/1686/1434
f 1424/2044/1755 1423/2043/1754 320/1686/1434 940/1251/1038
f 1425/2045/1756 1424/2044/1755 940/1251/1038 496/1247/1036
f 1426/2046/1757 1425/2045/1756 496/1247/1036 864/1250/1037
f 1391/2047/1758 1426/2046/1757 864/1250/1037 267/1593/1350
f 1463/2052/1759 1464/2053/1760 1428/661/529 1427/1684/1432
f 1464/2053/1760 1465/2054/1761 1429/662/530 1428/661/529
f 1465/2054/1761 1466/2055/1762 1430/1280/1064 1429/662/530
f 1431/1779/1519 1430/1280/1064 1466/2055/1762 1467/2056/1763
f 1467/2056/1763 1468/2057/1764 1432/1532/1296 1431/1779/1519
f 1468/2057/1764 1469/2058/1765 1433/1393/1167 1432/1532/1296
f 1469/2058/1765 1470/2059/1766 1434/1394/1168 1433/1393/1167
f 1470/2059/1766 1471/2060/1767 1435/1886/1618 1434/1394/1168
f 1471/2060/1767 1472/2061/1768 1436/573/441 1435/1886/1618
f 1472/2061/1768 1473/2062/1769 1437/574/442 1436/573/441
f 1473/2062/1769 1474/2063/1770 1438/1498/1265 1437/574/442
f 1439/1919/451 1438/1498/1265 1474/2063/1770 1475/2064/1771
f 1440/584/452 1439/583/451 1475/2065/1771 1476/2066/1772
f 1476/2067/1772 1477/2068/1773 1441/1494/1261 1440/1914/452
f 1477/2068/1773 1478/2069/1774 1442/577/445 1441/1494/1261
f 1478/2069/1774 1479/2070/1775 1443/578/446 1442/577/445
f 1479/2070/1775 1480/2071/1776 1444/1882/1614 1443/578/446
f 1480/2071/1776 1481/2072/1777 1445/1401/1175 1444/1882/1614
f 1481/2072/1777 1482/2073/1778 1446/1402/1176 1445/1401/1175
f 1482/2073/1778 1483/2074/1779 1447/1536/1300 1446/1402/1176
f 1448/1774/1514 1447/1536/1300 1483/2074/1779 1484/2075/1780
f 1484/2075/1780 1485/2076/1781 1449/1276/1060 1448/1774/1514
f 1485/2076/1781 1486/2077/1782 1450/653/521 1449/1276/1060
f 1486/2077/1782 1487/2078/1783 1451/654/522 1450/653/521
f 1487/2078/1783 1488/2079/1784 1452/1680/1428 1451/654/522
f 1488/2079/1784 1489/2080/1785 1453/569/437 1452/1680/1428
f 1489/2080/1785 1490/2081/1786 1454/570/438 1453/569/437
f 1490/2081/1786 1491/2082/1787 1455/1073/909 1454/570/438
f 1456/1599/1356 1455/1073/909 1491/2082/1787 1492/2083/1788
f 2034/2084/1789 2035/561/429 2417/564/432 2418/2085/1790
f 1458/560/428 1457/559/427 1493/2086/1791 1494/2087/1792
f 2423/2088/1793 2424/553/421 2028/556/424 2029/2089/1794
f 1495/2090/1795 1496/2091/1796 1460/1069/905 1459/1594/1351
f 1496/2091/1796 1497/2092/1797 1461/565/433 1460/1069/905
f 1497/2092/1797 1498/2093/1798 1462/566/434 1461/565/433
f 1498/2093/1798 1463/2052/1759 1427/1684/1432 1462/566/434
f 1571/2094/1799 1572/2095/1800 1464/2053/1760 1463/2052/1759
f 1572/2095/1800 1573/2096/1801 1465/2054/1761 1464/2053/1760
f 1573/2096/1801 1574/2097/1802 1466/2055/1762 1465/2054/1761
f 1467/2056/1763 1466/2055/1762 1574/2097/1802 1575/2098/1803
f 1575/2098/1803 1576/2099/1804 1468/2057/1764 1467/2056/1763
f 1576/2099/1804 1577/2100/1805 1469/2058/1765 1468/2057/1764
f 1577/2100/1805 1578/2101/1806 1470/2059/1766 1469/2058/1765
f 1578/2101/1806 1579/2102/1807 1471/2060/1767 1470/2059/1766
f 1579/2102/1807 1580/2103/1808 1472/2061/1768 1471/2060/1767
f 1580/2103/1808 1581/2104/1809 1473/2062/1769 1472/2061/1768
f 1581/2104/1809 1582/2105/1810 1474/2063/1770 1473/2062/1769
f 1475/2064/1771 1474/2063/1770 1582/2105/1810 1583/2106/1811
f 1476/2066/1772 1475/2065/1771 1583/2107/1811 1584/2108/1812
f 1584/2109/1812 1585/2110/1813 1477/2068/1773 1476/2067/1772
f 1585/2110/1813 1586/2111/1814 1478/2069/1774 1477/2068/1773
f 1586/2111/1814 1587/2112/1815 1479/2070/1775 1478/2069/1774
f 1587/2112/1815 1588/2113/1816 1480/2071/1776 1479/2070/1775
f 1588/2113/1816 1589/2114/1817 1481/2072/1777 1480/2071/1776
f 1589/2114/1817 1590/2115/1818 1482/2073/1778 1481/2072/1777
f 1590/2115/1818 1591/2116/1819 1483/2074/1779 1482/2073/1778
f 1484/2075/1780 1483/2074/1779 1591/2116/1819 1592/2117/1820
f 1592/2117/1820 1593/2118/1821 1485/2076/1781 1484/2075/1780
f 1593/2118/1821 1594/2119/1822 1486/2077/1782 1485/2076/1781
f 1594/2119/1822 1595/2120/1823 1487/2078/1783 1486/2077/1782
f 1595/2120/1823 1596/2121/1824 1488/2079/1784 1487/2078/1783
f 1596/2121/1824 1597/2122/1825 1489/2080/1785 1488/2079/1784
f 1597/2122/1825 1598/2123/1826 1490/2081/1786 1489/2080/1785
f 1598/2123/1826 1599/2124/1827 1491/2082/1787 1490/2081/1786
f 1492/2083/1788 1491/2082/1787 1599/2124/1827 1600/2125/1828
f 2033/2126/1829 2034/2084/1789 2418/2085/1790 2419/2127/1830
f 1494/2087/1792 1493/2086/1791 1601/2128/1831 1602/2129/1832
f 2422/2130/1833 2423/2088/1793 2029/2089/1794 2030/2131/1834
f 1603/2132/1835 1604/2133/1836 1496/2091/1796 1495/2090/1795
f 1604/2133/1836 1605/2134/1837 1497/2092/1797 1496/2091/1796
f 1605/2134/1837 1606/2135/1838 1498/2093/1798 1497/2092/1797
f 1606/2135/1838 1571/2094/1799 1463/2052/1759 1498/2093/1798
f 2425/554/422 2426/2136/1839 2026/2137/1840 2027/555/423
f 1320/2138/1841 1321/2139/1842 1501/558/426 1500/557/425
f 2036/562/430 2037/2140/1843 2415/2141/1844 2416/563/431
f 1322/2142/1845 1323/2143/1846 1503/1074/910 1502/1598/1355
f 1504/571/439 1503/1074/910 1323/2143/1846 1324/2144/1847
f 1505/572/440 1504/571/439 1324/2144/1847 1325/2145/1848
f 1506/1681/1429 1505/572/440 1325/2145/1848 1326/2146/1849
f 1507/655/523 1506/1681/1429 1326/2146/1849 1327/2147/1850
f 1508/656/524 1507/655/523 1327/2147/1850 1328/2148/1851
f 1509/1277/1061 1508/656/524 1328/2148/1851 1329/2149/1852
f 1510/1775/1515 1509/1277/1061 1329/2149/1852 1330/2150/1853
f 1330/2150/1853 1331/2151/1854 1511/1537/1301 1510/1775/1515
f 1512/1403/1177 1511/1537/1301 1331/2151/1854 1332/2152/1855
f 1513/1404/1178 1512/1403/1177 1332/2152/1855 1333/2153/1856
f 1514/1883/1615 1513/1404/1178 1333/2153/1856 1334/2154/1857
f 1515/579/447 1514/1883/1615 1334/2154/1857 1335/2155/1858
f 1516/580/448 1515/579/447 1335/2155/1858 1336/2156/1859
f 1517/1495/1262 1516/580/448 1336/2156/1859 1337/2157/1860
f 1518/1915/449 1517/1495/1262 1337/2157/1860 1338/2158/1861
f 1338/2159/1861 1339/2160/1862 1519/582/450 1518/581/449
f 1339/2161/1862 1340/2162/1863 1520/1499/1266 1519/1918/450
f 1521/575/443 1520/1499/1266 1340/2162/1863 1341/2163/1864
f 1522/576/444 1521/575/443 1341/2163/1864 1342/2164/1865
f 1523/1887/1619 1522/576/444 1342/2164/1865 1343/2165/1866
f 1524/1395/1169 1523/1887/1619 1343/2165/1866 1344/2166/1867
f 1525/1396/1170 1524/1395/1169 1344/2166/1867 1345/2167/1868
f 1526/1533/1297 1525/1396/1170 1345/2167/1868 1346/2168/1869
f 1527/1778/1518 1526/1533/1297 1346/2168/1869 1347/2169/1870
f 1347/2169/1870 1348/2170/1871 1528/1281/1065 1527/1778/1518
f 1529/663/531 1528/1281/1065 1348/2170/1871 1349/2171/1872
f 1530/664/532 1529/663/531 1349/2171/1872 1350/2172/1873
f 1531/1685/1433 1530/664/532 1350/2172/1873 1351/2173/1874
f 1532/567/435 1531/1685/1433 1351/2173/1874 1352/2174/1875
f 1533/568/436 1532/567/435 1352/2174/1875 1353/2175/1876
f 1534/1070/906 1533/568/436 1353/2175/1876 1354/2176/1877
f 1499/1595/1352 1534/1070/906 1354/2176/1877 1319/2177/1878
f 1536/1937/1654 1535/1936/1653 1323/2143/1846 1322/2142/1845
f 2037/2140/1843 2038/1930/1647 2414/1933/1650 2415/2141/1844
f 1538/1929/1646 1537/1928/1645 1321/2139/1842 1320/2138/1841
f 2426/2136/1839 2427/1922/1639 2025/1925/1642 2026/2137/1840
f 1319/2177/1878 1354/2176/1877 1540/2002/1715 1539/2004/1717
f 1354/2176/1877 1353/2175/1876 1541/2000/1713 1540/2002/1715
f 1353/2175/1876 1352/2174/1875 1542/1998/1711 1541/2000/1713
f 1352/2174/1875 1351/2173/1874 1543/1996/1709 1542/1998/1711
f 1351/2173/1874 1350/2172/1873 1544/1994/1707 1543/1996/1709
f 1350/2172/1873 1349/2171/1872 1545/1992/1705 1544/1994/1707
f 1349/2171/1872 1348/2170/1871 1546/1991/1704 1545/1992/1705
f 1547/1988/1701 1546/1991/1704 1348/2170/1871 1347/2169/1870
f 1347/2169/1870 1346/2168/1869 1548/1986/1699 1547/1988/1701
f 1346/2168/1869 1345/2167/1868 1549/1984/1697 1548/1986/1699
f 1345/2167/1868 1344/2166/1867 1550/1982/1695 1549/1984/1697
f 1344/2166/1867 1343/2165/1866 1551/1980/1693 1550/1982/1695
f 1343/2165/1866 1342/2164/1865 1552/1978/1691 1551/1980/1693
f 1342/2164/1865 1341/2163/1864 1553/1976/1689 1552/1978/1691
f 1341/2163/1864 1340/2162/1863 1554/1974/1688 1553/1976/1689
f 1555/1975/1686 1554/1974/1688 1340/2162/1863 1339/2161/1862
f 1556/1971/1683 1555/1970/1686 1339/2160/1862 1338/2159/1861
f 1338/2158/1861 1337/2157/1860 1557/1964/1681 1556/1966/1683
f 1337/2157/1860 1336/2156/1859 1558/1962/1679 1557/1964/1681
f 1336/2156/1859 1335/2155/1858 1559/1960/1677 1558/1962/1679
f 1335/2155/1858 1334/2154/1857 1560/1958/1675 1559/1960/1677
f 1334/2154/1857 1333/2153/1856 1561/1956/1673 1560/1958/1675
f 1333/2153/1856 1332/2152/1855 1562/1954/1671 1561/1956/1673
f 1332/2152/1855 1331/2151/1854 1563/1953/1670 1562/1954/1671
f 1564/1950/1667 1563/1953/1670 1331/2151/1854 1330/2150/1853
f 1330/2150/1853 1329/2149/1852 1565/1948/1665 1564/1950/1667
f 1329/2149/1852 1328/2148/1851 1566/1946/1663 1565/1948/1665
f 1328/2148/1851 1327/2147/1850 1567/1944/1661 1566/1946/1663
f 1327/2147/1850 1326/2146/1849 1568/1942/1659 1567/1944/1661
f 1326/2146/1849 1325/2145/1848 1569/1940/1657 1568/1942/1659
f 1325/2145/1848 1324/2144/1847 1570/1938/1655 1569/1940/1657
f 1324/2144/1847 1323/2143/1846 1535/1936/1653 1570/1938/1655
f 1061/2178/527 1572/2095/1800 1571/2094/1799 319/2179/1431
f 657/2180/526 1573/2096/1801 1572/2095/1800 1061/2178/527
f 1095/2181/1063 1574/2097/1802 1573/2096/1801 657/2180/526
f 1575/2098/1803 1574/2097/1802 1095/2181/1063 295/2182/1516
f 1170/2183/1298 1576/2099/1804 1575/2098/1803 295/2182/1516
f 816/2184/1173 1577/2100/1805 1576/2099/1804 1170/2183/1298
f 1219/2185/1172 1578/2101/1806 1577/2100/1805 816/2184/1173
f 732/2186/1617 1579/2102/1807 1578/2101/1806 1219/2185/1172
f 1254/2187/405 1580/2103/1808 1579/2102/1807 732/2186/1617
f 788/2188/404 1581/2104/1809 1580/2103/1808 1254/2187/405
f 1310/2189/1264 1582/2105/1810 1581/2104/1809 788/2188/404
f 1583/2106/1811 1582/2105/1810 1310/2189/1264 297/2190/1637
f 1584/2108/1812 1583/2107/1811 297/1916/1637 298/1917/1638
f 1309/2191/1263 1585/2110/1813 1584/2109/1812 298/2192/1638
f 787/2193/403 1586/2111/1814 1585/2110/1813 1309/2191/1263
f 1255/2194/406 1587/2112/1815 1586/2111/1814 787/2193/403
f 733/2195/1616 1588/2113/1816 1587/2112/1815 1255/2194/406
f 1218/2196/1171 1589/2114/1817 1588/2113/1816 733/2195/1616
f 817/2197/1174 1590/2115/1818 1589/2114/1817 1218/2196/1171
f 1171/2198/1299 1591/2116/1819 1590/2115/1818 817/2197/1174
f 1592/2117/1820 1591/2116/1819 1171/2198/1299 296/2199/1517
f 1094/2200/1062 1593/2118/1821 1592/2117/1820 296/2199/1517
f 656/2201/525 1594/2119/1822 1593/2118/1821 1094/2200/1062
f 1062/2202/528 1595/2120/1823 1594/2119/1822 656/2201/525
f 318/2203/1430 1596/2121/1824 1595/2120/1823 1062/2202/528
f 938/2204/393 1597/2122/1825 1596/2121/1824 318/2203/1430
f 498/2205/396 1598/2123/1826 1597/2122/1825 938/2204/393
f 866/2206/908 1599/2124/1827 1598/2123/1826 498/2205/396
f 1600/2125/1828 1599/2124/1827 866/2206/908 294/2207/1354
f 2032/2208/390 2033/2126/1829 2419/2127/1830 2420/2209/387
f 1602/2129/1832 1601/2128/1831 293/2210/1879 292/2211/1880
f 2421/2212/388 2422/2130/1833 2030/2131/1834 2031/2213/389
f 865/2214/907 1604/2133/1836 1603/2132/1835 291/2215/1353
f 497/2216/395 1605/2134/1837 1604/2133/1836 865/2214/907
f 939/2217/394 1606/2135/1838 1605/2134/1837 497/2216/395
f 319/2179/1431 1571/2094/1799 1606/2135/1838 939/2217/394
f 1809/2218/1881 1810/2219/1882 1647/2220/1883 1648/2221/1884
f 1648/2221/1884 1649/2222/1885 1808/2223/1886 1809/2218/1881
f 1807/2224/1887 1808/2223/1886 1649/2222/1885 1650/2225/1888
f 1846/2226/1889 1807/2227/1887 1650/2228/1888 1651/2229/1890
f 1845/2230/1891 1846/2226/1889 1651/2229/1890 1652/2231/1892
f 1844/2232/1893 1845/2230/1891 1652/2231/1892 1653/2233/1894
f 1843/2234/1895 1844/2232/1893 1653/2233/1894 1654/2235/1896
f 1842/2236/1897 1843/2234/1895 1654/2235/1896 1655/2237/1898
f 1841/2238/1899 1842/2236/1897 1655/2237/1898 1656/2239/1900
f 1840/2240/1901 1841/2238/1899 1656/2239/1900 1657/2241/1902
f 1839/2242/1903 1840/2240/1901 1657/2241/1902 1658/2243/1904
f 1838/2244/1905 1839/2242/1903 1658/2243/1904 1659/2245/1906
f 1837/2246/1907 1838/2244/1905 1659/2245/1906 1660/2247/1908
f 1836/2248/1909 1837/2246/1907 1660/2247/1908 1661/2249/1910
f 1835/2250/1911 1836/2248/1909 1661/2249/1910 1662/2251/1912
f 1834/2252/1913 1835/2250/1911 1662/2251/1912 1663/2253/1914
f 1833/2254/1915 1834/2252/1913 1663/2253/1914 1664/2255/1916
f 1832/2256/1917 1833/2257/1915 1664/2258/1916 1665/2259/1918
f 1831/2260/1919 1832/2256/1917 1665/2259/1918 1666/2261/1920
f 1666/2261/1920 1667/2262/1921 1830/2263/1922 1831/2260/1919
f 1667/2262/1921 1668/2264/1923 1829/2265/1924 1830/2263/1922
f 1668/2264/1923 1669/2266/1925 1828/2267/1926 1829/2265/1924
f 1669/2268/1925 1670/2269/1927 1827/2270/1928 1828/2271/1926
f 1670/2269/1927 1671/2272/1929 1826/2273/1930 1827/2270/1928
f 1671/2272/1929 1672/2274/1931 1825/2275/1932 1826/2273/1930
f 1672/2274/1931 1673/2276/1933 1824/2277/1934 1825/2275/1932
f 1673/2276/1933 1674/2278/1935 1823/2279/1936 1824/2277/1934
f 1674/2278/1935 1675/2280/1937 1822/2281/1938 1823/2279/1936
f 1675/2280/1937 1676/2282/1939 1821/2283/1940 1822/2281/1938
f 1676/2282/1939 1677/2284/1941 1820/2285/1942 1821/2283/1940
f 1677/2284/1941 1678/2286/1943 1819/2287/1944 1820/2285/1942
f 1678/2286/1943 1679/2288/1945 1818/2289/1946 1819/2287/1944
f 1679/2288/1945 1680/2290/1947 1817/2291/1948 1818/2289/1946
f 1680/2290/1947 1681/2292/1949 1816/2293/1950 1817/2291/1948
f 1681/2292/1949 1682/2294/1951 1815/2295/1952 1816/2293/1950
f 1682/2294/1951 1683/2296/1953 1814/2297/1954 1815/2295/1952
f 1683/2298/1953 1684/2299/1955 1813/2300/1956 1814/2301/1954
f 2159/2302/1957 2160/2303/1958 2660/2304/1959 2661/2305/1960
f 1685/2306/1961 1686/2307/1962 1811/2308/1963 1812/2309/1964
f 2670/2310/1965 2671/2311/1966 2149/2312/1967 2150/2313/1968
f 1648/2221/1884 1647/2220/1883 1847/2314/1969 1848/2315/1970
f 1848/2315/1970 1849/2316/1971 1649/2222/1885 1648/2221/1884
f 1650/2225/1888 1649/2222/1885 1849/2316/1971 1850/2317/1972
f 1651/2229/1890 1650/2228/1888 1850/2318/1972 1851/2319/1973
f 1652/2231/1892 1651/2229/1890 1851/2319/1973 1852/2320/1974
f 1653/2233/1894 1652/2231/1892 1852/2320/1974 1853/2321/1975
f 1654/2235/1896 1653/2233/1894 1853/2321/1975 1854/2322/1976
f 1655/2237/1898 1654/2235/1896 1854/2322/1976 1855/2323/1977
f 1656/2239/1900 1655/2237/1898 1855/2323/1977 1856/2324/1978
f 1657/2241/1902 1656/2239/1900 1856/2324/1978 1857/2325/1979
f 1658/2243/1904 1657/2241/1902 1857/2325/1979 1858/2326/1980
f 1659/2245/1906 1658/2243/1904 1858/2326/1980 1859/2327/1981
f 1660/2247/1908 1659/2245/1906 1859/2327/1981 1860/2328/1982
f 1661/2249/1910 1660/2247/1908 1860/2328/1982 1861/2329/1983
f 1662/2251/1912 1661/2249/1910 1861/2329/1983 1862/2330/1984
f 1663/2253/1914 1662/2251/1912 1862/2330/1984 1863/2331/1985
f 1664/2255/1916 1663/2253/1914 1863/2331/1985 1864/2332/1986
f 1665/2259/1918 1664/2258/1916 1864/2333/1986 1865/2334/1987
f 1666/2261/1920 1665/2259/1918 1865/2334/1987 1866/2335/1988
f 1866/2335/1988 1867/2336/1989 1667/2262/1921 1666/2261/1920
f 1867/2336/1989 1868/2337/1990 1668/2264/1923 1667/2262/1921
f 1868/2337/1990 1869/2338/1991 1669/2266/1925 1668/2264/1923
f 1869/2339/1991 1870/2340/1992 1670/2269/1927 1669/2268/1925
f 1870/2340/1992 1871/2341/1993 1671/2272/1929 1670/2269/1927
f 1871/2341/1993 1872/2342/1994 1672/2274/1931 1671/2272/1929
f 1872/2342/1994 1873/2343/1995 1673/2276/1933 1672/2274/1931
f 1873/2343/1995 1874/2344/1996 1674/2278/1935 1673/2276/1933
f 1874/2344/1996 1875/2345/1997 1675/2280/1937 1674/2278/1935
f 1875/2345/1997 1876/2346/1998 1676/2282/1939 1675/2280/1937
f 1876/2346/1998 1877/2347/1999 1677/2284/1941 1676/2282/1939
f 1877/2347/1999 1878/2348/2000 1678/2286/1943 1677/2284/1941
f 1878/2348/2000 1879/2349/2001 1679/2288/1945 1678/2286/1943
f 1879/2349/2001 1880/2350/2002 1680/2290/1947 1679/2288/1945
f 1880/2350/2002 1881/2351/2003 1681/2292/1949 1680/2290/1947
f 1881/2351/2003 1882/2352/2004 1682/2294/1951 1681/2292/1949
f 1882/2352/2004 1883/2353/2005 1683/2296/1953 1682/2294/1951
f 1883/2354/2005 1884/2355/2006 1684/2299/1955 1683/2298/1953
f 2160/2303/1958 2161/2356/2007 2659/2357/2008 2660/2304/1959
f 1885/2358/2009 1886/2359/2010 1686/2307/1962 1685/2306/1961
f 2671/2311/1966 2672/2360/2011 2148/2361/2012 2149/2312/1967
f 1767/2362/2013 1768/2363/2014 1688/889/757 1687/1158/978
f 1768/2363/2014 1769/2364/2015 1689/601/469 1688/889/757
f 1769/2364/2015 1770/2365/2016 1690/602/470 1689/601/469
f 1770/2365/2016 1771/2366/2017 1691/1013/851 1690/602/470
f 1771/2366/2017 1772/2367/2018 1692/731/599 1691/1013/851
f 1772/2367/2018 1773/2368/2019 1693/732/600 1692/731/599
f 1773/2368/2019 1774/2369/2020 1694/849/717 1693/732/600
f 1774/2370/2020 1775/2371/2021 1695/417/287 1694/983/717
f 1696/418/288 1695/417/287 1775/2371/2021 1776/2372/2022
f 1776/2372/2022 1777/2373/2023 1697/469/337 1696/418/288
f 2666/2374/2024 2667/427/297 2153/430/300 2154/2375/2025
f 1699/426/296 1698/425/295 1778/2376/2026 1779/2377/2027
f 2155/2378/2028 2156/419/289 2664/422/292 2665/2379/2029
f 1701/980/714 1700/979/842 1780/2380/2030 1781/2381/2031
f 1702/725/593 1701/846/714 1781/2382/2031 1782/2383/2032
f 1703/726/594 1702/725/593 1782/2383/2032 1783/2384/2033
f 1704/1018/856 1703/726/594 1783/2384/2033 1784/2385/2034
f 1705/595/463 1704/1018/856 1784/2385/2034 1785/2386/2035
f 1706/596/464 1705/595/463 1785/2386/2035 1786/2387/2036
f 1707/894/762 1706/596/464 1786/2387/2036 1787/2388/2037
f 1708/1163/983 1707/894/762 1787/2388/2037 1788/2389/2038
f 1709/910/778 1708/1163/983 1788/2389/2038 1789/2390/2039
f 1710/789/657 1709/910/778 1789/2390/2039 1790/2391/2040
f 1711/790/658 1710/789/657 1790/2391/2040 1791/2392/2041
f 1712/1181/1001 1711/790/658 1791/2392/2041 1792/2393/2042
f 1713/509/377 1712/1181/1001 1792/2393/2042 1793/2394/2043
f 1714/510/378 1713/509/377 1793/2394/2043 1794/2395/2044
f 1715/958/826 1714/510/378 1794/2395/2044 1795/2396/2045
f 1716/546/414 1715/1239/826 1795/2397/2045 1796/2398/2046
f 1717/463/331 1716/546/414 1796/2398/2046 1797/2399/2047
f 1718/464/332 1717/463/331 1797/2399/2047 1798/2400/2048
f 1798/2400/2048 1799/2401/2049 1719/551/419 1718/464/332
f 1799/2401/2049 1800/2402/2050 1720/1234/821 1719/551/419
f 1800/2403/2050 1801/2404/2051 1721/515/383 1720/953/821
f 1801/2404/2051 1802/2405/2052 1722/516/384 1721/515/383
f 1802/2405/2052 1803/2406/2053 1723/1176/996 1722/516/384
f 1803/2406/2053 1804/2407/2054 1724/795/663 1723/1176/996
f 1804/2407/2054 1805/2408/2055 1725/796/664 1724/795/663
f 1805/2408/2055 1806/2409/2056 1726/913/781 1725/796/664
f 1806/2409/2056 1767/2362/2013 1687/1158/978 1726/913/781
f 1728/415/285 1727/470/338 1607/2410/2057 1608/2411/2058
f 1608/2411/2058 1609/2412/2059 1729/416/286 1728/415/285
f 1730/984/718 1729/416/286 1609/2412/2059 1610/2413/2060
f 1731/733/601 1730/850/718 1610/2414/2060 1611/2415/2061
f 1732/734/602 1731/733/601 1611/2415/2061 1612/2416/2062
f 1733/1014/852 1732/734/602 1612/2416/2062 1613/2417/2063
f 1734/603/471 1733/1014/852 1613/2417/2063 1614/2418/2064
f 1735/604/472 1734/603/471 1614/2418/2064 1615/2419/2065
f 1736/890/758 1735/604/472 1615/2419/2065 1616/2420/2066
f 1737/1159/979 1736/890/758 1616/2420/2066 1617/2421/2067
f 1738/914/782 1737/1159/979 1617/2421/2067 1618/2422/2068
f 1739/797/665 1738/914/782 1618/2422/2068 1619/2423/2069
f 1740/798/666 1739/797/665 1619/2423/2069 1620/2424/2070
f 1741/1177/997 1740/798/666 1620/2424/2070 1621/2425/2071
f 1742/517/385 1741/1177/997 1621/2425/2071 1622/2426/2072
f 1743/518/386 1742/517/385 1622/2426/2072 1623/2427/2073
f 1744/954/822 1743/518/386 1623/2427/2073 1624/2428/2074
f 1745/552/420 1744/1235/822 1624/2429/2074 1625/2430/2075
f 1746/461/329 1745/552/420 1625/2430/2075 1626/2431/2076
f 1626/2431/2076 1627/2432/2077 1747/462/330 1746/461/329
f 1627/2432/2077 1628/2433/2078 1748/545/413 1747/462/330
f 1628/2433/2078 1629/2434/2079 1749/1238/825 1748/545/413
f 1629/2435/2079 1630/2436/2080 1750/507/375 1749/957/825
f 1630/2436/2080 1631/2437/2081 1751/508/376 1750/507/375
f 1631/2437/2081 1632/2438/2082 1752/1180/1000 1751/508/376
f 1632/2438/2082 1633/2439/2083 1753/787/655 1752/1180/1000
f 1633/2439/2083 1634/2440/2084 1754/788/656 1753/787/655
f 1634/2440/2084 1635/2441/2085 1755/909/777 1754/788/656
f 1635/2441/2085 1636/2442/2086 1756/1162/982 1755/909/777
f 1636/2442/2086 1637/2443/2087 1757/893/761 1756/1162/982
f 1637/2443/2087 1638/2444/2088 1758/593/461 1757/893/761
f 1638/2444/2088 1639/2445/2089 1759/594/462 1758/593/461
f 1639/2445/2089 1640/2446/2090 1760/1017/855 1759/594/462
f 1640/2446/2090 1641/2447/2091 1761/723/591 1760/1017/855
f 1641/2447/2091 1642/2448/2092 1762/724/592 1761/723/591
f 1642/2448/2092 1643/2449/2093 1763/845/713 1762/724/592
f 1643/2450/2093 1644/2451/2094 1764/978/841 1763/977/713
f 2157/420/290 2158/2452/2095 2662/2453/2096 2663/421/291
f 1645/2454/2097 1646/2455/2098 1766/424/294 1765/423/293
f 2668/428/298 2669/2456/2099 2151/2457/2100 2152/429/299
f 547/891/759 1768/2363/2014 1767/2362/2013 303/1160/980
f 391/599/467 1769/2364/2015 1768/2363/2014 547/891/759
f 466/598/466 1770/2365/2016 1769/2364/2015 391/599/467
f 338/1015/853 1771/2366/2017 1770/2365/2016 466/598/466
f 447/729/597 1772/2367/2018 1771/2366/2017 338/1015/853
f 370/728/596 1773/2368/2019 1772/2367/2018 447/729/597
f 434/848/716 1774/2369/2020 1773/2368/2019 370/728/596
f 265/468/336 1775/2371/2021 1774/2370/2020 434/981/716
f 1776/2372/2022 1775/2371/2021 265/468/336 266/467/335
f 253/466/334 1777/2373/2023 1776/2372/2022 266/467/335
f 253/466/334 2666/2374/2024 2154/2375/2025
f 1779/2377/2027 1778/2376/2026 253/466/334 254/2458/333
f 254/2458/333 2155/2378/2028 2665/2379/2029
f 1781/2381/2031 1780/2380/2030 254/2459/333 433/2460/715
f 1782/2383/2032 1781/2382/2031 433/847/715 369/727/595
f 1783/2384/2033 1782/2383/2032 369/727/595 448/730/598
f 1784/2385/2034 1783/2384/2033 448/730/598 337/1016/854
f 1785/2386/2035 1784/2385/2034 337/1016/854 465/597/465
f 1786/2387/2036 1785/2386/2035 465/597/465 392/600/468
f 1787/2388/2037 1786/2387/2036 392/600/468 548/892/760
f 1788/2389/2038 1787/2388/2037 548/892/760 302/1161/981
f 1789/2390/2039 1788/2389/2038 302/1161/981 560/911/779
f 1790/2391/2040 1789/2390/2039 560/911/779 401/791/659
f 1791/2392/2041 1790/2391/2040 401/791/659 578/794/662
f 1792/2393/2042 1791/2392/2041 578/794/662 353/1179/999
f 1793/2394/2043 1792/2393/2042 353/1179/999 600/511/379
f 1794/2395/2044 1793/2394/2043 600/511/379 424/514/382
f 1795/2396/2045 1794/2395/2044 424/514/382 628/956/824
f 1796/2398/2046 1795/2397/2045 628/1236/824 277/547/415
f 1797/2399/2047 1796/2398/2046 277/547/415 289/550/418
f 1798/2400/2048 1797/2399/2047 289/550/418 290/549/417
f 278/548/416 1799/2401/2049 1798/2400/2048 290/549/417
f 627/1237/823 1800/2402/2050 1799/2401/2049 278/548/416
f 423/513/381 1801/2404/2051 1800/2403/2050 627/955/823
f 601/512/380 1802/2405/2052 1801/2404/2051 423/513/381
f 354/1178/998 1803/2406/2053 1802/2405/2052 601/512/380
f 577/793/661 1804/2407/2054 1803/2406/2053 354/1178/998
f 402/792/660 1805/2408/2055 1804/2407/2054 577/793/661
f 561/912/780 1806/2409/2056 1805/2408/2055 402/792/660
f 303/1160/980 1767/2362/2013 1806/2409/2056 561/912/780
f 1610/2413/2060 1609/2412/2059 1808/2223/1886 1807/2224/1887
f 1809/2218/1881 1808/2223/1886 1609/2412/2059 1608/2411/2058
f 1608/2411/2058 1607/2410/2057 1810/2219/1882 1809/2218/1881
f 2669/2456/2099 2670/2310/1965 2150/2313/1968 2151/2457/2100
f 1812/2309/1964 1811/2308/1963 1646/2455/2098 1645/2454/2097
f 2158/2452/2095 2159/2302/1957 2661/2305/1960 2662/2453/2096
f 1814/2301/1954 1813/2300/1956 1644/2451/2094 1643/2450/2093
f 1815/2295/1952 1814/2297/1954 1643/2449/2093 1642/2448/2092
f 1816/2293/1950 1815/2295/1952 1642/2448/2092 1641/2447/2091
f 1817/2291/1948 1816/2293/1950 1641/2447/2091 1640/2446/2090
f 1818/2289/1946 1817/2291/1948 1640/2446/2090 1639/2445/2089
f 1819/2287/1944 1818/2289/1946 1639/2445/2089 1638/2444/2088
f 1820/2285/1942 1819/2287/1944 1638/2444/2088 1637/2443/2087
f 1821/2283/1940 1820/2285/1942 1637/2443/2087 1636/2442/2086
f 1822/2281/1938 1821/2283/1940 1636/2442/2086 1635/2441/2085
f 1823/2279/1936 1822/2281/1938 1635/2441/2085 1634/2440/2084
f 1824/2277/1934 1823/2279/1936 1634/2440/2084 1633/2439/2083
f 1825/2275/1932 1824/2277/1934 1633/2439/2083 1632/2438/2082
f 1826/2273/1930 1825/2275/1932 1632/2438/2082 1631/2437/2081
f 1827/2270/1928 1826/2273/1930 1631/2437/2081 1630/2436/2080
f 1828/2271/1926 1827/2270/1928 1630/2436/2080 1629/2435/2079
f 1829/2265/1924 1828/2267/1926 1629/2434/2079 1628/2433/2078
f 1830/2263/1922 1829/2265/1924 1628/2433/2078 1627/2432/2077
f 1831/2260/1919 1830/2263/1922 1627/2432/2077 1626/2431/2076
f 1626/2431/2076 1625/2430/2075 1832/2256/1917 1831/2260/1919
f 1625/2430/2075 1624/2429/2074 1833/2257/1915 1832/2256/1917
f 1624/2428/2074 1623/2427/2073 1834/2252/1913 1833/2254/1915
f 1623/2427/2073 1622/2426/2072 1835/2250/1911 1834/2252/1913
f 1622/2426/2072 1621/2425/2071 1836/2248/1909 1835/2250/1911
f 1621/2425/2071 1620/2424/2070 1837/2246/1907 1836/2248/1909
f 1620/2424/2070 1619/2423/2069 1838/2244/1905 1837/2246/1907
f 1619/2423/2069 1618/2422/2068 1839/2242/1903 1838/2244/1905
f 1618/2422/2068 1617/2421/2067 1840/2240/1901 1839/2242/1903
f 1617/2421/2067 1616/2420/2066 1841/2238/1899 1840/2240/1901
f 1616/2420/2066 1615/2419/2065 1842/2236/1897 1841/2238/1899
f 1615/2419/2065 1614/2418/2064 1843/2234/1895 1842/2236/1897
f 1614/2418/2064 1613/2417/2063 1844/2232/1893 1843/2234/1895
f 1613/2417/2063 1612/2416/2062 1845/2230/1891 1844/2232/1893
f 1612/2416/2062 1611/2415/2061 1846/2226/1889 1845/2230/1891
f 1611/2415/2061 1610/2414/2060 1807/2227/1887 1846/2226/1889
f 1848/2315/1970 1847/2314/1969 241/1842/1576 261/1841/1575
f 261/1841/1575 262/1839/1574 1849/2316/1971 1848/2315/1970
f 1850/2317/1972 1849/2316/1971 262/1839/1574 435/1840/1573
f 1851/2319/1973 1850/2318/1972 435/1838/1573 371/1837/1572
f 1852/2320/1974 1851/2319/1973 371/1837/1572 446/1836/1571
f 1853/2321/1975 1852/2320/1974 446/1836/1571 339/1835/1570
f 1854/2322/1976 1853/2321/1975 339/1835/1570 467/1834/1569
f 1855/2323/1977 1854/2322/1976 467/1834/1569 390/1833/1568
f 1856/2324/1978 1855/2323/1977 390/1833/1568 546/1832/1567
f 1857/2325/1979 1856/2324/1978 546/1832/1567 304/1831/1566
f 1858/2326/1980 1857/2325/1979 304/1831/1566 562/1830/1565
f 1859/2327/1981 1858/2326/1980 562/1830/1565 403/1829/1564
f 1860/2328/1982 1859/2327/1981 403/1829/1564 576/1828/1563
f 1861/2329/1983 1860/2328/1982 576/1828/1563 355/1827/1562
f 1862/2330/1984 1861/2329/1983 355/1827/1562 602/1826/1561
f 1863/2331/1985 1862/2330/1984 602/1826/1561 422/1824/1560
f 1864/2332/1986 1863/2331/1985 422/1824/1560 626/1825/1559
f 1865/2334/1987 1864/2333/1986 626/1823/1559 274/1822/1558
f 1866/2335/1988 1865/2334/1987 274/1822/1558 286/1821/1557
f 285/1820/1556 1867/2336/1989 1866/2335/1988 286/1821/1557
f 273/1819/1555 1868/2337/1990 1867/2336/1989 285/1820/1556
f 629/1818/1554 1869/2338/1991 1868/2337/1990 273/1819/1555
f 425/1816/1553 1870/2340/1992 1869/2339/1991 629/1817/1554
f 599/1815/1552 1871/2341/1993 1870/2340/1992 425/1816/1553
f 352/1814/1551 1872/2342/1994 1871/2341/1993 599/1815/1552
f 579/1813/1550 1873/2343/1995 1872/2342/1994 352/1814/1551
f 400/1812/1549 1874/2344/1996 1873/2343/1995 579/1813/1550
f 559/1811/1548 1875/2345/1997 1874/2344/1996 400/1812/1549
f 301/1810/1547 1876/2346/1998 1875/2345/1997 559/1811/1548
f 549/1809/1546 1877/2347/1999 1876/2346/1998 301/1810/1547
f 393/1808/1545 1878/2348/2000 1877/2347/1999 549/1809/1546
f 464/1807/1544 1879/2349/2001 1878/2348/2000 393/1808/1545
f 336/1806/1543 1880/2350/2002 1879/2349/2001 464/1807/1544
f 449/1805/1542 1881/2351/2003 1880/2350/2002 336/1806/1543
f 368/1803/1541 1882/2352/2004 1881/2351/2003 449/1805/1542
f 432/1804/1539 1883/2353/2005 1882/2352/2004 368/1803/1541
f 242/1802/1540 1884/2355/2006 1883/2354/2005 432/1801/1539
f 2161/2356/2007 2162/2461/2101 2658/2462/2102 2659/2357/2008
f 244/2463/2103 243/2464/2104 1886/2359/2010 1885/2358/2009
f 2672/2360/2011 2673/2465/2105 2147/2466/2106 2148/2361/2012
f 2589/2467/2107 2590/2468/2108 2185/2469/2109 2186/2470/2110
f 2634/2471/2111 2589/2467/2107 2186/2470/2110 2187/2472/2112
f 2633/2473/2113 2634/2471/2111 2187/2472/2112 2188/2474/2114
f 2632/2475/2115 2633/2473/2113 2188/2474/2114 2189/2476/2116
f 2631/2477/2117 2632/2475/2115 2189/2476/2116 2190/2478/2118
f 2630/2479/2119 2631/2477/2117 2190/2478/2118 2191/2480/2120
f 2629/2481/2121 2630/2479/2119 2191/2480/2120 2192/2482/2122
f 249/1909/1636 2629/2481/2121 2192/2482/2122
f 249/1909/1636 250/1908/1635 251/1907/322
f 250/1908/1635 2193/2483/2123 2628/2484/2124 251/1907/322
f 2193/2483/2123 2194/2485/2125 2627/2486/2126 2628/2484/2124
f 2194/2485/2125 2195/2487/2127 2626/2488/2128 2627/2486/2126
f 2195/2487/2127 2196/2489/2129 2625/2490/2130 2626/2488/2128
f 2196/2489/2129 2197/2491/2131 2624/2492/2132 2625/2490/2130
f 2197/2491/2131 2198/2493/2133 2623/2494/2134 2624/2492/2132
f 2198/2493/2133 2199/2495/2135 2622/2496/2136 2623/2494/2134
f 2199/2495/2135 2200/2497/2137 2621/2498/2138 2622/2496/2136
f 2615/2499/2139 2616/2500/2140 2457/2501/2141 2203/2502/2142
f 2612/2503/2143 2613/2504/2144 2204/2505/2145 2205/2506/2146
f 2611/2507/2147 2612/2503/2143 2205/2506/2146 2206/2508/2148
f 2610/2509/2149 2611/2507/2147 2206/2508/2148 2207/2510/2150
f 2609/2511/2151 2610/2509/2149 2207/2510/2150 2208/2512/2152
f 2608/2513/2153 2609/2511/2151 2208/2512/2152 2209/2514/2154
f 2607/2515/2155 2608/2513/2153 2209/2514/2154 2210/2516/2156
f 2606/2517/2157 2607/2515/2155 2210/2516/2156 2211/2518/2158
f 254/2458/333 2606/2517/2157 2211/2518/2158
f 253/466/334 2212/2519/2159 2605/2520/2160
f 2212/2519/2159 2213/2521/2161 2604/2522/2162 2605/2520/2160
f 2213/2521/2161 2214/2523/2163 2603/2524/2164 2604/2522/2162
f 2214/2523/2163 2215/2525/2165 2602/2526/2166 2603/2524/2164
f 2215/2525/2165 2216/2527/2167 2601/2528/2168 2602/2526/2166
f 2216/2527/2167 2217/2529/2169 2600/2530/2170 2601/2528/2168
f 2217/2529/2169 2218/2531/2171 2599/2532/2172 2600/2530/2170
f 2218/2531/2171 2219/2533/2173 2598/2534/2174 2599/2532/2172
f 2595/2535/2175 2596/2536/2176 2220/2537/2177 2460/2538/2178
f 2303/2539/2179 2304/2540/2180 2071/2541/2181 2072/2542/2182
f 2382/2543/2183 2303/2539/2179 2072/2542/2182 2073/2544/2184
f 2381/2545/2185 2382/2543/2183 2073/2544/2184 2074/2546/2186
f 2380/2547/2187 2381/2545/2185 2074/2546/2186 2075/2548/2188
f 2379/2549/2189 2380/2547/2187 2075/2548/2188 2076/2550/2190
f 2378/2551/2191 2379/2549/2189 2076/2550/2190 2077/2552/2192
f 2377/2553/2193 2378/2554/2191 2077/2555/2192 2078/2556/2194
f 2376/2557/2195 2377/2553/2193 2078/2556/2194 2079/2558/2196
f 2375/2559/2197 2376/2557/2195 2079/2558/2196 2080/2560/2198
f 2080/2561/2198 2081/2562/2199 2374/2563/2200 2375/2564/2197
f 2373/2565/2201 2374/2563/2200 2081/2562/2199 2082/2566/2202
f 2372/2567/2203 2373/2568/2201 2082/2569/2202 2083/2570/2204
f 2371/2571/2205 2372/2567/2203 2083/2570/2204 2084/2572/2206
f 2370/2573/2207 2371/2571/2205 2084/2572/2206 2085/2574/2208
f 2369/2575/2209 2370/2573/2207 2085/2574/2208 2086/2576/2210
f 2368/2577/2211 2369/2575/2209 2086/2576/2210 2087/2578/2212
f 2367/2579/2213 2368/2577/2211 2087/2578/2212 2088/2580/2214
f 2366/2581/2215 2367/2579/2213 2088/2580/2214 2089/2582/2216
f 2365/2583/2217 2366/2581/2215 2089/2582/2216 2090/2584/2218
f 2364/2585/2219 2365/2583/2217 2090/2584/2218 2091/2586/2220
f 2363/2587/2221 2364/2585/2219 2091/2586/2220 2092/2588/2222
f 2362/2589/2223 2363/2587/2221 2092/2588/2222 2093/2590/2224
f 2361/2591/2225 2362/2589/2223 2093/2590/2224 2094/2592/2226
f 2360/2593/2227 2361/2591/2225 2094/2592/2226 2095/2594/2228
f 2359/2595/2229 2360/2593/2227 2095/2594/2228 2096/2596/2230
f 2358/2597/2231 2359/2598/2229 2096/2599/2230 2097/2600/2232
f 2357/2601/2233 2358/2597/2231 2097/2600/2232 2098/2602/2234
f 2098/2602/2234 2099/2603/2235 2356/2604/2236 2357/2601/2233
f 2355/2605/2237 2356/2604/2236 2099/2603/2235 2100/2606/2238
f 2354/2607/2239 2355/2605/2237 2100/2606/2238 2101/2608/2240
f 2353/2609/2241 2354/2607/2239 2101/2608/2240 2102/2610/2242
f 2352/2611/2243 2353/2609/2241 2102/2610/2242 2103/2612/2244
f 2351/2613/2245 2352/2611/2243 2103/2612/2244 2104/2614/2246
f 2350/2615/2247 2351/2613/2245 2104/2614/2246 2105/2616/2248
f 2349/2617/2249 2350/2615/2247 2105/2616/2248 2106/2618/2250
f 2348/2619/2251 2349/2617/2249 2106/2618/2250 2107/2620/2252
f 2347/2621/2253 2348/2619/2251 2107/2620/2252 2108/2622/2254
f 2108/2623/2254 2109/2624/2255 2346/2625/2256 2347/2626/2253
f 2109/2627/2255 2110/2628/2257 2345/2629/2258 2346/2630/2256
f 2110/2628/2257 2111/2631/2259 2344/2632/2260 2345/2629/2258
f 2111/2631/2259 2112/2633/2261 2343/2634/2262 2344/2632/2260
f 2112/2633/2261 2113/2635/2263 2342/2636/2264 2343/2634/2262
f 2113/2635/2263 2114/2637/2265 2341/2638/2266 2342/2636/2264
f 2114/2637/2265 2115/2639/2267 2340/2640/2268 2341/2638/2266
f 2115/2639/2267 2116/2641/2269 2339/2642/2270 2340/2640/2268
f 2116/2641/2269 2117/2643/2271 2338/2644/2272 2339/2642/2270
f 2117/2643/2271 2118/2645/2273 2337/2646/2274 2338/2644/2272
f 2118/2647/2273 2119/2648/2275 2336/2649/2276 2337/2650/2274
f 2119/2648/2275 2120/2651/2277 2335/2652/2278 2336/2649/2276
f 2120/2651/2277 2121/2653/2279 2334/2654/2280 2335/2652/2278
f 2121/2653/2279 2122/2655/2281 2333/2656/2282 2334/2654/2280
f 2122/2655/2281 2123/2657/2283 2332/2658/2284 2333/2656/2282
f 2123/2657/2283 2124/2659/2285 2331/2660/2286 2332/2658/2284
f 2124/2659/2285 2125/2661/2287 2330/2662/2288 2331/2660/2286
f 2125/2661/2287 2126/2663/2289 2329/2664/2290 2330/2662/2288
f 2126/2663/2289 2127/2665/2291 2328/2666/2292 2329/2664/2290
f 2127/2665/2291 2128/2667/2293 2327/2668/2294 2328/2666/2292
f 2128/2667/2293 2129/2669/2295 2326/2670/2296 2327/2668/2294
f 2129/2669/2295 2130/2671/2297 2325/2672/2298 2326/2670/2296
f 2130/2671/2297 2131/2673/2299 2324/2674/2300 2325/2672/2298
f 2131/2673/2299 2132/2675/2301 2323/2676/2302 2324/2674/2300
f 2132/2675/2301 2133/2677/2303 2322/2678/2304 2323/2676/2302
f 2133/2677/2303 2134/2679/2305 2321/2680/2306 2322/2678/2304
f 2134/2681/2305 2135/2682/2307 2320/2683/2308 2321/2684/2306
f 2135/2682/2307 2136/2685/2309 2319/2686/2310 2320/2683/2308
f 2136/2685/2309 2137/2687/2311 2318/2688/2312 2319/2686/2310
f 2137/2687/2311 2138/2689/2313 2317/2690/2314 2318/2688/2312
f 2138/2689/2313 2139/2691/2315 2316/2692/2316 2317/2690/2314
f 2139/2691/2315 2140/2693/2317 2315/2694/2318 2316/2692/2316
f 2140/2693/2317 2141/2695/2319 2314/2696/2320 2315/2694/2318
f 2141/2695/2319 2142/2697/2321 2313/2698/2322 2314/2696/2320
f 2652/2699/2323 2653/2700/2324 2312/2701/2325 2165/2702/2326
f 2618/2703/2327 2619/2704/2328 2201/2705/2329 2310/2706/2330
f 2308/2707/2331 2309/2708/2332 2144/2709/2333 2145/2710/2334
f 2592/2711/2335 2593/2712/2336 2307/2713/2337 2222/2714/2338
f 2182/2715/2339 2305/2716/2340 2678/2717/2341 2679/2718/2342
f 2463/2719/2343 2464/2720/2344 1996/372/242 1995/371/241
f 2614/2721/2345 2615/2499/2139 2203/2502/2142 2465/2722/2346
f 2656/378/248 2657/2723/2347 2467/2724/2348 2163/375/245
f 1999/1302/1084 1998/1800/1538 2468/2725/2349 2469/2726/2350
f 2000/675/543 1999/1302/1084 2469/2726/2350 2470/2727/2351
f 2001/676/544 2000/675/543 2470/2727/2351 2471/2728/2352
f 2002/1706/1452 2001/676/544 2471/2728/2352 2472/2729/2353
f 2003/389/259 2002/1706/1452 2472/2729/2353 2473/2730/2354
f 2004/390/260 2003/389/259 2473/2730/2354 2474/2731/2355
f 2005/1053/890 2004/390/260 2474/2731/2355 2475/2732/2356
f 2006/1574/836 2005/1053/890 2475/2732/2356 2476/2733/2357
f 2007/840/708 2006/968/836 2476/2734/2357 2477/2735/2358
f 2008/713/581 2007/840/708 2477/2735/2358 2478/2736/2359
f 2009/714/582 2008/713/581 2478/2736/2359 2479/2737/2360
f 2010/1024/862 2009/714/582 2479/2737/2360 2480/2738/2361
f 2011/587/455 2010/1024/862 2480/2738/2361 2481/2739/2362
f 2012/588/456 2011/587/455 2481/2739/2362 2482/2740/2363
f 2013/900/768 2012/588/456 2482/2740/2363 2483/2741/2364
f 2014/1170/990 2013/900/768 2483/2741/2364 2484/2742/2365
f 2015/904/772 2014/1170/990 2484/2742/2365 2485/2743/2366
f 2016/777/645 2015/904/772 2485/2743/2366 2486/2744/2367
f 2017/778/646 2016/777/645 2486/2744/2367 2487/2745/2368
f 2018/1188/1008 2017/778/646 2487/2745/2368 2488/2746/2369
f 2019/473/341 2018/1188/1008 2488/2746/2369 2489/2747/2370
f 2020/474/342 2019/473/341 2489/2747/2370 2490/2748/2371
f 2021/964/832 2020/474/342 2490/2748/2371 2491/2749/2372
f 2022/1246/1035 2021/964/832 2491/2749/2372 2492/2750/2373
f 2023/2007/1720 2022/2049/1035 2492/2751/2373 2493/2752/2374
f 2024/1924/1641 2023/2007/1720 2493/2752/2374 2494/2753/2375
f 2025/1925/1642 2024/1924/1641 2494/2753/2375 2495/2754/2376
f 2026/2137/1840 2025/1925/1642 2495/2754/2376 2496/2755/2377
f 2027/555/423 2026/2137/1840 2496/2755/2377 2497/2756/2378
f 2028/556/424 2027/555/423 2497/2756/2378 2498/2757/2379
f 2029/2089/1794 2028/556/424 2498/2757/2379 2499/2758/2380
f 2030/2131/1834 2029/2089/1794 2499/2758/2380 2500/2759/2381
f 2031/2213/389 2030/2131/1834 2500/2759/2381 2501/2760/2382
f 2032/522/390 2031/521/389 2501/2761/2382 2502/2762/2383
f 2502/2763/2383 2503/2764/2384 2033/2126/1829 2032/2208/390
f 2503/2764/2384 2504/2765/2385 2034/2084/1789 2033/2126/1829
f 2504/2765/2385 2505/2766/2386 2035/561/429 2034/2084/1789
f 2505/2766/2386 2506/2767/2387 2036/562/430 2035/561/429
f 2506/2767/2387 2507/2768/2388 2037/2140/1843 2036/562/430
f 2507/2768/2388 2508/2769/2389 2038/1930/1647 2037/2140/1843
f 2508/2769/2389 2509/2770/2390 2039/1931/1648 2038/1930/1647
f 2509/2770/2390 2510/2771/2391 2040/2010/1723 2039/1931/1648
f 2510/2771/2391 2511/2772/2392 2041/433/303 2040/2010/1723
f 2042/434/304 2041/433/303 2511/2772/2392 2512/2773/2393
f 2512/2773/2393 2513/2774/2394 2043/523/391 2042/434/304
f 2513/2774/2394 2514/2775/2395 2044/1227/815 2043/523/391
f 2514/2776/2395 2515/2777/2396 2045/475/343 2044/947/815
f 2515/2777/2396 2516/2778/2397 2046/476/344 2045/475/343
f 2516/2778/2397 2517/2779/2398 2047/1205/1025 2046/476/344
f 2517/2779/2398 2518/2780/2399 2048/807/675 2047/1205/1025
f 2518/2780/2399 2519/2781/2400 2049/808/676 2048/807/675
f 2519/2781/2400 2520/2782/2401 2050/919/787 2049/808/676
f 2520/2782/2401 2521/2783/2402 2051/1151/971 2050/919/787
f 2521/2783/2402 2522/2784/2403 2052/883/751 2051/1151/971
f 2522/2784/2403 2523/2785/2404 2053/609/477 2052/883/751
f 2523/2785/2404 2524/2786/2405 2054/610/478 2053/609/477
f 2524/2786/2405 2525/2787/2406 2055/1039/877 2054/610/478
f 2525/2787/2406 2526/2788/2407 2056/743/611 2055/1039/877
f 2526/2788/2407 2527/2789/2408 2057/744/612 2056/743/611
f 2527/2789/2408 2528/2790/2409 2058/855/723 2057/744/612
f 2528/2791/2409 2529/2792/2410 2059/369/239 2058/989/723
f 2060/370/240 2059/369/239 2529/2792/2410 2530/2793/2411
f 2530/2794/2411 2531/2795/2412 2061/436/305 2060/435/240
f 2531/2795/2412 2532/2796/2413 2062/1101/930 2061/436/305
f 2532/2796/2413 2533/2797/2414 2063/1102/265 2062/1101/930
f 2533/2798/2414 2534/2799/2415 2064/396/266 2063/395/265
f 2534/2799/2415 2535/2800/2416 2065/1749/1491 2064/396/266
f 2535/2800/2416 2536/2801/2417 2066/707/575 2065/1749/1491
f 2536/2801/2417 2537/2802/2418 2067/708/576 2066/707/575
f 2537/2802/2418 2538/2803/2419 2068/1345/1123 2067/708/576
f 2538/2803/2419 2539/2804/2420 2069/1843/1577 2068/1345/1123
f 2540/2805/2421 2674/2806/2422 2675/379/249 2184/382/252
f 2596/2536/2176 2597/2807/2423 2542/2808/2424 2220/2537/2177
f 2072/2542/2182 2071/2541/2181 2223/2809/2425 2224/2810/2426
f 2073/2544/2184 2072/2542/2182 2224/2810/2426 2225/2811/2427
f 2074/2546/2186 2073/2544/2184 2225/2811/2427 2226/2812/2428
f 2075/2548/2188 2074/2546/2186 2226/2812/2428 2227/2813/2429
f 2076/2550/2190 2075/2548/2188 2227/2813/2429 2228/2814/2430
f 2077/2552/2192 2076/2550/2190 2228/2814/2430 2229/2815/2431
f 2078/2556/2194 2077/2555/2192 2229/2816/2431 2230/2817/2432
f 2079/2558/2196 2078/2556/2194 2230/2817/2432 2231/2818/2433
f 2080/2560/2198 2079/2558/2196 2231/2818/2433 2232/2819/2434
f 2232/2820/2434 2233/2821/2435 2081/2562/2199 2080/2561/2198
f 2082/2566/2202 2081/2562/2199 2233/2821/2435 2234/2822/2436
f 2083/2570/2204 2082/2569/2202 2234/2823/2436 2235/2824/2437
f 2084/2572/2206 2083/2570/2204 2235/2824/2437 2236/2825/2438
f 2085/2574/2208 2084/2572/2206 2236/2825/2438 2237/2826/2439
f 2086/2576/2210 2085/2574/2208 2237/2826/2439 2238/2827/2440
f 2087/2578/2212 2086/2576/2210 2238/2827/2440 2239/2828/2441
f 2088/2580/2214 2087/2578/2212 2239/2828/2441 2240/2829/2442
f 2089/2582/2216 2088/2580/2214 2240/2829/2442 2241/2830/2443
f 2090/2584/2218 2089/2582/2216 2241/2830/2443 2242/2831/2444
f 2091/2586/2220 2090/2584/2218 2242/2831/2444 2243/2832/2445
f 2092/2588/2222 2091/2586/2220 2243/2832/2445 2244/2833/2446
f 2093/2590/2224 2092/2588/2222 2244/2833/2446 2245/2834/2447
f 2094/2592/2226 2093/2590/2224 2245/2834/2447 2246/2835/2448
f 2095/2594/2228 2094/2592/2226 2246/2835/2448 2247/2836/2449
f 2096/2596/2230 2095/2594/2228 2247/2836/2449 2248/2837/2450
f 2097/2600/2232 2096/2599/2230 2248/2838/2450 2249/2839/2451
f 2098/2602/2234 2097/2600/2232 2249/2839/2451 2250/2840/2452
f 2250/2840/2452 2251/2841/2453 2099/2603/2235 2098/2602/2234
f 2100/2606/2238 2099/2603/2235 2251/2841/2453 2252/2842/2454
f 2101/2608/2240 2100/2606/2238 2252/2842/2454 2253/2843/2455
f 2102/2610/2242 2101/2608/2240 2253/2843/2455 2254/2844/2456
f 2103/2612/2244 2102/2610/2242 2254/2844/2456 2255/2845/2457
f 2104/2614/2246 2103/2612/2244 2255/2845/2457 2256/2846/2458
f 2105/2616/2248 2104/2614/2246 2256/2846/2458 2257/2847/2459
f 2106/2618/2250 2105/2616/2248 2257/2847/2459 2258/2848/2460
f 2107/2620/2252 2106/2618/2250 2258/2848/2460 2259/2849/2461
f 2108/2622/2254 2107/2620/2252 2259/2849/2461 2260/2850/2462
f 2260/2851/2462 2261/2852/2463 2109/2624/2255 2108/2623/2254
f 2261/2853/2463 2262/2854/2464 2110/2628/2257 2109/2627/2255
f 2262/2854/2464 2263/2855/2465 2111/2631/2259 2110/2628/2257
f 2263/2855/2465 2264/2856/2466 2112/2633/2261 2111/2631/2259
f 2264/2856/2466 2265/2857/2467 2113/2635/2263 2112/2633/2261
f 2265/2857/2467 2266/2858/2468 2114/2637/2265 2113/2635/2263
f 2266/2858/2468 2267/2859/2469 2115/2639/2267 2114/2637/2265
f 2267/2859/2469 2268/2860/2470 2116/2641/2269 2115/2639/2267
f 2268/2860/2470 2269/2861/2471 2117/2643/2271 2116/2641/2269
f 2269/2861/2471 2270/2862/2472 2118/2645/2273 2117/2643/2271
f 2270/2863/2472 2271/2864/2473 2119/2648/2275 2118/2647/2273
f 2271/2864/2473 2272/2865/2474 2120/2651/2277 2119/2648/2275
f 2272/2865/2474 2273/2866/2475 2121/2653/2279 2120/2651/2277
f 2273/2866/2475 2274/2867/2476 2122/2655/2281 2121/2653/2279
f 2274/2867/2476 2275/2868/2477 2123/2657/2283 2122/2655/2281
f 2275/2868/2477 2276/2869/2478 2124/2659/2285 2123/2657/2283
f 2276/2869/2478 2277/2870/2479 2125/2661/2287 2124/2659/2285
f 2277/2870/2479 2278/2871/2480 2126/2663/2289 2125/2661/2287
f 2278/2871/2480 2279/2872/2481 2127/2665/2291 2126/2663/2289
f 2279/2872/2481 2280/2873/2482 2128/2667/2293 2127/2665/2291
f 2280/2873/2482 2281/2874/2483 2129/2669/2295 2128/2667/2293
f 2281/2874/2483 2282/2875/2484 2130/2671/2297 2129/2669/2295
f 2282/2875/2484 2283/2876/2485 2131/2673/2299 2130/2671/2297
f 2283/2876/2485 2284/2877/2486 2132/2675/2301 2131/2673/2299
f 2284/2877/2486 2285/2878/2487 2133/2677/2303 2132/2675/2301
f 2285/2878/2487 2286/2879/2488 2134/2679/2305 2133/2677/2303
f 2286/2880/2488 2287/2881/2489 2135/2682/2307 2134/2681/2305
f 2287/2881/2489 2288/2882/2490 2136/2685/2309 2135/2682/2307
f 2288/2882/2490 2289/2883/2491 2137/2687/2311 2136/2685/2309
f 2289/2883/2491 2290/2884/2492 2138/2689/2313 2137/2687/2311
f 2290/2884/2492 2291/2885/2493 2139/2691/2315 2138/2689/2313
f 2291/2885/2493 2292/2886/2494 2140/2693/2317 2139/2691/2315
f 2292/2886/2494 2293/2887/2495 2141/2695/2319 2140/2693/2317
f 2293/2887/2495 2294/2888/2496 2142/2697/2321 2141/2695/2319
f 2295/2889/2497 2651/2890/2498 2652/2699/2323 2165/2702/2326
f 2619/2704/2328 2620/2891/2499 2297/2892/2500 2201/2705/2329
f 2145/2710/2334 2144/2709/2333 2298/2893/2501 2299/2894/2502
f 2591/2895/2503 2592/2711/2335 2222/2714/2338 2300/2896/2504
f 2679/2718/2342 2680/2897/2505 2302/2898/2506 2182/2715/2339
f 2148/2361/2012 2147/2466/2106 2681/2899/2507 2682/2900/2508
f 2149/2312/1967 2148/2361/2012 2682/2900/2508 2683/2901/2509
f 2150/2313/1968 2149/2312/1967 2683/2901/2509 2684/2902/2510
f 2151/2457/2100 2150/2313/1968 2684/2902/2510 2685/2903/2511
f 2152/429/299 2151/2457/2100 2685/2903/2511 2686/2904/2512
f 2153/430/300 2152/429/299 2686/2904/2512 2687/2905/2513
f 2154/2375/2025 2153/430/300 2687/2905/2513 2688/2906/2514
f 253/466/334 2154/2375/2025 2688/2906/2514
f 254/2458/333 2689/2907/2515 2155/2378/2028
f 2689/2907/2515 2690/2908/2516 2156/419/289 2155/2378/2028
f 2690/2908/2516 2691/2909/2517 2157/420/290 2156/419/289
f 2691/2909/2517 2692/2910/2518 2158/2452/2095 2157/420/290
f 2692/2910/2518 2693/2911/2519 2159/2302/1957 2158/2452/2095
f 2693/2911/2519 2694/2912/2520 2160/2303/1958 2159/2302/1957
f 2694/2912/2520 2695/2913/2521 2161/2356/2007 2160/2303/1958
f 2695/2913/2521 2696/2914/2522 2162/2461/2101 2161/2356/2007
f 2697/2915/2523 2698/2916/2524 2163/375/245 2467/2724/2348
f 2698/2916/2524 2699/2917/2525 2455/376/246 2163/375/245
f 2701/2918/2526 2702/2919/2527 2165/2702/2326 2312/2701/2325
f 2702/2919/2527 2703/2920/2528 2295/2889/2497 2165/2702/2326
f 2167/1512/1278 2166/1848/1582 2704/2921/2529 2705/2922/2530
f 2168/1353/1131 2167/1512/1278 2705/2922/2530 2706/2923/2531
f 2169/1354/1132 2168/1353/1131 2706/2923/2531 2707/2924/2532
f 2170/1854/1588 2169/1354/1132 2707/2924/2532 2708/2925/2533
f 2171/405/275 2170/1854/1588 2708/2925/2533 2709/2926/2534
f 2172/406/276 2171/405/275 2709/2926/2534 2710/2927/2535
f 2173/1466/1235 2172/406/276 2710/2927/2535 2711/2928/2536
f 251/1907/322 2173/1466/1235 2711/2928/2536
f 252/453/321 2712/2929/2537 2174/1469/1238
f 2712/2929/2537 2713/2930/2538 2175/411/281 2174/1469/1238
f 2713/2930/2538 2714/2931/2539 2176/412/282 2175/411/281
f 2714/2931/2539 2715/2932/2540 2177/1857/1591 2176/412/282
f 2715/2932/2540 2716/2933/2541 2178/1451/1221 2177/1857/1591
f 2716/2933/2541 2717/2934/2542 2179/1452/1222 2178/1451/1221
f 2717/2934/2542 2718/2935/2543 2180/1561/1323 2179/1452/1222
f 2718/2935/2543 2719/2936/2544 2181/1849/1583 2180/1561/1323
f 2720/2937/2545 2721/2938/2546 2182/2715/2339 2302/2898/2506
f 2721/2938/2546 2722/2939/2547 2305/2716/2340 2182/2715/2339
f 2724/2940/2548 2725/2941/2549 2184/382/252 2462/381/251
f 2725/2941/2549 2726/2942/2550 2540/2805/2421 2184/382/252
f 2186/2470/2110 2185/2469/2109 2543/2943/2551 2544/2944/2552
f 2187/2472/2112 2186/2470/2110 2544/2944/2552 2545/2945/2553
f 2188/2474/2114 2187/2472/2112 2545/2945/2553 2546/2946/2554
f 2189/2476/2116 2188/2474/2114 2546/2946/2554 2547/2947/2555
f 2190/2478/2118 2189/2476/2116 2547/2947/2555 2548/2948/2556
f 2191/2480/2120 2190/2478/2118 2548/2948/2556 2549/2949/2557
f 2192/2482/2122 2191/2480/2120 2549/2949/2557 2550/2950/2558
f 249/1909/1636 2192/2482/2122 2550/2950/2558
f 250/1908/1635 2551/2951/2559 2193/2483/2123
f 2551/2951/2559 2552/2952/2560 2194/2485/2125 2193/2483/2123
f 2552/2952/2560 2553/2953/2561 2195/2487/2127 2194/2485/2125
f 2553/2953/2561 2554/2954/2562 2196/2489/2129 2195/2487/2127
f 2554/2954/2562 2555/2955/2563 2197/2491/2131 2196/2489/2129
f 2555/2955/2563 2556/2956/2564 2198/2493/2133 2197/2491/2131
f 2556/2956/2564 2557/2957/2565 2199/2495/2135 2198/2493/2133
f 2557/2957/2565 2558/2958/2566 2200/2497/2137 2199/2495/2135
f 2297/2892/2500 2559/2959/2567 2560/2960/2568 2201/2705/2329
f 2560/2960/2568 2561/2961/2569 2310/2706/2330 2201/2705/2329
f 2203/2502/2142 2457/2501/2141 2563/2962/2570 2564/2963/2571
f 2564/2963/2571 2565/2964/2572 2465/2722/2346 2203/2502/2142
f 2205/2506/2146 2204/2505/2145 2566/2965/2573 2567/2966/2574
f 2206/2508/2148 2205/2506/2146 2567/2966/2574 2568/2967/2575
f 2207/2510/2150 2206/2508/2148 2568/2967/2575 2569/2968/2576
f 2208/2512/2152 2207/2510/2150 2569/2968/2576 2570/2969/2577
f 2209/2514/2154 2208/2512/2152 2570/2969/2577 2571/2970/2578
f 2210/2516/2156 2209/2514/2154 2571/2970/2578 2572/2971/2579
f 2211/2518/2158 2210/2516/2156 2572/2971/2579 2573/2972/2580
f 254/2458/333 2211/2518/2158 2573/2972/2580
f 253/466/334 2574/2973/2581 2212/2519/2159
f 2574/2973/2581 2575/2974/2582 2213/2521/2161 2212/2519/2159
f 2575/2974/2582 2576/2975/2583 2214/2523/2163 2213/2521/2161
f 2576/2975/2583 2577/2976/2584 2215/2525/2165 2214/2523/2163
f 2577/2976/2584 2578/2977/2585 2216/2527/2167 2215/2525/2165
f 2578/2977/2585 2579/2978/2586 2217/2529/2169 2216/2527/2167
f 2579/2978/2586 2580/2979/2587 2218/2531/2171 2217/2529/2169
f 2580/2979/2587 2581/2980/2588 2219/2533/2173 2218/2531/2171
f 2542/2808/2424 2582/2981/2589 2583/2982/2590 2220/2537/2177
f 2583/2982/2590 2584/2983/2591 2460/2538/2178 2220/2537/2177
f 2222/2714/2338 2307/2713/2337 2586/2984/2592 2587/2985/2593
f 2587/2985/2593 2588/2986/2594 2300/2896/2504 2222/2714/2338
f 2224/2810/2426 2223/2809/2425 239/1751/1493 1073/1253/1039
f 2225/2811/2427 2224/2810/2426 1073/1253/1039 635/635/503
f 2226/2812/2428 2225/2811/2427 635/635/503 1005/634/502
f 2227/2813/2429 2226/2812/2428 1005/634/502 311/1657/1407
f 2228/2814/2430 2227/2813/2429 311/1657/1407 917/444/312
f 2229/2815/2431 2228/2814/2430 917/444/312 514/443/311
f 2230/2817/2432 2229/2816/2431 514/1099/311 887/1098/929
f 2231/2818/2433 2230/2817/2432 887/1098/929 245/1622/1377
f 2232/2819/2434 2231/2818/2433 245/1622/1377 255/1623/1376
f 255/1621/1376 256/1619/1375 2233/2821/2435 2232/2820/2434
f 2234/2822/2436 2233/2821/2435 256/1619/1375 438/1620/1374
f 2235/2824/2437 2234/2823/2436 438/1618/1374 374/1617/1373
f 2236/2825/2438 2235/2824/2437 374/1617/1373 459/1616/1372
f 2237/2826/2439 2236/2825/2438 459/1616/1372 342/1615/1371
f 2238/2827/2440 2237/2826/2439 342/1615/1371 470/1614/1370
f 2239/2828/2441 2238/2827/2440 470/1614/1370 387/1613/1369
f 2240/2829/2442 2239/2828/2441 387/1613/1369 542/1612/1368
f 2241/2830/2443 2240/2829/2442 542/1612/1368 306/1611/1367
f 2242/2831/2444 2241/2830/2443 306/1611/1367 566/1610/1366
f 2243/2832/2445 2242/2831/2444 566/1610/1366 406/1609/1365
f 2244/2833/2446 2243/2832/2445 406/1609/1365 592/1608/1364
f 2245/2834/2447 2244/2833/2446 592/1608/1364 358/1607/1363
f 2246/2835/2448 2245/2834/2447 358/1607/1363 606/1606/1362
f 2247/2836/2449 2246/2835/2448 606/1606/1362 419/1604/1361
f 2248/2837/2450 2247/2836/2449 419/1604/1361 622/1605/1360
f 2249/2839/2451 2248/2838/2450 622/1603/1360 270/1602/1359
f 2250/2840/2452 2249/2839/2451 270/1602/1359 282/1601/1358
f 279/1600/1357 2251/2841/2453 2250/2840/2452 282/1601/1358
f 2252/2842/2454 2251/2841/2453 279/1600/1357 1394/2012/1725
f 2253/2843/2455 2252/2842/2454 1394/2012/1725 1358/1934/1651
f 2254/2844/2456 2253/2843/2455 1358/1934/1651 1536/1937/1654
f 2255/2845/2457 2254/2844/2456 1536/1937/1654 1322/2142/1845
f 2256/2846/2458 2255/2845/2457 1322/2142/1845 1502/1598/1355
f 2257/2847/2459 2256/2846/2458 1502/1598/1355 1456/1599/1356
f 2258/2848/2460 2257/2847/2459 1456/1599/1356 1492/2083/1788
f 2259/2849/2461 2258/2848/2460 1492/2083/1788 1600/2125/1828
f 2260/2850/2462 2259/2849/2461 1600/2125/1828 294/2207/1354
f 291/1596/1353 2261/2852/2463 2260/2851/2462 294/1597/1354
f 1603/2132/1835 2262/2854/2464 2261/2853/2463 291/2215/1353
f 1495/2090/1795 2263/2855/2465 2262/2854/2464 1603/2132/1835
f 1459/1594/1351 2264/2856/2466 2263/2855/2465 1495/2090/1795
f 1499/1595/1352 2265/2857/2467 2264/2856/2466 1459/1594/1351
f 1319/2177/1878 2266/2858/2468 2265/2857/2467 1499/1595/1352
f 1539/2004/1717 2267/2859/2469 2266/2858/2468 1319/2177/1878
f 1355/2005/1718 2268/2860/2470 2267/2859/2469 1539/2004/1717
f 1391/2047/1758 2269/2861/2471 2268/2860/2470 1355/2005/1718
f 267/1593/1350 2270/2862/2472 2269/2861/2471 1391/2047/1758
f 633/2987/1349 2271/2864/2473 2270/2863/2472 267/2988/1350
f 428/2989/1348 2272/2865/2474 2271/2864/2473 633/2987/1349
f 595/2990/1347 2273/2866/2475 2272/2865/2474 428/2989/1348
f 349/2991/1346 2274/2867/2476 2273/2866/2475 595/2990/1347
f 583/2992/1345 2275/2868/2477 2274/2867/2476 349/2991/1346
f 397/2993/1344 2276/2869/2478 2275/2868/2477 583/2992/1345
f 555/2994/1343 2277/2870/2479 2276/2869/2478 397/2993/1344
f 299/2995/1342 2278/2871/2480 2277/2870/2479 555/2994/1343
f 553/2996/1341 2279/2872/2481 2278/2871/2480 299/2995/1342
f 396/2997/1340 2280/2873/2482 2279/2872/2481 553/2996/1341
f 461/2998/1339 2281/2874/2483 2280/2873/2482 396/2997/1340
f 333/2999/1338 2282/2875/2484 2281/2874/2483 461/2998/1339
f 452/3000/1337 2283/2876/2485 2282/2875/2484 333/2999/1338
f 365/3001/1336 2284/2877/2486 2283/2876/2485 452/3000/1337
f 429/3002/1334 2285/2878/2487 2284/2877/2486 365/3001/1336
f 246/3003/1335 2286/2879/2488 2285/2878/2487 429/3002/1334
f 848/3004/891 2287/2881/2489 2286/2880/2488 246/3005/1335
f 485/3006/847 2288/2882/2490 2287/2881/2489 848/3004/891
f 956/3007/848 2289/2883/2491 2288/2882/2490 485/3006/847
f 322/3008/1450 2290/2884/2492 2289/2883/2491 956/3007/848
f 1044/3009/846 2291/2885/2493 2290/2884/2492 322/3008/1450
f 674/3010/845 2292/2886/2494 2291/2885/2493 1044/3009/846
f 1112/3011/1082 2293/2887/2495 2292/2886/2494 674/3010/845
f 240/3012/1536 2294/2888/2496 2293/2887/2495 1112/3011/1082
f 2166/1848/1582 2295/2889/2497 2703/2920/2528 2704/2921/2529
f 2650/1847/1581 2651/2890/2498 2295/2889/2497 2166/1848/1582
f 2200/2497/2137 2297/2892/2500 2620/2891/2499 2621/2498/2138
f 2558/2958/2566 2559/2959/2567 2297/2892/2500 2200/2497/2137
f 2299/2894/2502 2298/2893/2501 238/1846/1580 237/1845/1579
f 2185/2469/2109 2300/2896/2504 2588/2986/2594 2543/2943/2551
f 2590/2468/2108 2591/2895/2503 2300/2896/2504 2185/2469/2109
f 2181/1849/1583 2302/2898/2506 2680/2897/2505 2635/1850/1584
f 2719/2936/2544 2720/2937/2545 2302/2898/2506 2181/1849/1583
f 1920/3013/2595 1919/3014/2596 2304/2540/2180 2303/2539/2179
f 2722/2939/2547 2723/3015/2597 2183/3016/2598 2305/2716/2340
f 2677/3017/2599 2678/2717/2341 2305/2716/2340 2183/3016/2598
f 2593/2712/2336 2594/3018/2600 2221/3019/2601 2307/2713/2337
f 2585/3020/2602 2586/2984/2592 2307/2713/2337 2221/3019/2601
f 1993/3021/2603 1992/3022/2604 2309/2708/2332 2308/2707/2331
f 2202/3023/2605 2310/2706/2330 2561/2961/2569 2562/3024/2606
f 2617/3025/2607 2618/2703/2327 2310/2706/2330 2202/3023/2605
f 2164/3026/2608 2312/2701/2325 2653/2700/2324 2654/3027/2609
f 2700/3028/2610 2701/2918/2526 2312/2701/2325 2164/3026/2608
f 2314/2696/2320 2313/2698/2322 1990/3029/2611 1989/3030/2612
f 2315/2694/2318 2314/2696/2320 1989/3030/2612 1988/3031/2613
f 2316/2692/2316 2315/2694/2318 1988/3031/2613 1987/3032/2614
f 2317/2690/2314 2316/2692/2316 1987/3032/2614 1986/3033/2615
f 2318/2688/2312 2317/2690/2314 1986/3033/2615 1985/3034/2616
f 2319/2686/2310 2318/2688/2312 1985/3034/2616 1984/3035/2617
f 2320/2683/2308 2319/2686/2310 1984/3035/2617 1983/3036/2618
f 2321/2684/2306 2320/2683/2308 1983/3036/2618 1982/3037/2619
f 2322/2678/2304 2321/2680/2306 1982/3038/2619 1981/3039/2620
f 2323/2676/2302 2322/2678/2304 1981/3039/2620 1980/3040/2621
f 2324/2674/2300 2323/2676/2302 1980/3040/2621 1979/3041/2622
f 2325/2672/2298 2324/2674/2300 1979/3041/2622 1978/3042/2623
f 2326/2670/2296 2325/2672/2298 1978/3042/2623 1977/3043/2624
f 2327/2668/2294 2326/2670/2296 1977/3043/2624 1976/3044/2625
f 2328/2666/2292 2327/2668/2294 1976/3044/2625 1975/3045/2626
f 2329/2664/2290 2328/2666/2292 1975/3045/2626 1974/3046/2627
f 2330/2662/2288 2329/2664/2290 1974/3046/2627 1973/3047/2628
f 2331/2660/2286 2330/2662/2288 1973/3047/2628 1972/3048/2629
f 2332/2658/2284 2331/2660/2286 1972/3048/2629 1971/3049/2630
f 2333/2656/2282 2332/2658/2284 1971/3049/2630 1970/3050/2631
f 2334/2654/2280 2333/2656/2282 1970/3050/2631 1969/3051/2632
f 2335/2652/2278 2334/2654/2280 1969/3051/2632 1968/3052/2633
f 2336/2649/2276 2335/2652/2278 1968/3052/2633 1967/3053/2634
f 2337/2650/2274 2336/2649/2276 1967/3053/2634 1966/3054/2635
f 2338/2644/2272 2337/2646/2274 1966/3055/2635 1965/3056/2636
f 2339/2642/2270 2338/2644/2272 1965/3056/2636 1964/3057/2637
f 2340/2640/2268 2339/2642/2270 1964/3057/2637 1963/3058/2638
f 2341/2638/2266 2340/2640/2268 1963/3058/2638 1962/3059/2639
f 2342/2636/2264 2341/2638/2266 1962/3059/2639 1961/3060/2640
f 2343/2634/2262 2342/2636/2264 1961/3060/2640 1960/3061/2641
f 2344/2632/2260 2343/2634/2262 1960/3061/2641 1959/3062/2642
f 2345/2629/2258 2344/2632/2260 1959/3062/2642 1958/3063/2643
f 2346/2630/2256 2345/2629/2258 1958/3063/2643 1957/3064/2644
f 2347/2626/2253 2346/2625/2256 1957/3065/2644 1956/3066/2645
f 1956/3067/2645 1955/3068/2646 2348/2619/2251 2347/2621/2253
f 1955/3068/2646 1954/3069/2647 2349/2617/2249 2348/2619/2251
f 1954/3069/2647 1953/3070/2648 2350/2615/2247 2349/2617/2249
f 1953/3070/2648 1952/3071/2649 2351/2613/2245 2350/2615/2247
f 1952/3071/2649 1951/3072/2650 2352/2611/2243 2351/2613/2245
f 1951/3072/2650 1950/3073/2651 2353/2609/2241 2352/2611/2243
f 1950/3073/2651 1949/3074/2652 2354/2607/2239 2353/2609/2241
f 1949/3074/2652 1948/3075/2653 2355/2605/2237 2354/2607/2239
f 1948/3075/2653 1947/3076/2654 2356/2604/2236 2355/2605/2237
f 2357/2601/2233 2356/2604/2236 1947/3076/2654 1946/3077/2655
f 1946/3077/2655 1945/3078/2656 2358/2597/2231 2357/2601/2233
f 1945/3078/2656 1944/3079/2657 2359/2598/2229 2358/2597/2231
f 1944/3080/2657 1943/3081/2658 2360/2593/2227 2359/2595/2229
f 1943/3081/2658 1942/3082/2659 2361/2591/2225 2360/2593/2227
f 1942/3082/2659 1941/3083/2660 2362/2589/2223 2361/2591/2225
f 1941/3083/2660 1940/3084/2661 2363/2587/2221 2362/2589/2223
f 1940/3084/2661 1939/3085/2662 2364/2585/2219 2363/2587/2221
f 1939/3085/2662 1938/3086/2663 2365/2583/2217 2364/2585/2219
f 1938/3086/2663 1937/3087/2664 2366/2581/2215 2365/2583/2217
f 1937/3087/2664 1936/3088/2665 2367/2579/2213 2366/2581/2215
f 1936/3088/2665 1935/3089/2666 2368/2577/2211 2367/2579/2213
f 1935/3089/2666 1934/3090/2667 2369/2575/2209 2368/2577/2211
f 1934/3090/2667 1933/3091/2668 2370/2573/2207 2369/2575/2209
f 1933/3091/2668 1932/3092/2669 2371/2571/2205 2370/2573/2207
f 1932/3092/2669 1931/3093/2670 2372/2567/2203 2371/2571/2205
f 1931/3093/2670 1930/3094/2671 2373/2568/2201 2372/2567/2203
f 1930/3095/2671 1929/3096/2672 2374/2563/2200 2373/2565/2201
f 2375/2564/2197 2374/2563/2200 1929/3096/2672 1928/3097/2673
f 1928/3098/2673 1927/3099/2674 2376/2557/2195 2375/2559/2197
f 1927/3099/2674 1926/3100/2675 2377/2553/2193 2376/2557/2195
f 1926/3100/2675 1925/3101/2676 2378/2554/2191 2377/2553/2193
f 1925/3102/2676 1924/3103/2677 2379/2549/2189 2378/2551/2191
f 1924/3103/2677 1923/3104/2678 2380/2547/2187 2379/2549/2189
f 1923/3104/2678 1922/3105/2679 2381/2545/2185 2380/2547/2187
f 1922/3105/2679 1921/3106/2680 2382/2543/2183 2381/2545/2185
f 1921/3106/2680 1920/3013/2595 2303/2539/2179 2382/2543/2183
f 2384/1346/1124 2383/1844/1578 1919/3014/2596 1920/3013/2595
f 2385/709/577 2384/1346/1124 1920/3013/2595 1921/3106/2680
f 2386/710/578 2385/709/577 1921/3106/2680 1922/3105/2679
f 2387/1750/1492 2386/710/578 1922/3105/2679 1923/3104/2678
f 2388/397/267 2387/1750/1492 1923/3104/2678 1924/3103/2677
f 2389/398/268 2388/397/267 1924/3103/2677 1925/3102/2676
f 2390/1104/931 2389/1103/268 1925/3101/2676 1926/3100/2675
f 2391/437/306 2390/1104/931 1926/3100/2675 1927/3099/2674
f 2392/438/237 2391/437/306 1927/3099/2674 1928/3098/2673
f 1928/3097/2673 1929/3096/2672 2393/368/238 2392/367/237
f 2394/990/724 2393/368/238 1929/3096/2672 1930/3095/2671
f 2395/745/613 2394/856/724 1930/3094/2671 1931/3093/2670
f 2396/746/614 2395/745/613 1931/3093/2670 1932/3092/2669
f 2397/1040/878 2396/746/614 1932/3092/2669 1933/3091/2668
f 2398/611/479 2397/1040/878 1933/3091/2668 1934/3090/2667
f 2399/612/480 2398/611/479 1934/3090/2667 1935/3089/2666
f 2400/884/752 2399/612/480 1935/3089/2666 1936/3088/2665
f 2401/1152/972 2400/884/752 1936/3088/2665 1937/3087/2664
f 2402/920/788 2401/1152/972 1937/3087/2664 1938/3086/2663
f 2403/809/677 2402/920/788 1938/3086/2663 1939/3085/2662
f 2404/810/678 2403/809/677 1939/3085/2662 1940/3084/2661
f 2405/1206/1026 2404/810/678 1940/3084/2661 1941/3083/2660
f 2406/477/345 2405/1206/1026 1941/3083/2660 1942/3082/2659
f 2407/478/346 2406/477/345 1942/3082/2659 1943/3081/2658
f 2408/948/816 2407/478/346 1943/3081/2658 1944/3080/2657
f 2409/524/392 2408/1228/816 1944/3079/2657 1945/3078/2656
f 2410/431/301 2409/524/392 1945/3078/2656 1946/3077/2655
f 1946/3077/2655 1947/3076/2654 2411/432/302 2410/431/301
f 2412/2011/1724 2411/432/302 1947/3076/2654 1948/3075/2653
f 2413/1932/1649 2412/2011/1724 1948/3075/2653 1949/3074/2652
f 2414/1933/1650 2413/1932/1649 1949/3074/2652 1950/3073/2651
f 2415/2141/1844 2414/1933/1650 1950/3073/2651 1951/3072/2650
f 2416/563/431 2415/2141/1844 1951/3072/2650 1952/3071/2649
f 2417/564/432 2416/563/431 1952/3071/2649 1953/3070/2648
f 2418/2085/1790 2417/564/432 1953/3070/2648 1954/3069/2647
f 2419/2127/1830 2418/2085/1790 1954/3069/2647 1955/3068/2646
f 2420/2209/387 2419/2127/1830 1955/3068/2646 1956/3067/2645
f 1956/3066/2645 1957/3065/2644 2421/520/388 2420/519/387
f 1957/3064/2644 1958/3063/2643 2422/2130/1833 2421/2212/388
f 1958/3063/2643 1959/3062/2642 2423/2088/1793 2422/2130/1833
f 1959/3062/2642 1960/3061/2641 2424/553/421 2423/2088/1793
f 1960/3061/2641 1961/3060/2640 2425/554/422 2424/553/421
f 1961/3060/2640 1962/3059/2639 2426/2136/1839 2425/554/422
f 1962/3059/2639 1963/3058/2638 2427/1922/1639 2426/2136/1839
f 1963/3058/2638 1964/3057/2637 2428/1923/1640 2427/1922/1639
f 1964/3057/2637 1965/3056/2636 2429/2006/1719 2428/1923/1640
f 1965/3056/2636 1966/3055/2635 2430/2048/1034 2429/2006/1719
f 1966/3054/2635 1967/3053/2634 2431/963/831 2430/1245/1034
f 1967/3053/2634 1968/3052/2633 2432/471/339 2431/963/831
f 1968/3052/2633 1969/3051/2632 2433/472/340 2432/471/339
f 1969/3051/2632 1970/3050/2631 2434/1187/1007 2433/472/340
f 1970/3050/2631 1971/3049/2630 2435/775/643 2434/1187/1007
f 1971/3049/2630 1972/3048/2629 2436/776/644 2435/775/643
f 1972/3048/2629 1973/3047/2628 2437/903/771 2436/776/644
f 1973/3047/2628 1974/3046/2627 2438/1169/989 2437/903/771
f 1974/3046/2627 1975/3045/2626 2439/899/767 2438/1169/989
f 1975/3045/2626 1976/3044/2625 2440/585/453 2439/899/767
f 1976/3044/2625 1977/3043/2624 2441/586/454 2440/585/453
f 1977/3043/2624 1978/3042/2623 2442/1023/861 2441/586/454
f 1978/3042/2623 1979/3041/2622 2443/711/579 2442/1023/861
f 1979/3041/2622 1980/3040/2621 2444/712/580 2443/711/579
f 1980/3040/2621 1981/3039/2620 2445/839/707 2444/712/580
f 1981/3039/2620 1982/3038/2619 2446/967/835 2445/839/707
f 1982/3037/2619 1983/3036/2618 2447/1052/889 2446/1573/835
f 1983/3036/2618 1984/3035/2617 2448/387/257 2447/1052/889
f 1984/3035/2617 1985/3034/2616 2449/388/258 2448/387/257
f 1985/3034/2616 1986/3033/2615 2450/1705/1451 2449/388/258
f 1986/3033/2615 1987/3032/2614 2451/673/541 2450/1705/1451
f 1987/3032/2614 1988/3031/2613 2452/674/542 2451/673/541
f 1988/3031/2613 1989/3030/2612 2453/1301/1083 2452/674/542
f 1989/3030/2612 1990/3029/2611 2454/1799/1537 2453/1301/1083
f 2699/2917/2525 2700/3028/2610 2164/3026/2608 2455/376/246
f 2654/3027/2609 2655/377/247 2455/376/246 2164/3026/2608
f 2616/2500/2140 2617/3025/2607 2202/3023/2605 2457/2501/2141
f 2562/3024/2606 2563/2962/2570 2457/2501/2141 2202/3023/2605
f 2459/374/244 2458/373/243 1992/3022/2604 1993/3021/2603
f 2221/3019/2601 2460/2538/2178 2584/2983/2591 2585/3020/2602
f 2594/3018/2600 2595/2535/2175 2460/2538/2178 2221/3019/2601
f 2183/3016/2598 2462/381/251 2676/380/250 2677/3017/2599
f 2723/3015/2597 2724/2940/2548 2462/381/251 2183/3016/2598
f 243/2464/2104 244/2463/2103 2464/2720/2344 2463/2719/2343
f 2204/2505/2145 2465/2722/2346 2565/2964/2572 2566/2965/2573
f 2613/2504/2144 2614/2721/2345 2465/2722/2346 2204/2505/2145
f 2162/2461/2101 2467/2724/2348 2657/2723/2347 2658/2462/2102
f 2696/2914/2522 2697/2915/2523 2467/2724/2348 2162/2461/2101
f 2469/2726/2350 2468/2725/2349 242/3107/1540 1113/3108/1085
f 2470/2727/2351 2469/2726/2350 1113/3108/1085 675/3109/839
f 2471/2728/2352 2470/2727/2351 675/3109/839 1043/3110/840
f 2472/2729/2353 2471/2728/2352 1043/3110/840 323/3111/1453
f 2473/2730/2354 2472/2729/2353 323/3111/1453 957/3112/838
f 2474/2731/2355 2473/2730/2354 957/3112/838 484/3113/837
f 2475/2732/2356 2474/2731/2355 484/3113/837 847/3114/888
f 2476/2733/2357 2475/2732/2356 847/3114/888 247/3115/1333
f 2477/2735/2358 2476/2734/2357 247/3116/1333 430/3117/1332
f 2478/2736/2359 2477/2735/2358 430/3117/1332 366/3118/1331
f 2479/2737/2360 2478/2736/2359 366/3118/1331 451/3119/1330
f 2480/2738/2361 2479/2737/2360 451/3119/1330 334/3120/1329
f 2481/2739/2362 2480/2738/2361 334/3120/1329 462/3121/1328
f 2482/2740/2363 2481/2739/2362 462/3121/1328 395/3122/1327
f 2483/2741/2364 2482/2740/2363 395/3122/1327 552/3123/1325
f 2484/2742/2365 2483/2741/2364 552/3123/1325 300/3124/1326
f 2485/2743/2366 2484/2742/2365 300/3124/1326 556/3125/1406
f 2486/2744/2367 2485/2743/2366 556/3125/1406 398/3126/1405
f 2487/2745/2368 2486/2744/2367 398/3126/1405 582/3127/1404
f 2488/2746/2369 2487/2745/2368 582/3127/1404 350/3128/1403
f 2489/2747/2370 2488/2746/2369 350/3128/1403 596/3129/1402
f 2490/2748/2371 2489/2747/2370 596/3129/1402 427/3130/1401
f 2491/2749/2372 2490/2748/2371 427/3130/1401 632/3131/1400
f 2492/2750/2373 2491/2749/2372 632/3131/1400 268/3132/1399
f 2493/2752/2374 2492/2751/2373 268/3133/1399 1392/3134/1721
f 2494/2753/2375 2493/2752/2374 1392/3134/1721 1356/3135/1643
f 2495/2754/2376 2494/2753/2375 1356/3135/1643 1538/3136/1646
f 2496/2755/2377 2495/2754/2376 1538/3136/1646 1320/3137/1841
f 2497/2756/2378 2496/2755/2377 1320/3137/1841 1500/3138/425
f 2498/2757/2379 2497/2756/2378 1500/3138/425 1458/3139/428
f 2499/2758/2380 2498/2757/2379 1458/3139/428 1494/3140/1792
f 2500/2759/2381 2499/2758/2380 1494/3140/1792 1602/3141/1832
f 2501/2760/2382 2500/2759/2381 1602/3141/1832 292/3142/1880
f 2502/2762/2383 2501/2761/2382 292/3143/1880 293/3144/1879
f 1601/2128/1831 2503/2764/2384 2502/2763/2383 293/2210/1879
f 1493/2086/1791 2504/2765/2385 2503/2764/2384 1601/2128/1831
f 1457/559/427 2505/2766/2386 2504/2765/2385 1493/2086/1791
f 1501/558/426 2506/2767/2387 2505/2766/2386 1457/559/427
f 1321/2139/1842 2507/2768/2388 2506/2767/2387 1501/558/426
f 1537/1928/1645 2508/2769/2389 2507/2768/2388 1321/2139/1842
f 1357/1927/1644 2509/2770/2390 2508/2769/2389 1537/1928/1645
f 1393/2009/1722 2510/2771/2391 2509/2770/2390 1357/1927/1644
f 280/2051/1398 2511/2772/2392 2510/2771/2391 1393/2009/1722
f 2512/2773/2393 2511/2772/2392 280/2051/1398 281/3145/1397
f 269/3146/1396 2513/2774/2394 2512/2773/2393 281/3145/1397
f 623/3147/1395 2514/2775/2395 2513/2774/2394 269/3146/1396
f 420/1642/1394 2515/2777/2396 2514/2776/2395 623/1643/1395
f 605/1641/1393 2516/2778/2397 2515/2777/2396 420/1642/1394
f 357/1640/1392 2517/2779/2398 2516/2778/2397 605/1641/1393
f 593/1639/1391 2518/2780/2399 2517/2779/2398 357/1640/1392
f 405/1638/1390 2519/2781/2400 2518/2780/2399 593/1639/1391
f 565/1637/1389 2520/2782/2401 2519/2781/2400 405/1638/1390
f 305/1636/1388 2521/2783/2402 2520/2782/2401 565/1637/1389
f 543/1635/1387 2522/2784/2403 2521/2783/2402 305/1636/1388
f 388/1634/1386 2523/2785/2404 2522/2784/2403 543/1635/1387
f 469/1633/1385 2524/2786/2405 2523/2785/2404 388/1634/1386
f 341/1632/1384 2525/2787/2406 2524/2786/2405 469/1633/1385
f 460/1631/1383 2526/2788/2407 2525/2787/2406 341/1632/1384
f 373/1629/1382 2527/2789/2408 2526/2788/2407 460/1631/1383
f 437/1630/1381 2528/2790/2409 2527/2789/2408 373/1629/1382
f 257/1627/1380 2529/2792/2410 2528/2791/2409 437/1628/1381
f 2530/2793/2411 2529/2792/2410 257/1627/1380 258/1626/1379
f 248/1624/1378 2531/2795/2412 2530/2794/2411 258/1625/1379
f 888/1107/932 2532/2796/2413 2531/2795/2412 248/1624/1378
f 515/1106/314 2533/2797/2414 2532/2796/2413 888/1107/932
f 994/445/313 2534/2799/2415 2533/2798/2414 515/446/314
f 332/1748/1490 2535/2800/2416 2534/2799/2415 994/445/313
f 1006/706/574 2536/2801/2417 2535/2800/2416 332/1748/1490
f 712/705/573 2537/2802/2418 2536/2801/2417 1006/706/574
f 1150/1344/1122 2538/2803/2419 2537/2802/2418 712/705/573
f 241/1842/1576 2539/2804/2420 2538/2803/2419 1150/1344/1122
f 2147/2466/2106 2540/2805/2421 2726/2942/2550 2681/2899/2507
f 2673/2465/2105 2674/2806/2422 2540/2805/2421 2147/2466/2106
f 2219/2533/2173 2542/2808/2424 2597/2807/2423 2598/2534/2174
f 2581/2980/2588 2582/2981/2589 2542/2808/2424 2219/2533/2173
f 2544/2944/2552 2543/2943/2551 237/1845/1579 1151/1509/1275
f 2545/2945/2553 2544/2944/2552 1151/1509/1275 797/1347/1125
f 2546/2946/2554 2545/2945/2553 797/1347/1125 1196/1350/1128
f 2547/2947/2555 2546/2946/2554 1196/1350/1128 713/1856/1590
f 2548/2948/2556 2547/2947/2555 713/1856/1590 1235/399/269
f 2549/2949/2557 2548/2948/2556 1235/399/269 765/402/272
f 2550/2950/2558 2549/2949/2557 765/402/272 1287/1468/1237
f 249/1909/1636 2550/2950/2558 1287/1468/1237
f 1286/1467/1236 2551/2951/2559 250/1908/1635
f 764/401/271 2552/2952/2560 2551/2951/2559 1286/1467/1236
f 1236/400/270 2553/2953/2561 2552/2952/2560 764/401/271
f 714/1855/1589 2554/2954/2562 2553/2953/2561 1236/400/270
f 1195/1349/1127 2555/2955/2563 2554/2954/2562 714/1855/1589
f 798/1348/1126 2556/2956/2564 2555/2955/2563 1195/1349/1127
f 1152/1510/1276 2557/2957/2565 2556/2956/2564 798/1348/1126
f 238/1846/1580 2558/2958/2566 2557/2957/2565 1152/1510/1276
f 238/1846/1580 2298/2893/2501 2559/2959/2567 2558/2958/2566
f 2560/2960/2568 2559/2959/2567 2298/2893/2501 2144/2709/2333
f 2309/2708/2332 2561/2961/2569 2560/2960/2568 2144/2709/2333
f 2562/3024/2606 2561/2961/2569 2309/2708/2332 1992/3022/2604
f 2458/373/243 2563/2962/2570 2562/3024/2606 1992/3022/2604
f 2564/2963/2571 2563/2962/2570 2458/373/243 1996/372/242
f 2464/2720/2344 2565/2964/2572 2564/2963/2571 1996/372/242
f 2566/2965/2573 2565/2964/2572 2464/2720/2344 244/2463/2103
f 2567/2966/2574 2566/2965/2573 244/2463/2103 1885/2358/2009
f 2568/2967/2575 2567/2966/2574 1885/2358/2009 1685/2306/1961
f 2569/2968/2576 2568/2967/2575 1685/2306/1961 1812/2309/1964
f 2570/2969/2577 2569/2968/2576 1812/2309/1964 1645/2454/2097
f 2571/2970/2578 2570/2969/2577 1645/2454/2097 1765/423/293
f 2572/2971/2579 2571/2970/2578 1765/423/293 1699/426/296
f 2573/2972/2580 2572/2971/2579 1699/426/296 1779/2377/2027
f 254/2458/333 2573/2972/2580 1779/2377/2027
f 1778/2376/2026 2574/2973/2581 253/466/334
f 1698/425/295 2575/2974/2582 2574/2973/2581 1778/2376/2026
f 1766/424/294 2576/2975/2583 2575/2974/2582 1698/425/295
f 1646/2455/2098 2577/2976/2584 2576/2975/2583 1766/424/294
f 1811/2308/1963 2578/2977/2585 2577/2976/2584 1646/2455/2098
f 1686/2307/1962 2579/2978/2586 2578/2977/2585 1811/2308/1963
f 1886/2359/2010 2580/2979/2587 2579/2978/2586 1686/2307/1962
f 243/2464/2104 2581/2980/2588 2580/2979/2587 1886/2359/2010
f 243/2464/2104 2463/2719/2343 2582/2981/2589 2581/2980/2588
f 2583/2982/2590 2582/2981/2589 2463/2719/2343 1995/371/241
f 2459/374/244 2584/2983/2591 2583/2982/2590 1995/371/241
f 2585/3020/2602 2584/2983/2591 2459/374/244 1993/3021/2603
f 2308/2707/2331 2586/2984/2592 2585/3020/2602 1993/3021/2603
f 2587/2985/2593 2586/2984/2592 2308/2707/2331 2145/2710/2334
f 2299/2894/2502 2588/2986/2594 2587/2985/2593 2145/2710/2334
f 2543/2943/2551 2588/2986/2594 2299/2894/2502 237/1845/1579
f 1888/3148/2681 1887/3149/2682 2590/2468/2108 2589/2467/2107
f 2301/3150/2683 2591/2895/2503 2590/2468/2108 1887/3149/2682
f 2146/3151/2684 2592/2711/2335 2591/2895/2503 2301/3150/2683
f 2306/3152/2685 2593/2712/2336 2592/2711/2335 2146/3151/2684
f 1994/3153/2686 2594/3018/2600 2593/2712/2336 2306/3152/2685
f 2461/3154/2687 2595/2535/2175 2594/3018/2600 1994/3153/2686
f 2070/3155/2688 2596/2536/2176 2595/2535/2175 2461/3154/2687
f 2541/3156/2689 2597/2807/2423 2596/2536/2176 2070/3155/2688
f 2598/2534/2174 2597/2807/2423 2541/3156/2689 1918/3157/2690
f 2599/2532/2172 2598/2534/2174 1918/3157/2690 1917/3158/2691
f 2600/2530/2170 2599/2532/2172 1917/3158/2691 1916/3159/2692
f 2601/2528/2168 2600/2530/2170 1916/3159/2692 1915/3160/2693
f 2602/2526/2166 2601/2528/2168 1915/3160/2693 1914/3161/2694
f 2603/2524/2164 2602/2526/2166 1914/3161/2694 1913/3162/2695
f 2604/2522/2162 2603/2524/2164 1913/3162/2695 1912/3163/2696
f 2605/2520/2160 2604/2522/2162 1912/3163/2696 1911/3164/2697
f 253/466/334 2605/2520/2160 1911/3164/2697
f 254/2458/333 1910/3165/2698 2606/2517/2157
f 1910/3165/2698 1909/3166/2699 2607/2515/2155 2606/2517/2157
f 1909/3166/2699 1908/3167/2700 2608/2513/2153 2607/2515/2155
f 1908/3167/2700 1907/3168/2701 2609/2511/2151 2608/2513/2153
f 1907/3168/2701 1906/3169/2702 2610/2509/2149 2609/2511/2151
f 1906/3169/2702 1905/3170/2703 2611/2507/2147 2610/2509/2149
f 1905/3170/2703 1904/3171/2704 2612/2503/2143 2611/2507/2147
f 1904/3171/2704 1903/3172/2705 2613/2504/2144 2612/2503/2143
f 2466/3173/2706 2614/2721/2345 2613/2504/2144 1903/3172/2705
f 1997/3174/2707 2615/2499/2139 2614/2721/2345 2466/3173/2706
f 2456/3175/2708 2616/2500/2140 2615/2499/2139 1997/3174/2707
f 1991/3176/2709 2617/3025/2607 2616/2500/2140 2456/3175/2708
f 2311/3177/2710 2618/2703/2327 2617/3025/2607 1991/3176/2709
f 2143/3178/2711 2619/2704/2328 2618/2703/2327 2311/3177/2710
f 2296/3179/2712 2620/2891/2499 2619/2704/2328 2143/3178/2711
f 2621/2498/2138 2620/2891/2499 2296/3179/2712 1902/3180/2713
f 2622/2496/2136 2621/2498/2138 1902/3180/2713 1901/3181/2714
f 2623/2494/2134 2622/2496/2136 1901/3181/2714 1900/3182/2715
f 2624/2492/2132 2623/2494/2134 1900/3182/2715 1899/3183/2716
f 2625/2490/2130 2624/2492/2132 1899/3183/2716 1898/3184/2717
f 2626/2488/2128 2625/2490/2130 1898/3184/2717 1897/3185/2718
f 2627/2486/2126 2626/2488/2128 1897/3185/2718 1896/3186/2719
f 2628/2484/2124 2627/2486/2126 1896/3186/2719 1895/3187/2720
f 251/1907/322 2628/2484/2124 1895/3187/2720
f 249/1909/1636 251/1907/322 252/453/321
f 252/453/321 1894/3188/2721 2629/2481/2121 249/1909/1636
f 1894/3188/2721 1893/3189/2722 2630/2479/2119 2629/2481/2121
f 1893/3189/2722 1892/3190/2723 2631/2477/2117 2630/2479/2119
f 1892/3190/2723 1891/3191/2724 2632/2475/2115 2631/2477/2117
f 1891/3191/2724 1890/3192/2725 2633/2473/2113 2632/2475/2115
f 1890/3192/2725 1889/3193/2726 2634/2471/2111 2633/2473/2113
f 1889/3193/2726 1888/3148/2681 2589/2467/2107 2634/2471/2111
f 2636/1562/1324 2635/1850/1584 1887/3149/2682 1888/3148/2681
f 2637/1453/1223 2636/1562/1324 1888/3148/2681 1889/3193/2726
f 2638/1454/1224 2637/1453/1223 1889/3193/2726 1890/3192/2725
f 2639/1858/1592 2638/1454/1224 1890/3192/2725 1891/3191/2724
f 2640/413/283 2639/1858/1592 1891/3191/2724 1892/3190/2723
f 2641/414/284 2640/413/283 1892/3190/2723 1893/3189/2722
f 2642/1470/1239 2641/414/284 1893/3189/2722 1894/3188/2721
f 252/453/321 2642/1470/1239 1894/3188/2721
f 251/1907/322 1895/3187/2720 2643/1465/1234
f 1895/3187/2720 1896/3186/2719 2644/403/273 2643/1465/1234
f 1896/3186/2719 1897/3185/2718 2645/404/274 2644/403/273
f 1897/3185/2718 1898/3184/2717 2646/1853/1587 2645/404/274
f 1898/3184/2717 1899/3183/2716 2647/1351/1129 2646/1853/1587
f 1899/3183/2716 1900/3182/2715 2648/1352/1130 2647/1351/1129
f 1900/3182/2715 1901/3181/2714 2649/1511/1277 2648/1352/1130
f 1901/3181/2714 1902/3180/2713 2650/1847/1581 2649/1511/1277
f 1902/3180/2713 2296/3179/2712 2651/2890/2498 2650/1847/1581
f 2652/2699/2323 2651/2890/2498 2296/3179/2712 2143/3178/2711
f 2311/3177/2710 2653/2700/2324 2652/2699/2323 2143/3178/2711
f 2654/3027/2609 2653/2700/2324 2311/3177/2710 1991/3176/2709
f 2456/3175/2708 2655/377/247 2654/3027/2609 1991/3176/2709
f 2656/378/248 2655/377/247 2456/3175/2708 1997/3174/2707
f 2466/3173/2706 2657/2723/2347 2656/378/248 1997/3174/2707
f 2658/2462/2102 2657/2723/2347 2466/3173/2706 1903/3172/2705
f 2659/2357/2008 2658/2462/2102 1903/3172/2705 1904/3171/2704
f 2660/2304/1959 2659/2357/2008 1904/3171/2704 1905/3170/2703
f 2661/2305/1960 2660/2304/1959 1905/3170/2703 1906/3169/2702
f 2662/2453/2096 2661/2305/1960 1906/3169/2702 1907/3168/2701
f 2663/421/291 2662/2453/2096 1907/3168/2701 1908/3167/2700
f 2664/422/292 2663/421/291 1908/3167/2700 1909/3166/2699
f 2665/2379/2029 2664/422/292 1909/3166/2699 1910/3165/2698
f 254/2458/333 2665/2379/2029 1910/3165/2698
f 253/466/334 1911/3164/2697 2666/2374/2024
f 1911/3164/2697 1912/3163/2696 2667/427/297 2666/2374/2024
f 1912/3163/2696 1913/3162/2695 2668/428/298 2667/427/297
f 1913/3162/2695 1914/3161/2694 2669/2456/2099 2668/428/298
f 1914/3161/2694 1915/3160/2693 2670/2310/1965 2669/2456/2099
f 1915/3160/2693 1916/3159/2692 2671/2311/1966 2670/2310/1965
f 1916/3159/2692 1917/3158/2691 2672/2360/2011 2671/2311/1966
f 1917/3158/2691 1918/3157/2690 2673/2465/2105 2672/2360/2011
f 1918/3157/2690 2541/3156/2689 2674/2806/2422 2673/2465/2105
f 2675/379/249 2674/2806/2422 2541/3156/2689 2070/3155/2688
f 2461/3154/2687 2676/380/250 2675/379/249 2070/3155/2688
f 2677/3017/2599 2676/380/250 2461/3154/2687 1994/3153/2686
f 2306/3152/2685 2678/2717/2341 2677/3017/2599 1994/3153/2686
f 2679/2718/2342 2678/2717/2341 2306/3152/2685 2146/3151/2684
f 2301/3150/2683 2680/2897/2505 2679/2718/2342 2146/3151/2684
f 2635/1850/1584 2680/2897/2505 2301/3150/2683 1887/3149/2682
f 2682/2900/2508 2681/2899/2507 241/1842/1576 1847/2314/1969
f 2683/2901/2509 2682/2900/2508 1847/2314/1969 1647/2220/1883
f 2684/2902/2510 2683/2901/2509 1647/2220/1883 1810/2219/1882
f 2685/2903/2511 2684/2902/2510 1810/2219/1882 1607/2410/2057
f 2686/2904/2512 2685/2903/2511 1607/2410/2057 1727/470/338
f 2687/2905/2513 2686/2904/2512 1727/470/338 1697/469/337
f 2688/2906/2514 2687/2905/2513 1697/469/337 1777/2373/2023
f 253/466/334 2688/2906/2514 1777/2373/2023
f 1780/3194/2030 2689/2907/2515 254/2458/333
f 1700/3195/842 2690/2908/2516 2689/2907/2515 1780/3194/2030
f 1764/3196/841 2691/2909/2517 2690/2908/2516 1700/3195/842
f 1644/3197/2094 2692/2910/2518 2691/2909/2517 1764/3196/841
f 1813/3198/1956 2693/2911/2519 2692/2910/2518 1644/3197/2094
f 1684/3199/1955 2694/2912/2520 2693/2911/2519 1813/3198/1956
f 1884/3200/2006 2695/2913/2521 2694/2912/2520 1684/3199/1955
f 242/3107/1540 2696/2914/2522 2695/2913/2521 1884/3200/2006
f 2468/2725/2349 2697/2915/2523 2696/2914/2522 242/3107/1540
f 1998/1800/1538 2698/2916/2524 2697/2915/2523 2468/2725/2349
f 2454/1799/1537 2699/2917/2525 2698/2916/2524 1998/1800/1538
f 1990/3029/2611 2700/3028/2610 2699/2917/2525 2454/1799/1537
f 2313/2698/2322 2701/2918/2526 2700/3028/2610 1990/3029/2611
f 2142/2697/2321 2702/2919/2527 2701/2918/2526 2313/2698/2322
f 2294/2888/2496 2703/2920/2528 2702/2919/2527 2142/2697/2321
f 2704/2921/2529 2703/2920/2528 2294/2888/2496 240/3012/1536
f 2705/2922/2530 2704/2921/2529 240/3012/1536 1153/3201/1279
f 2706/2923/2531 2705/2922/2530 1153/3201/1279 799/3202/1135
f 2707/2924/2532 2706/2923/2531 799/3202/1135 1194/3203/1134
f 2708/2925/2533 2707/2924/2532 1194/3203/1134 715/3204/1586
f 2709/2926/2534 2708/2925/2533 715/3204/1586 1237/3205/844
f 2710/2927/2535 2709/2926/2534 1237/3205/844 763/3206/843
f 2711/2928/2536 2710/2927/2535 763/3206/843 1285/3207/1233
f 251/1907/322 2711/2928/2536 1285/3207/1233
f 1288/1471/1240 2712/2929/2537 252/453/321
f 766/452/320 2713/2930/2538 2712/2929/2537 1288/1471/1240
f 1276/451/319 2714/2931/2539 2713/2930/2538 766/452/320
f 754/1859/1593 2715/2932/2540 2714/2931/2539 1276/451/319
f 1197/1450/1220 2716/2933/2541 2715/2932/2540 754/1859/1593
f 838/1449/1219 2717/2934/2542 2716/2933/2541 1197/1450/1220
f 1192/1560/1322 2718/2935/2543 2717/2934/2542 838/1449/1219
f 239/1751/1493 2719/2936/2544 2718/2935/2543 1192/1560/1322
f 2223/2809/2425 2720/2937/2545 2719/2936/2544 239/1751/1493
f 2071/2541/2181 2721/2938/2546 2720/2937/2545 2223/2809/2425
f 2304/2540/2180 2722/2939/2547 2721/2938/2546 2071/2541/2181
f 1919/3014/2596 2723/3015/2597 2722/2939/2547 2304/2540/2180
f 2383/1844/1578 2724/2940/2548 2723/3015/2597 1919/3014/2596
f 2069/1843/1577 2725/2941/2549 2724/2940/2548 2383/1844/1578
f 2539/2804/2420 2726/2942/2550 2725/2941/2549 2069/1843/1577
f 2681/2899/2507 2726/2942/2550 2539/2804/2420 241/1842/1576
g default
v 3.336250 0.013261 -0.014012
v 3.332179 0.013261 -0.022001
v 3.332179 2.165120 -0.022001
v 3.336250 2.165120 -0.014012
v 3.325838 0.013261 -0.028342
v 3.325838 2.165120 -0.028342
v 3.317849 0.013261 -0.032413
v 3.317849 2.165120 -0.032413
v 3.308992 0.013261 -0.033815
v 3.308992 2.165120 -0.033815
v 3.300136 0.013261 -0.032413
v 3.300136 2.165120 -0.032413
v 3.292146 0.013261 -0.028342
v 3.292146 2.165120 -0.028342
v 3.285805 0.013261 -0.022001
v 3.285805 2.165120 -0.022001
v 3.281735 0.013261 -0.014012
v 3.281735 2.165120 -0.014012
v 3.280332 0.013261 -0.005155
v 3.280332 2.165120 -0.005155
v 3.281735 0.013261 0.003702
v 3.281735 2.165120 0.003702
v 3.285805 0.013261 0.011691
v 3.285805 2.165120 0.011691
v 3.292146 0.013261 0.018032
v 3.292146 2.165120 0.018032
v 3.300136 0.013261 0.022103
v 3.300136 2.165120 0.022103
v 3.308992 0.013261 0.023505
v 3.308992 2.165120 0.023505
v 3.317849 0.013261 0.022103
v 3.317849 2.165120 0.022103
v 3.325838 0.013261 0.018032
v 3.325838 2.165120 0.018032
v 3.332179 0.013261 0.011691
v 3.332179 2.165120 0.011691
v 3.336250 0.013261 0.003702
v 3.336250 2.165120 0.003702
v 3.337652 0.013261 -0.005155
v 3.337652 2.165120 -0.005155
v 3.308992 0.013261 -0.005155
v 3.308992 2.165120 -0.005155
vt 0.782814 0.638416
vt 0.782814 0.648047
vt 0.590215 0.648047
vt 0.590215 0.638416
vt 0.782814 0.657669
vt 0.590215 0.657669
vt 0.782814 0.667288
vt 0.590215 0.667288
vt 0.782814 0.676901
vt 0.590215 0.676901
vt 0.782814 0.686494
vt 0.590215 0.686494
vt 0.782814 0.696107
vt 0.590215 0.696107
vt 0.782814 0.705719
vt 0.590215 0.705719
vt 0.782814 0.715332
vt 0.590215 0.715332
vt 0.782814 0.724957
vt 0.590215 0.724957
vt 0.782814 0.734592
vt 0.590215 0.734592
vt 0.782814 0.744223
vt 0.590215 0.744223
vt 0.782814 0.753867
vt 0.590215 0.753867
vt 0.782814 0.763520
vt 0.590215 0.763520
vt 0.782814 0.773167
vt 0.590215 0.773167
vt 0.782814 0.782811
vt 0.590215 0.782811
vt 0.782814 0.590215
vt 0.782814 0.599856
vt 0.590215 0.599856
vt 0.590215 0.590215
vt 0.782814 0.609500
vt 0.590215 0.609500
vt 0.782814 0.619147
vt 0.590215 0.619147
vt 0.782814 0.628778
vt 0.590215 0.628778
vt 0.969292 0.391390
vt 0.982970 0.418218
vt 0.891388 0.447980
vt 0.947985 0.370058
vt 0.921141 0.356399
vt 0.891366 0.351682
vt 0.861633 0.356418
vt 0.834789 0.370099
vt 0.813504 0.391431
vt 0.799848 0.418259
vt 0.795109 0.448021
vt 0.799867 0.477780
vt 0.813545 0.504608
vt 0.834830 0.525899
vt 0.861674 0.539558
vt 0.891388 0.544278
vt 0.921122 0.539580
vt 0.947966 0.525899
vt 0.969270 0.504608
vt 0.982948 0.477780
vt 0.987705 0.447999
vt 0.594932 0.861689
vt 0.608610 0.834839
vt 0.686523 0.891407
vt 0.629898 0.813548
vt 0.656723 0.799829
vt 0.686501 0.795109
vt 0.716237 0.799807
vt 0.743104 0.813507
vt 0.764413 0.834798
vt 0.778092 0.861667
vt 0.782808 0.891429
vt 0.778092 0.921210
vt 0.764394 0.948038
vt 0.743085 0.969348
vt 0.716219 0.983011
vt 0.686482 0.987705
vt 0.656723 0.982989
vt 0.629898 0.969307
vt 0.608610 0.948020
vt 0.594951 0.921191
vt 0.590215 0.891429
vn 0.951059 -0.005993 -0.308951
vn 0.808986 -0.005993 -0.587798
vn 0.808986 0.005993 -0.587798
vn 0.951059 0.005993 -0.308951
vn 0.587801 -0.005994 -0.808983
vn 0.587801 0.005994 -0.808983
vn 0.308978 -0.005993 -0.951050
vn 0.308978 0.005993 -0.951050
vn -0.000000 -0.005994 -0.999982
vn -0.000000 0.005994 -0.999982
vn -0.308982 -0.005993 -0.951049
vn -0.308982 0.005993 -0.951049
vn -0.587775 -0.005993 -0.809002
vn -0.587775 0.005993 -0.809002
vn -0.809011 -0.005993 -0.587763
vn -0.809011 0.005993 -0.587763
vn -0.951047 -0.005994 -0.308988
vn -0.951047 0.005994 -0.308988
vn -0.999982 -0.005993 -0.000000
vn -0.999982 0.005993 -0.000000
vn -0.951047 -0.005994 0.308988
vn -0.951047 0.005994 0.308988
vn -0.809011 -0.005993 0.587763
vn -0.809011 0.005993 0.587763
vn -0.587775 -0.005994 0.809002
vn -0.587775 0.005993 0.809002
vn -0.308982 -0.005993 0.951049
vn -0.308982 0.005993 0.951049
vn 0.000000 -0.005994 0.999982
vn 0.000000 0.005994 0.999982
vn 0.308978 -0.005993 0.951050
vn 0.308978 0.005993 0.951050
vn 0.587801 -0.005994 0.808983
vn 0.587801 0.005994 0.808983
vn 0.808986 -0.005993 0.587798
vn 0.808986 0.005993 0.587798
vn 0.951059 -0.005993 0.308951
vn 0.951059 0.005993 0.308951
vn 0.999982 -0.005994 -0.000000
vn 0.999982 0.005994 -0.000000
vn 0.000000 -1.000000 0.000000
vn 0.000000 1.000000 -0.000000
s 1
g TentandChest_pCylinder4
usemtl TentandChest_initialShadingGroup
f 3005/3208/2727 3006/3209/2728 3007/3210/2729 3008/3211/2730
f 3006/3209/2728 3009/3212/2731 3010/3213/2732 3007/3210/2729
f 3009/3212/2731 3011/3214/2733 3012/3215/2734 3010/3213/2732
f 3011/3214/2733 3013/3216/2735 3014/3217/2736 3012/3215/2734
f 3013/3216/2735 3015/3218/2737 3016/3219/2738 3014/3217/2736
f 3015/3218/2737 3017/3220/2739 3018/3221/2740 3016/3219/2738
f 3017/3220/2739 3019/3222/2741 3020/3223/2742 3018/3221/2740
f 3019/3222/2741 3021/3224/2743 3022/3225/2744 3020/3223/2742
f 3021/3224/2743 3023/3226/2745 3024/3227/2746 3022/3225/2744
f 3023/3226/2745 3025/3228/2747 3026/3229/2748 3024/3227/2746
f 3025/3228/2747 3027/3230/2749 3028/3231/2750 3026/3229/2748
f 3027/3230/2749 3029/3232/2751 3030/3233/2752 3028/3231/2750
f 3029/3232/2751 3031/3234/2753 3032/3235/2754 3030/3233/2752
f 3031/3234/2753 3033/3236/2755 3034/3237/2756 3032/3235/2754
f 3033/3236/2755 3035/3238/2757 3036/3239/2758 3034/3237/2756
f 3035/3240/2757 3037/3241/2759 3038/3242/2760 3036/3243/2758
f 3037/3241/2759 3039/3244/2761 3040/3245/2762 3038/3242/2760
f 3039/3244/2761 3041/3246/2763 3042/3247/2764 3040/3245/2762
f 3041/3246/2763 3043/3248/2765 3044/3249/2766 3042/3247/2764
f 3043/3248/2765 3005/3208/2727 3008/3211/2730 3044/3249/2766
f 3006/3250/2728 3005/3251/2727 3045/3252/2767
f 3009/3253/2731 3006/3250/2728 3045/3252/2767
f 3011/3254/2733 3009/3253/2731 3045/3252/2767
f 3013/3255/2735 3011/3254/2733 3045/3252/2767
f 3015/3256/2737 3013/3255/2735 3045/3252/2767
f 3017/3257/2739 3015/3256/2737 3045/3252/2767
f 3019/3258/2741 3017/3257/2739 3045/3252/2767
f 3021/3259/2743 3019/3258/2741 3045/3252/2767
f 3023/3260/2745 3021/3259/2743 3045/3252/2767
f 3025/3261/2747 3023/3260/2745 3045/3252/2767
f 3027/3262/2749 3025/3261/2747 3045/3252/2767
f 3029/3263/2751 3027/3262/2749 3045/3252/2767
f 3031/3264/2753 3029/3263/2751 3045/3252/2767
f 3033/3265/2755 3031/3264/2753 3045/3252/2767
f 3035/3266/2757 3033/3265/2755 3045/3252/2767
f 3037/3267/2759 3035/3266/2757 3045/3252/2767
f 3039/3268/2761 3037/3267/2759 3045/3252/2767
f 3041/3269/2763 3039/3268/2761 3045/3252/2767
f 3043/3270/2765 3041/3269/2763 3045/3252/2767
f 3005/3251/2727 3043/3270/2765 3045/3252/2767
f 3008/3271/2730 3007/3272/2729 3046/3273/2768
f 3007/3272/2729 3010/3274/2732 3046/3273/2768
f 3010/3274/2732 3012/3275/2734 3046/3273/2768
f 3012/3275/2734 3014/3276/2736 3046/3273/2768
f 3014/3276/2736 3016/3277/2738 3046/3273/2768
f 3016/3277/2738 3018/3278/2740 3046/3273/2768
f 3018/3278/2740 3020/3279/2742 3046/3273/2768
f 3020/3279/2742 3022/3280/2744 3046/3273/2768
f 3022/3280/2744 3024/3281/2746 3046/3273/2768
f 3024/3281/2746 3026/3282/2748 3046/3273/2768
f 3026/3282/2748 3028/3283/2750 3046/3273/2768
f 3028/3283/2750 3030/3284/2752 3046/3273/2768
f 3030/3284/2752 3032/3285/2754 3046/3273/2768
f 3032/3285/2754 3034/3286/2756 3046/3273/2768
f 3034/3286/2756 3036/3287/2758 3046/3273/2768
f 3036/3287/2758 3038/3288/2760 3046/3273/2768
f 3038/3288/2760 3040/3289/2762 3046/3273/2768
f 3040/3289/2762 3042/3290/2764 3046/3273/2768
f 3042/3290/2764 3044/3291/2766 3046/3273/2768
f 3044/3291/2766 3008/3271/2730 3046/3273/2768
g default
v 0.799499 0.013261 -0.014012
v 0.795428 0.013261 -0.022001
v 0.795428 2.165120 -0.022001
v 0.799499 2.165120 -0.014012
v 0.789087 0.013261 -0.028342
v 0.789087 2.165120 -0.028342
v 0.781098 0.013261 -0.032413
v 0.781098 2.165120 -0.032413
v 0.772241 0.013261 -0.033815
v 0.772241 2.165120 -0.033815
v 0.763385 0.013261 -0.032413
v 0.763385 2.165120 -0.032413
v 0.755395 0.013261 -0.028342
v 0.755395 2.165120 -0.028342
v 0.749054 0.013261 -0.022001
v 0.749054 2.165120 -0.022001
v 0.744984 0.013261 -0.014012
v 0.744984 2.165120 -0.014012
v 0.743581 0.013261 -0.005155
v 0.743581 2.165120 -0.005155
v 0.744984 0.013261 0.003702
v 0.744984 2.165120 0.003702
v 0.749055 0.013261 0.011691
v 0.749055 2.165120 0.011691
v 0.755395 0.013261 0.018032
v 0.755395 2.165120 0.018032
v 0.763385 0.013261 0.022103
v 0.763385 2.165120 0.022103
v 0.772241 0.013261 0.023505
v 0.772241 2.165120 0.023505
v 0.781098 0.013261 0.022103
v 0.781098 2.165120 0.022103
v 0.789087 0.013261 0.018032
v 0.789087 2.165120 0.018032
v 0.795428 0.013261 0.011691
v 0.795428 2.165120 0.011691
v 0.799499 0.013261 0.003702
v 0.799499 2.165120 0.003702
v 0.800902 0.013261 -0.005155
v 0.800902 2.165120 -0.005155
v 0.772241 0.013261 -0.005155
v 0.772241 2.165120 -0.005155
vt 0.776677 0.003060
vt 0.776677 0.012694
vt 0.584099 0.012725
vt 0.584099 0.003094
vt 0.776677 0.022335
vt 0.584099 0.022369
vt 0.776677 0.031957
vt 0.584099 0.031988
vt 0.776677 0.041591
vt 0.584099 0.041623
vt 0.776680 0.051210
vt 0.584102 0.051276
vt 0.776680 0.060838
vt 0.584102 0.060882
vt 0.776680 0.070467
vt 0.584102 0.070517
vt 0.776680 0.080073
vt 0.584102 0.080167
vt 0.776683 0.089701
vt 0.584106 0.089773
vt 0.776683 0.099342
vt 0.584106 0.099389
vt 0.776683 0.108995
vt 0.584106 0.108995
vt 0.776686 0.118636
vt 0.584109 0.118611
vt 0.776686 0.128258
vt 0.584109 0.128233
vt 0.776689 0.137880
vt 0.584112 0.137858
vt 0.776689 0.147492
vt 0.584112 0.147499
vt 0.776692 0.157102
vt 0.584115 0.157133
vt 0.776692 0.166727
vt 0.584115 0.166762
vt 0.776695 0.176361
vt 0.584118 0.176396
vt 0.776695 0.185990
vt 0.584118 0.186024
vt 0.776695 0.195624
vt 0.584118 0.195656
vt 0.950938 0.186477
vt 0.964619 0.213327
vt 0.873047 0.243067
vt 0.929631 0.165167
vt 0.902765 0.151486
vt 0.873028 0.146788
vt 0.843288 0.151508
vt 0.816463 0.165186
vt 0.795156 0.186499
vt 0.781475 0.213346
vt 0.776758 0.243086
vt 0.781497 0.272870
vt 0.795175 0.299698
vt 0.816463 0.320986
vt 0.843288 0.334668
vt 0.873028 0.339384
vt 0.902765 0.334690
vt 0.929631 0.321008
vt 0.950938 0.299717
vt 0.964619 0.272870
vt 0.969354 0.243067
vt 0.007757 0.656786
vt 0.021439 0.629939
vt 0.099358 0.686542
vt 0.042748 0.608632
vt 0.069596 0.594951
vt 0.099336 0.590215
vt 0.129098 0.594932
vt 0.155948 0.608610
vt 0.177258 0.629920
vt 0.190939 0.656764
vt 0.195656 0.686564
vt 0.190939 0.716300
vt 0.177236 0.743147
vt 0.155926 0.764413
vt 0.129098 0.778092
vt 0.099336 0.782811
vt 0.069596 0.778092
vt 0.042748 0.764394
vt 0.021458 0.743125
vt 0.007776 0.716282
vt 0.003060 0.686564
vn 0.951033 -0.005993 -0.309031
vn 0.808987 -0.005993 -0.587796
vn 0.808987 0.005994 -0.587796
vn 0.951033 0.005993 -0.309031
vn 0.587801 -0.005994 -0.808983
vn 0.587801 0.005994 -0.808983
vn 0.308981 -0.005993 -0.951049
vn 0.308981 0.005993 -0.951049
vn -0.000000 -0.005994 -0.999982
vn -0.000000 0.005994 -0.999982
vn -0.308981 -0.005993 -0.951049
vn -0.308981 0.005993 -0.951049
vn -0.587772 -0.005993 -0.809004
vn -0.587772 0.005993 -0.809004
vn -0.809010 -0.005993 -0.587765
vn -0.809010 0.005993 -0.587765
vn -0.951049 -0.005993 -0.308982
vn -0.951049 0.005993 -0.308982
vn -0.999982 -0.005993 -0.000000
vn -0.999982 0.005993 -0.000000
vn -0.951032 -0.005993 0.309034
vn -0.951032 0.005993 0.309034
vn -0.809010 -0.005994 0.587765
vn -0.809010 0.005994 0.587765
vn -0.587799 -0.005993 0.808985
vn -0.587799 0.005993 0.808985
vn -0.308981 -0.005993 0.951049
vn -0.308981 0.005993 0.951049
vn -0.000000 -0.005994 0.999982
vn -0.000000 0.005994 0.999982
vn 0.308981 -0.005993 0.951049
vn 0.308981 0.005993 0.951049
vn 0.587801 -0.005994 0.808983
vn 0.587801 0.005994 0.808984
vn 0.808987 -0.005994 0.587795
vn 0.808987 0.005993 0.587796
vn 0.951033 -0.005993 0.309031
vn 0.951033 0.005993 0.309031
vn 0.999982 -0.005993 0.000000
vn 0.999982 0.005993 0.000000
vn 0.000000 -1.000000 0.000000
vn 0.000000 1.000000 0.000001
s 1
g TentandChest_pCylinder5
f 3047/3292/2769 3048/3293/2770 3049/3294/2771 3050/3295/2772
f 3048/3293/2770 3051/3296/2773 3052/3297/2774 3049/3294/2771
f 3051/3296/2773 3053/3298/2775 3054/3299/2776 3052/3297/2774
f 3053/3298/2775 3055/3300/2777 3056/3301/2778 3054/3299/2776
f 3055/3300/2777 3057/3302/2779 3058/3303/2780 3056/3301/2778
f 3057/3302/2779 3059/3304/2781 3060/3305/2782 3058/3303/2780
f 3059/3304/2781 3061/3306/2783 3062/3307/2784 3060/3305/2782
f 3061/3306/2783 3063/3308/2785 3064/3309/2786 3062/3307/2784
f 3063/3308/2785 3065/3310/2787 3066/3311/2788 3064/3309/2786
f 3065/3310/2787 3067/3312/2789 3068/3313/2790 3066/3311/2788
f 3067/3312/2789 3069/3314/2791 3070/3315/2792 3068/3313/2790
f 3069/3314/2791 3071/3316/2793 3072/3317/2794 3070/3315/2792
f 3071/3316/2793 3073/3318/2795 3074/3319/2796 3072/3317/2794
f 3073/3318/2795 3075/3320/2797 3076/3321/2798 3074/3319/2796
f 3075/3320/2797 3077/3322/2799 3078/3323/2800 3076/3321/2798
f 3077/3322/2799 3079/3324/2801 3080/3325/2802 3078/3323/2800
f 3079/3324/2801 3081/3326/2803 3082/3327/2804 3080/3325/2802
f 3081/3326/2803 3083/3328/2805 3084/3329/2806 3082/3327/2804
f 3083/3328/2805 3085/3330/2807 3086/3331/2808 3084/3329/2806
f 3085/3330/2807 3047/3332/2769 3050/3333/2772 3086/3331/2808
f 3048/3334/2770 3047/3335/2769 3087/3336/2809
f 3051/3337/2773 3048/3334/2770 3087/3336/2809
f 3053/3338/2775 3051/3337/2773 3087/3336/2809
f 3055/3339/2777 3053/3338/2775 3087/3336/2809
f 3057/3340/2779 3055/3339/2777 3087/3336/2809
f 3059/3341/2781 3057/3340/2779 3087/3336/2809
f 3061/3342/2783 3059/3341/2781 3087/3336/2809
f 3063/3343/2785 3061/3342/2783 3087/3336/2809
f 3065/3344/2787 3063/3343/2785 3087/3336/2809
f 3067/3345/2789 3065/3344/2787 3087/3336/2809
f 3069/3346/2791 3067/3345/2789 3087/3336/2809
f 3071/3347/2793 3069/3346/2791 3087/3336/2809
f 3073/3348/2795 3071/3347/2793 3087/3336/2809
f 3075/3349/2797 3073/3348/2795 3087/3336/2809
f 3077/3350/2799 3075/3349/2797 3087/3336/2809
f 3079/3351/2801 3077/3350/2799 3087/3336/2809
f 3081/3352/2803 3079/3351/2801 3087/3336/2809
f 3083/3353/2805 3081/3352/2803 3087/3336/2809
f 3085/3354/2807 3083/3353/2805 3087/3336/2809
f 3047/3335/2769 3085/3354/2807 3087/3336/2809
f 3050/3355/2772 3049/3356/2771 3088/3357/2810
f 3049/3356/2771 3052/3358/2774 3088/3357/2810
f 3052/3358/2774 3054/3359/2776 3088/3357/2810
f 3054/3359/2776 3056/3360/2778 3088/3357/2810
f 3056/3360/2778 3058/3361/2780 3088/3357/2810
f 3058/3361/2780 3060/3362/2782 3088/3357/2810
f 3060/3362/2782 3062/3363/2784 3088/3357/2810
f 3062/3363/2784 3064/3364/2786 3088/3357/2810
f 3064/3364/2786 3066/3365/2788 3088/3357/2810
f 3066/3365/2788 3068/3366/2790 3088/3357/2810
f 3068/3366/2790 3070/3367/2792 3088/3357/2810
f 3070/3367/2792 3072/3368/2794 3088/3357/2810
f 3072/3368/2794 3074/3369/2796 3088/3357/2810
f 3074/3369/2796 3076/3370/2798 3088/3357/2810
f 3076/3370/2798 3078/3371/2800 3088/3357/2810
f 3078/3371/2800 3080/3372/2802 3088/3357/2810
f 3080/3372/2802 3082/3373/2804 3088/3357/2810
f 3082/3373/2804 3084/3374/2806 3088/3357/2810
f 3084/3374/2806 3086/3375/2808 3088/3357/2810
f 3086/3375/2808 3050/3355/2772 3088/3357/2810
g default
v 3.353611 2.201491 -0.014012
v 3.353611 2.197420 -0.022001
v 0.732494 2.197420 -0.022001
v 0.732494 2.201491 -0.014012
v 3.353611 2.191080 -0.028342
v 0.732494 2.191080 -0.028342
v 3.353611 2.183092 -0.032413
v 0.732494 2.183092 -0.032413
v 3.353611 2.174234 -0.033815
v 0.732494 2.174234 -0.033815
v 3.353611 2.165377 -0.032413
v 0.732494 2.165377 -0.032413
v 3.353611 2.157388 -0.028342
v 0.732494 2.157388 -0.028342
v 3.353611 2.151047 -0.022001
v 0.732494 2.151047 -0.022001
v 3.353611 2.146976 -0.014012
v 0.732494 2.146976 -0.014012
v 3.353611 2.145573 -0.005155
v 0.732494 2.145573 -0.005155
v 3.353611 2.146976 0.003702
v 0.732494 2.146976 0.003702
v 3.353611 2.151047 0.011691
v 0.732494 2.151047 0.011691
v 3.353611 2.157388 0.018032
v 0.732494 2.157388 0.018032
v 3.353611 2.165377 0.022103
v 0.732494 2.165377 0.022103
v 3.353611 2.174234 0.023505
v 0.732494 2.174234 0.023505
v 3.353611 2.183092 0.022103
v 0.732494 2.183092 0.022103
v 3.353611 2.191080 0.018032
v 0.732494 2.191080 0.018032
v 3.353611 2.197420 0.011691
v 0.732494 2.197420 0.011691
v 3.353611 2.201491 0.003702
v 0.732494 2.201491 0.003702
v 3.353611 2.202894 -0.005155
v 0.732494 2.202894 -0.005155
v 3.353611 2.174234 -0.005155
v 0.732494 2.174234 -0.005155
vt 0.207950 0.294642
vt 0.207950 0.285030
vt 0.400546 0.285030
vt 0.400546 0.294642
vt 0.207950 0.275405
vt 0.400546 0.275405
vt 0.207950 0.265786
vt 0.400546 0.265786
vt 0.207950 0.256161
vt 0.400546 0.256161
vt 0.207950 0.246520
vt 0.400546 0.246520
vt 0.207950 0.236882
vt 0.400546 0.236882
vt 0.207950 0.227241
vt 0.400546 0.227241
vt 0.207950 0.217597
vt 0.400546 0.217597
vt 0.207950 0.207950
vt 0.400546 0.207950
vt 0.207950 0.400546
vt 0.207950 0.390909
vt 0.400546 0.390909
vt 0.400546 0.400546
vt 0.207950 0.381262
vt 0.400546 0.381262
vt 0.207950 0.371605
vt 0.400546 0.371605
vt 0.207950 0.361968
vt 0.400546 0.361968
vt 0.207950 0.352333
vt 0.400546 0.352333
vt 0.207950 0.342702
vt 0.400546 0.342702
vt 0.207950 0.333077
vt 0.400546 0.333077
vt 0.207950 0.323461
vt 0.400546 0.323461
vt 0.207950 0.313848
vt 0.400546 0.313848
vt 0.207950 0.304242
vt 0.400546 0.304242
vt 0.559500 0.834801
vt 0.573201 0.861655
vt 0.481629 0.891398
vt 0.538213 0.813488
vt 0.511347 0.799807
vt 0.481610 0.795109
vt 0.451832 0.799829
vt 0.425004 0.813510
vt 0.403716 0.834823
vt 0.390038 0.861655
vt 0.385321 0.891420
vt 0.390060 0.921163
vt 0.403738 0.948013
vt 0.425045 0.969326
vt 0.451870 0.982989
vt 0.481610 0.987705
vt 0.511325 0.983007
vt 0.538172 0.969348
vt 0.559460 0.948054
vt 0.573179 0.921182
vt 0.577917 0.891420
vt 0.799829 0.659842
vt 0.813507 0.632998
vt 0.891398 0.689560
vt 0.834795 0.611688
vt 0.861620 0.598010
vt 0.891357 0.593272
vt 0.921116 0.597988
vt 0.947982 0.611670
vt 0.969292 0.632976
vt 0.982970 0.659823
vt 0.987708 0.689582
vt 0.982970 0.719360
vt 0.969270 0.746185
vt 0.947960 0.767473
vt 0.921116 0.781151
vt 0.891379 0.785868
vt 0.861642 0.781132
vt 0.834814 0.767451
vt 0.813526 0.746163
vt 0.799848 0.719338
vt 0.795109 0.689582
vn 0.004920 0.951047 -0.309007
vn 0.004921 0.809017 -0.587765
vn -0.004921 0.809017 -0.587765
vn -0.004920 0.951047 -0.309007
vn 0.004920 0.587837 -0.808964
vn -0.004920 0.587838 -0.808964
vn 0.004920 0.308984 -0.951055
vn -0.004920 0.308984 -0.951055
vn 0.004921 -0.000000 -0.999988
vn -0.004921 -0.000000 -0.999988
vn 0.004920 -0.308984 -0.951055
vn -0.004920 -0.308984 -0.951055
vn 0.004921 -0.587813 -0.808982
vn -0.004921 -0.587813 -0.808982
vn 0.004921 -0.808978 -0.587819
vn -0.004921 -0.808978 -0.587819
vn 0.004921 -0.951032 -0.309053
vn -0.004921 -0.951032 -0.309053
vn 0.004921 -0.999988 0.000000
vn -0.004921 -0.999988 0.000000
vn 0.004921 -0.951032 0.309053
vn -0.004921 -0.951032 0.309053
vn 0.004921 -0.808978 0.587819
vn -0.004921 -0.808978 0.587819
vn 0.004921 -0.587813 0.808982
vn -0.004921 -0.587813 0.808982
vn 0.004920 -0.308984 0.951055
vn -0.004920 -0.308984 0.951054
vn 0.004921 -0.000000 0.999988
vn -0.004921 -0.000000 0.999988
vn 0.004920 0.308984 0.951055
vn -0.004920 0.308984 0.951054
vn 0.004920 0.587838 0.808964
vn -0.004920 0.587838 0.808964
vn 0.004921 0.809017 0.587765
vn -0.004921 0.809017 0.587765
vn 0.004920 0.951047 0.309007
vn -0.004920 0.951047 0.309007
vn 0.004920 0.999988 0.000000
vn -0.004920 0.999988 0.000000
vn 1.000000 0.000000 0.000000
vn -1.000000 -0.000000 0.000000
s 1
g TentandChest_pCylinder3
f 3089/3376/2811 3090/3377/2812 3091/3378/2813 3092/3379/2814
f 3090/3377/2812 3093/3380/2815 3094/3381/2816 3091/3378/2813
f 3093/3380/2815 3095/3382/2817 3096/3383/2818 3094/3381/2816
f 3095/3382/2817 3097/3384/2819 3098/3385/2820 3096/3383/2818
f 3097/3384/2819 3099/3386/2821 3100/3387/2822 3098/3385/2820
f 3099/3386/2821 3101/3388/2823 3102/3389/2824 3100/3387/2822
f 3101/3388/2823 3103/3390/2825 3104/3391/2826 3102/3389/2824
f 3103/3390/2825 3105/3392/2827 3106/3393/2828 3104/3391/2826
f 3105/3392/2827 3107/3394/2829 3108/3395/2830 3106/3393/2828
f 3107/3396/2829 3109/3397/2831 3110/3398/2832 3108/3399/2830
f 3109/3397/2831 3111/3400/2833 3112/3401/2834 3110/3398/2832
f 3111/3400/2833 3113/3402/2835 3114/3403/2836 3112/3401/2834
f 3113/3402/2835 3115/3404/2837 3116/3405/2838 3114/3403/2836
f 3115/3404/2837 3117/3406/2839 3118/3407/2840 3116/3405/2838
f 3117/3406/2839 3119/3408/2841 3120/3409/2842 3118/3407/2840
f 3119/3408/2841 3121/3410/2843 3122/3411/2844 3120/3409/2842
f 3121/3410/2843 3123/3412/2845 3124/3413/2846 3122/3411/2844
f 3123/3412/2845 3125/3414/2847 3126/3415/2848 3124/3413/2846
f 3125/3414/2847 3127/3416/2849 3128/3417/2850 3126/3415/2848
f 3127/3416/2849 3089/3376/2811 3092/3379/2814 3128/3417/2850
f 3090/3418/2812 3089/3419/2811 3129/3420/2851
f 3093/3421/2815 3090/3418/2812 3129/3420/2851
f 3095/3422/2817 3093/3421/2815 3129/3420/2851
f 3097/3423/2819 3095/3422/2817 3129/3420/2851
f 3099/3424/2821 3097/3423/2819 3129/3420/2851
f 3101/3425/2823 3099/3424/2821 3129/3420/2851
f 3103/3426/2825 3101/3425/2823 3129/3420/2851
f 3105/3427/2827 3103/3426/2825 3129/3420/2851
f 3107/3428/2829 3105/3427/2827 3129/3420/2851
f 3109/3429/2831 3107/3428/2829 3129/3420/2851
f 3111/3430/2833 3109/3429/2831 3129/3420/2851
f 3113/3431/2835 3111/3430/2833 3129/3420/2851
f 3115/3432/2837 3113/3431/2835 3129/3420/2851
f 3117/3433/2839 3115/3432/2837 3129/3420/2851
f 3119/3434/2841 3117/3433/2839 3129/3420/2851
f 3121/3435/2843 3119/3434/2841 3129/3420/2851
f 3123/3436/2845 3121/3435/2843 3129/3420/2851
f 3125/3437/2847 3123/3436/2845 3129/3420/2851
f 3127/3438/2849 3125/3437/2847 3129/3420/2851
f 3089/3419/2811 3127/3438/2849 3129/3420/2851
f 3092/3439/2814 3091/3440/2813 3130/3441/2852
f 3091/3440/2813 3094/3442/2816 3130/3441/2852
f 3094/3442/2816 3096/3443/2818 3130/3441/2852
f 3096/3443/2818 3098/3444/2820 3130/3441/2852
f 3098/3444/2820 3100/3445/2822 3130/3441/2852
f 3100/3445/2822 3102/3446/2824 3130/3441/2852
f 3102/3446/2824 3104/3447/2826 3130/3441/2852
f 3104/3447/2826 3106/3448/2828 3130/3441/2852
f 3106/3448/2828 3108/3449/2830 3130/3441/2852
f 3108/3449/2830 3110/3450/2832 3130/3441/2852
f 3110/3450/2832 3112/3451/2834 3130/3441/2852
f 3112/3451/2834 3114/3452/2836 3130/3441/2852
f 3114/3452/2836 3116/3453/2838 3130/3441/2852
f 3116/3453/2838 3118/3454/2840 3130/3441/2852
f 3118/3454/2840 3120/3455/2842 3130/3441/2852
f 3120/3455/2842 3122/3456/2844 3130/3441/2852
f 3122/3456/2844 3124/3457/2846 3130/3441/2852
f 3124/3457/2846 3126/3458/2848 3130/3441/2852
f 3126/3458/2848 3128/3459/2850 3130/3441/2852
f 3128/3459/2850 3092/3439/2814 3130/3441/2852
g default
v 3.562593 -0.001543 0.771273
v 3.938545 -0.001543 0.771273
v 3.938545 0.195825 0.771273
v 3.562593 0.195825 0.771273
v 3.569201 0.294556 0.277735
v 3.931937 0.294556 0.277735
v 3.931937 0.294556 0.181823
v 3.569201 0.294556 0.181823
v 3.562593 0.195825 -0.023979
v 3.938545 0.195825 -0.023979
v 3.938545 -0.001543 -0.023979
v 3.562593 -0.001543 -0.023979
v 3.562593 -0.001543 0.174834
v 3.938545 -0.001543 0.174834
v 3.938545 -0.001543 0.274240
v 3.562593 -0.001543 0.274240
v 3.938545 0.195825 0.274240
v 3.938545 0.195825 0.174834
v 3.562593 0.195825 0.174834
v 3.562593 0.195825 0.274240
v 3.961167 0.208529 0.819126
v 3.539971 0.208529 0.819126
v 3.961167 0.208529 0.262277
v 3.961167 0.208529 0.150908
v 3.539971 0.208529 -0.071832
v 3.961167 0.208529 -0.071832
v 3.539971 0.208529 0.150908
v 3.539971 0.208529 0.262277
v 3.539971 0.234899 0.819126
v 3.961167 0.234899 0.819126
v 3.961167 0.248083 0.819126
v 3.539971 0.248083 0.819126
v 3.961167 0.248083 0.150908
v 3.961167 0.248083 0.262277
v 3.961167 0.234899 0.262277
v 3.961167 0.234899 0.150908
v 3.961167 0.234899 -0.071832
v 3.539971 0.234899 -0.071832
v 3.539971 0.248083 -0.071832
v 3.961167 0.248083 -0.071832
v 3.539971 0.248083 0.262277
v 3.539971 0.248083 0.150908
v 3.539971 0.234899 0.150908
v 3.539971 0.234899 0.262277
v 3.539971 0.261268 0.819126
v 3.961167 0.261268 0.819126
v 3.931937 0.294556 0.757295
v 3.569201 0.294556 0.757295
v 3.961167 0.261268 0.262277
v 3.961167 0.261268 0.150908
v 3.961167 0.261268 -0.071832
v 3.539971 0.261268 -0.071832
v 3.569201 0.294556 -0.010001
v 3.931937 0.294556 -0.010001
v 3.539971 0.261268 0.150908
v 3.539971 0.261268 0.262277
v 3.539971 0.208529 0.485017
v 3.562593 0.195825 0.473054
v 3.562593 0.195825 0.572460
v 3.539971 0.208529 0.596386
v 3.539971 0.248083 0.596386
v 3.539971 0.248083 0.485017
v 3.539971 0.234899 0.485017
v 3.539971 0.234899 0.596386
v 3.569201 0.294556 0.469559
v 3.539971 0.261268 0.485017
v 3.539971 0.261268 0.596386
v 3.569201 0.294556 0.565471
v 3.931937 0.294556 0.565471
v 3.931937 0.294556 0.469559
v 3.961167 0.261268 0.596386
v 3.961167 0.261268 0.485017
v 3.961167 0.248083 0.485017
v 3.961167 0.248083 0.596386
v 3.961167 0.234899 0.596386
v 3.961167 0.234899 0.485017
v 3.961167 0.208529 0.596386
v 3.938545 0.195825 0.572460
v 3.938545 0.195825 0.473054
v 3.961167 0.208529 0.485017
v 3.938545 -0.001543 0.572460
v 3.938545 -0.001543 0.473054
v 3.562593 -0.001543 0.473054
v 3.562593 -0.001543 0.572460
v 3.539971 0.221714 0.819126
v 3.961167 0.221714 0.819126
v 3.961167 0.221714 0.596386
v 3.961167 0.221714 0.485017
v 3.961167 0.221714 0.262277
v 3.961167 0.221714 0.150908
v 3.961167 0.221714 -0.071832
v 3.539971 0.221714 -0.071832
v 3.539971 0.221714 0.150908
v 3.539971 0.221714 0.262277
v 3.539971 0.221714 0.485017
v 3.539971 0.221714 0.596386
v 3.938545 -0.001543 0.423350
v 3.938545 0.195825 0.423350
v 3.961167 0.208529 0.429332
v 3.961167 0.221714 0.429332
v 3.961167 0.234899 0.429332
v 3.961167 0.248083 0.429332
v 3.961167 0.261268 0.429332
v 3.931937 0.294556 0.421603
v 3.569201 0.294556 0.421603
v 3.539971 0.261268 0.429332
v 3.539971 0.248083 0.429332
v 3.539971 0.234899 0.429332
v 3.539971 0.221714 0.429332
v 3.539971 0.208529 0.429332
v 3.562593 0.195825 0.423350
v 3.562593 -0.001543 0.423350
v 3.562593 0.195825 0.323944
v 3.539971 0.208529 0.317962
v 3.539971 0.221714 0.317962
v 3.539971 0.234899 0.317962
v 3.539971 0.248083 0.317962
v 3.539971 0.261268 0.317962
v 3.569201 0.294556 0.325691
v 3.931937 0.294556 0.325691
v 3.961167 0.261268 0.317962
v 3.961167 0.248083 0.317962
v 3.961167 0.234899 0.317962
v 3.961167 0.221714 0.317962
v 3.961167 0.208529 0.317962
v 3.938545 0.195825 0.323944
v 3.938545 -0.001543 0.323944
v 3.562593 -0.001543 0.323944
v 3.938545 -0.001543 0.373647
v 3.938545 0.195825 0.373647
v 3.961167 0.208529 0.373647
v 3.961167 0.221714 0.373647
v 3.971413 0.234899 0.429332
v 3.971413 0.221714 0.429332
v 3.971413 0.221714 0.373647
v 3.971413 0.234899 0.373647
v 3.971413 0.248083 0.373647
v 3.971413 0.248083 0.429332
v 3.961167 0.248083 0.373647
v 3.961167 0.261268 0.373647
v 3.931937 0.294556 0.373647
v 3.569201 0.294556 0.373647
v 3.539971 0.261268 0.373647
v 3.539971 0.248083 0.373647
v 3.539971 0.234899 0.373647
v 3.539971 0.221714 0.373647
v 3.539971 0.208529 0.373647
v 3.562593 0.195825 0.373647
v 3.562593 -0.001543 0.373647
v 3.971413 0.234899 0.317962
v 3.971413 0.248083 0.317962
v 3.971413 0.221714 0.317962
vt 0.281734 0.573496
vt 0.375671 0.573499
vt 0.375671 0.605440
vt 0.281731 0.605440
vt 0.591316 0.465032
vt 0.478255 0.464859
vt 0.478349 0.448260
vt 0.591375 0.448461
vt 0.281763 0.412844
vt 0.375699 0.412847
vt 0.375699 0.444792
vt 0.281760 0.444785
vt 0.281753 0.476962
vt 0.375690 0.476966
vt 0.375690 0.493056
vt 0.281750 0.493052
vt 0.425004 0.493059
vt 0.425007 0.476969
vt 0.232439 0.476962
vt 0.232436 0.493049
vt 0.593775 0.577719
vt 0.476635 0.577917
vt 0.469542 0.569377
vt 0.600774 0.569154
vt 0.447282 0.462070
vt 0.439044 0.464023
vt 0.439811 0.446864
vt 0.448012 0.442789
vt 0.476711 0.385321
vt 0.593850 0.385513
vt 0.600853 0.394082
vt 0.469617 0.393861
vt 0.621628 0.443144
vt 0.629693 0.447285
vt 0.629649 0.464448
vt 0.621571 0.462379
vt 0.600752 0.564588
vt 0.469519 0.564824
vt 0.469513 0.562550
vt 0.600746 0.562308
vt 0.460426 0.442826
vt 0.460127 0.462042
vt 0.455800 0.461967
vt 0.456285 0.442792
vt 0.469582 0.398415
vt 0.600818 0.398638
vt 0.600799 0.400921
vt 0.469564 0.400691
vt 0.609239 0.462372
vt 0.609308 0.443138
vt 0.613415 0.443138
vt 0.613352 0.462375
vt 0.600740 0.560026
vt 0.469507 0.560274
vt 0.478550 0.548127
vt 0.591561 0.547910
vt 0.464372 0.462136
vt 0.464564 0.442867
vt 0.469545 0.402965
vt 0.600777 0.403204
vt 0.591586 0.415322
vt 0.478575 0.415111
vt 0.605201 0.443138
vt 0.605132 0.462372
vt 0.621562 0.500844
vt 0.629643 0.498775
vt 0.629678 0.515938
vt 0.621615 0.520082
vt 0.609292 0.520088
vt 0.609236 0.500851
vt 0.613346 0.500851
vt 0.613399 0.520085
vt 0.591309 0.498194
vt 0.605123 0.500857
vt 0.605186 0.520094
vt 0.591363 0.514771
vt 0.478333 0.514982
vt 0.478245 0.498382
vt 0.464548 0.520374
vt 0.464366 0.501108
vt 0.460121 0.501203
vt 0.460410 0.520422
vt 0.456269 0.520453
vt 0.455794 0.501278
vt 0.447999 0.520456
vt 0.439798 0.516381
vt 0.439037 0.499219
vt 0.447276 0.501178
vt 0.424991 0.541322
vt 0.375674 0.541322
vt 0.375677 0.525232
vt 0.424994 0.525236
vt 0.281741 0.525232
vt 0.281737 0.541319
vt 0.232427 0.525229
vt 0.232423 0.541316
vt 0.600762 0.566871
vt 0.469529 0.567100
vt 0.452125 0.520456
vt 0.451480 0.501231
vt 0.451486 0.462014
vt 0.452140 0.442789
vt 0.469601 0.396138
vt 0.600834 0.396358
vt 0.617521 0.443138
vt 0.617465 0.462375
vt 0.617455 0.500847
vt 0.617509 0.520085
vt 0.629895 0.550278
vt 0.621864 0.558557
vt 0.613647 0.558563
vt 0.617757 0.558560
vt 0.609535 0.558567
vt 0.605428 0.558570
vt 0.464841 0.558856
vt 0.456640 0.558919
vt 0.460743 0.558890
vt 0.452533 0.558931
vt 0.440251 0.550709
vt 0.448436 0.558944
vt 0.424991 0.573496
vt 0.232417 0.573493
vt 0.425013 0.444792
vt 0.440298 0.412533
vt 0.448486 0.404301
vt 0.456684 0.404329
vt 0.452587 0.404314
vt 0.460784 0.404354
vt 0.464878 0.404386
vt 0.605447 0.404663
vt 0.613660 0.404659
vt 0.609550 0.404659
vt 0.617767 0.404663
vt 0.629904 0.412945
vt 0.621873 0.404666
vt 0.232442 0.444785
vt 0.375680 0.517189
vt 0.424998 0.517189
vt 0.438220 0.490549
vt 0.446430 0.491439
vt 0.450662 0.491584
vt 0.455448 0.492071
vt 0.460221 0.491578
vt 0.464441 0.491402
vt 0.478299 0.490034
vt 0.591325 0.489905
vt 0.605126 0.491235
vt 0.609233 0.491232
vt 0.613342 0.491232
vt 0.617449 0.491229
vt 0.621556 0.491229
vt 0.629637 0.490194
vt 0.232427 0.517186
vt 0.281744 0.517186
vt 0.629646 0.473032
vt 0.621562 0.471994
vt 0.617455 0.471994
vt 0.613346 0.471991
vt 0.609236 0.471991
vt 0.605129 0.471991
vt 0.591328 0.473321
vt 0.478302 0.473211
vt 0.464444 0.471840
vt 0.460225 0.471667
vt 0.455451 0.471173
vt 0.450662 0.471661
vt 0.446433 0.471806
vt 0.438220 0.472695
vt 0.425001 0.501102
vt 0.375687 0.501099
vt 0.281750 0.501096
vt 0.232433 0.501096
vt 0.375684 0.509142
vt 0.424998 0.509146
vt 0.437308 0.481622
vt 0.445216 0.481622
vt 0.448845 0.481622
vt 0.455439 0.490763
vt 0.452043 0.490754
vt 0.451477 0.481622
vt 0.455087 0.481622
vt 0.458696 0.481622
vt 0.458835 0.490751
vt 0.461335 0.481622
vt 0.464913 0.481622
vt 0.478412 0.481622
vt 0.591344 0.481613
vt 0.605136 0.481613
vt 0.609239 0.481613
vt 0.613346 0.481613
vt 0.617452 0.481613
vt 0.621556 0.481613
vt 0.629643 0.481613
vt 0.232430 0.509139
vt 0.281747 0.509142
vt 0.455442 0.472485
vt 0.458838 0.472494
vt 0.452046 0.472491
vn -0.349126 -0.665025 0.660191
vn 0.349126 -0.665025 0.660191
vn 0.449761 -0.332122 0.829102
vn -0.449761 -0.332121 0.829102
vn -0.084901 0.996389 0.000000
vn 0.084901 0.996389 0.000000
vn 0.080001 0.996795 0.000000
vn -0.080001 0.996795 0.000000
vn -0.449761 -0.332120 -0.829103
vn 0.449761 -0.332122 -0.829102
vn 0.349126 -0.665025 -0.660191
vn -0.349126 -0.665025 -0.660191
vn -0.464821 -0.885405 0.000000
vn 0.464821 -0.885405 0.000000
vn 0.464821 -0.885405 0.000000
vn -0.464821 -0.885405 0.000000
vn 0.994643 -0.103374 0.000000
vn 0.995353 -0.096298 0.000000
vn -0.995353 -0.096296 0.000000
vn -0.994643 -0.103374 0.000000
vn 0.206400 -0.838809 0.503783
vn -0.206400 -0.838809 0.503784
vn 0.747638 -0.664106 0.000000
vn 0.737928 -0.674879 0.000000
vn -0.206400 -0.838809 -0.503785
vn 0.206401 -0.838809 -0.503784
vn -0.737936 -0.674870 0.000000
vn -0.747641 -0.664103 0.000000
vn -0.467484 0.000000 0.884001
vn 0.467484 0.000000 0.884001
vn 0.467484 0.000000 0.884001
vn -0.467484 0.000000 0.884001
vn 1.000000 0.000000 0.000000
vn 1.000000 0.000000 0.000000
vn 1.000000 0.000000 0.000000
vn 1.000000 0.000000 0.000000
vn 0.467484 0.000000 -0.884001
vn -0.467484 0.000000 -0.884001
vn -0.467484 0.000000 -0.884001
vn 0.467484 0.000000 -0.884001
vn -1.000000 0.000000 0.000000
vn -1.000000 0.000000 0.000000
vn -1.000000 0.000000 0.000000
vn -1.000000 0.000000 0.000000
vn -0.215893 0.782705 0.583749
vn 0.215892 0.782705 0.583749
vn 0.099379 0.984197 0.146559
vn -0.099379 0.984197 0.146559
vn 0.846698 0.532074 0.000000
vn 0.843137 0.537698 0.000000
vn 0.215892 0.782705 -0.583749
vn -0.215892 0.782705 -0.583749
vn -0.099379 0.984197 -0.146559
vn 0.099379 0.984197 -0.146559
vn -0.843136 0.537700 0.000000
vn -0.846697 0.532076 0.000000
vn -0.747642 -0.664102 0.000000
vn -0.994643 -0.103373 0.000000
vn -0.995353 -0.096296 0.000000
vn -0.737935 -0.674872 0.000000
vn -1.000000 0.000000 0.000000
vn -1.000000 0.000000 0.000000
vn -1.000000 0.000000 0.000000
vn -1.000000 0.000000 0.000000
vn -0.084901 0.996389 0.000000
vn -0.846695 0.532078 0.000000
vn -0.843136 0.537700 0.000000
vn -0.080001 0.996795 0.000000
vn 0.080001 0.996795 0.000000
vn 0.084901 0.996389 0.000000
vn 0.843137 0.537699 0.000000
vn 0.846697 0.532076 0.000000
vn 1.000000 0.000000 0.000000
vn 1.000000 0.000000 0.000000
vn 1.000000 0.000000 0.000000
vn 1.000000 0.000000 0.000000
vn 0.737929 -0.674879 0.000000
vn 0.995353 -0.096298 0.000000
vn 0.994642 -0.103376 0.000000
vn 0.747634 -0.664111 0.000000
vn 0.464821 -0.885405 0.000000
vn 0.464821 -0.885405 0.000000
vn -0.464821 -0.885405 0.000000
vn -0.464821 -0.885405 0.000000
vn -0.467485 0.000000 0.884001
vn 0.467485 0.000000 0.884001
vn 1.000000 0.000000 0.000000
vn 1.000000 0.000000 0.000000
vn 1.000000 0.000000 0.000000
vn 1.000000 0.000000 0.000000
vn 0.467485 0.000000 -0.884001
vn -0.467485 0.000000 -0.884001
vn -1.000000 0.000000 0.000000
vn -1.000000 0.000000 0.000000
vn -1.000000 0.000000 0.000000
vn -1.000000 0.000000 0.000000
vn 0.464821 -0.885405 0.000000
vn 0.993592 -0.113023 0.000000
vn 0.762220 -0.647318 0.000000
vn 0.966350 -0.250309 0.059268
vn 0.983491 0.000000 0.180958
vn 0.966348 0.250317 0.059265
vn 0.851449 0.524437 0.000000
vn 0.090844 0.995865 0.000000
vn -0.090844 0.995865 0.000000
vn -0.851448 0.524439 0.000000
vn -1.000000 0.000000 0.000000
vn -1.000000 0.000000 0.000000
vn -1.000000 0.000000 0.000000
vn -0.762225 -0.647312 0.000000
vn -0.993593 -0.113021 0.000000
vn -0.464821 -0.885405 0.000000
vn -0.993593 -0.113021 0.000000
vn -0.762224 -0.647313 0.000000
vn -1.000000 0.000000 0.000000
vn -1.000000 0.000000 0.000000
vn -1.000000 0.000000 0.000000
vn -0.851447 0.524441 0.000000
vn -0.090844 0.995865 0.000000
vn 0.090844 0.995865 0.000000
vn 0.851450 0.524437 0.000000
vn 0.966348 0.250317 -0.059265
vn 0.983491 0.000000 -0.180958
vn 0.966350 -0.250310 -0.059268
vn 0.762221 -0.647317 0.000000
vn 0.993592 -0.113023 0.000000
vn 0.464821 -0.885405 0.000000
vn -0.464821 -0.885405 0.000000
vn 0.464821 -0.885405 0.000000
vn 0.993592 -0.113024 0.000000
vn 0.762220 -0.647318 0.000000
vn 0.789620 -0.613596 0.000000
vn 0.983491 0.000000 0.180958
vn 0.781415 -0.607222 0.143777
vn 0.789620 -0.613596 0.000000
vn 1.000000 0.000000 0.000000
vn 0.789598 0.613625 0.000000
vn 0.781393 0.607251 0.143773
vn 0.789618 0.613599 0.000000
vn 0.851449 0.524437 0.000000
vn 0.090844 0.995865 0.000000
vn -0.090844 0.995865 0.000000
vn -0.851448 0.524439 0.000000
vn -1.000000 0.000000 0.000000
vn -1.000000 0.000000 0.000000
vn -1.000000 0.000000 0.000000
vn -0.762224 -0.647313 0.000000
vn -0.993593 -0.113022 0.000000
vn -0.464821 -0.885405 0.000000
vn 0.983491 0.000000 -0.180958
vn 0.781395 0.607249 -0.143773
vn 0.781416 -0.607220 -0.143777
s 1
g pCube5
f 3131/3460/2853 3132/3461/2854 3133/3462/2855 3134/3463/2856
f 3135/3464/2857 3136/3465/2858 3137/3466/2859 3138/3467/2860
f 3139/3468/2861 3140/3469/2862 3141/3470/2863 3142/3471/2864
f 3143/3472/2865 3144/3473/2866 3145/3474/2867 3146/3475/2868
f 3147/3476/2869 3145/3474/2867 3144/3473/2866 3148/3477/2870
f 3149/3478/2871 3143/3472/2865 3146/3475/2868 3150/3479/2872
f 3134/3480/2856 3133/3481/2855 3151/3482/2873 3152/3483/2874
f 3153/3484/2875 3147/3485/2869 3148/3486/2870 3154/3487/2876
f 3140/3488/2862 3139/3489/2861 3155/3490/2877 3156/3491/2878
f 3157/3492/2879 3149/3493/2871 3150/3494/2872 3158/3495/2880
f 3159/3496/2881 3160/3497/2882 3161/3498/2883 3162/3499/2884
f 3163/3500/2885 3164/3501/2886 3165/3502/2887 3166/3503/2888
f 3167/3504/2889 3168/3505/2890 3169/3506/2891 3170/3507/2892
f 3171/3508/2893 3172/3509/2894 3173/3510/2895 3174/3511/2896
f 3175/3512/2897 3176/3513/2898 3177/3514/2899 3178/3515/2900
f 3136/3465/2858 3179/3516/2901 3180/3517/2902 3137/3466/2859
f 3181/3518/2903 3182/3519/2904 3183/3520/2905 3184/3521/2906
f 3138/3467/2860 3185/3522/2907 3186/3523/2908 3135/3464/2857
f 3187/3524/2909 3188/3525/2910 3189/3526/2911 3190/3527/2912
f 3191/3528/2913 3192/3529/2914 3193/3530/2915 3194/3531/2916
f 3195/3532/2917 3196/3533/2918 3197/3534/2919 3198/3535/2920
f 3198/3535/2920 3199/3536/2921 3200/3537/2922 3195/3532/2917
f 3199/3536/2921 3201/3538/2923 3202/3539/2924 3200/3537/2922
f 3203/3540/2925 3204/3541/2926 3205/3542/2927 3206/3543/2928
f 3207/3544/2929 3208/3545/2930 3209/3546/2931 3210/3547/2932
f 3208/3548/2930 3211/3549/2933 3212/3550/2934 3209/3551/2931
f 3213/3552/2935 3212/3550/2934 3211/3549/2933 3214/3553/2936
f 3188/3554/2910 3213/3552/2935 3214/3553/2936 3189/3555/2911
f 3215/3556/2937 3216/3557/2938 3160/3497/2882 3159/3496/2881
f 3205/3542/2927 3217/3558/2939 3218/3559/2940 3206/3543/2928
f 3219/3560/2941 3220/3561/2942 3166/3503/2888 3165/3502/2887
f 3221/3562/2943 3222/3563/2944 3168/3505/2890 3167/3504/2889
f 3173/3510/2895 3223/3564/2945 3224/3565/2946 3174/3511/2896
f 3225/3566/2947 3226/3567/2948 3194/3531/2916 3193/3530/2915
f 3190/3527/2912 3189/3526/2911 3134/3568/2856 3152/3569/2874
f 3159/3570/2881 3194/3531/2916 3226/3567/2948 3215/3571/2937
f 3162/3572/2884 3191/3528/2913 3194/3531/2916 3159/3570/2881
f 3198/3535/2920 3197/3534/2919 3175/3573/2897 3178/3515/2900
f 3178/3515/2900 3177/3514/2899 3199/3536/2921 3198/3535/2920
f 3176/3574/2898 3201/3538/2923 3199/3536/2921 3177/3514/2899
f 3160/3575/2882 3205/3542/2927 3204/3541/2926 3161/3576/2883
f 3216/3577/2938 3217/3558/2939 3205/3542/2927 3160/3575/2882
f 3133/3578/2855 3208/3545/2930 3207/3544/2929 3151/3579/2873
f 3132/3461/2854 3211/3549/2933 3208/3548/2930 3133/3580/2855
f 3214/3553/2936 3211/3549/2933 3132/3461/2854 3131/3460/2853
f 3189/3555/2911 3214/3553/2936 3131/3460/2853 3134/3581/2856
f 3142/3471/2864 3141/3470/2863 3144/3473/2866 3143/3472/2865
f 3148/3477/2870 3144/3473/2866 3141/3470/2863 3140/3582/2862
f 3154/3487/2876 3148/3486/2870 3140/3583/2862 3156/3584/2878
f 3167/3585/2889 3166/3503/2888 3220/3561/2942 3221/3586/2943
f 3170/3587/2892 3163/3500/2885 3166/3503/2888 3167/3585/2889
f 3137/3466/2859 3180/3517/2902 3181/3588/2903 3184/3521/2906
f 3138/3467/2860 3137/3466/2859 3184/3521/2906 3183/3520/2905
f 3182/3589/2904 3185/3522/2907 3138/3467/2860 3183/3520/2905
f 3168/3590/2890 3173/3510/2895 3172/3509/2894 3169/3591/2891
f 3222/3592/2944 3223/3564/2945 3173/3510/2895 3168/3590/2890
f 3139/3593/2861 3149/3493/2871 3157/3492/2879 3155/3594/2877
f 3142/3471/2864 3143/3472/2865 3149/3478/2871 3139/3595/2861
f 3209/3551/2931 3212/3550/2934 3227/3596/2949 3228/3597/2950
f 3210/3547/2932 3209/3546/2931 3228/3598/2950 3229/3599/2951
f 3206/3543/2928 3218/3559/2940 3230/3600/2952 3231/3601/2953
f 3231/3601/2953 3232/3602/2954 3203/3540/2925 3206/3543/2928
f 3200/3537/2922 3202/3539/2924 3233/3603/2955 3234/3604/2956
f 3195/3532/2917 3200/3537/2922 3234/3604/2956 3235/3605/2957
f 3235/3605/2957 3236/3606/2958 3196/3533/2918 3195/3532/2917
f 3192/3529/2914 3237/3607/2959 3238/3608/2960 3193/3530/2915
f 3238/3608/2960 3239/3609/2961 3225/3566/2947 3193/3530/2915
f 3240/3610/2962 3241/3611/2963 3188/3525/2910 3187/3524/2909
f 3241/3612/2963 3242/3613/2964 3213/3552/2935 3188/3554/2910
f 3242/3613/2964 3227/3596/2949 3212/3550/2934 3213/3552/2935
f 3158/3495/2880 3150/3494/2872 3243/3614/2965 3244/3615/2966
f 3174/3511/2896 3224/3565/2946 3245/3616/2967 3246/3617/2968
f 3246/3617/2968 3247/3618/2969 3171/3508/2893 3174/3511/2896
f 3135/3464/2857 3186/3523/2908 3248/3619/2970 3249/3620/2971
f 3249/3620/2971 3250/3621/2972 3136/3465/2858 3135/3464/2857
f 3250/3621/2972 3251/3622/2973 3179/3516/2901 3136/3465/2858
f 3164/3501/2886 3252/3623/2974 3253/3624/2975 3165/3502/2887
f 3253/3624/2975 3254/3625/2976 3219/3560/2941 3165/3502/2887
f 3255/3626/2977 3256/3627/2978 3147/3485/2869 3153/3484/2875
f 3256/3628/2978 3257/3629/2979 3145/3474/2867 3147/3476/2869
f 3146/3475/2868 3145/3474/2867 3257/3629/2979 3258/3630/2980
f 3150/3479/2872 3146/3475/2868 3258/3630/2980 3243/3631/2965
f 3202/3539/2924 3203/3540/2925 3232/3602/2954 3233/3603/2955
f 3201/3538/2923 3204/3541/2926 3203/3540/2925 3202/3539/2924
f 3161/3576/2883 3204/3541/2926 3201/3538/2923 3176/3574/2898
f 3162/3499/2884 3161/3498/2883 3176/3513/2898 3175/3512/2897
f 3197/3534/2919 3191/3528/2913 3162/3572/2884 3175/3573/2897
f 3196/3533/2918 3192/3529/2914 3191/3528/2913 3197/3534/2919
f 3236/3606/2958 3237/3607/2959 3192/3529/2914 3196/3533/2918
f 3186/3523/2908 3171/3508/2893 3247/3618/2969 3248/3619/2970
f 3185/3522/2907 3172/3509/2894 3171/3508/2893 3186/3523/2908
f 3169/3591/2891 3172/3509/2894 3185/3522/2907 3182/3589/2904
f 3170/3507/2892 3169/3506/2891 3182/3519/2904 3181/3518/2903
f 3180/3517/2902 3163/3500/2885 3170/3587/2892 3181/3588/2903
f 3179/3516/2901 3164/3501/2886 3163/3500/2885 3180/3517/2902
f 3251/3622/2973 3252/3623/2974 3164/3501/2886 3179/3516/2901
f 3152/3483/2874 3151/3482/2873 3216/3557/2938 3215/3556/2937
f 3151/3579/2873 3207/3544/2929 3217/3558/2939 3216/3577/2938
f 3218/3559/2940 3217/3558/2939 3207/3544/2929 3210/3547/2932
f 3229/3599/2951 3230/3600/2952 3218/3559/2940 3210/3547/2932
f 3153/3484/2875 3219/3560/2941 3254/3625/2976 3255/3626/2977
f 3154/3487/2876 3220/3561/2942 3219/3560/2941 3153/3484/2875
f 3221/3586/2943 3220/3561/2942 3154/3487/2876 3156/3584/2878
f 3156/3491/2878 3155/3490/2877 3222/3563/2944 3221/3562/2943
f 3155/3594/2877 3157/3492/2879 3223/3564/2945 3222/3592/2944
f 3224/3565/2946 3223/3564/2945 3157/3492/2879 3158/3495/2880
f 3244/3615/2966 3245/3616/2967 3224/3565/2946 3158/3495/2880
f 3187/3524/2909 3225/3566/2947 3239/3609/2961 3240/3610/2962
f 3190/3527/2912 3226/3567/2948 3225/3566/2947 3187/3524/2909
f 3215/3571/2937 3226/3567/2948 3190/3527/2912 3152/3569/2874
f 3228/3597/2950 3227/3596/2949 3259/3632/2981 3260/3633/2982
f 3229/3599/2951 3228/3598/2950 3260/3634/2982 3261/3635/2983
f 3262/3636/2984 3230/3600/2952 3229/3599/2951 3261/3635/2983
f 3263/3637/2985 3264/3638/2986 3265/3639/2987 3266/3640/2988
f 3267/3641/2989 3268/3642/2990 3263/3637/2985 3266/3640/2988
f 3233/3603/2955 3232/3602/2954 3269/3643/2991 3270/3644/2992
f 3234/3604/2956 3233/3603/2955 3270/3644/2992 3271/3645/2993
f 3235/3605/2957 3234/3604/2956 3271/3645/2993 3272/3646/2994
f 3272/3646/2994 3273/3647/2995 3236/3606/2958 3235/3605/2957
f 3273/3647/2995 3274/3648/2996 3237/3607/2959 3236/3606/2958
f 3238/3608/2960 3237/3607/2959 3274/3648/2996 3275/3649/2997
f 3276/3650/2998 3239/3609/2961 3238/3608/2960 3275/3649/2997
f 3240/3610/2962 3239/3609/2961 3276/3650/2998 3277/3651/2999
f 3277/3651/2999 3278/3652/3000 3241/3611/2963 3240/3610/2962
f 3278/3653/3000 3279/3654/3001 3242/3613/2964 3241/3612/2963
f 3279/3654/3001 3259/3632/2981 3227/3596/2949 3242/3613/2964
f 3244/3615/2966 3243/3614/2965 3278/3652/3000 3277/3651/2999
f 3276/3650/2998 3245/3616/2967 3244/3615/2966 3277/3651/2999
f 3246/3617/2968 3245/3616/2967 3276/3650/2998 3275/3649/2997
f 3274/3648/2996 3247/3618/2969 3246/3617/2968 3275/3649/2997
f 3248/3619/2970 3247/3618/2969 3274/3648/2996 3273/3647/2995
f 3249/3620/2971 3248/3619/2970 3273/3647/2995 3272/3646/2994
f 3272/3646/2994 3271/3645/2993 3250/3621/2972 3249/3620/2971
f 3271/3645/2993 3270/3644/2992 3251/3622/2973 3250/3621/2972
f 3270/3644/2992 3269/3643/2991 3252/3623/2974 3251/3622/2973
f 3280/3655/3002 3281/3656/3003 3267/3641/2989 3266/3640/2988
f 3265/3639/2987 3282/3657/3004 3280/3655/3002 3266/3640/2988
f 3255/3626/2977 3254/3625/2976 3262/3636/2984 3261/3635/2983
f 3261/3635/2983 3260/3634/2982 3256/3627/2978 3255/3626/2977
f 3260/3633/2982 3259/3632/2981 3257/3629/2979 3256/3628/2978
f 3258/3630/2980 3257/3629/2979 3259/3632/2981 3279/3654/3001
f 3243/3631/2965 3258/3630/2980 3279/3654/3001 3278/3653/3000
f 3231/3601/2953 3230/3600/2952 3264/3638/2986 3263/3637/2985
f 3230/3600/2952 3262/3636/2984 3265/3639/2987 3264/3638/2986
f 3269/3643/2991 3232/3602/2954 3268/3642/2990 3267/3641/2989
f 3232/3602/2954 3231/3601/2953 3263/3637/2985 3268/3642/2990
f 3253/3624/2975 3252/3623/2974 3281/3656/3003 3280/3655/3002
f 3252/3623/2974 3269/3643/2991 3267/3641/2989 3281/3656/3003
f 3262/3636/2984 3254/3625/2976 3282/3657/3004 3265/3639/2987
f 3254/3625/2976 3253/3624/2975 3280/3655/3002 3282/3657/3004
g default
v 0.672000 0.021000 0.500000
v 0.717314 0.021303 0.500146
v 0.655543 1.024821 0.506445
v 0.703547 1.025042 0.505652
v 0.658252 1.023422 -0.508995
v 0.705492 1.023553 -0.508321
v 0.672054 0.022666 -0.502824
v 0.717773 0.023110 -0.502630
v 0.642256 2.241535 0.036712
v 0.691023 2.239436 0.036692
v 0.697330 2.234324 -0.038427
v 0.649124 2.236149 -0.038534
v 0.657908 0.006801 0.972095
v 0.705525 0.008449 0.970700
v 0.705525 0.008450 0.970700
v 0.657908 0.006802 0.972095
v 0.674496 0.019795 -0.961238
v 0.721332 0.021203 -0.959978
v 0.644144 2.278588 0.038779
v 0.692759 2.276494 0.038755
v 0.699146 2.271133 -0.040408
v 0.651106 2.272938 -0.040514
v 0.653839 1.063132 0.535249
v 0.698571 1.063207 0.535743
v 0.659656 1.061293 -0.536437
v 0.704358 1.061238 -0.536769
v 0.665920 0.051243 1.019980
v 0.711650 0.051506 1.019740
v 0.726716 0.062982 -1.008722
v 0.679791 0.061420 -1.010265
v 3.396158 2.215174 0.036531
v 3.396926 2.215779 -0.037247
v 3.396158 2.252842 -0.039264
v 3.396420 2.253053 0.038573
v 3.403889 1.027306 0.503638
v 3.404788 1.065131 0.531784
v 3.393218 1.028253 -0.500370
v 3.393496 1.065819 -0.528051
v 3.422703 -0.000505 0.978003
v 3.427884 0.033753 1.035787
v 3.395440 0.022101 -0.959906
v 3.395248 0.059902 -1.012669
v 3.423868 2.213952 0.036480
v 3.426062 2.215641 -0.037244
v 3.424040 2.251711 -0.039232
v 3.424040 2.251711 0.038518
v 3.432992 1.027337 0.503506
v 3.433900 1.065153 0.531640
v 3.422437 1.028254 -0.500365
v 3.422437 1.065837 -0.527938
v 3.453610 -0.001342 0.978703
v 3.459019 0.032853 1.036610
v 3.422886 0.023591 -0.958589
v 3.422807 0.061248 -1.011371
v 3.375762 0.025634 0.023533
v 3.375762 0.025634 -0.031007
v 3.404996 0.025634 -0.031007
v 3.404996 0.025634 0.023533
v 3.375762 0.025622 0.366781
v 3.404996 0.025622 0.366781
v 3.375762 0.025612 0.706102
v 3.404996 0.025612 0.706102
v 2.058863 2.248652 0.037067
v 2.058838 2.247563 -0.038981
v 2.058511 1.028252 -0.500373
v 2.056144 0.044489 -0.938842
v 2.056144 0.081259 -0.990524
v 2.058515 1.065818 -0.528060
v 2.058839 2.287300 -0.041148
v 2.058864 2.288310 0.039157
v 2.057702 1.064191 0.527335
v 2.058580 0.057470 1.014171
v 2.058557 0.021095 0.959991
v 2.057503 1.026374 0.499050
v 0.666662 1.624779 0.270484
v 0.667869 1.662244 0.285174
v 0.712549 1.662500 0.285320
v 2.057633 1.665098 0.286215
v 3.433023 1.672794 0.290366
v 3.465849 1.674192 0.291057
v 3.466931 1.635856 0.275989
v 3.404996 0.025628 0.195157
v 3.375762 0.025628 0.195157
v 3.433082 1.634180 0.275151
v 2.058010 1.628482 0.271979
v 0.711556 1.624956 0.270573
v 0.723029 1.620835 -0.268922
v 2.056149 1.606715 -0.264340
v 3.404788 1.624595 -0.271004
v 3.433900 1.624468 -0.270934
v 3.433900 1.662363 -0.285858
v 3.404788 1.662500 -0.285932
v 2.056285 1.644227 -0.279031
v 0.723523 1.658249 -0.283628
v 0.678839 1.658135 -0.283566
v 0.678816 1.620559 -0.268769
v 1.372258 2.243699 0.036799
v 1.374512 2.240032 -0.038646
v 1.381931 1.627314 -0.272850
v 1.374491 1.024761 -0.513581
v 1.386430 0.015753 -0.965204
v 1.385608 0.052235 -1.019685
v 1.374642 1.063038 -0.541728
v 1.384223 1.663612 -0.286764
v 1.376414 2.275346 -0.040585
v 1.373012 2.281090 0.038881
v 1.382854 1.664642 0.286043
v 1.392770 1.064926 0.525013
v 1.385608 0.052235 1.019073
v 1.385608 0.014330 0.965796
v 1.390534 1.027561 0.499675
v 1.386157 1.623949 0.269731
v 2.737284 2.230826 0.036881
v 2.735314 2.227677 -0.037757
v 2.733171 1.625745 -0.271874
v 2.713515 1.026594 -0.493859
v 2.744691 -0.007143 -0.985695
v 2.741768 0.035868 -1.035682
v 2.711667 1.063510 -0.519811
v 2.736011 1.665927 -0.288140
v 2.734617 2.264645 -0.039762
v 2.736361 2.267506 0.038941
v 2.717884 1.651095 0.279315
v 2.724131 1.064330 0.525829
v 2.725857 0.061539 1.010361
v 2.725857 0.023955 0.957536
v 2.721160 1.026913 0.496168
v 2.720748 1.616254 0.265871
v 1.031006 2.241535 0.036712
v 1.035979 2.236149 -0.038534
v 1.042868 1.627621 -0.272863
v 1.061550 1.025659 -0.498856
v 1.057491 0.023955 -0.958266
v 1.057491 0.061539 -1.011091
v 1.065439 1.063025 -0.524141
v 1.041662 1.666390 -0.288244
v 1.037414 2.272938 -0.040514
v 1.032373 2.278588 0.038779
v 1.029617 1.672748 0.290093
v 1.064677 1.064851 0.522295
v 1.049079 0.052235 1.019073
v 1.050323 0.015753 0.964575
v 1.062851 1.027758 0.496167
v 1.031830 1.633036 0.274314
v 1.728362 1.608523 0.261923
v 1.717727 1.025761 0.510354
v 1.724035 0.021095 0.959991
v 1.723657 0.057470 1.014171
v 1.718306 1.064292 0.537679
v 1.727012 1.647605 0.277529
v 1.715930 2.280923 0.038877
v 1.715529 2.282291 -0.040996
v 1.724838 1.658135 -0.283566
v 1.721227 1.063981 -0.533362
v 1.725875 0.065760 -1.006689
v 1.726184 0.029656 -0.952873
v 1.721012 1.026400 -0.506141
v 1.724972 1.620162 -0.268640
v 1.715899 2.242414 -0.038830
v 1.715902 2.242433 0.036836
v 2.403645 2.248656 0.036999
v 2.402887 2.246199 -0.038860
v 2.392215 1.620415 -0.269605
v 2.387124 1.027628 -0.495338
v 2.394573 0.013300 -0.967012
v 2.392956 0.054722 -1.016608
v 2.387993 1.064963 -0.523513
v 2.393291 1.659714 -0.285490
v 2.402539 2.283796 -0.040870
v 2.403241 2.286169 0.039087
v 2.391842 1.657550 0.282509
v 2.383570 1.063600 0.515985
v 2.392184 0.061539 1.010361
v 2.392184 0.023955 0.957536
v 2.383401 1.026786 0.488687
v 2.394729 1.624076 0.269784
v 3.057833 1.617227 0.266618
v 3.093324 1.024321 0.515676
v 3.059530 0.023955 0.957536
v 3.059530 0.061539 1.010361
v 3.092443 1.063297 0.543772
v 3.051957 1.651664 0.279844
v 3.068227 2.259836 0.038855
v 3.066847 2.258343 -0.039424
v 3.035651 1.643395 -0.278770
v 3.083394 1.063454 -0.541461
v 3.071041 0.049266 -1.022924
v 3.071515 0.010731 -0.969959
v 3.085303 1.024888 -0.514165
v 3.035898 1.606734 -0.264351
v 3.066523 2.220152 -0.037370
v 3.067790 2.221475 0.036789
v 0.859721 2.241535 0.036712
v 0.865528 2.236149 -0.038534
v 0.886037 1.622449 -0.269816
v 0.894002 1.025473 -0.499601
v 0.890180 0.023450 -0.958649
v 0.891369 0.062098 -1.010433
v 0.898494 1.062889 -0.524964
v 0.887523 1.659524 -0.284319
v 0.867204 2.272938 -0.040514
v 0.861317 2.278588 0.038779
v 0.877236 1.664134 0.285955
v 0.891118 1.064362 0.525767
v 0.880814 0.052235 1.019073
v 0.882269 0.015753 0.964575
v 0.890463 1.027174 0.498835
v 0.877417 1.626049 0.270898
v 1.195119 1.676511 -0.294259
v 1.217993 1.061930 -0.532560
v 1.222389 0.058955 -1.013477
v 1.222833 0.021895 -0.960009
v 1.218127 1.024447 -0.504719
v 1.196903 1.636555 -0.278313
v 1.204971 2.238050 -0.038625
v 1.200764 2.243529 0.036792
v 1.202292 1.633442 0.274488
v 1.223377 1.027525 0.499827
v 1.217344 0.014330 0.965796
v 1.218376 0.053611 1.017785
v 1.226309 1.064906 0.525142
v 1.202292 1.672027 0.289684
v 1.202924 2.279271 0.038806
v 1.206659 2.274237 -0.040587
v 1.540851 2.250394 0.037069
v 1.542065 2.247747 -0.038936
v 1.557082 1.621454 -0.269315
v 1.544854 1.024831 -0.514238
v 1.557118 0.021895 -0.960009
v 1.556855 0.058955 -1.013477
v 1.545502 1.063037 -0.541733
v 1.557657 1.658499 -0.283783
v 1.543009 2.284415 -0.040921
v 1.540623 2.289810 0.039190
v 1.554152 1.660528 0.283983
v 1.555741 1.065379 0.529552
v 1.553873 0.052235 1.019073
v 1.553873 0.014330 0.965796
v 1.554784 1.027478 0.502903
v 1.557667 1.618288 0.266861
v 2.058119 1.932198 -0.157203
v 1.716126 1.937544 -0.157750
v 1.543787 1.939204 -0.158066
v 1.367871 1.944245 -0.159027
v 1.209896 1.930309 -0.155956
v 1.054099 1.919359 -0.153533
v 0.890655 1.916701 -0.152965
v 0.719327 1.919339 -0.153571
v 0.713179 1.922931 0.153387
v 0.881336 1.922946 0.153390
v 1.049079 1.923279 0.153601
v 1.215993 1.924554 0.153792
v 1.380675 1.929103 0.154342
v 1.550173 1.929103 0.154342
v 1.719588 1.929303 0.154384
v 2.057727 1.916636 0.151788
v 2.387483 1.906693 0.149983
v 2.723848 1.913918 0.151191
v 3.080516 1.932471 0.154478
v 3.398702 1.919823 0.152883
v 3.375762 0.025631 0.109345
v 3.404996 0.025631 0.109345
v 3.428458 1.920048 0.152930
v 3.426410 1.956601 0.161133
v 3.396790 1.956420 0.161095
v 3.082716 1.972898 0.163598
v 2.730402 1.959551 0.161181
v 2.389432 1.948236 0.159255
v 2.058095 1.955112 0.160605
v 1.720683 1.964770 0.162535
v 1.551814 1.964573 0.162494
v 1.382867 1.964573 0.162494
v 1.216761 1.961760 0.162183
v 1.048379 1.961760 0.162183
v 0.878120 1.963104 0.162188
v 0.709519 1.963079 0.162183
v 0.665805 1.962037 0.161999
v 0.669238 1.922137 0.153243
v 0.673402 1.919790 -0.153675
v 0.667329 1.961139 -0.162953
v 0.713905 1.960388 -0.162781
v 0.890655 1.954284 -0.161380
v 1.056012 1.955499 -0.161635
v 1.214886 1.963618 -0.163428
v 1.368821 1.981983 -0.167471
v 1.543992 1.977539 -0.166617
v 1.716478 1.975255 -0.166178
v 2.058160 1.969892 -0.165580
v 2.393141 1.956971 -0.162674
v 2.734494 1.964531 -0.163468
v 3.055873 1.951053 -0.161047
v 3.404788 1.961184 -0.162700
v 3.433900 1.960968 -0.162658
v 3.433900 1.923073 -0.154173
v 3.404788 1.923279 -0.154212
v 3.051812 1.910145 -0.152320
v 2.737297 1.929717 -0.155703
v 2.394697 1.922772 -0.155039
v 1.891496 1.611563 0.263451
v 1.889193 1.026343 0.506484
v 1.891296 0.021095 0.959991
v 1.891118 0.057470 1.014171
v 1.889538 1.064706 0.533630
v 1.890924 1.649853 0.278637
v 1.890388 1.961005 0.161904
v 1.887490 2.279859 0.038860
v 1.887237 2.281584 -0.040978
v 1.887662 1.974906 -0.166111
v 1.891987 1.654407 -0.282349
v 1.891301 1.065565 -0.529110
v 1.892732 0.078343 -0.993566
v 1.892915 0.044489 -0.938842
v 1.891371 1.028009 -0.501373
v 1.892073 1.616054 -0.267315
v 1.887435 1.937488 -0.157739
v 1.887424 2.241696 -0.038811
v 1.887449 2.241646 0.036828
v 1.889921 1.924888 0.153616
v 2.231389 2.249401 0.037074
v 2.231204 2.248334 -0.039003
v 2.223931 1.916640 -0.155627
v 2.220304 1.608861 -0.265341
v 2.224813 1.028148 -0.499513
v 2.220551 0.039638 -0.943247
v 2.219753 0.078993 -0.992613
v 2.224989 1.065717 -0.527331
v 2.219813 1.644571 -0.279431
v 2.224011 1.954408 -0.163940
v 2.231344 2.288095 -0.041172
v 2.231632 2.289810 0.039190
v 2.223366 1.947270 0.159070
v 2.227622 1.665962 0.286654
v 2.224479 1.064311 0.526567
v 2.225442 0.060981 1.010883
v 2.225382 0.023742 0.957719
v 2.223860 1.026722 0.497661
v 2.228873 1.630778 0.273138
v 2.222448 1.906938 0.150002
v 2.567765 1.666908 -0.288552
v 2.553675 1.064894 -0.523939
v 2.569414 0.036170 -1.034516
v 2.573007 -0.008719 -0.986519
v 2.552633 1.027492 -0.495888
v 2.565593 1.626620 -0.272239
v 2.569967 1.933263 -0.156517
v 2.574341 2.244993 -0.038789
v 2.576058 2.248679 0.037000
v 2.554734 1.910046 0.150544
v 2.557866 1.619223 0.267356
v 2.547638 1.026978 0.489236
v 2.559020 0.023955 0.957536
v 2.559020 0.061539 1.010361
v 2.547610 1.063551 0.516328
v 2.555203 1.653815 0.280670
v 2.559551 1.955133 0.160431
v 2.575445 2.286169 0.039087
v 2.573828 2.282567 -0.040798
v 2.567765 1.968098 -0.164286
v 2.895268 2.216082 0.036543
v 2.894863 2.215559 -0.037241
v 2.894675 1.918446 -0.153371
v 2.887576 1.616973 -0.267713
v 2.886663 1.025405 -0.499283
v 2.915149 -0.005732 -0.984516
v 2.911828 0.037096 -1.034659
v 2.884808 1.062659 -0.525741
v 2.888483 1.654905 -0.282784
v 2.894830 1.956302 -0.161766
v 2.894735 2.253072 -0.039271
v 2.894898 2.253283 0.038583
v 2.910281 1.971022 0.163110
v 2.886168 1.653016 0.280373
v 2.907406 1.062896 0.535766
v 2.892694 0.061539 1.010361
v 2.892694 0.023955 0.957536
v 2.903186 1.024782 0.505231
v 2.891363 1.619000 0.267391
v 2.905234 1.927680 0.153474
v 3.241329 1.624071 0.270045
v 3.244498 1.026494 0.507168
v 3.229347 0.021133 0.959898
v 3.230615 0.057651 1.013918
v 3.244224 1.064664 0.535066
v 3.237768 1.660462 0.284198
v 3.234332 1.959819 0.161562
v 3.236522 2.259868 0.038856
v 3.235998 2.259382 -0.039454
v 3.229186 1.956200 -0.161747
v 3.221927 1.655410 -0.282978
v 3.237102 1.065158 -0.532897
v 3.239781 0.049266 -1.022924
v 3.240333 0.010731 -0.969959
v 3.236712 1.027281 -0.504945
v 3.223481 1.618568 -0.268568
v 3.228367 1.917926 -0.153249
v 3.236522 2.221963 -0.037421
v 3.235998 2.221493 0.036790
v 3.234477 1.922020 0.153066
v 0.671671 1.323794 0.384812
v 0.671317 1.362048 0.406523
v 0.715688 1.362207 0.406757
v 0.866374 1.365536 0.412211
v 1.051334 1.362145 0.406546
v 1.227794 1.359744 0.402531
v 1.403229 1.353584 0.394964
v 1.566458 1.353584 0.394964
v 1.726363 1.359342 0.401858
v 1.891707 1.361766 0.404759
v 2.058515 1.362034 0.405115
v 2.225968 1.362718 0.406397
v 2.395988 1.364442 0.409301
v 2.573919 1.368534 0.416192
v 2.748664 1.369454 0.418057
v 2.901599 1.364309 0.409141
v 3.070597 1.364418 0.409254
v 3.236592 1.363937 0.408327
v 3.397624 1.362693 0.406348
v 3.426160 1.362562 0.406133
v 3.427723 1.325076 0.385331
v 3.404996 0.025625 0.280969
v 3.375762 0.025625 0.280969
v 3.398214 1.325055 0.385282
v 3.231813 1.325266 0.385501
v 3.065127 1.325426 0.385856
v 2.902394 1.326520 0.388039
v 2.749888 1.330946 0.396806
v 2.573690 1.329747 0.394258
v 2.395816 1.326328 0.387726
v 2.226062 1.325083 0.385344
v 2.058521 1.324498 0.384047
v 1.891675 1.324395 0.383825
v 1.726041 1.322519 0.381452
v 1.565888 1.317325 0.374883
v 1.403229 1.316813 0.374235
v 1.230725 1.321148 0.379808
v 1.057572 1.322642 0.382635
v 0.869702 1.326130 0.389220
v 0.715819 1.323926 0.385071
v 0.713309 1.325809 -0.387577
v 0.881477 1.325809 -0.387577
v 1.056925 1.324193 -0.384811
v 1.225784 1.322301 -0.384179
v 1.380023 1.325802 -0.391712
v 1.555462 1.323551 -0.386683
v 1.727940 1.317778 -0.379667
v 1.892253 1.317989 -0.379476
v 2.058066 1.323913 -0.385829
v 2.226820 1.325801 -0.387570
v 2.393152 1.324887 -0.385603
v 2.559144 1.324445 -0.384655
v 2.724802 1.323926 -0.384125
v 2.883934 1.321084 -0.381588
v 3.040919 1.317967 -0.379428
v 3.229607 1.324010 -0.386038
v 3.396926 1.324887 -0.385603
v 3.426062 1.324865 -0.385554
v 3.427635 1.362790 -0.407251
v 3.398510 1.362824 -0.407315
v 3.228787 1.361463 -0.407070
v 3.038307 1.354159 -0.399373
v 2.886433 1.359382 -0.403475
v 2.725417 1.361766 -0.405556
v 2.559316 1.362107 -0.405979
v 2.393565 1.362824 -0.407315
v 2.226775 1.363593 -0.408966
v 2.057918 1.361149 -0.406791
v 1.892488 1.354180 -0.399412
v 1.728270 1.354873 -0.400167
v 1.556286 1.361439 -0.407233
v 1.377196 1.365500 -0.415021
v 1.222889 1.361104 -0.406717
v 1.055531 1.362264 -0.406559
v 0.880814 1.363815 -0.409164
v 0.712549 1.363815 -0.409164
v 0.668037 1.363682 -0.408914
v 0.668784 1.325704 -0.387352
v 0.660226 0.009879 0.736188
v 0.707360 0.011278 0.735459
v 0.722455 0.525460 0.729348
v 0.892314 0.526806 0.727349
v 1.060282 0.526818 0.725045
v 1.211659 0.515904 0.737739
v 1.396847 0.530034 0.718803
v 1.565269 0.534393 0.713770
v 1.726412 0.529246 0.723047
v 1.891703 0.526330 0.728188
v 2.058511 0.526104 0.728586
v 2.225459 0.525729 0.729030
v 2.393805 0.523235 0.731968
v 2.566941 0.516596 0.739674
v 2.747232 0.506747 0.750996
v 2.914466 0.510297 0.746800
v 3.083537 0.511564 0.745303
v 3.254330 0.511570 0.745295
v 3.401467 0.522343 0.732910
v 3.375762 0.025617 0.536441
v 3.404996 0.025617 0.536441
v 3.426297 0.524385 0.730563
v 3.427394 0.561615 0.771468
v 3.403144 0.559441 0.774284
v 3.257721 0.548394 0.788591
v 3.086546 0.548330 0.788676
v 2.917764 0.546601 0.790970
v 2.749888 0.543258 0.795405
v 2.569443 0.551937 0.784165
v 2.394074 0.560539 0.772935
v 2.225442 0.563388 0.769183
v 2.058511 0.563688 0.768784
v 1.891756 0.564274 0.767599
v 1.727194 0.567994 0.760074
v 1.565687 0.571652 0.752022
v 1.395704 0.566005 0.759335
v 1.208994 0.552208 0.780975
v 1.058519 0.563301 0.766505
v 0.892076 0.564238 0.767671
v 0.722497 0.563101 0.769563
v 0.677227 0.562996 0.769703
v 0.677176 0.525345 0.729484
v 2.058648 0.268502 0.849418
v 1.891111 0.271715 0.846289
v 1.723641 0.271715 0.846289
v 1.557937 0.274909 0.843072
v 1.394682 0.279413 0.837223
v 1.223545 0.273762 0.842377
v 1.073748 0.287718 0.826486
v 0.910641 0.288219 0.826007
v 0.748377 0.289029 0.824959
v 0.691374 -0.002489 0.862833
v 0.643066 -0.004333 0.864121
v 0.706308 0.290134 0.823530
v 0.706308 0.326904 0.869036
v 0.748377 0.325859 0.870538
v 0.913543 0.326904 0.869036
v 1.075218 0.325614 0.870387
v 1.222822 0.310420 0.889018
v 1.395793 0.318027 0.881284
v 1.558285 0.313082 0.888746
v 1.723657 0.309484 0.892931
v 1.891118 0.309484 0.892931
v 2.058668 0.305459 0.897251
v 2.226933 0.305459 0.897251
v 2.395198 0.305459 0.897251
v 2.561005 0.309417 0.893002
v 2.726238 0.312150 0.890070
v 2.894040 0.311294 0.890954
v 3.071297 0.302996 0.899644
v 3.257721 0.290624 0.912601
v 3.429006 0.290624 0.912601
v 3.457872 0.291313 0.911879
v 3.453332 0.255612 0.861462
v 3.404996 0.025615 0.621272
v 3.375762 0.025615 0.621272
v 3.424467 0.254953 0.862086
v 3.253745 0.254953 0.862086
v 3.067463 0.268251 0.849485
v 2.893179 0.274532 0.843532
v 2.725999 0.274849 0.843238
v 2.560362 0.272772 0.845260
v 2.394816 0.268502 0.849418
v 2.226732 0.268502 0.849418
v 0.664220 0.013739 0.618140
v 0.711081 0.015037 0.617603
v 0.713373 0.774234 0.619041
v 0.881719 0.774294 0.618941
v 1.047714 0.773519 0.620207
v 1.211270 0.771451 0.623504
v 1.374624 0.767957 0.628694
v 1.549688 0.770011 0.621702
v 1.720678 0.771519 0.616480
v 1.888998 0.772406 0.615010
v 2.058121 0.769547 0.624704
v 2.228092 0.769547 0.624704
v 2.400304 0.768530 0.628120
v 2.562676 0.773287 0.618524
v 2.725016 0.776266 0.613481
v 2.898760 0.773232 0.618454
v 3.091965 0.765538 0.633225
v 3.257185 0.767727 0.629579
v 3.401714 0.774897 0.617838
v 3.375762 0.025620 0.451611
v 3.404996 0.025620 0.451611
v 3.426456 0.776124 0.615833
v 3.427394 0.813597 0.650244
v 3.403144 0.812375 0.652601
v 3.260343 0.805427 0.666029
v 3.094990 0.803294 0.670077
v 2.897133 0.811050 0.651387
v 2.721714 0.814714 0.644324
v 2.559766 0.812308 0.649246
v 2.400804 0.806345 0.663800
v 2.227719 0.807526 0.658683
v 2.057828 0.807526 0.658680
v 1.888693 0.809615 0.649235
v 1.719939 0.808458 0.651477
v 1.547328 0.806710 0.659416
v 1.371995 0.805224 0.666034
v 1.211861 0.809846 0.657521
v 1.047477 0.811387 0.654609
v 0.880814 0.811907 0.653606
v 0.714358 0.812365 0.652706
v 0.668256 0.812170 0.653090
v 0.667184 0.774002 0.619430
v 2.058514 2.072848 -0.096168
v 1.890107 2.073987 -0.096224
v 1.721368 2.074692 -0.096292
v 1.549830 2.080231 -0.096824
v 1.379908 2.080639 -0.096864
v 1.218930 2.070836 -0.095777
v 1.054113 2.067930 -0.095477
v 0.886728 2.067915 -0.095475
v 0.692786 2.086469 -0.097898
v 0.690261 2.088235 0.096062
v 0.861257 2.088283 0.096068
v 1.045059 2.076382 0.095325
v 1.210201 2.080639 0.095795
v 1.379908 2.080639 0.095795
v 1.549615 2.080639 0.095795
v 1.721364 2.074826 0.095367
v 1.890089 2.074455 0.095340
v 2.058680 2.074709 0.095340
v 2.226417 2.070310 0.094815
v 2.395139 2.072797 0.094928
v 2.572011 2.088470 0.096088
v 2.745166 2.091253 0.096348
v 2.904006 2.077235 0.095255
v 3.069608 2.074011 0.095063
v 3.228738 2.066621 0.094514
v 3.395109 2.066065 0.094478
v 3.375762 0.025633 0.066439
v 3.404996 0.025633 0.066439
v 3.424265 2.065987 0.094470
v 3.423834 2.103323 0.099666
v 3.394671 2.103394 0.099673
v 3.229562 2.104928 0.099845
v 3.066251 2.108732 0.100134
v 2.900068 2.110802 0.100213
v 2.745321 2.130091 0.101786
v 2.573072 2.129006 0.101619
v 2.397065 2.116125 0.100628
v 2.227464 2.113810 0.100549
v 2.058719 2.116825 0.100952
v 1.889598 2.115417 0.100845
v 1.720247 2.116129 0.100899
v 1.547108 2.123781 0.101482
v 1.376934 2.123219 0.101419
v 1.206476 2.123219 0.101419
v 1.041835 2.117572 0.100789
v 0.859721 2.128098 0.101518
v 0.688435 2.128098 0.101518
v 0.644932 2.126214 0.101374
v 0.646755 2.086469 0.095932
v 0.644144 2.088235 -0.098128
v 0.642256 2.128098 -0.103657
v 0.691023 2.126214 -0.103410
v 0.883532 2.108285 -0.101063
v 1.051393 2.108285 -0.101063
v 1.216553 2.111442 -0.101404
v 1.381525 2.116503 -0.101866
v 1.549832 2.118444 -0.102120
v 1.721562 2.112108 -0.101490
v 1.890190 2.111422 -0.101442
v 2.058599 2.111772 -0.101480
v 2.225952 2.107291 -0.101340
v 2.395253 2.110969 -0.101367
v 2.563564 2.110900 -0.101319
v 2.734033 2.113821 -0.101515
v 2.894810 2.104727 -0.100518
v 3.060700 2.103453 -0.100394
v 3.231552 2.106529 -0.100694
v 3.404189 2.110105 -0.101043
v 3.433292 2.109851 -0.101018
v 3.433900 2.072375 -0.095793
v 3.404788 2.072621 -0.095817
v 3.229631 2.067297 -0.095307
v 3.059917 2.065123 -0.095098
v 2.894861 2.067105 -0.095290
v 2.734715 2.076725 -0.096353
v 2.563042 2.071978 -0.095865
v 2.393268 2.067828 -0.095574
v 2.224686 2.064318 -0.095870
v 0.668662 1.773263 0.211760
v 0.668037 1.811430 0.223561
v 0.712549 1.811842 0.223704
v 0.879996 1.812313 0.223842
v 1.044818 1.814729 0.224396
v 1.215019 1.813739 0.224051
v 1.373097 1.824538 0.227131
v 1.544908 1.823957 0.226931
v 1.717415 1.819429 0.225403
v 1.888026 1.818166 0.225021
v 2.056471 1.805707 0.220817
v 2.220526 1.792618 0.216941
v 2.382601 1.788200 0.215649
v 2.545830 1.788200 0.215649
v 2.709520 1.788658 0.215783
v 2.879208 1.793699 0.217258
v 3.051454 1.798883 0.218879
v 3.224966 1.804575 0.221081
v 3.413627 1.816087 0.224879
v 3.444740 1.816902 0.225169
v 3.449974 1.781063 0.214041
v 3.404996 0.025630 0.152251
v 3.375762 0.025630 0.152251
v 3.418177 1.779959 0.213648
v 3.227643 1.768075 0.209716
v 3.046933 1.758517 0.206463
v 2.875820 1.754075 0.205071
v 2.709058 1.751430 0.204292
v 2.546572 1.752398 0.204621
v 2.383372 1.752828 0.204745
v 2.221159 1.757651 0.206150
v 2.056349 1.767904 0.209095
v 1.888013 1.777853 0.212465
v 1.718789 1.777013 0.212225
v 1.545176 1.784838 0.214832
v 1.373440 1.785597 0.215090
v 1.212467 1.777685 0.212833
v 1.041742 1.778626 0.213162
v 0.878522 1.775185 0.212360
v 0.713183 1.773638 0.211892
v 0.723818 1.768626 -0.210865
v 0.889701 1.769141 -0.211034
v 1.046119 1.775838 -0.213453
v 1.195119 1.790920 -0.218980
v 1.369224 1.789625 -0.218510
v 1.553062 1.774960 -0.213199
v 1.722045 1.774038 -0.212896
v 1.890338 1.773685 -0.212828
v 2.057874 1.768893 -0.211913
v 2.220837 1.756724 -0.209591
v 2.399199 1.781656 -0.216454
v 2.576367 1.789964 -0.218622
v 2.745370 1.786829 -0.217632
v 2.892523 1.767907 -0.211590
v 3.035517 1.751430 -0.207604
v 3.221084 1.765098 -0.210370
v 3.404788 1.773937 -0.212608
v 3.433900 1.773770 -0.212554
v 3.434271 1.811842 -0.224316
v 3.404788 1.811842 -0.224316
v 3.221787 1.802986 -0.222023
v 3.036867 1.789214 -0.219159
v 2.892889 1.805864 -0.223217
v 2.745069 1.825177 -0.229427
v 2.577136 1.829836 -0.231000
v 2.399687 1.821024 -0.228680
v 2.221609 1.796764 -0.222142
v 2.057984 1.810128 -0.224773
v 1.889594 1.814962 -0.225725
v 1.720575 1.814962 -0.225725
v 1.550645 1.816205 -0.226132
v 1.367871 1.829836 -0.231000
v 1.195119 1.829836 -0.231000
v 1.047110 1.813190 -0.224977
v 0.890242 1.806446 -0.222551
v 0.723818 1.806209 -0.222473
v 0.678839 1.806209 -0.222473
v 0.678839 1.768626 -0.210865
v 2.058528 1.512951 0.346417
v 1.891922 1.506973 0.341630
v 1.729686 1.498456 0.335192
v 1.566458 1.498456 0.335192
v 1.393704 1.507133 0.341794
v 1.214160 1.514599 0.347811
v 1.031006 1.520004 0.352406
v 0.859830 1.519957 0.352433
v 0.704230 1.515499 0.348913
v 0.664812 1.513803 0.347486
v 0.664347 1.475946 0.329408
v 0.674010 1.473627 -0.327798
v 0.675579 1.510927 -0.345467
v 0.720272 1.511035 -0.345568
v 0.880814 1.513158 -0.347548
v 1.048379 1.513420 -0.347809
v 1.215197 1.514164 -0.348679
v 1.373487 1.520054 -0.354592
v 1.554353 1.512821 -0.347404
v 1.726051 1.507158 -0.343120
v 1.892789 1.499302 -0.339001
v 2.056192 1.499514 -0.339505
v 2.224952 1.509309 -0.345432
v 2.394757 1.512658 -0.347205
v 2.561078 1.511495 -0.345997
v 2.726287 1.510287 -0.344871
v 2.887028 1.506838 -0.342950
v 3.037154 1.499032 -0.339050
v 3.228787 1.509908 -0.345824
v 3.404788 1.513158 -0.347548
v 3.433900 1.513060 -0.347457
v 3.433900 1.475166 -0.329314
v 3.404788 1.475253 -0.329400
v 3.228159 1.472060 -0.327616
v 3.036896 1.462120 -0.321335
v 2.887028 1.469481 -0.325064
v 2.726029 1.472558 -0.326745
v 2.560413 1.473347 -0.327522
v 2.395198 1.475253 -0.329400
v 2.225426 1.472530 -0.327945
v 2.056360 1.463664 -0.322562
v 1.892814 1.461900 -0.321115
v 1.726397 1.469007 -0.324811
v 1.554904 1.474474 -0.328889
v 1.374686 1.480855 -0.335478
v 1.216856 1.475493 -0.329786
v 1.049617 1.475075 -0.329224
v 0.880814 1.475253 -0.329400
v 0.718655 1.473749 -0.327918
v 0.703239 1.477609 0.330876
v 0.857806 1.481959 0.334486
v 1.031006 1.481418 0.333932
v 1.218024 1.474817 0.328092
v 1.396202 1.467784 0.322335
v 1.566458 1.461685 0.317587
v 1.729381 1.462365 0.318113
v 1.891985 1.469778 0.323847
v 2.058544 1.473900 0.327208
v 2.226845 1.475351 0.328505
v 2.400718 1.480855 0.333429
v 2.565412 1.476686 0.329715
v 2.734270 1.476593 0.329780
v 2.905658 1.477508 0.330805
v 3.088995 1.481677 0.334732
v 3.255337 1.480293 0.333232
v 3.408382 1.476245 0.329357
v 3.375762 0.025627 0.238063
v 3.404996 0.025627 0.238063
v 3.438560 1.476402 0.329494
v 3.442875 1.515572 0.348735
v 3.412247 1.515214 0.348466
v 3.254292 1.518017 0.351228
v 3.087384 1.519337 0.352581
v 2.905842 1.515692 0.349122
v 2.730626 1.512649 0.346251
v 2.563335 1.513223 0.346629
v 2.401292 1.520004 0.352406
v 2.227534 1.514726 0.347907
v 0.673135 1.172887 0.440935
v 0.671201 1.210926 0.466174
v 0.715697 1.210713 0.466218
v 0.883279 1.210713 0.466218
v 1.069578 1.209267 0.457924
v 1.240001 1.208711 0.454736
v 1.403229 1.208711 0.454736
v 1.560534 1.212292 0.462660
v 1.724163 1.213942 0.467021
v 1.891637 1.213928 0.466233
v 2.058561 1.214091 0.467408
v 2.226775 1.214336 0.469867
v 2.392396 1.212877 0.466865
v 2.563498 1.213448 0.470211
v 2.746291 1.216163 0.479526
v 2.913887 1.215837 0.477203
v 3.068588 1.214572 0.470134
v 3.229499 1.214085 0.467364
v 3.404424 1.214456 0.470041
v 3.434271 1.214473 0.470168
v 3.434271 1.176568 0.445579
v 3.404996 0.025624 0.323875
v 3.375762 0.025624 0.323875
v 3.404788 1.176568 0.445579
v 3.231515 1.176458 0.443662
v 3.071600 1.176758 0.446805
v 2.915530 1.177384 0.453021
v 2.743750 1.177217 0.452802
v 2.560578 1.174854 0.443174
v 2.390779 1.174628 0.440543
v 2.226459 1.176288 0.444647
v 2.058581 1.176435 0.443452
v 1.891592 1.176344 0.441984
v 1.723739 1.176422 0.443296
v 1.559828 1.175263 0.439301
v 1.402347 1.172262 0.431677
v 1.238854 1.172262 0.431677
v 1.070397 1.172192 0.433551
v 0.885492 1.172887 0.440935
v 0.713828 1.173264 0.442489
v 0.708173 1.175318 -0.448172
v 0.896342 1.174645 -0.440519
v 1.063787 1.174603 -0.439831
v 1.229492 1.172698 -0.440110
v 1.386308 1.173233 -0.446193
v 1.552945 1.173280 -0.447020
v 1.724738 1.172712 -0.441253
v 1.890780 1.175532 -0.444011
v 2.058548 1.176384 -0.443394
v 2.225611 1.176368 -0.443083
v 2.392188 1.176329 -0.442470
v 2.558239 1.176068 -0.441975
v 2.719013 1.174437 -0.439163
v 2.877507 1.172375 -0.436741
v 3.071939 1.175991 -0.448500
v 3.236686 1.176581 -0.446278
v 3.396013 1.176386 -0.443369
v 3.423771 1.176355 -0.442885
v 3.424008 1.213986 -0.467367
v 3.396377 1.214065 -0.467923
v 3.235837 1.214339 -0.470566
v 3.065243 1.213185 -0.470228
v 2.874623 1.208882 -0.459315
v 2.720819 1.212299 -0.464244
v 2.558675 1.213775 -0.466615
v 2.392263 1.213926 -0.466948
v 2.225846 1.214088 -0.468083
v 2.058499 1.213956 -0.467885
v 1.890797 1.212823 -0.467988
v 1.724648 1.209789 -0.465509
v 1.552605 1.210841 -0.471860
v 1.386023 1.210713 -0.470908
v 1.233218 1.209341 -0.462094
v 1.062652 1.212354 -0.464520
v 0.893544 1.212605 -0.465815
v 0.708553 1.213712 -0.472547
v 0.663992 1.213660 -0.472238
v 0.663520 1.175306 -0.447906
v 0.673876 0.021776 0.556344
v 0.719364 0.022277 0.556383
v 0.705344 0.899297 0.564317
v 0.884981 0.901511 0.559637
v 1.053220 0.901649 0.559325
v 1.216053 0.900258 0.562502
v 1.376970 0.897554 0.568625
v 1.548013 0.897664 0.567691
v 1.716830 0.895848 0.567648
v 1.888151 0.897322 0.564290
v 2.056514 0.900029 0.553921
v 2.222666 0.900375 0.553140
v 2.392949 0.900128 0.558697
v 2.548075 0.903597 0.545838
v 2.711073 0.903911 0.545136
v 2.883827 0.901355 0.550957
v 3.088837 0.895129 0.572408
v 3.245591 0.898859 0.565625
v 3.399474 0.901599 0.559421
v 3.375762 0.025621 0.409196
v 3.404996 0.025621 0.409196
v 3.426397 0.902018 0.558472
v 3.427795 0.939496 0.589899
v 3.400376 0.939212 0.590710
v 3.244372 0.937251 0.596303
v 3.090706 0.933382 0.605068
v 2.884958 0.938008 0.582140
v 2.710265 0.940662 0.574605
v 2.546625 0.940709 0.574474
v 2.391589 0.938287 0.587487
v 2.222048 0.937981 0.582214
v 2.056308 0.937808 0.582701
v 1.887647 0.934916 0.597985
v 1.715484 0.933571 0.601801
v 1.548491 0.936240 0.598620
v 1.377851 0.936203 0.599300
v 1.216011 0.938201 0.593601
v 1.053858 0.939531 0.589802
v 0.884454 0.939199 0.590749
v 0.703917 0.937265 0.596076
v 0.656585 0.937002 0.596747
v 0.658243 0.899004 0.564872
v 0.887811 0.650413 0.673027
v 0.714988 0.648310 0.675900
v 0.708219 0.012335 0.676903
v 0.661453 0.011189 0.677383
v 0.668938 0.648030 0.676284
v 0.670623 0.686454 0.712710
v 0.716537 0.686686 0.712349
v 0.886351 0.687506 0.711070
v 1.046654 0.684281 0.715979
v 1.202525 0.677292 0.726256
v 1.379651 0.680404 0.718285
v 1.560836 0.690260 0.699558
v 1.725969 0.690260 0.699558
v 1.890432 0.686989 0.708332
v 2.058455 0.684389 0.715305
v 2.227385 0.684000 0.716348
v 2.396328 0.683790 0.716676
v 2.574806 0.675307 0.729658
v 2.739670 0.680026 0.722544
v 2.909898 0.680026 0.722544
v 3.075461 0.682126 0.719271
v 3.258164 0.677107 0.726854
v 3.403144 0.685908 0.713443
v 3.427394 0.687606 0.710856
v 3.426380 0.650246 0.673203
v 3.404996 0.025619 0.494026
v 3.375762 0.025619 0.494026
v 3.401595 0.648607 0.675382
v 3.254745 0.639921 0.686927
v 3.075292 0.644040 0.681499
v 2.910253 0.641478 0.684999
v 2.739953 0.641478 0.684999
v 2.573665 0.637650 0.690028
v 2.394993 0.647650 0.676663
v 2.226693 0.647901 0.676320
v 2.058519 0.648057 0.675967
v 1.890859 0.650174 0.671178
v 1.726721 0.654209 0.662050
v 1.561857 0.654209 0.662050
v 1.381978 0.643847 0.678189
v 1.205294 0.640317 0.686004
v 1.048984 0.647445 0.676969
v 0.650026 0.001479 0.800663
v 0.698030 0.003288 0.799527
v 0.734790 0.405698 0.778248
v 0.901122 0.406233 0.777458
v 1.068572 0.407103 0.774227
v 1.218943 0.394382 0.787378
v 1.397872 0.407103 0.774227
v 1.560529 0.404271 0.780355
v 1.724945 0.400842 0.785418
v 1.891590 0.400142 0.786275
v 2.058583 0.397643 0.788925
v 2.226072 0.397643 0.788925
v 2.394845 0.394916 0.791818
v 2.563223 0.394509 0.792237
v 2.733190 0.392569 0.794138
v 2.899679 0.394455 0.792138
v 3.083297 0.383214 0.803722
v 3.254064 0.383214 0.803722
v 3.409576 0.391584 0.795089
v 3.375762 0.025616 0.578856
v 3.404996 0.025616 0.578856
v 3.438478 0.391953 0.794708
v 3.437768 0.430338 0.838154
v 3.408863 0.429997 0.838546
v 3.257721 0.419509 0.850596
v 3.086435 0.419509 0.850596
v 2.903279 0.429360 0.839296
v 2.736704 0.426919 0.842170
v 2.564283 0.430943 0.837635
v 2.395198 0.432071 0.836340
v 2.226041 0.435492 0.832310
v 2.058580 0.435492 0.832310
v 1.891598 0.437786 0.829608
v 1.725132 0.438853 0.828011
v 1.561768 0.443307 0.820612
v 1.398452 0.444663 0.815766
v 1.218442 0.431488 0.830902
v 1.069578 0.444663 0.815766
v 0.900665 0.443213 0.820768
v 0.734281 0.442722 0.821585
v 0.690853 0.443213 0.820768
v 0.691401 0.406233 0.777458
v 2.058646 0.142115 0.907002
v 1.890578 0.142115 0.907002
v 1.722509 0.142115 0.907002
v 1.556163 0.145685 0.903758
v 1.388691 0.145685 0.903758
v 1.221588 0.146108 0.903272
v 1.060193 0.151696 0.896901
v 0.893731 0.151550 0.897069
v 0.722455 0.147589 0.899903
v 0.695443 0.000522 0.919238
v 0.647086 -0.001442 0.920793
v 0.677302 0.147408 0.899892
v 0.685602 0.190816 0.944073
v 0.729451 0.190266 0.944823
v 0.897055 0.191492 0.943416
v 1.063056 0.191686 0.943170
v 1.223237 0.185703 0.951039
v 1.388735 0.183477 0.953551
v 1.556196 0.183477 0.953551
v 1.722138 0.178847 0.958162
v 1.890403 0.178847 0.958162
v 2.058668 0.178847 0.958162
v 2.226041 0.183477 0.953551
v 2.393502 0.183477 0.953551
v 2.559287 0.186582 0.950458
v 2.725857 0.187076 0.949967
v 2.892694 0.187076 0.949967
v 3.061144 0.185556 0.951444
v 3.240079 0.175995 0.960742
v 3.427884 0.162533 0.973833
v 3.459019 0.161739 0.974605
v 3.454005 0.126763 0.920418
v 3.404996 0.025614 0.663687
v 3.375762 0.025614 0.663687
v 3.423083 0.127511 0.919755
v 3.235653 0.141691 0.907204
v 3.060113 0.148923 0.900803
v 2.892694 0.149492 0.900299
v 2.725857 0.149493 0.900299
v 2.559119 0.149303 0.900471
v 2.393075 0.146964 0.902596
v 2.225816 0.146964 0.902596
v 3.413904 1.118846 0.030071
v 3.418938 1.118778 -0.035639
v 3.450066 1.118763 -0.035690
v 3.444810 1.118832 0.030074
v 3.430269 1.044087 0.081047
v 3.420790 0.970304 0.131334
v 3.419500 0.896109 0.181851
v 3.414411 0.822930 0.231701
v 3.413716 0.749052 0.281999
v 3.413716 0.675014 0.332402
v 3.413716 0.600976 0.382805
v 3.413716 0.526938 0.433208
v 3.413716 0.464169 0.483034
v 3.413716 0.401399 0.532861
v 3.413716 0.338630 0.582687
v 3.413716 0.275861 0.632513
v 3.414703 0.212423 0.682815
v 3.415523 0.149014 0.733103
v 3.418738 0.083686 0.784778
v 3.420895 0.018925 0.836063
v 3.390857 0.019468 0.835670
v 3.388891 0.084084 0.784491
v 3.385974 0.149219 0.732956
v 3.385502 0.212386 0.682841
v 3.384483 0.275861 0.632513
v 3.384483 0.338630 0.582687
v 3.384483 0.401399 0.532861
v 3.384483 0.464169 0.483034
v 3.384483 0.526938 0.433208
v 3.384483 0.600976 0.382805
v 3.384483 0.675014 0.332402
v 3.384483 0.749052 0.281999
v 3.385076 0.822950 0.231687
v 3.389829 0.896166 0.181815
v 3.391069 0.970346 0.131307
v 3.400040 1.044131 0.081021
v 3.408913 1.673965 0.033343
v 3.400335 1.670572 -0.036121
v 3.429677 1.670518 -0.036118
v 3.438675 1.674000 0.033345
v 3.454995 1.566265 0.089027
v 3.437590 1.448310 0.143160
v 3.420196 1.333180 0.195927
v 3.419613 1.221903 0.250102
v 3.422300 1.110649 0.304921
v 3.420355 0.999463 0.358723
v 3.418952 0.888487 0.412537
v 3.418077 0.777596 0.466421
v 3.418077 0.683443 0.519953
v 3.418077 0.589289 0.573486
v 3.418208 0.495074 0.627076
v 3.419255 0.400348 0.681114
v 3.430091 0.299534 0.740303
v 3.432795 0.202725 0.795811
v 3.436377 0.104890 0.852054
v 3.437952 0.008195 0.907303
v 3.407322 0.009003 0.906673
v 3.405831 0.105591 0.851493
v 3.403693 0.202417 0.796065
v 3.400994 0.299290 0.740510
v 3.390410 0.400121 0.681316
v 3.390158 0.494505 0.627608
v 3.389615 0.588973 0.573801
v 3.389065 0.683367 0.520035
v 3.389018 0.777549 0.466479
v 3.389753 0.888477 0.412553
v 3.391165 0.999452 0.358748
v 3.392977 1.110649 0.304921
v 3.390348 1.221903 0.250102
v 3.390694 1.333148 0.195899
v 3.407867 1.448294 0.143154
v 3.425034 1.566283 0.089031
v 3.393412 1.940846 0.034897
v 3.397523 1.943254 -0.036536
v 3.426680 1.943130 -0.036531
v 3.422584 1.940782 0.034893
v 3.426468 1.812862 0.091286
v 3.443632 1.689431 0.149060
v 3.461930 1.563258 0.208390
v 3.435894 1.424428 0.261586
v 3.423336 1.291941 0.315670
v 3.429931 1.162152 0.373628
v 3.427587 1.031875 0.429309
v 3.423270 0.902389 0.484099
v 3.421819 0.792687 0.538998
v 3.421685 0.682761 0.594390
v 3.421459 0.572894 0.649730
v 3.421509 0.462928 0.705188
v 3.436378 0.344476 0.768591
v 3.443834 0.228474 0.828925
v 3.445783 0.115310 0.886465
v 3.446430 0.002892 0.943308
v 3.415608 0.003748 0.942615
v 3.414991 0.116069 0.885826
v 3.414827 0.227988 0.829355
v 3.407369 0.344143 0.768903
v 3.394864 0.461613 0.706512
v 3.394783 0.571808 0.650931
v 3.395199 0.681820 0.595567
v 3.395453 0.791942 0.540107
v 3.394213 0.902346 0.484184
v 3.398429 1.031855 0.429383
v 3.400493 1.162152 0.373628
v 3.393952 1.291931 0.315650
v 3.405674 1.424290 0.261472
v 3.429323 1.562345 0.207989
v 3.411488 1.688290 0.148728
v 3.396645 1.812638 0.091251
v 3.380123 0.424359 0.213377
v 3.380123 0.387339 0.260031
v 3.380123 0.350320 0.306685
v 3.380123 0.313300 0.353340
v 3.380123 0.276280 0.399994
v 3.380123 0.244895 0.446115
v 3.380123 0.213510 0.492236
v 3.380123 0.182124 0.538357
v 3.380123 0.150739 0.584477
v 3.380123 0.119354 0.630598
v 3.380123 0.087969 0.676719
v 3.380123 0.056583 0.722840
v 3.380297 0.025053 0.769058
v 3.409649 0.024958 0.769121
v 3.409356 0.056583 0.722840
v 3.409356 0.087969 0.676719
v 3.409356 0.119354 0.630598
v 3.409356 0.150739 0.584477
v 3.409356 0.182124 0.538357
v 3.409356 0.213510 0.492236
v 3.409356 0.244895 0.446115
v 3.409356 0.276280 0.399994
v 3.409356 0.313300 0.353340
v 3.409356 0.350320 0.306685
v 3.409356 0.387339 0.260031
v 3.409356 0.424359 0.213377
v 3.409356 0.461379 0.166722
v 3.409356 0.498398 0.120068
v 3.409356 0.535418 0.073413
v 3.409356 0.572438 0.026759
v 3.409356 0.572438 -0.032547
v 3.380123 0.572438 -0.032547
v 3.380123 0.572438 0.026759
v 3.380123 0.535418 0.073413
v 3.380123 0.498398 0.120068
v 3.380123 0.461379 0.166722
v 3.377942 0.224994 0.204267
v 3.377942 0.206483 0.249047
v 3.377942 0.187972 0.293827
v 3.377942 0.169462 0.338607
v 3.377942 0.150951 0.383387
v 3.377942 0.135258 0.427655
v 3.377942 0.119565 0.471923
v 3.377942 0.103872 0.516191
v 3.377942 0.088178 0.560459
v 3.377942 0.072485 0.604727
v 3.377942 0.056792 0.648995
v 3.377942 0.041099 0.693263
v 3.377942 0.025405 0.737531
v 3.407176 0.025405 0.737531
v 3.407176 0.041099 0.693263
v 3.407176 0.056792 0.648995
v 3.407176 0.072485 0.604727
v 3.407176 0.088178 0.560459
v 3.407176 0.103872 0.516191
v 3.407176 0.119565 0.471923
v 3.407176 0.135258 0.427655
v 3.407176 0.150951 0.383387
v 3.407176 0.169462 0.338607
v 3.407176 0.187972 0.293827
v 3.407176 0.206483 0.249047
v 3.407176 0.224994 0.204267
v 3.407176 0.243504 0.159487
v 3.407176 0.262015 0.114706
v 3.407176 0.280525 0.069926
v 3.407176 0.299036 0.025146
v 3.407176 0.299036 -0.031777
v 3.377942 0.299036 -0.031777
v 3.377942 0.299036 0.025146
v 3.377942 0.280525 0.069926
v 3.377942 0.262015 0.114706
v 3.377942 0.243504 0.159487
v 3.415490 0.838579 0.028429
v 3.416702 0.838314 -0.034850
v 3.447828 0.838070 -0.034899
v 3.446563 0.838341 0.028431
v 3.436601 0.783922 0.077837
v 3.421112 0.731951 0.126128
v 3.411851 0.679147 0.173992
v 3.411536 0.623724 0.222486
v 3.411536 0.568196 0.271015
v 3.411536 0.512667 0.319544
v 3.411536 0.457138 0.368072
v 3.411536 0.401609 0.416601
v 3.411536 0.354532 0.464575
v 3.411536 0.307455 0.512548
v 3.411536 0.260377 0.560522
v 3.411536 0.213300 0.608495
v 3.411536 0.166223 0.656469
v 3.411536 0.119145 0.704443
v 3.412666 0.071184 0.753019
v 3.414145 0.022859 0.801874
v 3.384482 0.023171 0.801657
v 3.383197 0.071353 0.752904
v 3.382303 0.119145 0.704443
v 3.382303 0.166223 0.656469
v 3.382303 0.213300 0.608495
v 3.382303 0.260377 0.560522
v 3.382303 0.307455 0.512548
v 3.382303 0.354532 0.464575
v 3.382303 0.401609 0.416601
v 3.382303 0.457138 0.368072
v 3.382303 0.512667 0.319544
v 3.382303 0.568196 0.271015
v 3.382303 0.623724 0.222486
v 3.382545 0.679170 0.173985
v 3.391231 0.732084 0.126095
v 3.405952 0.784151 0.077803
v 3.430775 1.301872 0.084504
v 3.447928 1.398637 0.031727
v 3.452304 1.399456 -0.036480
v 3.421175 1.399242 -0.036429
v 3.416984 1.398441 0.031723
v 3.400599 1.301796 0.084477
v 3.391852 1.207823 0.136579
v 3.388157 1.114978 0.188610
v 3.386663 1.022455 0.240706
v 3.386663 0.929908 0.292983
v 3.386663 0.837361 0.345260
v 3.386663 0.744814 0.397537
v 3.386663 0.652267 0.449815
v 3.386663 0.573806 0.501494
v 3.386663 0.495344 0.553173
v 3.386663 0.416883 0.604852
v 3.387379 0.337994 0.656869
v 3.392594 0.256066 0.711239
v 3.393327 0.176732 0.763550
v 3.396758 0.095224 0.817505
v 3.398755 0.014506 0.870826
v 3.429104 0.013813 0.871348
v 3.426969 0.094650 0.817940
v 3.422487 0.176885 0.763433
v 3.421752 0.256198 0.711137
v 3.416592 0.338015 0.656853
v 3.415896 0.416883 0.604852
v 3.415896 0.495344 0.553173
v 3.415896 0.573806 0.501494
v 3.415896 0.652267 0.449815
v 3.415896 0.744814 0.397537
v 3.415896 0.837361 0.345260
v 3.415896 0.929908 0.292983
v 3.415896 1.022455 0.240706
v 3.417563 1.114975 0.188627
v 3.421498 1.207838 0.136603
v 3.376853 0.125311 0.199712
v 3.376853 0.116055 0.243555
v 3.376853 0.106799 0.287398
v 3.376853 0.097543 0.331241
v 3.376853 0.088287 0.375084
v 3.376853 0.080440 0.418426
v 3.376853 0.072592 0.461767
v 3.376853 0.064745 0.505109
v 3.376853 0.056898 0.548450
v 3.376853 0.049051 0.591792
v 3.376853 0.041203 0.635133
v 3.376853 0.033356 0.678475
v 3.376853 0.025509 0.721816
v 3.406086 0.025509 0.721816
v 3.406086 0.033356 0.678475
v 3.406086 0.041203 0.635133
v 3.406086 0.049051 0.591792
v 3.406086 0.056898 0.548450
v 3.406086 0.064745 0.505109
v 3.406086 0.072592 0.461767
v 3.406086 0.080440 0.418426
v 3.406086 0.088287 0.375084
v 3.406086 0.097543 0.331241
v 3.406086 0.106799 0.287398
v 3.406086 0.116055 0.243555
v 3.406086 0.125311 0.199712
v 3.406086 0.134567 0.155869
v 3.406086 0.143823 0.112026
v 3.406086 0.153079 0.068183
v 3.406086 0.162335 0.024340
v 3.406086 0.162335 -0.031392
v 3.376853 0.162335 -0.031392
v 3.376853 0.162335 0.024340
v 3.376853 0.153079 0.068183
v 3.376853 0.143823 0.112026
v 3.376853 0.134567 0.155869
v 0.632620 0.505407 -0.754576
v 0.631370 0.543722 -0.796832
v 0.680774 0.544824 -0.795119
v 0.883374 0.559251 -0.774593
v 1.065439 0.566005 -0.763250
v 1.228302 0.564372 -0.765370
v 1.382483 0.555348 -0.779512
v 1.554349 0.559011 -0.774738
v 1.721280 0.557442 -0.778029
v 1.889820 0.556999 -0.778793
v 2.058603 0.556999 -0.778793
v 2.227813 0.555648 -0.780556
v 2.399216 0.551937 -0.785398
v 2.577136 0.543258 -0.797437
v 2.743189 0.548246 -0.790420
v 2.893965 0.560469 -0.772555
v 3.037502 0.571420 -0.755738
v 3.198744 0.572549 -0.754172
v 3.384532 0.566148 -0.765255
v 3.418119 0.564889 -0.767435
v 3.419074 0.527125 -0.727788
v 3.385995 0.528337 -0.725975
v 3.201731 0.534733 -0.716408
v 3.039779 0.533727 -0.717653
v 2.892369 0.523769 -0.730944
v 2.742532 0.510158 -0.748551
v 2.575132 0.506749 -0.752884
v 2.399196 0.513617 -0.744393
v 2.227901 0.517222 -0.740206
v 2.058610 0.518416 -0.738820
v 1.889674 0.518416 -0.738820
v 1.720815 0.518568 -0.738593
v 1.552898 0.519528 -0.736739
v 1.380829 0.516001 -0.740832
v 1.226269 0.525789 -0.727359
v 1.062393 0.527172 -0.725758
v 0.883375 0.521387 -0.734187
v 0.682318 0.506726 -0.752769
v 0.717773 0.020950 -0.732632
v 0.671989 0.020458 -0.732949
v 0.677376 0.775795 -0.615573
v 0.680766 0.813686 -0.647918
v 0.720750 0.812728 -0.650337
v 0.873154 0.809850 -0.658813
v 1.046803 0.811163 -0.656005
v 1.220554 0.811978 -0.651790
v 1.389945 0.812925 -0.649609
v 1.559710 0.814882 -0.645803
v 1.729531 0.818029 -0.636312
v 1.892915 0.818194 -0.635996
v 2.056144 0.818194 -0.635996
v 2.219372 0.818194 -0.635996
v 2.388060 0.816199 -0.643282
v 2.555744 0.814690 -0.646299
v 2.732913 0.809513 -0.657018
v 2.904817 0.809964 -0.658409
v 3.065424 0.811437 -0.653786
v 3.201345 0.817481 -0.637489
v 3.384072 0.815766 -0.645004
v 3.417741 0.815268 -0.646850
v 3.418634 0.777686 -0.613408
v 3.385391 0.778241 -0.611839
v 3.203227 0.780442 -0.605002
v 3.064629 0.774119 -0.619010
v 2.905713 0.771579 -0.624675
v 2.735975 0.770549 -0.625105
v 2.558283 0.776249 -0.615048
v 2.389557 0.778272 -0.611607
v 2.219922 0.781033 -0.603946
v 2.056361 0.781033 -0.603946
v 1.892801 0.781033 -0.603946
v 1.729196 0.780981 -0.604031
v 1.560930 0.778298 -0.610477
v 1.391879 0.776252 -0.613828
v 1.224849 0.775997 -0.614472
v 1.051288 0.774736 -0.618875
v 0.878523 0.773373 -0.621465
v 0.719262 0.775120 -0.617015
v 0.713373 0.018283 -0.619661
v 0.667184 0.017581 -0.620042
v 2.058603 0.302996 -0.900990
v 1.889820 0.302996 -0.900990
v 1.721038 0.302996 -0.900990
v 1.551140 0.301064 -0.903032
v 1.377851 0.295759 -0.908641
v 1.213498 0.301695 -0.902237
v 1.055908 0.310420 -0.891679
v 0.898915 0.316481 -0.883874
v 0.727667 0.313946 -0.887682
v 0.681929 0.313500 -0.888279
v 0.681956 0.276027 -0.841884
v 0.675161 0.021729 -0.846043
v 0.721356 0.022624 -0.845340
v 0.728366 0.276946 -0.840879
v 0.900179 0.280430 -0.836805
v 1.056670 0.273730 -0.844488
v 1.216405 0.266707 -0.852083
v 1.381122 0.261716 -0.856893
v 1.553284 0.266724 -0.852094
v 1.722276 0.268251 -0.850631
v 1.890424 0.268251 -0.850631
v 2.058573 0.268251 -0.850631
v 2.226714 0.267464 -0.851229
v 2.393116 0.268648 -0.849118
v 2.554529 0.276322 -0.840904
v 2.719104 0.278129 -0.839176
v 2.876251 0.286809 -0.830414
v 3.065821 0.268383 -0.850096
v 3.257721 0.252038 -0.866988
v 3.429006 0.252038 -0.866988
v 3.457872 0.252759 -0.866260
v 3.459019 0.290624 -0.914739
v 3.427884 0.291313 -0.913973
v 3.253745 0.293412 -0.911641
v 3.058155 0.311676 -0.890544
v 2.873746 0.325475 -0.873937
v 2.717115 0.317066 -0.883282
v 2.553003 0.315266 -0.885154
v 2.394608 0.302669 -0.899975
v 2.227419 0.301941 -0.901902
v 0.643785 0.381489 -0.807174
v 0.647240 0.421676 -0.849470
v 0.700248 0.424796 -0.845035
v 0.880787 0.429944 -0.837377
v 1.050860 0.431488 -0.835593
v 1.205723 0.421797 -0.848989
v 1.368438 0.413815 -0.859192
v 1.543775 0.417907 -0.854593
v 1.716149 0.419509 -0.852735
v 1.887435 0.419509 -0.852735
v 2.058721 0.419509 -0.852735
v 2.230427 0.417896 -0.854606
v 2.403450 0.414414 -0.858336
v 2.567733 0.422784 -0.847254
v 2.733841 0.427010 -0.842290
v 2.877273 0.445587 -0.818329
v 3.036085 0.449332 -0.813743
v 3.224812 0.437194 -0.830120
v 3.407633 0.430553 -0.839167
v 3.438436 0.429997 -0.839892
v 3.439166 0.391584 -0.796463
v 3.409121 0.391830 -0.796190
v 3.233717 0.394797 -0.792434
v 3.039969 0.410305 -0.774006
v 2.880809 0.406145 -0.778598
v 2.734753 0.387648 -0.799686
v 2.565366 0.387837 -0.799393
v 2.401997 0.378700 -0.810140
v 2.229796 0.381869 -0.807100
v 2.058696 0.383214 -0.805696
v 1.887929 0.383214 -0.805696
v 1.717163 0.383214 -0.805696
v 1.545556 0.381913 -0.807054
v 1.370827 0.377664 -0.811448
v 1.206915 0.384642 -0.803564
v 1.051397 0.394376 -0.791596
v 0.881894 0.393094 -0.792930
v 0.695998 0.384405 -0.803520
v 0.721703 0.023705 -0.787805
v 0.676179 0.023330 -0.788076
v 2.057476 0.194513 -0.942273
v 1.892043 0.192129 -0.944973
v 1.724945 0.187453 -0.950270
v 1.556855 0.184791 -0.952939
v 1.385608 0.178847 -0.958774
v 1.222389 0.184791 -0.952939
v 1.058500 0.187965 -0.949689
v 0.898910 0.192881 -0.943677
v 0.739272 0.195998 -0.939348
v 0.692863 0.194744 -0.940769
v 0.690754 0.156361 -0.893084
v 0.674875 0.020720 -0.903596
v 0.721553 0.022008 -0.902515
v 0.737044 0.157540 -0.891879
v 0.895583 0.153050 -0.897060
v 1.057804 0.149782 -0.900734
v 1.222801 0.147623 -0.902702
v 1.386371 0.142115 -0.907630
v 1.557099 0.147623 -0.902702
v 1.725139 0.150600 -0.899899
v 1.892227 0.157430 -0.892928
v 2.057456 0.157430 -0.892928
v 2.223177 0.155024 -0.895118
v 2.388980 0.150307 -0.898670
v 2.562694 0.135663 -0.912610
v 2.729250 0.142595 -0.907069
v 2.897840 0.142016 -0.907702
v 3.086435 0.123153 -0.925752
v 3.257721 0.123153 -0.925752
v 3.409152 0.137760 -0.912042
v 3.438056 0.138247 -0.911584
v 3.438436 0.175995 -0.962089
v 3.409051 0.175861 -0.962226
v 3.253423 0.165211 -0.973174
v 3.082723 0.165229 -0.973154
v 2.891389 0.186211 -0.950896
v 2.723646 0.187135 -0.949802
v 2.558795 0.179853 -0.956207
v 2.387497 0.190533 -0.944966
v 2.223210 0.192026 -0.944712
v 0.890222 0.688856 -0.709380
v 0.698458 0.680537 -0.722937
v 0.651988 0.680342 -0.723292
v 0.651377 0.641818 -0.685858
v 0.668550 0.018164 -0.677103
v 0.714622 0.018805 -0.676723
v 0.697952 0.642061 -0.685474
v 0.890853 0.651494 -0.671966
v 1.065475 0.654524 -0.666597
v 1.236745 0.656872 -0.661541
v 1.397078 0.654104 -0.665226
v 1.564564 0.656822 -0.661608
v 1.726238 0.653653 -0.668254
v 1.892033 0.653653 -0.668254
v 2.057827 0.653653 -0.668254
v 2.223678 0.653500 -0.668459
v 2.393982 0.648978 -0.675669
v 2.569655 0.641477 -0.686315
v 2.743413 0.639011 -0.690145
v 2.911147 0.640080 -0.688083
v 3.054622 0.651650 -0.670414
v 3.201499 0.657907 -0.660163
v 3.385884 0.653273 -0.668976
v 3.419002 0.652392 -0.670652
v 3.418119 0.690058 -0.707218
v 3.384532 0.690932 -0.705223
v 3.198744 0.695372 -0.695084
v 3.055935 0.688754 -0.708086
v 2.911935 0.678243 -0.726513
v 2.745884 0.675926 -0.730797
v 2.569443 0.680026 -0.723777
v 2.393327 0.687369 -0.711775
v 2.222772 0.691819 -0.703126
v 2.057476 0.691913 -0.702982
v 1.892217 0.691913 -0.702982
v 1.726958 0.691913 -0.702982
v 1.565251 0.694218 -0.696836
v 1.397777 0.691494 -0.700973
v 1.237963 0.694218 -0.696836
v 1.064703 0.691524 -0.703870
v 0.678038 0.899581 -0.558584
v 0.676646 0.936633 -0.589972
v 0.720324 0.936692 -0.590490
v 0.864241 0.934554 -0.602484
v 1.038596 0.935367 -0.600213
v 1.207332 0.934968 -0.601013
v 1.378283 0.936230 -0.600125
v 1.548566 0.936247 -0.599876
v 1.725239 0.939493 -0.586512
v 1.892136 0.940500 -0.583650
v 2.057476 0.940613 -0.583336
v 2.222734 0.940613 -0.583336
v 2.382601 0.941017 -0.576908
v 2.547118 0.940489 -0.578359
v 2.714785 0.939242 -0.581785
v 2.896509 0.937568 -0.592274
v 3.082055 0.935332 -0.602449
v 3.221522 0.939368 -0.587143
v 3.391243 0.940345 -0.587615
v 3.422019 0.940309 -0.588182
v 3.421650 0.902754 -0.557337
v 3.390411 0.902853 -0.556640
v 3.220337 0.901811 -0.556174
v 3.082668 0.896518 -0.571572
v 2.899962 0.899472 -0.563264
v 2.715764 0.902193 -0.552014
v 2.548106 0.903559 -0.548991
v 2.383413 0.904117 -0.547755
v 2.222274 0.903503 -0.552069
v 2.057293 0.903503 -0.552069
v 1.892286 0.903460 -0.552166
v 1.726376 0.902762 -0.553737
v 1.551213 0.899150 -0.565420
v 1.381142 0.899023 -0.566285
v 1.206987 0.897003 -0.569889
v 1.038153 0.897403 -0.569109
v 0.863996 0.896517 -0.571104
v 0.721442 0.899570 -0.559168
v 0.714622 0.019888 -0.561448
v 0.668550 0.019247 -0.561762
v 0.658876 0.519257 0.506843
v 0.669794 0.460678 0.560621
v 0.675542 0.400372 0.615615
v 0.683836 0.341517 0.668320
v 0.694052 0.284036 0.718558
v 0.700111 0.225336 0.770963
v 0.679519 0.149119 0.840505
v 0.657110 0.069869 0.913774
v 0.704956 0.071607 0.912349
v 0.725645 0.150087 0.839831
v 0.743131 0.224662 0.771883
v 0.737399 0.283479 0.719337
v 0.728093 0.341270 0.668685
v 0.721128 0.400655 0.615380
v 0.716013 0.461166 0.560218
v 0.706375 0.520123 0.506154
v 0.697451 0.516131 -0.510787
v 0.689771 0.447958 -0.572553
v 0.690196 0.383543 -0.631063
v 0.697315 0.323169 -0.685983
v 0.714579 0.270034 -0.734553
v 0.727157 0.214768 -0.784570
v 0.732600 0.155320 -0.838144
v 0.732856 0.092947 -0.894773
v 0.685768 0.091148 -0.896395
v 0.686560 0.154414 -0.839009
v 0.681488 0.214281 -0.785041
v 0.668179 0.269359 -0.735163
v 0.649604 0.322114 -0.686923
v 0.641712 0.382280 -0.632175
v 0.640711 0.446521 -0.573793
v 0.648880 0.514928 -0.511812
v 0.658876 1.026566 -0.000466
v 0.671712 1.176475 -0.000329
v 0.667019 1.326001 -0.000542
v 0.650513 1.479400 -0.000909
v 0.669122 1.623975 -0.000552
v 0.678499 1.768781 -0.000363
v 0.675908 1.918366 -0.000421
v 0.655655 2.080451 -0.000811
v 0.644062 2.240118 -0.001035
v 0.645882 2.277178 -0.001000
v 0.694355 2.275153 -0.000952
v 0.862787 2.277178 -0.001000
v 1.033631 2.277178 -0.001000
v 1.203761 2.278142 -0.001012
v 1.373962 2.279484 -0.000987
v 1.541596 2.287607 -0.000980
v 1.715511 2.282350 -0.001057
v 1.887177 2.282041 -0.001056
v 2.058862 2.288638 -0.001020
v 2.231538 2.289248 -0.001019
v 2.403487 2.286907 -0.000964
v 2.575517 2.286282 -0.000949
v 2.735803 2.266595 -0.000474
v 2.894797 2.253153 -0.000348
v 3.067984 2.259573 -0.000308
v 3.236381 2.259737 -0.000307
v 3.396350 2.252998 -0.000349
v 3.423995 2.251675 -0.000357
v 3.425014 2.214834 -0.000352
v 3.424241 1.941732 -0.000768
v 3.433670 1.672074 -0.001513
v 3.451472 1.399300 -0.002351
v 3.448701 1.118781 -0.002772
v 3.447828 0.838070 -0.003233
v 3.409356 0.572438 -0.002894
v 3.407176 0.299036 -0.003315
v 3.406086 0.162335 -0.003526
v 3.404996 0.025634 -0.003737
v 3.375762 0.025634 -0.003737
v 3.376853 0.162335 -0.003526
v 3.377942 0.299036 -0.003315
v 3.380123 0.572438 -0.002894
v 3.416702 0.838314 -0.003209
v 3.417630 1.118796 -0.002749
v 3.420384 1.399091 -0.002328
v 3.404180 1.672103 -0.001512
v 3.395080 1.941823 -0.000767
v 3.396171 2.215184 -0.000350
v 3.236021 2.221513 -0.000309
v 3.067546 2.221220 -0.000311
v 2.894881 2.215586 -0.000355
v 2.736080 2.228909 -0.000491
v 2.576029 2.248580 -0.000986
v 2.403830 2.249186 -0.001002
v 2.231369 2.249282 -0.000980
v 2.058860 2.248825 -0.000980
v 1.887305 2.242556 -0.001016
v 1.715822 2.242673 -0.001018
v 1.541008 2.250050 -0.001010
v 1.372837 2.242759 -0.001020
v 1.201875 2.242081 -0.001042
v 1.032314 2.240118 -0.001035
v 0.861248 2.240118 -0.001035
v 0.692688 2.238087 -0.000985
v 0.701394 2.080451 -0.000811
v 0.720946 1.918388 -0.000421
v 0.723377 1.768834 -0.000363
v 0.715515 1.623576 -0.000530
v 0.698610 1.478847 -0.000866
v 0.713650 1.325824 -0.000521
v 0.717518 1.176462 -0.000332
v 0.706375 1.026727 -0.000451
v 0.748377 0.537177 -0.001562
v 0.729289 0.032474 -0.000632
v 0.685905 0.033506 -0.000703
v 0.706224 0.537844 -0.001658
v 0.706308 0.048695 -0.246250
v 0.748377 0.047199 -0.246551
v 0.701341 0.517349 -0.255059
v 0.706956 1.026869 -0.253878
v 0.723796 1.176329 -0.221419
v 0.723124 1.324496 -0.192563
v 0.723467 1.472564 -0.163559
v 0.723818 1.620552 -0.134565
v 0.723818 1.768626 -0.105615
v 0.718482 1.919835 -0.077078
v 0.695963 2.084249 -0.049264
v 0.694665 2.236484 -0.019750
v 0.863086 2.238414 -0.019830
v 1.033887 2.238414 -0.019830
v 1.203197 2.240359 -0.019881
v 1.373495 2.241688 -0.019868
v 1.541333 2.249343 -0.020008
v 1.715913 2.242365 -0.019923
v 1.887382 2.242003 -0.019919
v 2.058851 2.248334 -0.019994
v 2.231250 2.248574 -0.019987
v 2.403497 2.248123 -0.019970
v 2.575382 2.247199 -0.019931
v 2.735842 2.228520 -0.019140
v 2.894863 2.215560 -0.018796
v 3.067127 2.220783 -0.018851
v 3.236389 2.221844 -0.018862
v 3.396431 2.215389 -0.018793
v 3.396292 1.942533 -0.018635
v 3.402222 1.671324 -0.018843
v 3.421086 1.399225 -0.019384
v 3.418608 1.118782 -0.019197
v 3.416702 0.838314 -0.019029
v 3.380123 0.572438 -0.017720
v 3.377942 0.299036 -0.017546
v 3.376853 0.162335 -0.017459
v 3.375762 0.025634 -0.017372
v 3.404996 0.025634 -0.017372
v 3.406086 0.162335 -0.017459
v 3.407176 0.299036 -0.017546
v 3.409356 0.572438 -0.017720
v 3.447828 0.838070 -0.019066
v 3.449721 1.118768 -0.019234
v 3.452177 1.399432 -0.019420
v 3.431645 1.671286 -0.018842
v 3.425451 1.942425 -0.018634
v 3.425576 2.215268 -0.018791
v 3.423857 2.251565 -0.019793
v 3.396145 2.252829 -0.019807
v 3.235965 2.259351 -0.019881
v 3.067518 2.259068 -0.019878
v 2.894701 2.253028 -0.019809
v 2.735144 2.265517 -0.020137
v 2.574880 2.284874 -0.020920
v 2.403160 2.285824 -0.020960
v 2.231386 2.288320 -0.021089
v 2.058852 2.288124 -0.021099
v 1.887210 2.281796 -0.021019
v 1.715541 2.282248 -0.021025
v 1.542249 2.286129 -0.020986
v 1.375061 2.277630 -0.020833
v 1.204977 2.276504 -0.020847
v 1.035248 2.275366 -0.020806
v 0.864675 2.275366 -0.020806
v 0.696404 2.273434 -0.020727
v 0.648115 2.275366 -0.020806
v 0.646235 2.238414 -0.019830
v 0.647634 2.085875 -0.049393
v 0.672419 1.920348 -0.077146
v 0.678839 1.768626 -0.105615
v 0.678839 1.620552 -0.134565
v 0.678612 1.472533 -0.163546
v 0.678265 1.324477 -0.192543
v 0.678839 1.176328 -0.221415
v 0.659659 1.026731 -0.254230
v 0.653823 0.516464 -0.255443
v 0.683317 1.026895 0.247814
v 0.671848 1.176267 0.221736
v 0.660326 1.326846 0.194267
v 0.641423 1.481566 0.166741
v 0.661169 1.626748 0.135361
v 0.673141 1.771223 0.105354
v 0.671506 1.920861 0.076247
v 0.650039 2.084249 0.047425
v 0.642714 2.241176 0.017824
v 0.644533 2.278273 0.018875
v 0.693116 2.276193 0.018888
v 0.861646 2.278273 0.018875
v 1.032655 2.278273 0.018875
v 1.203094 2.279041 0.018885
v 1.373230 2.280722 0.018931
v 1.540870 2.289252 0.019086
v 1.715586 2.282096 0.018921
v 1.887273 2.281375 0.018920
v 2.058868 2.289022 0.019072
v 2.231543 2.289252 0.019086
v 2.403502 2.286987 0.019069
v 2.575711 2.286727 0.019070
v 2.736250 2.267325 0.019227
v 2.894887 2.253269 0.019117
v 3.068227 2.259836 0.019274
v 3.236522 2.259868 0.019275
v 3.396420 2.253053 0.019112
v 3.424040 2.251711 0.019080
v 3.424426 2.214381 0.018072
v 3.423311 1.941198 0.017072
v 3.436217 1.673055 0.015881
v 3.450011 1.399027 0.014707
v 3.447042 1.118803 0.013671
v 3.447484 0.838144 0.012604
v 3.409356 0.572438 0.011932
v 3.407176 0.299036 0.010915
v 3.406086 0.162335 0.010407
v 3.404996 0.025634 0.009898
v 3.375762 0.025634 0.009898
v 3.376853 0.162335 0.010407
v 3.377942 0.299036 0.010915
v 3.380123 0.572438 0.011932
v 3.416396 0.838381 0.012614
v 3.416042 1.118817 0.013681
v 3.418992 1.398825 0.014716
v 3.406522 1.673027 0.015880
v 3.394152 1.941280 0.017074
v 3.396158 2.215174 0.018090
v 3.235998 2.221493 0.018241
v 3.067766 2.221450 0.018240
v 2.895043 2.215796 0.018089
v 2.736479 2.229545 0.018180
v 2.576258 2.249081 0.018006
v 2.403866 2.249321 0.018003
v 2.231333 2.249056 0.018050
v 2.058866 2.249221 0.018045
v 1.887327 2.242443 0.017912
v 1.715755 2.242904 0.017908
v 1.540922 2.250235 0.018021
v 1.372510 2.243288 0.017873
v 1.201080 2.243116 0.017861
v 1.031338 2.241176 0.017824
v 0.860107 2.241176 0.017824
v 0.691436 2.239101 0.017840
v 0.693636 2.085875 0.047461
v 0.715529 1.921563 0.076300
v 0.717756 1.771483 0.105402
v 0.707998 1.626285 0.135258
v 0.690062 1.480953 0.166484
v 0.707682 1.326603 0.194024
v 0.716687 1.176357 0.221820
v 0.727420 1.027082 0.248085
v 0.704430 0.519326 0.252969
v 0.711746 0.018088 0.251804
v 0.664601 0.016659 0.252109
v 0.656798 0.518437 0.253300
v 0.671688 0.775821 -0.503208
v 0.673235 0.682077 -0.559912
v 0.651879 0.578869 -0.627342
v 0.636426 0.475482 -0.693546
v 0.641093 0.380744 -0.749978
v 0.666868 0.299264 -0.793610
v 0.686589 0.216485 -0.838990
v 0.689235 0.124506 -0.894097
v 0.735443 0.125636 -0.892987
v 0.732652 0.217337 -0.838109
v 0.713698 0.300114 -0.792719
v 0.691603 0.382851 -0.747581
v 0.684975 0.476505 -0.692392
v 0.698947 0.579358 -0.626747
v 0.718593 0.682141 -0.559821
v 0.716239 0.775745 -0.503416
v 0.701220 0.772081 -0.254939
v 0.699665 0.770146 -0.001651
v 0.719429 0.775698 0.249338
v 0.710426 0.774564 0.504594
v 0.708626 0.678671 0.563220
v 0.716447 0.586552 0.617588
v 0.721428 0.494206 0.672580
v 0.729873 0.403933 0.724689
v 0.744585 0.318116 0.771486
v 0.741220 0.223022 0.829734
v 0.713689 0.109790 0.906116
v 0.666992 0.108711 0.906959
v 0.698131 0.223709 0.828766
v 0.702169 0.319062 0.770287
v 0.685939 0.404303 0.724176
v 0.675906 0.493985 0.672810
v 0.670449 0.586238 0.617936
v 0.661599 0.678159 0.563829
v 0.663529 0.774176 0.505111
v 0.673999 0.775462 0.249282
v 0.651333 0.769406 -0.001727
v 0.653346 0.771520 -0.255359
v 0.653579 0.262360 0.508518
v 0.658219 0.232742 0.564512
v 0.665651 0.204802 0.618431
v 0.672225 0.176745 0.672252
v 0.680344 0.150630 0.725444
v 0.668557 0.110504 0.789683
v 0.653646 0.067579 0.857245
v 0.650081 0.032777 0.918660
v 0.698381 0.034726 0.917073
v 0.702290 0.069837 0.855445
v 0.716135 0.112279 0.788359
v 0.724667 0.150384 0.725993
v 0.717128 0.176749 0.672627
v 0.711148 0.205034 0.618584
v 0.704999 0.233586 0.564154
v 0.701648 0.263830 0.507696
v 0.685218 0.253189 0.256291
v 0.703230 0.263975 -0.001591
v 0.716581 0.272635 -0.252431
v 0.702188 0.264187 -0.508843
v 0.707927 0.235703 -0.564441
v 0.711144 0.205764 -0.620804
v 0.717364 0.178172 -0.675358
v 0.722288 0.149850 -0.730158
v 0.726759 0.121119 -0.784807
v 0.729623 0.091334 -0.840058
v 0.726806 0.057291 -0.898915
v 0.679842 0.055686 -0.900311
v 0.683094 0.090041 -0.841152
v 0.681173 0.120637 -0.785220
v 0.676591 0.149384 -0.730511
v 0.671306 0.177567 -0.675784
v 0.664301 0.204794 -0.621462
v 0.660792 0.234648 -0.565119
v 0.654523 0.262963 -0.509587
v 0.671342 0.272407 -0.252547
v 0.656500 0.263175 -0.001712
v 0.636025 0.251368 0.256769
v 0.687543 1.025578 0.370003
v 0.673194 1.174415 0.331149
v 0.669744 1.325369 0.289602
v 0.656191 1.477940 0.248264
v 0.663111 1.626040 0.203191
v 0.670157 1.772582 0.158561
v 0.669770 1.921841 0.114752
v 0.647749 2.085797 0.071671
v 0.642384 2.241434 0.027267
v 0.644216 2.278530 0.028826
v 0.692824 2.276437 0.028820
v 0.861378 2.278530 0.028826
v 1.032425 2.278530 0.028826
v 1.202988 2.279184 0.028845
v 1.373057 2.281014 0.028905
v 1.540685 2.289671 0.029137
v 1.715725 2.281622 0.028905
v 1.887366 2.280729 0.028897
v 2.058867 2.288806 0.029119
v 2.231610 2.289671 0.029137
v 2.403389 2.286630 0.029083
v 2.575635 2.286572 0.029082
v 2.736342 2.267475 0.029084
v 2.894898 2.253283 0.028850
v 3.068259 2.259868 0.029066
v 3.236487 2.259836 0.029065
v 3.396405 2.253040 0.028842
v 3.424040 2.251711 0.028799
v 3.424125 2.214150 0.027277
v 3.422952 1.940993 0.025985
v 3.437471 1.673537 0.024605
v 3.449053 1.398848 0.023223
v 3.445993 1.118817 0.021879
v 3.447113 0.838223 0.020520
v 3.409356 0.572438 0.019346
v 3.407176 0.299036 0.018031
v 3.406086 0.162335 0.017373
v 3.404996 0.025634 0.016716
v 3.375762 0.025634 0.016716
v 3.376853 0.162335 0.017373
v 3.377942 0.299036 0.018031
v 3.380123 0.572438 0.019346
v 3.415988 0.838470 0.020524
v 3.415037 1.118831 0.021882
v 3.418061 1.398647 0.023226
v 3.407743 1.673507 0.024603
v 3.393780 1.941062 0.025988
v 3.396145 2.215164 0.027310
v 3.235978 2.221475 0.027515
v 3.067807 2.221493 0.027515
v 2.895161 2.215945 0.027315
v 2.736906 2.230224 0.027526
v 2.576206 2.248982 0.027505
v 2.403778 2.249060 0.027505
v 2.231362 2.249233 0.027560
v 2.058866 2.249039 0.027559
v 1.887373 2.242146 0.027374
v 1.715801 2.242760 0.027374
v 1.540872 2.250345 0.027545
v 1.372326 2.243588 0.027335
v 1.200879 2.243378 0.027325
v 1.031099 2.241434 0.027267
v 0.859829 2.241434 0.027267
v 0.691139 2.239342 0.027264
v 0.691302 2.087507 0.071753
v 0.713696 1.922633 0.114854
v 0.714709 1.772919 0.158650
v 0.709416 1.625746 0.203084
v 0.703985 1.477422 0.247900
v 0.712737 1.325712 0.290041
v 0.714674 1.174790 0.332157
v 0.731650 1.025807 0.370335
v 0.711801 0.774453 0.377343
v 0.701117 0.517765 0.380757
v 0.696472 0.260410 0.382103
v 0.700413 0.008282 0.380707
v 0.652865 0.006771 0.381107
v 0.647840 0.258693 0.382820
v 0.653205 0.516801 0.381317
v 0.665404 0.774106 0.377539
v 0.667184 1.176568 0.111165
v 0.678104 1.027473 0.124439
v 0.667937 0.772403 0.123459
v 0.684943 0.529632 0.123148
v 0.642256 0.255348 0.127264
v 0.678752 0.028184 0.124641
v 0.723818 0.028254 0.124635
v 0.691023 0.257023 0.127072
v 0.729794 0.529764 0.123205
v 0.713790 0.772820 0.123580
v 0.722785 1.027609 0.124534
v 0.713373 1.176551 0.111092
v 0.704341 1.327097 0.096896
v 0.687715 1.481580 0.082794
v 0.710429 1.625422 0.067178
v 0.721090 1.769912 0.052383
v 0.718242 1.919974 0.037853
v 0.697097 2.083456 0.023255
v 0.691964 2.238674 0.008422
v 0.860586 2.240732 0.008389
v 1.031747 2.240732 0.008389
v 1.201406 2.242692 0.008403
v 1.372655 2.243052 0.008422
v 1.541008 2.250047 0.008501
v 1.715754 2.242904 0.008442
v 1.887300 2.242605 0.008447
v 2.058864 2.249131 0.008530
v 2.231375 2.249312 0.008534
v 2.403887 2.249374 0.008499
v 2.576197 2.248943 0.008507
v 2.736145 2.229017 0.008841
v 2.894908 2.215623 0.008865
v 3.067684 2.221364 0.008964
v 3.235965 2.221463 0.008965
v 3.396145 2.215164 0.008870
v 3.394516 1.941493 0.008156
v 3.405277 1.672537 0.007175
v 3.419767 1.398973 0.006197
v 3.416909 1.118805 0.005469
v 3.416613 0.838333 0.004702
v 3.380123 0.572438 0.004519
v 3.377942 0.299036 0.003800
v 3.376853 0.162335 0.003440
v 3.375762 0.025634 0.003081
v 3.404996 0.025634 0.003081
v 3.406086 0.162335 0.003440
v 3.407176 0.299036 0.003800
v 3.409356 0.572438 0.004519
v 3.447748 0.838087 0.004685
v 3.447948 1.118791 0.005453
v 3.450850 1.399184 0.006181
v 3.434923 1.672557 0.007175
v 3.423681 1.941411 0.008154
v 3.424722 2.214610 0.008862
v 3.424040 2.251711 0.009362
v 3.396405 2.253040 0.009382
v 3.236487 2.259836 0.009484
v 3.068136 2.259737 0.009483
v 2.894850 2.253221 0.009384
v 2.736068 2.267027 0.009373
v 2.575673 2.286632 0.009058
v 2.403531 2.287065 0.009051
v 2.231562 2.289388 0.009032
v 2.058866 2.288960 0.009023
v 1.887208 2.281825 0.008933
v 1.715514 2.282341 0.008932
v 1.541178 2.288554 0.009045
v 1.373536 2.280205 0.008966
v 1.203363 2.278678 0.008931
v 1.033059 2.277821 0.008931
v 0.862118 2.277821 0.008931
v 0.693636 2.275756 0.008962
v 0.645091 2.277821 0.008931
v 0.643280 2.240732 0.008389
v 0.653430 2.081956 0.023259
v 0.673990 1.919454 0.037841
v 0.676367 1.769752 0.052368
v 0.663572 1.625924 0.067221
v 0.638848 1.482230 0.082900
v 0.656758 1.327359 0.097007
v 0.653645 1.026201 -0.128006
v 0.676706 1.176372 -0.111052
v 0.677880 1.324534 -0.096501
v 0.667938 1.475141 -0.082798
v 0.675783 1.621628 -0.067673
v 0.678839 1.768626 -0.052990
v 0.673819 1.919553 -0.038751
v 0.651212 2.083456 -0.025049
v 0.645052 2.239342 -0.010442
v 0.646895 2.276356 -0.010913
v 0.695285 2.274373 -0.010849
v 0.863643 2.276356 -0.010913
v 1.034365 2.276356 -0.010913
v 1.204291 2.277428 -0.010940
v 1.374510 2.278560 -0.010921
v 1.542026 2.286632 -0.010988
v 1.715528 2.282289 -0.011043
v 1.887177 2.282029 -0.011042
v 2.058857 2.288360 -0.011060
v 2.231473 2.288856 -0.011062
v 2.403367 2.286507 -0.010970
v 2.575254 2.285697 -0.010944
v 2.735444 2.266008 -0.010311
v 2.894713 2.253043 -0.010079
v 3.067779 2.259351 -0.010095
v 3.236204 2.259573 -0.010096
v 3.396259 2.252922 -0.010079
v 3.423936 2.251628 -0.010075
v 3.425301 2.215056 -0.009570
v 3.424839 1.942074 -0.009697
v 3.432665 1.671683 -0.010184
v 3.451933 1.399386 -0.010886
v 3.449294 1.118773 -0.011002
v 3.447748 0.838087 -0.011147
v 3.409356 0.572438 -0.010307
v 3.407176 0.299036 -0.010431
v 3.406086 0.162335 -0.010493
v 3.404996 0.025634 -0.010554
v 3.375762 0.025634 -0.010554
v 3.376853 0.162335 -0.010493
v 3.377942 0.299036 -0.010431
v 3.380123 0.572438 -0.010307
v 3.416613 0.838333 -0.011117
v 3.418218 1.118788 -0.010973
v 3.420844 1.399179 -0.010857
v 3.403201 1.671714 -0.010184
v 3.395680 1.942175 -0.009697
v 3.396276 2.215268 -0.009570
v 3.236238 2.221708 -0.009584
v 3.067358 2.221024 -0.009583
v 2.894870 2.215569 -0.009575
v 2.735985 2.228752 -0.009817
v 2.575756 2.247994 -0.010467
v 2.403698 2.248763 -0.010493
v 2.231332 2.249069 -0.010490
v 2.058856 2.248562 -0.010488
v 1.887332 2.242357 -0.010473
v 1.715909 2.242377 -0.010473
v 1.541119 2.249811 -0.010515
v 1.373115 2.242307 -0.010451
v 1.202475 2.241300 -0.010471
v 1.033030 2.239342 -0.010442
v 0.862085 2.239342 -0.010442
v 0.693602 2.237346 -0.010376
v 0.699243 2.081956 -0.024968
v 0.719685 1.919129 -0.038716
v 0.723818 1.768626 -0.052990
v 0.721401 1.621432 -0.067635
v 0.714454 1.474844 -0.082702
v 0.723174 1.324494 -0.096474
v 0.722132 1.176364 -0.111023
v 0.701454 1.026368 -0.127785
v 0.686124 0.767332 -0.129751
v 0.725113 0.527559 -0.125888
v 0.715896 0.271188 -0.127742
v 0.737137 0.038529 -0.124655
v 0.695153 0.040388 -0.124531
v 0.670517 0.270878 -0.127903
v 0.679124 0.526981 -0.126038
v 0.636488 0.766403 -0.130119
v 0.692308 0.038203 -0.372042
v 0.735825 0.037465 -0.372290
v 0.701545 0.263762 -0.381981
v 0.701576 0.517982 -0.381972
v 0.704668 0.773049 -0.381107
v 0.710607 1.026211 -0.379607
v 0.717894 1.176424 -0.333441
v 0.717773 1.325212 -0.289807
v 0.721777 1.472980 -0.245459
v 0.723761 1.620572 -0.201674
v 0.723818 1.768626 -0.158240
v 0.718342 1.919918 -0.115396
v 0.693748 2.085797 -0.073598
v 0.695930 2.235458 -0.029100
v 0.864238 2.237346 -0.029195
v 1.034874 2.237346 -0.029195
v 1.204030 2.239274 -0.029266
v 1.373960 2.240931 -0.029267
v 1.541651 2.248651 -0.029483
v 1.715884 2.242463 -0.029380
v 1.887421 2.241725 -0.029361
v 2.058845 2.247970 -0.029491
v 2.231238 2.248521 -0.029498
v 2.403227 2.247269 -0.029427
v 2.574907 2.246192 -0.029373
v 2.735608 2.228146 -0.028454
v 2.894850 2.215542 -0.028018
v 3.066847 2.220490 -0.028114
v 3.236487 2.221932 -0.028142
v 3.396690 2.215593 -0.028018
v 3.396908 1.942894 -0.027581
v 3.401263 1.670942 -0.027488
v 3.421175 1.399242 -0.027908
v 3.418849 1.118779 -0.027420
v 3.416702 0.838314 -0.026940
v 3.380123 0.572438 -0.025133
v 3.377942 0.299036 -0.024662
v 3.376853 0.162335 -0.024426
v 3.375762 0.025634 -0.024190
v 3.404996 0.025634 -0.024190
v 3.406086 0.162335 -0.024426
v 3.407176 0.299036 -0.024662
v 3.409356 0.572438 -0.025133
v 3.447828 0.838070 -0.026983
v 3.449987 1.118764 -0.027464
v 3.452304 1.399456 -0.027952
v 3.430644 1.670896 -0.027486
v 3.426066 1.942778 -0.027578
v 3.425835 2.215467 -0.028016
v 3.423893 2.251594 -0.029511
v 3.396145 2.252829 -0.029536
v 3.235978 2.259363 -0.029667
v 3.067203 2.258729 -0.029654
v 2.894727 2.253062 -0.029540
v 2.734917 2.265139 -0.029955
v 2.574403 2.283827 -0.030874
v 2.402885 2.284925 -0.030928
v 2.231386 2.288336 -0.031137
v 2.058846 2.287735 -0.031128
v 1.887230 2.281645 -0.030997
v 1.715501 2.282384 -0.031016
v 1.542573 2.285399 -0.030966
v 1.375688 2.276572 -0.030723
v 1.205764 2.275442 -0.030731
v 1.036269 2.274221 -0.030674
v 0.865868 2.274221 -0.030674
v 0.697698 2.272349 -0.030580
v 0.649526 2.274221 -0.030674
v 0.647599 2.237346 -0.029195
v 0.645221 2.087507 -0.073778
v 0.672283 1.920426 -0.115488
v 0.678839 1.768626 -0.158240
v 0.678839 1.620552 -0.201665
v 0.677450 1.472808 -0.245333
v 0.673161 1.325137 -0.289688
v 0.673158 1.176403 -0.333339
v 0.663969 1.026109 -0.379980
v 0.657098 0.772539 -0.381671
v 0.653669 0.517013 -0.382599
v 0.653045 0.262016 -0.382768
v 0.648916 0.130715 0.508858
v 0.654083 0.117663 0.564836
v 0.662442 0.107030 0.618794
v 0.673015 0.098466 0.671243
v 0.671663 0.081496 0.729664
v 0.657450 0.054816 0.796097
v 0.645912 0.029869 0.862246
v 0.648033 0.015255 0.920104
v 0.696370 0.017205 0.918541
v 0.694001 0.031577 0.861051
v 0.704652 0.056145 0.795325
v 0.717192 0.081925 0.729682
v 0.718311 0.098778 0.671391
v 0.708675 0.107759 0.618645
v 0.701398 0.118921 0.564313
v 0.696402 0.131941 0.508397
v 0.681821 0.121866 0.385829
v 0.702411 0.137314 0.253362
v 0.706956 0.140750 0.125888
v 0.719331 0.149045 -0.001292
v 0.731650 0.157304 -0.125953
v 0.730687 0.157353 -0.249664
v 0.727295 0.155429 -0.374510
v 0.714709 0.146368 -0.503777
v 0.713373 0.129068 -0.561970
v 0.714709 0.113819 -0.619045
v 0.716652 0.099086 -0.675697
v 0.719007 0.084711 -0.731956
v 0.724585 0.072810 -0.786096
v 0.725082 0.056755 -0.842959
v 0.724020 0.039552 -0.900824
v 0.677183 0.038095 -0.902069
v 0.678683 0.055636 -0.843871
v 0.678804 0.072192 -0.786575
v 0.673216 0.084216 -0.732299
v 0.670767 0.098579 -0.676020
v 0.668655 0.113243 -0.619386
v 0.667184 0.128434 -0.562314
v 0.668552 0.145736 -0.504093
v 0.682795 0.155619 -0.374435
v 0.686038 0.157320 -0.249707
v 0.687543 0.157532 -0.126024
v 0.673999 0.148772 -0.001394
v 0.659659 0.139497 0.126013
v 0.653961 0.135333 0.253834
v 0.632019 0.119392 0.386692
v 0.673390 0.352707 0.559049
v 0.672416 0.399740 0.502024
v 0.658876 0.392430 0.380016
v 0.653432 0.389586 0.253934
v 0.664649 0.395236 0.125292
v 0.673999 0.399448 -0.001394
v 0.684765 0.404019 -0.126268
v 0.650148 0.386687 -0.256705
v 0.630289 0.377135 -0.389313
v 0.636224 0.380382 -0.516591
v 0.647188 0.337790 -0.571029
v 0.649990 0.290963 -0.628258
v 0.662478 0.250526 -0.680339
v 0.675986 0.211584 -0.730870
v 0.681796 0.167726 -0.784864
v 0.685482 0.122732 -0.839677
v 0.682721 0.073386 -0.898408
v 0.729787 0.075119 -0.896874
v 0.731447 0.123592 -0.838886
v 0.727462 0.168250 -0.784389
v 0.722035 0.212245 -0.730325
v 0.709501 0.251523 -0.679550
v 0.697993 0.292261 -0.627255
v 0.695779 0.339309 -0.569903
v 0.685765 0.382138 -0.515349
v 0.680464 0.379140 -0.388245
v 0.698613 0.388147 -0.256158
v 0.729568 0.404266 -0.126142
v 0.719353 0.399711 -0.001293
v 0.711740 0.396158 0.125172
v 0.701284 0.390717 0.253582
v 0.706375 0.393471 0.379503
v 0.718433 0.400206 0.501709
v 0.719439 0.353236 0.558683
v 0.720370 0.306035 0.615326
v 0.725884 0.261313 0.668846
v 0.734004 0.218998 0.720641
v 0.732919 0.171205 0.777954
v 0.713870 0.110152 0.847665
v 0.701262 0.052887 0.914996
v 0.653122 0.051004 0.916538
v 0.666198 0.108357 0.849089
v 0.687853 0.170798 0.778085
v 0.689445 0.218900 0.720481
v 0.680836 0.261108 0.668805
v 0.674856 0.305725 0.615447
v 0.652794 0.643992 0.508810
v 0.664771 0.568715 0.562575
v 0.672069 0.492685 0.617200
v 0.678661 0.417048 0.671341
v 0.692103 0.345219 0.720331
v 0.702033 0.272832 0.770177
v 0.690821 0.187947 0.833306
v 0.661778 0.089145 0.910551
v 0.709275 0.090718 0.909265
v 0.735105 0.187876 0.833624
v 0.744321 0.271775 0.771508
v 0.735472 0.344636 0.721075
v 0.723655 0.417084 0.671358
v 0.718052 0.493072 0.616832
v 0.711787 0.569392 0.561922
v 0.700487 0.644672 0.508143
v 0.687899 0.640118 0.384156
v 0.695815 0.642557 0.253961
v 0.719353 0.650361 0.124032
v 0.729904 0.652932 -0.001874
v 0.714118 0.648383 -0.127093
v 0.706375 0.646774 -0.253753
v 0.718558 0.651276 -0.376836
v 0.719151 0.651544 -0.502202
v 0.702046 0.565339 -0.567142
v 0.692155 0.480593 -0.630076
v 0.691792 0.399790 -0.688862
v 0.704321 0.326631 -0.740366
v 0.723854 0.259456 -0.786572
v 0.733048 0.186577 -0.837856
v 0.734394 0.109494 -0.893713
v 0.688253 0.108417 -0.894753
v 0.686966 0.185668 -0.838757
v 0.677601 0.258693 -0.787322
v 0.655488 0.324948 -0.742091
v 0.643420 0.398639 -0.690035
v 0.643963 0.479597 -0.631082
v 0.654740 0.564692 -0.567825
v 0.673344 0.651309 -0.502461
v 0.672548 0.650967 -0.377068
v 0.658941 0.646101 -0.254111
v 0.667672 0.647817 -0.127286
v 0.684915 0.652597 -0.002007
v 0.674545 0.650262 0.123865
v 0.647956 0.641801 0.254221
v 0.639019 0.639172 0.384837
v 0.671512 0.899735 -0.503725
v 0.678708 0.792123 -0.557841
v 0.666184 0.679164 -0.620597
v 0.641972 0.558288 -0.690693
v 0.635393 0.442167 -0.753104
v 0.653461 0.338994 -0.801470
v 0.685338 0.246857 -0.839765
v 0.690082 0.140494 -0.893532
v 0.736346 0.141662 -0.892362
v 0.731391 0.247645 -0.838919
v 0.704456 0.341679 -0.798361
v 0.686143 0.444092 -0.750673
v 0.689926 0.559031 -0.689755
v 0.711968 0.679292 -0.620402
v 0.721751 0.791812 -0.558610
v 0.715689 0.899759 -0.504035
v 0.691618 0.897380 -0.385155
v 0.688948 0.897086 -0.257582
v 0.685376 0.896422 -0.129617
v 0.700244 0.898545 -0.000832
v 0.714183 0.900046 0.124547
v 0.731650 0.901736 0.246263
v 0.703952 0.898252 0.378695
v 0.708929 0.900011 0.504541
v 0.712497 0.790311 0.561664
v 0.713159 0.679667 0.619136
v 0.718374 0.571140 0.674155
v 0.724724 0.463967 0.727991
v 0.740545 0.362153 0.774276
v 0.746525 0.257225 0.826203
v 0.718092 0.128751 0.902988
v 0.672349 0.128265 0.903284
v 0.703890 0.258065 0.825091
v 0.697746 0.362918 0.773232
v 0.679980 0.464036 0.727857
v 0.672634 0.570897 0.674441
v 0.666811 0.679326 0.619590
v 0.665874 0.789988 0.562171
v 0.662269 0.899722 0.504886
v 0.656047 0.897822 0.379245
v 0.687494 0.901563 0.246005
v 0.667885 0.899692 0.124531
v 0.653153 0.898160 -0.000923
v 0.636167 0.895921 -0.129935
v 0.639831 0.896579 -0.258171
v 0.643563 0.897023 -0.385756
v 3.353611 2.201491 -0.014012
v 3.353611 2.197420 -0.022001
v 3.353611 2.191080 -0.028342
v 3.353611 2.183092 -0.032413
v 3.353611 2.174234 -0.033815
v 3.353611 2.165377 -0.032413
v 3.353611 2.157388 -0.028342
v 3.353611 2.151047 -0.022001
v 3.353611 2.146976 -0.014012
v 3.353611 2.145573 -0.005155
v 3.353611 2.146976 0.003702
v 3.353611 2.151047 0.011691
v 3.353611 2.157388 0.018032
v 3.353611 2.165377 0.022103
v 3.353611 2.174234 0.023505
v 3.353611 2.183092 0.022103
v 3.353611 2.191080 0.018032
v 3.353611 2.197420 0.011691
v 3.353611 2.201491 0.003702
v 3.353611 2.202894 -0.005155
v 0.732494 2.201491 -0.014012
v 0.732494 2.197420 -0.022001
v 0.732494 2.191080 -0.028342
v 0.732494 2.183092 -0.032413
v 0.732494 2.174234 -0.033815
v 0.732494 2.165377 -0.032413
v 0.732494 2.157388 -0.028342
v 0.732494 2.151047 -0.022001
v 0.732494 2.146976 -0.014012
v 0.732494 2.145573 -0.005155
v 0.732494 2.146976 0.003702
v 0.732494 2.151047 0.011691
v 0.732494 2.157388 0.018032
v 0.732494 2.165377 0.022103
v 0.732494 2.174234 0.023505
v 0.732494 2.183092 0.022103
v 0.732494 2.191080 0.018032
v 0.732494 2.197420 0.011691
v 0.732494 2.201491 0.003702
v 0.732494 2.202894 -0.005155
v 3.353611 2.174234 -0.005155
v 0.732494 2.174234 -0.005155
v 0.799499 0.013261 -0.014012
v 0.795428 0.013261 -0.022001
v 0.789087 0.013261 -0.028342
v 0.781098 0.013261 -0.032413
v 0.772241 0.013261 -0.033815
v 0.763385 0.013261 -0.032413
v 0.755395 0.013261 -0.028342
v 0.749054 0.013261 -0.022001
v 0.744984 0.013261 -0.014012
v 0.743581 0.013261 -0.005155
v 0.744984 0.013261 0.003702
v 0.749055 0.013261 0.011691
v 0.755395 0.013261 0.018032
v 0.763385 0.013261 0.022103
v 0.772241 0.013261 0.023505
v 0.781098 0.013261 0.022103
v 0.789087 0.013261 0.018032
v 0.795428 0.013261 0.011691
v 0.799499 0.013261 0.003702
v 0.800902 0.013261 -0.005155
v 0.799499 2.165120 -0.014012
v 0.795428 2.165120 -0.022001
v 0.789087 2.165120 -0.028342
v 0.781098 2.165120 -0.032413
v 0.772241 2.165120 -0.033815
v 0.763385 2.165120 -0.032413
v 0.755395 2.165120 -0.028342
v 0.749054 2.165120 -0.022001
v 0.744984 2.165120 -0.014012
v 0.743581 2.165120 -0.005155
v 0.744984 2.165120 0.003702
v 0.749055 2.165120 0.011691
v 0.755395 2.165120 0.018032
v 0.763385 2.165120 0.022103
v 0.772241 2.165120 0.023505
v 0.781098 2.165120 0.022103
v 0.789087 2.165120 0.018032
v 0.795428 2.165120 0.011691
v 0.799499 2.165120 0.003702
v 0.800902 2.165120 -0.005155
v 0.772241 0.013261 -0.005155
v 0.772241 2.165120 -0.005155
v 3.336250 0.013261 -0.014012
v 3.332179 0.013261 -0.022001
v 3.325838 0.013261 -0.028342
v 3.317849 0.013261 -0.032413
v 3.308992 0.013261 -0.033815
v 3.300136 0.013261 -0.032413
v 3.292146 0.013261 -0.028342
v 3.285805 0.013261 -0.022001
v 3.281735 0.013261 -0.014012
v 3.280332 0.013261 -0.005155
v 3.281735 0.013261 0.003702
v 3.285805 0.013261 0.011691
v 3.292146 0.013261 0.018032
v 3.300136 0.013261 0.022103
v 3.308992 0.013261 0.023505
v 3.317849 0.013261 0.022103
v 3.325838 0.013261 0.018032
v 3.332179 0.013261 0.011691
v 3.336250 0.013261 0.003702
v 3.337652 0.013261 -0.005155
v 3.336250 2.165120 -0.014012
v 3.332179 2.165120 -0.022001
v 3.325838 2.165120 -0.028342
v 3.317849 2.165120 -0.032413
v 3.308992 2.165120 -0.033815
v 3.300136 2.165120 -0.032413
v 3.292146 2.165120 -0.028342
v 3.285805 2.165120 -0.022001
v 3.281735 2.165120 -0.014012
v 3.280332 2.165120 -0.005155
v 3.281735 2.165120 0.003702
v 3.285805 2.165120 0.011691
v 3.292146 2.165120 0.018032
v 3.300136 2.165120 0.022103
v 3.308992 2.165120 0.023505
v 3.317849 2.165120 0.022103
v 3.325838 2.165120 0.018032
v 3.332179 2.165120 0.011691
v 3.336250 2.165120 0.003702
v 3.337652 2.165120 -0.005155
v 3.308992 0.013261 -0.005155
v 3.308992 2.165120 -0.005155
v 3.562593 -0.001543 0.771273
v 3.938545 -0.001543 0.771273
v 3.562593 0.195825 0.771273
v 3.938545 0.195825 0.771273
v 3.562593 0.195825 -0.023979
v 3.938545 0.195825 -0.023979
v 3.562593 -0.001543 -0.023979
v 3.938545 -0.001543 -0.023979
v 3.539971 0.208529 0.819126
v 3.961167 0.208529 0.819126
v 3.961167 0.208529 -0.071832
v 3.539971 0.208529 -0.071832
v 3.539971 0.261268 0.819126
v 3.961167 0.261268 0.819126
v 3.961167 0.261268 -0.071832
v 3.539971 0.261268 -0.071832
v 3.569201 0.294556 0.757295
v 3.931937 0.294556 0.757295
v 3.931937 0.294556 -0.010001
v 3.569201 0.294556 -0.010001
v 3.562593 0.195825 0.373647
v 3.539971 0.208529 0.373647
v 3.539971 0.261268 0.373647
v 3.569201 0.294556 0.373647
v 3.931937 0.294556 0.373647
v 3.961167 0.261268 0.373647
v 3.961167 0.208529 0.373647
v 3.938545 0.195825 0.373647
v 3.938545 -0.001543 0.373647
v 3.562593 -0.001543 0.373647
v 3.539971 0.234899 0.819126
v 3.961167 0.234899 0.819126
v 3.961167 0.234899 -0.071832
v 3.539971 0.234899 -0.071832
v 3.539971 0.234899 0.373647
v 3.562593 0.195825 0.572460
v 3.539971 0.208529 0.596386
v 3.539971 0.234899 0.596386
v 3.539971 0.261268 0.596386
v 3.569201 0.294556 0.565471
v 3.931937 0.294556 0.565471
v 3.961167 0.261268 0.596386
v 3.961167 0.234899 0.596386
v 3.961167 0.208529 0.596386
v 3.938545 0.195825 0.572460
v 3.938545 -0.001543 0.572460
v 3.562593 -0.001543 0.572460
v 3.562593 -0.001543 0.174834
v 3.938545 -0.001543 0.174834
v 3.938545 0.195825 0.174834
v 3.961167 0.208529 0.150908
v 3.961167 0.234899 0.150908
v 3.961167 0.261268 0.150908
v 3.931937 0.294556 0.181823
v 3.569201 0.294556 0.181823
v 3.539971 0.261268 0.150908
v 3.539971 0.234899 0.150908
v 3.539971 0.208529 0.150908
v 3.562593 0.195825 0.174834
v 3.938545 -0.001543 0.473054
v 3.938545 0.195825 0.473054
v 3.961167 0.208529 0.485017
v 3.961167 0.234899 0.485017
v 3.961167 0.261268 0.485017
v 3.931937 0.294556 0.469559
v 3.569201 0.294556 0.469559
v 3.539971 0.261268 0.485017
v 3.539971 0.234899 0.485017
v 3.539971 0.208529 0.485017
v 3.562593 0.195825 0.473054
v 3.562593 -0.001543 0.473054
v 3.562593 0.195825 0.274240
v 3.539971 0.208529 0.262277
v 3.539971 0.234899 0.262277
v 3.539971 0.261268 0.262277
v 3.569201 0.294556 0.277735
v 3.931937 0.294556 0.277735
v 3.961167 0.261268 0.262277
v 3.961167 0.234899 0.262277
v 3.961167 0.208529 0.262277
v 3.938545 0.195825 0.274240
v 3.938545 -0.001543 0.274240
v 3.562593 -0.001543 0.274240
v 3.961167 0.248083 0.373647
v 3.961167 0.248083 0.485017
v 3.961167 0.248083 0.596386
v 3.961167 0.248083 0.819126
v 3.539971 0.248083 0.819126
v 3.539971 0.248083 0.596386
v 3.539971 0.248083 0.485017
v 3.539971 0.248083 0.373647
v 3.539971 0.248083 0.262277
v 3.539971 0.248083 0.150908
v 3.539971 0.248083 -0.071832
v 3.961167 0.248083 -0.071832
v 3.961167 0.248083 0.150908
v 3.961167 0.248083 0.262277
v 3.539971 0.221714 0.819126
v 3.961167 0.221714 0.819126
v 3.961167 0.221714 0.596386
v 3.961167 0.221714 0.485017
v 3.961167 0.221714 0.373647
v 3.961167 0.221714 0.262277
v 3.961167 0.221714 0.150908
v 3.961167 0.221714 -0.071832
v 3.539971 0.221714 -0.071832
v 3.539971 0.221714 0.150908
v 3.539971 0.221714 0.262277
v 3.539971 0.221714 0.373647
v 3.539971 0.221714 0.485017
v 3.539971 0.221714 0.596386
v 3.938545 -0.001543 0.423350
v 3.938545 0.195825 0.423350
v 3.961167 0.208529 0.429332
v 3.961167 0.221714 0.429332
v 3.961167 0.234899 0.429332
v 3.961167 0.248083 0.429332
v 3.961167 0.261268 0.429332
v 3.931937 0.294556 0.421603
v 3.569201 0.294556 0.421603
v 3.539971 0.261268 0.429332
v 3.539971 0.248083 0.429332
v 3.539971 0.234899 0.429332
v 3.539971 0.221714 0.429332
v 3.539971 0.208529 0.429332
v 3.562593 0.195825 0.423350
v 3.562593 -0.001543 0.423350
v 3.562593 0.195825 0.323944
v 3.539971 0.208529 0.317962
v 3.539971 0.221714 0.317962
v 3.539971 0.234899 0.317962
v 3.539971 0.248083 0.317962
v 3.539971 0.261268 0.317962
v 3.569201 0.294556 0.325691
v 3.931937 0.294556 0.325691
v 3.961167 0.261268 0.317962
v 3.961167 0.248083 0.317962
v 3.961167 0.234899 0.317962
v 3.961167 0.221714 0.317962
v 3.961167 0.208529 0.317962
v 3.938545 0.195825 0.323944
v 3.938545 -0.001543 0.323944
v 3.562593 -0.001543 0.323944
v 3.971413 0.221714 0.429332
v 3.971413 0.234899 0.429332
v 3.971413 0.221714 0.373647
v 3.971413 0.234899 0.373647
v 3.971413 0.248083 0.373647
v 3.971413 0.248083 0.429332
v 3.971413 0.248083 0.317962
v 3.971413 0.234899 0.317962
v 3.971413 0.221714 0.317962
vt 0.366225 0.104052
vt 0.341365 0.101449
vt 0.341947 0.098993
vt 0.366703 0.101681
vt 0.885033 0.870207
vt 0.887213 0.869160
vt 0.888502 0.879097
vt 0.886546 0.880238
vt 0.919754 0.852542
vt 0.921097 0.862444
vt 0.915783 0.865312
vt 0.914236 0.855359
vt 0.857646 0.882493
vt 0.859057 0.892561
vt 0.853636 0.894825
vt 0.852061 0.884986
vt 0.811624 0.944535
vt 0.811331 0.948155
vt 0.804020 0.946152
vt 0.804319 0.942643
vt 0.972713 0.844760
vt 0.965955 0.846851
vt 0.965323 0.842700
vt 0.972285 0.841710
vt 0.805470 0.905975
vt 0.806709 0.908972
vt 0.800819 0.917537
vt 0.799656 0.914553
vt 0.803483 0.923009
vt 0.809772 0.917471
vt 0.810372 0.921657
vt 0.803936 0.925980
vt 0.897567 0.954717
vt 0.899510 0.953340
vt 0.900202 0.958434
vt 0.898287 0.959553
vt 0.907956 0.951771
vt 0.910764 0.944884
vt 0.912752 0.943803
vt 0.909425 0.950633
vt 0.878050 0.968411
vt 0.878286 0.964820
vt 0.883949 0.967421
vt 0.883634 0.971181
vt 0.888084 0.961651
vt 0.883323 0.958516
vt 0.885332 0.957594
vt 0.889725 0.961179
vt 0.860714 0.831877
vt 0.859265 0.828622
vt 0.863136 0.821614
vt 0.864444 0.824943
vt 0.888665 0.817736
vt 0.892873 0.819689
vt 0.891102 0.820985
vt 0.887329 0.818378
vt 0.880754 0.825742
vt 0.878713 0.826780
vt 0.878018 0.822091
vt 0.880046 0.821183
vt 0.870877 0.826110
vt 0.868478 0.832059
vt 0.866645 0.832666
vt 0.869522 0.826730
vt 0.677885 0.392110
vt 0.680294 0.389582
vt 0.681385 0.389874
vt 0.678938 0.392424
vt 0.182116 0.879474
vt 0.201797 0.880009
vt 0.201344 0.885584
vt 0.181628 0.885335
vt 0.660377 0.355647
vt 0.663351 0.353239
vt 0.667027 0.364628
vt 0.664068 0.367187
vt 0.805976 0.941165
vt 0.813168 0.942806
vt 0.808514 0.909088
vt 0.802684 0.917129
vt 0.414700 0.664631
vt 0.417665 0.662811
vt 0.429802 0.670395
vt 0.426831 0.672744
vt 0.879546 0.960679
vt 0.885074 0.962833
vt 0.899649 0.967625
vt 0.900642 0.972678
vt 0.897768 0.973741
vt 0.897853 0.970968
vt 0.613924 0.230493
vt 0.622244 0.228877
vt 0.626436 0.240228
vt 0.618594 0.242209
vt 0.537842 0.762740
vt 0.540901 0.755162
vt 0.551344 0.766140
vt 0.548504 0.773123
vt 0.876427 0.807640
vt 0.876720 0.812847
vt 0.874333 0.811334
vt 0.873575 0.808803
vt 0.866846 0.827707
vt 0.862969 0.834012
vt 0.172201 0.279851
vt 0.159929 0.277389
vt 0.159929 0.255941
vt 0.172186 0.258258
vt 0.020543 0.098911
vt 0.034161 0.098858
vt 0.034142 0.099097
vt 0.020508 0.099122
vt 0.019165 0.185109
vt 0.032652 0.185084
vt 0.030120 0.188593
vt 0.016307 0.188625
vt 0.019156 0.106300
vt 0.032727 0.106360
vt 0.035070 0.109986
vt 0.021502 0.109869
vt 0.022945 0.009763
vt 0.035343 0.009675
vt 0.035296 0.012810
vt 0.023998 0.013034
vt 0.022558 0.088670
vt 0.033925 0.088906
vt 0.033897 0.092075
vt 0.021212 0.092028
vt 0.019319 0.153542
vt 0.033042 0.153728
vt 0.032406 0.156262
vt 0.017948 0.155938
vt 0.018263 0.139449
vt 0.032702 0.139213
vt 0.033381 0.141722
vt 0.019407 0.141908
vt 0.033303 0.147109
vt 0.033265 0.148373
vt 0.020087 0.148348
vt 0.020112 0.147077
vt 0.021395 0.041249
vt 0.033969 0.041393
vt 0.034089 0.043874
vt 0.019096 0.044371
vt 0.030822 0.050144
vt 0.031039 0.051314
vt 0.018568 0.051358
vt 0.018558 0.049984
vt 0.019483 0.057159
vt 0.034054 0.057581
vt 0.033928 0.060106
vt 0.021379 0.060219
vt 0.541904 0.010172
vt 0.535949 0.006974
vt 0.536741 0.005673
vt 0.542693 0.008864
vt 0.676168 0.394085
vt 0.675115 0.393711
vt 0.522079 0.041025
vt 0.516337 0.037510
vt 0.521686 0.029589
vt 0.527506 0.032991
vt 0.659292 0.367703
vt 0.655855 0.356091
vt 0.418335 0.658301
vt 0.430503 0.665883
vt 0.426070 0.677281
vt 0.413932 0.669071
vt 0.449229 0.118963
vt 0.444490 0.114309
vt 0.451697 0.107873
vt 0.456432 0.112526
vt 0.614298 0.242784
vt 0.610110 0.230964
vt 0.385928 0.191090
vt 0.395402 0.179213
vt 0.400820 0.183741
vt 0.391380 0.195656
vt 0.542124 0.750578
vt 0.552580 0.763011
vt 0.568497 0.782912
vt 0.565513 0.790572
vt 0.564598 0.788301
vt 0.567490 0.782195
vt 0.547970 0.777195
vt 0.536776 0.767702
vt 0.171730 0.466469
vt 0.149473 0.468227
vt 0.149445 0.466932
vt 0.171701 0.465253
vt 0.735837 0.289048
vt 0.731290 0.288643
vt 0.741006 0.268927
vt 0.745317 0.269304
vt 0.738792 0.268597
vt 0.729098 0.288303
vt 0.727995 0.288136
vt 0.737683 0.268433
vt 0.178317 0.487210
vt 0.181565 0.494518
vt 0.163535 0.497568
vt 0.158938 0.490109
vt 0.715659 0.256969
vt 0.721127 0.260531
vt 0.711794 0.277584
vt 0.706666 0.272807
vt 0.211975 0.567116
vt 0.214821 0.574317
vt 0.212378 0.579109
vt 0.208215 0.571770
vt 0.655343 0.220056
vt 0.660817 0.223245
vt 0.655317 0.226197
vt 0.650176 0.221817
vt 0.421155 0.148439
vt 0.416049 0.143999
vt 0.420554 0.138062
vt 0.425567 0.142490
vt 0.075960 0.274659
vt 0.063521 0.280077
vt 0.063536 0.257944
vt 0.075963 0.252658
vt 0.128201 0.009767
vt 0.141776 0.009795
vt 0.140789 0.013159
vt 0.127488 0.013119
vt 0.125755 0.042638
vt 0.139314 0.042648
vt 0.138609 0.045038
vt 0.125224 0.045063
vt 0.138493 0.050166
vt 0.138521 0.051389
vt 0.125195 0.051380
vt 0.125145 0.050132
vt 0.125148 0.056452
vt 0.138603 0.056493
vt 0.139201 0.058936
vt 0.125579 0.058927
vt 0.140392 0.092129
vt 0.126802 0.092103
vt 0.126371 0.088783
vt 0.139760 0.088789
vt 0.127041 0.098930
vt 0.140679 0.098905
vt 0.140704 0.099078
vt 0.127047 0.099122
vt 0.126525 0.106675
vt 0.139839 0.106675
vt 0.140342 0.109678
vt 0.126736 0.109747
vt 0.125566 0.139034
vt 0.138452 0.138889
vt 0.138694 0.141738
vt 0.125654 0.141845
vt 0.139050 0.147357
vt 0.139006 0.148584
vt 0.125588 0.148609
vt 0.125667 0.147307
vt 0.125227 0.153983
vt 0.138286 0.154133
vt 0.137911 0.156919
vt 0.124956 0.156759
vt 0.136915 0.188974
vt 0.123563 0.188930
vt 0.123812 0.185763
vt 0.137490 0.185939
vt 0.826110 0.948007
vt 0.827572 0.945925
vt 0.834886 0.947469
vt 0.833424 0.950013
vt 0.833122 0.953683
vt 0.825818 0.951092
vt 0.138446 0.119372
vt 0.125821 0.119318
vt 0.125639 0.116328
vt 0.138503 0.116331
vt 0.033083 0.119155
vt 0.019766 0.119136
vt 0.018502 0.115919
vt 0.032812 0.115982
vt 0.652214 0.331394
vt 0.647576 0.331737
vt 0.643023 0.319496
vt 0.647749 0.319090
vt 0.652541 0.316584
vt 0.656179 0.328690
vt 0.699270 0.246256
vt 0.704723 0.249828
vt 0.696525 0.262893
vt 0.691463 0.257931
vt 0.504451 0.064348
vt 0.499043 0.060395
vt 0.505036 0.052930
vt 0.510567 0.056732
vt 0.188074 0.509142
vt 0.191335 0.516447
vt 0.177927 0.519966
vt 0.173123 0.512507
vt 0.018228 0.175981
vt 0.031048 0.176034
vt 0.030617 0.179173
vt 0.016165 0.179169
vt 0.123765 0.176324
vt 0.136396 0.176327
vt 0.136176 0.179346
vt 0.123343 0.179308
vt 0.952730 0.850882
vt 0.945966 0.853011
vt 0.944834 0.845442
vt 0.951667 0.844521
vt 0.139921 0.022561
vt 0.126330 0.022564
vt 0.126686 0.019436
vt 0.140194 0.019420
vt 0.035343 0.022099
vt 0.022973 0.022083
vt 0.023486 0.019068
vt 0.035312 0.019014
vt 0.453999 0.686057
vt 0.454738 0.681756
vt 0.466944 0.689353
vt 0.466142 0.693862
vt 0.451074 0.689161
vt 0.463168 0.697695
vt 0.462397 0.702217
vt 0.450348 0.693469
vt 0.022162 0.079504
vt 0.034133 0.079532
vt 0.034183 0.082632
vt 0.022335 0.082554
vt 0.125400 0.079230
vt 0.138965 0.079277
vt 0.139242 0.082441
vt 0.125708 0.082387
vt 0.822934 0.882483
vt 0.824179 0.885279
vt 0.818340 0.893127
vt 0.817067 0.890241
vt 0.826072 0.886187
vt 0.820195 0.893819
vt 0.822120 0.906824
vt 0.828314 0.901535
vt 0.829418 0.909104
vt 0.822940 0.913308
vt 0.039425 0.278386
vt 0.027372 0.280675
vt 0.027432 0.258711
vt 0.039475 0.256353
vt 0.168073 0.010053
vt 0.180342 0.010282
vt 0.180748 0.013307
vt 0.169004 0.013027
vt 0.179204 0.022687
vt 0.165900 0.022665
vt 0.166831 0.019511
vt 0.180006 0.019568
vt 0.166104 0.042579
vt 0.178399 0.042337
vt 0.177915 0.044877
vt 0.165303 0.045028
vt 0.177670 0.050191
vt 0.177629 0.051452
vt 0.164645 0.051430
vt 0.164655 0.050176
vt 0.165353 0.056571
vt 0.177795 0.056801
vt 0.178185 0.059376
vt 0.165941 0.059096
vt 0.165262 0.079243
vt 0.178453 0.079246
vt 0.179135 0.082400
vt 0.165985 0.082425
vt 0.178855 0.091751
vt 0.166340 0.091896
vt 0.167777 0.088975
vt 0.179468 0.088714
vt 0.167246 0.098826
vt 0.180619 0.098807
vt 0.180694 0.099018
vt 0.167309 0.099034
vt 0.166252 0.106712
vt 0.179518 0.106709
vt 0.179764 0.109822
vt 0.166350 0.109835
vt 0.179069 0.119322
vt 0.165158 0.119325
vt 0.166302 0.116133
vt 0.180748 0.116077
vt 0.165548 0.139194
vt 0.177311 0.138852
vt 0.176836 0.141392
vt 0.165167 0.141801
vt 0.178754 0.147436
vt 0.178591 0.148713
vt 0.165444 0.148646
vt 0.165419 0.147379
vt 0.164667 0.154218
vt 0.176472 0.154633
vt 0.176726 0.157162
vt 0.164878 0.156794
vt 0.162809 0.176462
vt 0.176456 0.176519
vt 0.178380 0.179748
vt 0.163639 0.179616
vt 0.176412 0.189018
vt 0.163259 0.188989
vt 0.163715 0.185914
vt 0.177166 0.185980
vt 0.137113 0.280291
vt 0.124878 0.284652
vt 0.124865 0.262538
vt 0.137088 0.258214
vt 0.074161 0.012770
vt 0.060231 0.012571
vt 0.060948 0.009540
vt 0.074746 0.009782
vt 0.074001 0.022247
vt 0.060933 0.022184
vt 0.061043 0.019084
vt 0.074051 0.019124
vt 0.059008 0.042047
vt 0.071907 0.042450
vt 0.072416 0.044726
vt 0.059647 0.044314
vt 0.071073 0.050147
vt 0.071171 0.051374
vt 0.057345 0.051314
vt 0.057078 0.050245
vt 0.059555 0.057185
vt 0.072089 0.056663
vt 0.071520 0.058983
vt 0.058534 0.059354
vt 0.059923 0.079479
vt 0.072988 0.079441
vt 0.072995 0.082573
vt 0.059879 0.082607
vt 0.073460 0.091899
vt 0.059688 0.092144
vt 0.058832 0.089176
vt 0.072806 0.088981
vt 0.059452 0.098987
vt 0.072960 0.098968
vt 0.072935 0.099137
vt 0.059411 0.099141
vt 0.074212 0.110184
vt 0.061338 0.110152
vt 0.060351 0.106741
vt 0.073771 0.106901
vt 0.072985 0.119224
vt 0.058936 0.119174
vt 0.059832 0.116061
vt 0.072627 0.116010
vt 0.059420 0.139216
vt 0.072746 0.139204
vt 0.072705 0.141943
vt 0.059631 0.141820
vt 0.072860 0.147191
vt 0.072809 0.148464
vt 0.059625 0.148430
vt 0.059669 0.147165
vt 0.059272 0.153750
vt 0.072328 0.153681
vt 0.072180 0.156388
vt 0.058914 0.156335
vt 0.056958 0.176138
vt 0.070985 0.176170
vt 0.070416 0.179349
vt 0.057439 0.179257
vt 0.070945 0.188370
vt 0.057763 0.188383
vt 0.058587 0.185147
vt 0.071441 0.185200
vt 0.015213 0.280206
vt 0.015282 0.258214
vt 0.193219 0.010383
vt 0.193068 0.013468
vt 0.193030 0.022734
vt 0.193307 0.019624
vt 0.191760 0.042403
vt 0.190257 0.044726
vt 0.190857 0.050226
vt 0.190725 0.051468
vt 0.190169 0.056964
vt 0.191593 0.059326
vt 0.192222 0.079230
vt 0.192338 0.082371
vt 0.191885 0.091717
vt 0.191829 0.088588
vt 0.194058 0.098801
vt 0.194146 0.099012
vt 0.192936 0.106690
vt 0.192753 0.109869
vt 0.193656 0.119315
vt 0.194238 0.116092
vt 0.190625 0.138927
vt 0.189574 0.141373
vt 0.192005 0.147464
vt 0.191838 0.148744
vt 0.189320 0.154687
vt 0.189927 0.157168
vt 0.191269 0.176588
vt 0.192027 0.179801
vt 0.189631 0.189059
vt 0.190033 0.185968
vt 0.110712 0.176295
vt 0.110514 0.179355
vt 0.112033 0.153926
vt 0.111828 0.156684
vt 0.112376 0.148565
vt 0.112435 0.147291
vt 0.112445 0.139062
vt 0.112457 0.141845
vt 0.112778 0.119287
vt 0.112828 0.116215
vt 0.113278 0.109766
vt 0.113146 0.106741
vt 0.113539 0.098933
vt 0.113545 0.099131
vt 0.113322 0.092110
vt 0.113058 0.088802
vt 0.112473 0.079243
vt 0.112561 0.082296
vt 0.111825 0.056364
vt 0.112089 0.058886
vt 0.111784 0.051418
vt 0.111728 0.050022
vt 0.112309 0.042651
vt 0.111954 0.045123
vt 0.113410 0.022508
vt 0.113580 0.019486
vt 0.114243 0.013068
vt 0.114715 0.009710
vt 0.088148 0.285137
vt 0.088154 0.263148
vt 0.110143 0.188807
vt 0.110467 0.185729
vt 0.112621 0.289787
vt 0.112614 0.267641
vt 0.088189 0.009958
vt 0.088207 0.013241
vt 0.087088 0.022310
vt 0.087412 0.019228
vt 0.085475 0.042538
vt 0.085519 0.044990
vt 0.085186 0.050034
vt 0.085223 0.051474
vt 0.085271 0.056430
vt 0.085154 0.058933
vt 0.086129 0.079400
vt 0.086377 0.082485
vt 0.086868 0.088547
vt 0.086796 0.091798
vt 0.086469 0.098983
vt 0.086456 0.099144
vt 0.086877 0.106948
vt 0.087006 0.110140
vt 0.086406 0.119256
vt 0.086340 0.116095
vt 0.086082 0.139119
vt 0.085972 0.141952
vt 0.086050 0.147219
vt 0.085997 0.148502
vt 0.085579 0.153731
vt 0.085475 0.156508
vt 0.084365 0.176207
vt 0.084126 0.179330
vt 0.084214 0.185320
vt 0.083947 0.188417
vt 0.005094 0.175934
vt 0.003060 0.179113
vt 0.004647 0.153178
vt 0.004497 0.155904
vt 0.006685 0.148307
vt 0.006600 0.147084
vt 0.004767 0.139427
vt 0.004701 0.142194
vt 0.006682 0.119123
vt 0.005352 0.115910
vt 0.007830 0.109753
vt 0.007201 0.106499
vt 0.007270 0.098939
vt 0.007238 0.099141
vt 0.007556 0.092154
vt 0.007990 0.088937
vt 0.007135 0.079607
vt 0.007216 0.082733
vt 0.004050 0.056650
vt 0.006471 0.059889
vt 0.005264 0.051323
vt 0.005245 0.049990
vt 0.006078 0.041623
vt 0.003946 0.044773
vt 0.008097 0.021958
vt 0.008408 0.018870
vt 0.009386 0.012741
vt 0.009040 0.009568
vt 0.184210 0.283514
vt 0.184223 0.261912
vt 0.004188 0.188398
vt 0.004912 0.185210
vt 0.003232 0.283159
vt 0.003305 0.261201
vt 0.139370 0.960644
vt 0.026857 0.960245
vt 0.034252 0.947359
vt 0.143122 0.947950
vt 0.040497 0.909167
vt 0.150866 0.909739
vt 0.145996 0.922569
vt 0.039573 0.921952
vt 0.178528 0.828305
vt 0.056788 0.826701
vt 0.081381 0.817714
vt 0.194014 0.818699
vt 0.869774 0.797634
vt 0.872487 0.795109
vt 0.858554 0.810121
vt 0.854180 0.817139
vt 0.818186 0.871742
vt 0.812514 0.879971
vt 0.795109 0.902727
vt 0.800936 0.895061
vt 0.255393 0.090289
vt 0.254787 0.092704
vt 0.802995 0.959808
vt 0.810294 0.961735
vt 0.832056 0.965905
vt 0.824730 0.963628
vt 0.876801 0.981863
vt 0.882188 0.984611
vt 0.899630 0.987705
vt 0.896558 0.987004
vt 0.817648 0.057908
vt 0.823302 0.032240
vt 0.833430 0.038966
vt 0.827795 0.065426
vt 0.905931 0.130403
vt 0.911022 0.105801
vt 0.924034 0.114995
vt 0.919113 0.139877
vt 0.960824 0.149203
vt 0.955293 0.176097
vt 0.943051 0.164837
vt 0.948403 0.138314
vt 0.153086 0.079277
vt 0.153511 0.082500
vt 0.152347 0.056411
vt 0.153074 0.058861
vt 0.151895 0.051361
vt 0.151848 0.050207
vt 0.153137 0.042748
vt 0.152263 0.045135
vt 0.153737 0.022608
vt 0.154398 0.019404
vt 0.155633 0.009773
vt 0.155297 0.012990
vt 0.051559 0.273823
vt 0.051587 0.251843
vt 0.150275 0.189024
vt 0.151021 0.185996
vt 0.149209 0.176371
vt 0.149590 0.179474
vt 0.151162 0.154316
vt 0.150738 0.157074
vt 0.152219 0.148624
vt 0.152256 0.147373
vt 0.151338 0.138826
vt 0.151527 0.141587
vt 0.151310 0.119378
vt 0.152137 0.116221
vt 0.153162 0.106668
vt 0.153885 0.109665
vt 0.153854 0.098829
vt 0.153907 0.099034
vt 0.154193 0.092195
vt 0.154181 0.088990
vt 0.114706 0.006801
vt 0.127994 0.006845
vt 0.141512 0.006805
vt 0.154901 0.006855
vt 0.167576 0.007078
vt 0.180559 0.007185
vt 0.193750 0.007242
vt 0.132302 0.973574
vt 0.004440 0.974244
vt 0.980058 0.842360
vt 0.979879 0.840370
vt 0.975140 0.157401
vt 0.969521 0.184760
vt 0.191018 0.192464
vt 0.176544 0.192200
vt 0.163523 0.192228
vt 0.150150 0.192181
vt 0.136776 0.192131
vt 0.123246 0.191980
vt 0.109951 0.191926
vt 0.083453 0.191766
vt 0.070152 0.191769
vt 0.056194 0.192005
vt 0.030039 0.191713
vt 0.016989 0.191609
vt 0.004453 0.191433
vt 0.175085 0.479902
vt 0.154376 0.482405
vt 0.526890 0.021564
vt 0.532767 0.024882
vt 0.726602 0.264082
vt 0.717165 0.282354
vt 0.670659 0.376344
vt 0.668672 0.379004
vt 0.664364 0.379504
vt 0.007676 0.103414
vt 0.020549 0.103370
vt 0.033639 0.103360
vt 0.059423 0.103184
vt 0.073293 0.103467
vt 0.086654 0.103543
vt 0.113265 0.103521
vt 0.126598 0.103505
vt 0.140245 0.103370
vt 0.153659 0.103364
vt 0.167085 0.103351
vt 0.180059 0.103442
vt 0.194414 0.103260
vt 0.233577 0.143650
vt 0.321757 0.152322
vt 0.291699 0.193225
vt 0.204894 0.184685
vt 0.314097 0.195656
vt 0.343953 0.154942
vt 0.261434 0.951959
vt 0.282564 0.948686
vt 0.370794 0.982457
vt 0.349509 0.987705
vt 0.282838 0.862104
vt 0.371869 0.845970
vt 0.372291 0.868704
vt 0.284291 0.876625
vt 0.350211 0.795109
vt 0.372404 0.800640
vt 0.281442 0.833238
vt 0.260277 0.829798
vt 0.373636 0.013681
vt 0.397490 0.016301
vt 0.390129 0.059826
vt 0.365263 0.056848
vt 0.268119 0.042827
vt 0.283420 0.003060
vt 0.192508 0.094949
vt 0.179283 0.094959
vt 0.166265 0.095018
vt 0.153269 0.095106
vt 0.139999 0.095135
vt 0.126469 0.095037
vt 0.113203 0.095037
vt 0.086764 0.094987
vt 0.073432 0.095097
vt 0.060159 0.095160
vt 0.034045 0.095220
vt 0.020980 0.095235
vt 0.007515 0.095320
vt 0.401833 0.660789
vt 0.402600 0.656509
vt 0.405518 0.655305
vt 0.406140 0.650912
vt 0.009166 0.006456
vt 0.022536 0.006553
vt 0.035545 0.006575
vt 0.061706 0.006603
vt 0.075073 0.006739
vt 0.088343 0.006861
vt 0.097568 0.176251
vt 0.097389 0.179358
vt 0.098829 0.153788
vt 0.098675 0.156561
vt 0.099175 0.148527
vt 0.099232 0.147272
vt 0.099282 0.139122
vt 0.099241 0.141952
vt 0.099678 0.116130
vt 0.099619 0.119274
vt 0.099920 0.106835
vt 0.099974 0.109954
vt 0.099952 0.103499
vt 0.100034 0.098971
vt 0.100034 0.099137
vt 0.099892 0.092041
vt 0.099949 0.095050
vt 0.099788 0.088745
vt 0.099433 0.079337
vt 0.099691 0.082324
vt 0.098540 0.056354
vt 0.098641 0.058898
vt 0.098524 0.051433
vt 0.098512 0.050044
vt 0.098905 0.042613
vt 0.098726 0.045101
vt 0.100719 0.019407
vt 0.100361 0.022391
vt 0.101276 0.009745
vt 0.101052 0.013090
vt 0.101442 0.006764
vt 0.100354 0.285108
vt 0.100358 0.262975
vt 0.096924 0.188625
vt 0.096669 0.191885
vt 0.097207 0.185524
vt 0.046830 0.079523
vt 0.046855 0.082639
vt 0.046490 0.057335
vt 0.045349 0.059559
vt 0.044126 0.051333
vt 0.043934 0.050160
vt 0.045563 0.041937
vt 0.046556 0.044141
vt 0.047886 0.022124
vt 0.048000 0.019030
vt 0.047764 0.009540
vt 0.046934 0.012562
vt 0.048185 0.006462
vt 0.148590 0.278911
vt 0.148577 0.257176
vt 0.042547 0.192005
vt 0.044431 0.188405
vt 0.045789 0.185087
vt 0.043079 0.176094
vt 0.044126 0.179210
vt 0.046214 0.153766
vt 0.045525 0.156247
vt 0.046443 0.148401
vt 0.046484 0.147137
vt 0.045827 0.139304
vt 0.046607 0.141726
vt 0.045157 0.119149
vt 0.046629 0.116039
vt 0.046883 0.106609
vt 0.048434 0.110105
vt 0.045852 0.103087
vt 0.046754 0.098895
vt 0.046714 0.099103
vt 0.046720 0.095301
vt 0.046534 0.092154
vt 0.045610 0.089160
vt 0.110574 0.538077
vt 0.106304 0.564223
vt 0.093902 0.553397
vt 0.097745 0.529279
vt 0.201945 0.605887
vt 0.196102 0.631039
vt 0.185527 0.620974
vt 0.190150 0.597120
vt 0.351682 0.161032
vt 0.361631 0.150128
vt 0.591910 0.244838
vt 0.585684 0.234467
vt 0.624197 0.333495
vt 0.618965 0.321216
vt 0.635580 0.370756
vt 0.628046 0.358449
vt 0.640432 0.382567
vt 0.654531 0.399333
vt 0.653311 0.398723
vt 0.409769 0.696176
vt 0.397562 0.687243
vt 0.422032 0.705754
vt 0.458218 0.728344
vt 0.446200 0.720574
vt 0.543825 0.803508
vt 0.529754 0.793833
vt 0.577917 0.785924
vt 0.572408 0.805945
vt 0.547904 0.724630
vt 0.560324 0.740824
vt 0.459451 0.654934
vt 0.471510 0.663905
vt 0.422740 0.631206
vt 0.435424 0.637872
vt 0.410395 0.623999
vt 0.195599 0.287184
vt 0.195612 0.265720
vt 0.060496 0.503967
vt 0.055241 0.529135
vt 0.043217 0.521085
vt 0.048056 0.495577
vt 0.072589 0.511567
vt 0.067489 0.541062
vt 0.842159 0.948846
vt 0.840769 0.951906
vt 0.840414 0.955723
vt 0.839134 0.969339
vt 0.192244 0.122501
vt 0.177550 0.122453
vt 0.164123 0.122425
vt 0.151259 0.122419
vt 0.138842 0.122413
vt 0.125931 0.122413
vt 0.112721 0.122397
vt 0.099553 0.122391
vt 0.086283 0.122387
vt 0.073218 0.122372
vt 0.059719 0.122365
vt 0.045289 0.122359
vt 0.032079 0.122334
vt 0.019879 0.122290
vt 0.007194 0.122265
vt 0.614437 0.309355
vt 0.640168 0.307277
vt 0.644435 0.306890
vt 0.649261 0.304522
vt 0.693824 0.242677
vt 0.686406 0.252960
vt 0.498087 0.071787
vt 0.492807 0.067681
vt 0.194599 0.523739
vt 0.182735 0.527415
vt 0.123356 0.546080
vt 0.118668 0.572632
vt 0.005302 0.172827
vt 0.017908 0.172855
vt 0.030212 0.172868
vt 0.043739 0.172918
vt 0.058188 0.172987
vt 0.071567 0.173047
vt 0.084513 0.173094
vt 0.097738 0.173148
vt 0.110894 0.173201
vt 0.124120 0.173242
vt 0.137037 0.173299
vt 0.149461 0.173352
vt 0.162337 0.173396
vt 0.175610 0.173428
vt 0.190191 0.173440
vt 0.892901 0.121733
vt 0.898646 0.094364
vt 0.939313 0.855080
vt 0.938008 0.846388
vt 0.041620 0.896168
vt 0.165152 0.896979
vt 0.191628 0.025835
vt 0.178437 0.025775
vt 0.165381 0.025762
vt 0.153017 0.025756
vt 0.139892 0.025715
vt 0.126365 0.025633
vt 0.113303 0.025552
vt 0.100112 0.025476
vt 0.086972 0.025413
vt 0.073869 0.025341
vt 0.060797 0.025275
vt 0.048132 0.025218
vt 0.035645 0.025177
vt 0.020300 0.025130
vt 0.007323 0.025042
vt 0.483342 0.673932
vt 0.478868 0.698056
vt 0.478079 0.702305
vt 0.475132 0.706493
vt 0.474384 0.710741
vt 0.470189 0.735277
vt 0.006484 0.076498
vt 0.019926 0.076447
vt 0.034972 0.076416
vt 0.047100 0.076403
vt 0.059879 0.076369
vt 0.072995 0.076322
vt 0.086104 0.076274
vt 0.099282 0.076240
vt 0.112486 0.076189
vt 0.125573 0.076133
vt 0.139138 0.076089
vt 0.152269 0.076079
vt 0.164328 0.076108
vt 0.177767 0.076127
vt 0.191093 0.076095
vt 0.823525 0.862699
vt 0.828802 0.874430
vt 0.830047 0.877232
vt 0.831996 0.878320
vt 0.834503 0.896215
vt 0.835767 0.904922
vt 0.895347 0.940051
vt 0.897360 0.938759
vt 0.898086 0.943529
vt 0.896058 0.944768
vt 0.915695 0.933499
vt 0.918273 0.927468
vt 0.922355 0.925376
vt 0.919062 0.931801
vt 0.848700 0.082066
vt 0.854360 0.054395
vt 0.865044 0.063851
vt 0.859321 0.090613
vt 0.177962 0.162202
vt 0.190659 0.162331
vt 0.190980 0.164957
vt 0.177899 0.164887
vt 0.165648 0.161960
vt 0.165013 0.164777
vt 0.151712 0.162032
vt 0.152143 0.164626
vt 0.137493 0.162284
vt 0.138333 0.164667
vt 0.124510 0.162234
vt 0.124846 0.164680
vt 0.111580 0.162039
vt 0.111583 0.164655
vt 0.098377 0.161910
vt 0.098263 0.164476
vt 0.085132 0.161850
vt 0.084878 0.164422
vt 0.071878 0.161796
vt 0.071322 0.164325
vt 0.057813 0.161466
vt 0.058521 0.164447
vt 0.044711 0.161535
vt 0.045726 0.164504
vt 0.031290 0.161498
vt 0.032042 0.164369
vt 0.018282 0.161535
vt 0.016816 0.164070
vt 0.004147 0.161372
vt 0.003795 0.164092
vt 0.168221 0.579386
vt 0.164535 0.602350
vt 0.153970 0.593551
vt 0.157507 0.570971
vt 0.203492 0.545495
vt 0.206312 0.552712
vt 0.199926 0.557060
vt 0.195794 0.549671
vt 0.470787 0.099512
vt 0.465960 0.094940
vt 0.472925 0.088358
vt 0.477840 0.092849
vt 0.671797 0.229600
vt 0.677313 0.232772
vt 0.670876 0.239288
vt 0.665666 0.234930
vt 0.628008 0.263594
vt 0.634809 0.261516
vt 0.638683 0.271855
vt 0.632363 0.273999
vt 0.628769 0.274222
vt 0.624379 0.263802
vt 0.607494 0.275502
vt 0.602796 0.265261
vt 0.004666 0.131116
vt 0.017691 0.131198
vt 0.019216 0.133742
vt 0.004814 0.133880
vt 0.033315 0.130928
vt 0.032259 0.133827
vt 0.047141 0.130824
vt 0.045679 0.133849
vt 0.059901 0.130931
vt 0.058669 0.134015
vt 0.072432 0.131182
vt 0.072740 0.133776
vt 0.086069 0.131126
vt 0.086057 0.133780
vt 0.099458 0.131135
vt 0.099367 0.133770
vt 0.112797 0.131025
vt 0.112614 0.133673
vt 0.126104 0.131069
vt 0.125585 0.133547
vt 0.139723 0.131170
vt 0.138597 0.133556
vt 0.153552 0.131261
vt 0.152907 0.133883
vt 0.166183 0.131116
vt 0.166872 0.134012
vt 0.179144 0.131075
vt 0.179166 0.133814
vt 0.192279 0.131069
vt 0.191804 0.133729
vt 0.858862 0.975442
vt 0.860010 0.961946
vt 0.866192 0.963886
vt 0.864969 0.977587
vt 0.860362 0.958135
vt 0.866532 0.960226
vt 0.861696 0.954642
vt 0.867833 0.956623
vt 0.874594 0.953510
vt 0.869956 0.950868
vt 0.874078 0.949035
vt 0.877971 0.951981
vt 0.098996 0.151087
vt 0.112259 0.151140
vt 0.125497 0.151197
vt 0.138600 0.151376
vt 0.151813 0.151429
vt 0.164975 0.151476
vt 0.177685 0.151662
vt 0.190804 0.151693
vt 0.806379 0.044321
vt 0.811885 0.016801
vt 0.904683 0.960192
vt 0.905482 0.959519
vt 0.901010 0.962845
vt 0.898963 0.963732
vt 0.894310 0.964861
vt 0.895215 0.964801
vt 0.892398 0.964886
vt 0.891017 0.969244
vt 0.890618 0.972609
vt 0.889165 0.985982
vt 0.190813 0.144376
vt 0.177729 0.144351
vt 0.165101 0.144505
vt 0.152055 0.144540
vt 0.138839 0.144537
vt 0.125758 0.144688
vt 0.112504 0.144688
vt 0.099222 0.144681
vt 0.086010 0.144571
vt 0.072800 0.144562
vt 0.059713 0.144461
vt 0.046569 0.144427
vt 0.033403 0.144398
vt 0.020131 0.144402
vt 0.006018 0.144593
vt 0.578166 0.225635
vt 0.604551 0.220648
vt 0.608991 0.220000
vt 0.618050 0.218368
vt 0.649868 0.216868
vt 0.644947 0.217374
vt 0.442062 0.125412
vt 0.437295 0.120784
vt 0.217657 0.581530
vt 0.216576 0.586580
vt 0.212463 0.614965
vt 0.204866 0.641878
vt 0.006169 0.150832
vt 0.019995 0.151021
vt 0.033183 0.151055
vt 0.046343 0.151087
vt 0.059499 0.151115
vt 0.072605 0.151093
vt 0.085796 0.151143
vt 0.894602 0.934929
vt 0.896740 0.933763
vt 0.920886 0.921421
vt 0.925659 0.919012
vt 0.875823 0.072136
vt 0.870031 0.100986
vt 0.190565 0.167683
vt 0.177305 0.167639
vt 0.164472 0.167541
vt 0.151794 0.167397
vt 0.138311 0.167359
vt 0.125007 0.167277
vt 0.111501 0.167277
vt 0.098222 0.167359
vt 0.085142 0.167324
vt 0.071740 0.167217
vt 0.059499 0.167350
vt 0.046676 0.167321
vt 0.033083 0.167186
vt 0.016901 0.166853
vt 0.004537 0.166931
vt 0.142518 0.586709
vt 0.146650 0.562818
vt 0.200680 0.538263
vt 0.191669 0.542269
vt 0.479726 0.081651
vt 0.484754 0.086028
vt 0.682844 0.235936
vt 0.676115 0.243640
vt 0.642479 0.282200
vt 0.636514 0.284426
vt 0.632391 0.284781
vt 0.609333 0.286614
vt 0.005946 0.128214
vt 0.018065 0.128365
vt 0.034337 0.128117
vt 0.048094 0.128028
vt 0.060970 0.128044
vt 0.073202 0.128220
vt 0.086560 0.128189
vt 0.099619 0.128205
vt 0.112932 0.128396
vt 0.126507 0.128456
vt 0.139679 0.128393
vt 0.153134 0.128409
vt 0.165900 0.128333
vt 0.178685 0.128286
vt 0.192036 0.128311
vt 0.852441 0.973926
vt 0.853967 0.959462
vt 0.854319 0.955770
vt 0.855633 0.952613
vt 0.865331 0.948268
vt 0.870148 0.946101
vt 0.115161 0.003358
vt 0.101672 0.003192
vt 0.128673 0.003402
vt 0.142370 0.003365
vt 0.155558 0.003559
vt 0.168909 0.003651
vt 0.182226 0.003742
vt 0.195656 0.003798
vt 0.003060 0.987004
vt 0.113379 0.987705
vt 0.987036 0.840235
vt 0.986888 0.839521
vt 0.982316 0.195656
vt 0.987705 0.168535
vt 0.177453 0.195608
vt 0.190948 0.195656
vt 0.164073 0.195596
vt 0.150555 0.195552
vt 0.137264 0.195624
vt 0.123478 0.195432
vt 0.109967 0.195370
vt 0.096458 0.195451
vt 0.082862 0.195420
vt 0.069287 0.195363
vt 0.055697 0.195319
vt 0.042994 0.194954
vt 0.030548 0.194646
vt 0.016948 0.194690
vt 0.003692 0.194643
vt 0.030580 0.511076
vt 0.035482 0.486971
vt 0.171862 0.472554
vt 0.149631 0.474698
vt 0.531996 0.013458
vt 0.537905 0.016725
vt 0.722451 0.287294
vt 0.732120 0.267632
vt 0.674505 0.388211
vt 0.673552 0.390808
vt 0.670191 0.391374
vt 0.647532 0.394865
vt 0.020483 0.100178
vt 0.007213 0.100163
vt 0.034183 0.100301
vt 0.046751 0.100144
vt 0.059452 0.099927
vt 0.072960 0.099977
vt 0.086428 0.099949
vt 0.099986 0.099980
vt 0.113467 0.100109
vt 0.126978 0.100087
vt 0.140767 0.099939
vt 0.153961 0.100056
vt 0.167368 0.100071
vt 0.180817 0.100075
vt 0.194300 0.100075
vt 0.337174 0.113618
vt 0.250529 0.104656
vt 0.362423 0.115721
vt 0.200136 0.913513
vt 0.180427 0.914755
vt 0.202882 0.868811
vt 0.183295 0.867742
vt 0.367467 0.096936
vt 0.342903 0.094056
vt 0.256384 0.085453
vt 0.180424 0.098386
vt 0.193841 0.098377
vt 0.167082 0.098408
vt 0.153700 0.098424
vt 0.140584 0.098559
vt 0.127019 0.098543
vt 0.113504 0.098543
vt 0.100012 0.098634
vt 0.086478 0.098663
vt 0.073042 0.098631
vt 0.059603 0.098672
vt 0.046902 0.098480
vt 0.034218 0.098377
vt 0.020615 0.098493
vt 0.007276 0.098534
vt 0.385321 0.677577
vt 0.390032 0.653371
vt 0.390899 0.648934
vt 0.393799 0.647812
vt 0.394475 0.643032
vt 0.397581 0.617738
vt 0.022244 0.003336
vt 0.008852 0.003245
vt 0.035765 0.003478
vt 0.048358 0.003314
vt 0.061068 0.003060
vt 0.074576 0.003097
vt 0.088101 0.003119
vt 0.820356 0.944381
vt 0.818878 0.946331
vt 0.818582 0.949950
vt 0.817507 0.963286
vt 0.192929 0.113001
vt 0.180911 0.112869
vt 0.167302 0.112872
vt 0.153064 0.112976
vt 0.139553 0.113036
vt 0.125903 0.113228
vt 0.112982 0.113187
vt 0.099814 0.112957
vt 0.086403 0.112935
vt 0.073429 0.113023
vt 0.060533 0.113045
vt 0.047698 0.113052
vt 0.034435 0.112992
vt 0.021373 0.112979
vt 0.006726 0.112835
vt 0.624848 0.346003
vt 0.653371 0.344180
vt 0.657254 0.343909
vt 0.659745 0.341463
vt 0.710184 0.253397
vt 0.701594 0.267855
vt 0.516441 0.048949
vt 0.510796 0.045295
vt 0.184817 0.501835
vt 0.168327 0.505036
vt 0.084808 0.519378
vt 0.080538 0.548731
vt 0.003997 0.182169
vt 0.018467 0.182122
vt 0.031583 0.182188
vt 0.045028 0.182198
vt 0.057864 0.182282
vt 0.070718 0.182392
vt 0.083783 0.182534
vt 0.097238 0.182553
vt 0.110398 0.182348
vt 0.123246 0.182348
vt 0.136695 0.182547
vt 0.150209 0.182679
vt 0.164699 0.182870
vt 0.178129 0.182914
vt 0.190310 0.182858
vt 0.930669 0.153753
vt 0.936077 0.127183
vt 0.959339 0.848863
vt 0.958494 0.843606
vt 0.038088 0.934653
vt 0.145065 0.935291
vt 0.193128 0.016537
vt 0.180770 0.016411
vt 0.168632 0.016238
vt 0.154042 0.016310
vt 0.140238 0.016335
vt 0.127025 0.016301
vt 0.113869 0.016310
vt 0.100946 0.016404
vt 0.088038 0.016313
vt 0.074504 0.016074
vt 0.060854 0.015917
vt 0.047654 0.015867
vt 0.035472 0.015942
vt 0.023766 0.016052
vt 0.008980 0.015804
vt 0.447464 0.646029
vt 0.442644 0.673671
vt 0.441915 0.678140
vt 0.438965 0.680944
vt 0.438210 0.685400
vt 0.434088 0.713775
vt 0.007858 0.085821
vt 0.022542 0.085598
vt 0.034161 0.085742
vt 0.046198 0.085859
vt 0.059461 0.085821
vt 0.073218 0.085667
vt 0.086909 0.085399
vt 0.099788 0.085362
vt 0.112747 0.085500
vt 0.125919 0.085541
vt 0.139087 0.085528
vt 0.152756 0.085585
vt 0.167673 0.085752
vt 0.179779 0.085594
vt 0.191933 0.085478
vt 0.806709 0.887486
vt 0.811275 0.898099
vt 0.812529 0.901020
vt 0.814372 0.901454
vt 0.815935 0.912120
vt 0.816648 0.917456
vt 0.849467 0.950658
vt 0.848146 0.953613
vt 0.847797 0.957050
vt 0.846043 0.972427
vt 0.177883 0.125522
vt 0.191562 0.125573
vt 0.165142 0.125535
vt 0.152020 0.125526
vt 0.139166 0.125548
vt 0.126334 0.125629
vt 0.112825 0.125579
vt 0.099559 0.125526
vt 0.086406 0.125503
vt 0.073856 0.125422
vt 0.060945 0.125409
vt 0.047025 0.125444
vt 0.032561 0.125522
vt 0.017970 0.125566
vt 0.005993 0.125459
vt 0.612805 0.297013
vt 0.636473 0.295142
vt 0.640718 0.294768
vt 0.646085 0.292460
vt 0.688394 0.239099
vt 0.681366 0.247988
vt 0.486339 0.074790
vt 0.491486 0.079041
vt 0.187552 0.534854
vt 0.197872 0.531024
vt 0.131704 0.579219
vt 0.135952 0.554561
vt 0.016395 0.169595
vt 0.004465 0.169661
vt 0.031385 0.169739
vt 0.045729 0.169890
vt 0.059395 0.169985
vt 0.072312 0.170032
vt 0.084887 0.170007
vt 0.097990 0.170038
vt 0.111262 0.170029
vt 0.124777 0.170038
vt 0.137622 0.170176
vt 0.150565 0.170249
vt 0.163737 0.170296
vt 0.176387 0.170374
vt 0.189974 0.170393
vt 0.886568 0.081541
vt 0.880619 0.111633
vt 0.932489 0.857032
vt 0.931046 0.847083
vt 0.168085 0.884137
vt 0.044465 0.883090
vt 0.178390 0.028878
vt 0.191587 0.028941
vt 0.166048 0.028904
vt 0.153712 0.028929
vt 0.140301 0.028888
vt 0.126434 0.028753
vt 0.113039 0.028636
vt 0.099902 0.028570
vt 0.086824 0.028501
vt 0.074054 0.028413
vt 0.061027 0.028347
vt 0.048355 0.028278
vt 0.034708 0.028272
vt 0.019014 0.028319
vt 0.007078 0.028149
vt 0.495423 0.683205
vt 0.490754 0.706628
vt 0.489921 0.710967
vt 0.487021 0.715621
vt 0.486185 0.719970
vt 0.481937 0.743729
vt 0.018382 0.073234
vt 0.006261 0.073366
vt 0.034076 0.073303
vt 0.047723 0.073322
vt 0.060175 0.073268
vt 0.073231 0.073224
vt 0.086069 0.073165
vt 0.099172 0.073124
vt 0.112331 0.073083
vt 0.125720 0.073004
vt 0.139572 0.072907
vt 0.153030 0.072891
vt 0.165394 0.072935
vt 0.177424 0.073010
vt 0.190577 0.072973
vt 0.834798 0.866299
vt 0.829082 0.854262
vt 0.836006 0.869101
vt 0.837961 0.870321
vt 0.840741 0.890476
vt 0.842241 0.900435
vt 0.893910 0.930203
vt 0.896026 0.929342
vt 0.923468 0.915459
vt 0.929109 0.912318
vt 0.860469 0.945513
vt 0.866249 0.943202
vt 0.838147 0.073256
vt 0.843801 0.046141
vt 0.913226 0.939158
vt 0.915843 0.938011
vt 0.898863 0.948142
vt 0.896768 0.949519
vt 0.879081 0.956066
vt 0.881650 0.954730
vt 0.873805 0.958569
vt 0.872531 0.962390
vt 0.872236 0.965987
vt 0.871006 0.979649
vt 0.191326 0.136361
vt 0.178207 0.136358
vt 0.166324 0.136660
vt 0.151577 0.136235
vt 0.138182 0.136069
vt 0.125444 0.136198
vt 0.112470 0.136323
vt 0.099326 0.136339
vt 0.086173 0.136342
vt 0.072882 0.136412
vt 0.059049 0.136641
vt 0.044824 0.136861
vt 0.031601 0.136745
vt 0.018304 0.136673
vt 0.004814 0.136654
vt 0.597743 0.255041
vt 0.619496 0.253431
vt 0.623342 0.253196
vt 0.630819 0.251196
vt 0.666298 0.226424
vt 0.660477 0.230568
vt 0.463630 0.106058
vt 0.458866 0.101430
vt 0.209139 0.559919
vt 0.204061 0.564428
vt 0.178921 0.588168
vt 0.175094 0.611261
vt 0.004333 0.158636
vt 0.017791 0.158677
vt 0.031114 0.158677
vt 0.044292 0.158617
vt 0.058486 0.158922
vt 0.072117 0.159146
vt 0.085374 0.159262
vt 0.098524 0.159325
vt 0.111662 0.159385
vt 0.124680 0.159532
vt 0.137377 0.159753
vt 0.150656 0.159687
vt 0.165303 0.159344
vt 0.177229 0.159677
vt 0.190467 0.159709
vt 0.800461 0.003060
vt 0.795109 0.031762
vt 0.901825 0.966833
vt 0.901847 0.966864
vt 0.899696 0.967672
vt 0.571867 0.216286
vt 0.599312 0.210195
vt 0.604010 0.209513
vt 0.613798 0.207950
vt 0.644368 0.213673
vt 0.639664 0.212915
vt 0.430151 0.127327
vt 0.434965 0.131906
vt 0.220795 0.594105
vt 0.220500 0.588762
vt 0.214727 0.651311
vt 0.223176 0.623971
vt 0.102983 0.472768
vt 0.080337 0.474679
vt 0.080328 0.473261
vt 0.102942 0.471375
vt 0.707556 0.350736
vt 0.703330 0.350129
vt 0.712112 0.329986
vt 0.716593 0.330586
vt 0.709688 0.329640
vt 0.700773 0.349795
vt 0.699506 0.349594
vt 0.708480 0.329438
vt 0.693060 0.348597
vt 0.688523 0.339645
vt 0.697896 0.320228
vt 0.702396 0.328354
vt 0.693478 0.312336
vt 0.684394 0.329964
vt 0.689114 0.304557
vt 0.680683 0.320458
vt 0.684721 0.296809
vt 0.676448 0.311305
vt 0.680331 0.289064
vt 0.672187 0.302148
vt 0.675983 0.281316
vt 0.668228 0.293004
vt 0.671668 0.273559
vt 0.664329 0.283863
vt 0.667373 0.265795
vt 0.660430 0.274716
vt 0.656015 0.266798
vt 0.662688 0.259069
vt 0.658028 0.252337
vt 0.651629 0.258874
vt 0.653387 0.245605
vt 0.647246 0.250947
vt 0.648755 0.238835
vt 0.642859 0.242979
vt 0.643944 0.231795
vt 0.637960 0.234439
vt 0.639466 0.224952
vt 0.633725 0.226248
vt 0.634495 0.217899
vt 0.629021 0.218022
vt 0.629640 0.210988
vt 0.624389 0.209925
vt 0.408939 0.169437
vt 0.403600 0.164919
vt 0.407650 0.157621
vt 0.412923 0.162111
vt 0.222302 0.611770
vt 0.214126 0.603324
vt 0.214865 0.597517
vt 0.221751 0.605667
vt 0.207894 0.589250
vt 0.205913 0.594825
vt 0.201001 0.581634
vt 0.197533 0.586970
vt 0.193929 0.573556
vt 0.188870 0.578203
vt 0.187141 0.565780
vt 0.180805 0.570232
vt 0.180393 0.558019
vt 0.172720 0.562208
vt 0.173642 0.550262
vt 0.164630 0.554255
vt 0.166897 0.542505
vt 0.156564 0.546322
vt 0.147118 0.538417
vt 0.158989 0.534751
vt 0.151093 0.526987
vt 0.137672 0.530584
vt 0.143213 0.519208
vt 0.128245 0.522714
vt 0.135346 0.511381
vt 0.118856 0.514460
vt 0.127472 0.503536
vt 0.109464 0.506199
vt 0.119557 0.495716
vt 0.099606 0.498401
vt 0.111527 0.487804
vt 0.089585 0.490147
vt 0.103257 0.479748
vt 0.080400 0.481817
vt 0.057914 0.477138
vt 0.057845 0.475683
vt 0.697946 0.370822
vt 0.693739 0.370266
vt 0.691239 0.369781
vt 0.690007 0.369502
vt 0.683712 0.368200
vt 0.679825 0.357801
vt 0.675715 0.347651
vt 0.670983 0.337312
vt 0.667942 0.326020
vt 0.664285 0.315285
vt 0.660147 0.304736
vt 0.656745 0.294136
vt 0.653374 0.283590
vt 0.649280 0.274496
vt 0.645183 0.265371
vt 0.641067 0.256255
vt 0.636954 0.247146
vt 0.632068 0.237216
vt 0.627907 0.227515
vt 0.623499 0.218151
vt 0.619078 0.208887
vt 0.404930 0.176736
vt 0.399540 0.172205
vt 0.222801 0.617927
vt 0.213359 0.609198
vt 0.203963 0.600466
vt 0.193933 0.592190
vt 0.183867 0.583049
vt 0.174497 0.574754
vt 0.165114 0.566557
vt 0.155687 0.558557
vt 0.146272 0.550312
vt 0.135267 0.542357
vt 0.124155 0.534553
vt 0.113209 0.526015
vt 0.102128 0.517582
vt 0.090421 0.509576
vt 0.079733 0.500599
vt 0.069086 0.492486
vt 0.058219 0.484412
vt 0.035277 0.479428
vt 0.035227 0.477921
vt 0.688032 0.390843
vt 0.683765 0.390381
vt 0.201309 0.498646
vt 0.203020 0.505797
vt 0.204740 0.512941
vt 0.206460 0.520076
vt 0.208186 0.527204
vt 0.209686 0.534266
vt 0.211189 0.541322
vt 0.212698 0.548372
vt 0.214214 0.555416
vt 0.215736 0.562459
vt 0.217267 0.569506
vt 0.218795 0.576559
vt 0.220324 0.583618
vt 0.425271 0.132638
vt 0.430214 0.137103
vt 0.648928 0.214293
vt 0.654726 0.216289
vt 0.660518 0.218292
vt 0.666313 0.220292
vt 0.672115 0.222289
vt 0.677923 0.224276
vt 0.683743 0.226260
vt 0.689573 0.228241
vt 0.695412 0.230213
vt 0.701235 0.232401
vt 0.707062 0.234581
vt 0.712901 0.236760
vt 0.718740 0.238936
vt 0.724583 0.241108
vt 0.730425 0.243278
vt 0.736268 0.245445
vt 0.742110 0.247611
vt 0.748314 0.248482
vt 0.747286 0.248334
vt 0.750373 0.248756
vt 0.754625 0.249252
vt 0.194392 0.464190
vt 0.194366 0.463029
vt 0.194505 0.470016
vt 0.196203 0.477176
vt 0.197901 0.484333
vt 0.199602 0.491493
vt 0.209557 0.497096
vt 0.210497 0.504155
vt 0.211441 0.511211
vt 0.212390 0.518258
vt 0.213346 0.525302
vt 0.214189 0.532270
vt 0.215035 0.539235
vt 0.215890 0.546200
vt 0.216748 0.553161
vt 0.217616 0.560129
vt 0.218490 0.567100
vt 0.219365 0.574078
vt 0.220242 0.581059
vt 0.427692 0.129965
vt 0.432572 0.134490
vt 0.651201 0.214588
vt 0.657157 0.216000
vt 0.663112 0.217412
vt 0.669068 0.218821
vt 0.675023 0.220220
vt 0.680985 0.221616
vt 0.686953 0.223006
vt 0.692934 0.224389
vt 0.698918 0.225770
vt 0.704927 0.227257
vt 0.710949 0.228741
vt 0.716973 0.230222
vt 0.723007 0.231703
vt 0.729042 0.233178
vt 0.735082 0.234653
vt 0.741126 0.236128
vt 0.747166 0.237605
vt 0.753273 0.238448
vt 0.752263 0.238307
vt 0.755288 0.238712
vt 0.759533 0.239228
vt 0.205724 0.463083
vt 0.205699 0.461945
vt 0.205834 0.468793
vt 0.206762 0.475881
vt 0.207689 0.482959
vt 0.208620 0.490034
vt 0.126227 0.470563
vt 0.126195 0.469214
vt 0.726567 0.309864
vt 0.722030 0.309339
vt 0.719627 0.309000
vt 0.718432 0.308811
vt 0.712408 0.307846
vt 0.707336 0.301362
vt 0.702512 0.294988
vt 0.697789 0.288605
vt 0.693095 0.282316
vt 0.688390 0.275974
vt 0.683693 0.269616
vt 0.679014 0.263255
vt 0.674357 0.256887
vt 0.669392 0.251350
vt 0.664446 0.245809
vt 0.659525 0.240266
vt 0.654638 0.234716
vt 0.649764 0.229100
vt 0.644922 0.223474
vt 0.639825 0.217704
vt 0.634747 0.212004
vt 0.416970 0.155042
vt 0.411775 0.150571
vt 0.221229 0.599749
vt 0.215660 0.591907
vt 0.210029 0.584005
vt 0.204507 0.576512
vt 0.198979 0.568956
vt 0.193533 0.561419
vt 0.188096 0.553850
vt 0.182657 0.546272
vt 0.177226 0.538684
vt 0.170865 0.531090
vt 0.164513 0.523487
vt 0.158171 0.515868
vt 0.151844 0.508253
vt 0.145571 0.500674
vt 0.139207 0.493037
vt 0.132858 0.485308
vt 0.126425 0.477305
vt 0.217972 0.502536
vt 0.217805 0.495571
vt 0.218145 0.509495
vt 0.218321 0.516453
vt 0.218503 0.523406
vt 0.218689 0.530276
vt 0.218880 0.537147
vt 0.219078 0.544024
vt 0.219286 0.550904
vt 0.219497 0.557790
vt 0.219714 0.564686
vt 0.219934 0.571588
vt 0.220166 0.578496
vt 0.659588 0.215714
vt 0.653472 0.214887
vt 0.665707 0.216535
vt 0.671819 0.217349
vt 0.677935 0.218157
vt 0.684051 0.218959
vt 0.690167 0.219755
vt 0.696289 0.220544
vt 0.702411 0.221330
vt 0.708615 0.222119
vt 0.714823 0.222905
vt 0.721039 0.223688
vt 0.727262 0.224471
vt 0.733491 0.225251
vt 0.739730 0.226028
vt 0.745974 0.226811
vt 0.752222 0.227594
vt 0.758244 0.228421
vt 0.757253 0.228282
vt 0.760222 0.228685
vt 0.764464 0.229200
vt 0.217060 0.462058
vt 0.217031 0.460941
vt 0.217324 0.474632
vt 0.217167 0.467636
vt 0.217481 0.481622
vt 0.217638 0.488603
vt 0.850784 0.846074
vt 0.852734 0.848391
vt 0.847322 0.856080
vt 0.845197 0.853878
vt 0.843930 0.851004
vt 0.849413 0.843452
vt 0.843216 0.832534
vt 0.839483 0.841206
vt 0.177166 0.065008
vt 0.190917 0.064895
vt 0.192348 0.067423
vt 0.178660 0.067492
vt 0.163501 0.065121
vt 0.164960 0.067558
vt 0.150892 0.065042
vt 0.151605 0.067599
vt 0.137682 0.065118
vt 0.138223 0.067668
vt 0.124944 0.065014
vt 0.124846 0.067800
vt 0.111948 0.065017
vt 0.112001 0.067819
vt 0.098974 0.065042
vt 0.099175 0.067847
vt 0.085991 0.065090
vt 0.086349 0.067891
vt 0.072551 0.065011
vt 0.073061 0.067850
vt 0.058628 0.064857
vt 0.059832 0.067860
vt 0.044670 0.064791
vt 0.045824 0.067734
vt 0.031554 0.064920
vt 0.032246 0.067781
vt 0.020162 0.065288
vt 0.019571 0.067888
vt 0.008889 0.065546
vt 0.008817 0.068155
vt 0.515947 0.747559
vt 0.508834 0.774108
vt 0.499728 0.764847
vt 0.506045 0.738151
vt 0.517246 0.742434
vt 0.507243 0.733098
vt 0.510180 0.727366
vt 0.520236 0.736073
vt 0.511133 0.722184
vt 0.521223 0.730736
vt 0.516258 0.694544
vt 0.526214 0.702496
vt 0.009276 0.033312
vt 0.020216 0.033586
vt 0.020756 0.036161
vt 0.009182 0.035909
vt 0.032752 0.033743
vt 0.032089 0.036560
vt 0.046151 0.033843
vt 0.045339 0.036673
vt 0.060200 0.033746
vt 0.059077 0.036695
vt 0.073504 0.033771
vt 0.072966 0.036579
vt 0.086862 0.033743
vt 0.086381 0.036538
vt 0.099710 0.033812
vt 0.099402 0.036614
vt 0.112552 0.033869
vt 0.112410 0.036667
vt 0.125409 0.033906
vt 0.125444 0.036695
vt 0.138647 0.034035
vt 0.138179 0.036601
vt 0.151964 0.034130
vt 0.151382 0.036699
vt 0.165126 0.034174
vt 0.164032 0.036645
vt 0.178808 0.034271
vt 0.177531 0.036765
vt 0.192423 0.034365
vt 0.191291 0.036903
vt 0.165202 0.861667
vt 0.060587 0.861441
vt 0.050452 0.849401
vt 0.176802 0.851162
vt 0.901793 0.824107
vt 0.907041 0.827245
vt 0.902661 0.829006
vt 0.898470 0.825981
vt 0.882603 0.839178
vt 0.880675 0.840062
vt 0.880024 0.835641
vt 0.881955 0.834638
vt 0.863425 0.843093
vt 0.860513 0.849316
vt 0.856136 0.851605
vt 0.860029 0.844480
vt 0.842665 0.863290
vt 0.840565 0.861482
vt 0.839241 0.858495
vt 0.835257 0.849008
vt 0.193156 0.070064
vt 0.179412 0.070127
vt 0.166104 0.070136
vt 0.152634 0.070180
vt 0.139223 0.070193
vt 0.125296 0.070363
vt 0.112165 0.070423
vt 0.099163 0.070454
vt 0.086160 0.070492
vt 0.073576 0.070599
vt 0.060612 0.070630
vt 0.047387 0.070633
vt 0.033029 0.070561
vt 0.018385 0.070485
vt 0.007367 0.070709
vt 0.491188 0.753892
vt 0.496297 0.728570
vt 0.497234 0.724121
vt 0.500099 0.719008
vt 0.500986 0.714398
vt 0.506058 0.688969
vt 0.008150 0.030775
vt 0.019021 0.031042
vt 0.033435 0.031001
vt 0.047984 0.030938
vt 0.061203 0.030966
vt 0.074174 0.031026
vt 0.086846 0.031142
vt 0.099814 0.031208
vt 0.112778 0.031265
vt 0.125818 0.031334
vt 0.139606 0.031526
vt 0.152998 0.031573
vt 0.166714 0.031680
vt 0.180022 0.031715
vt 0.193747 0.031803
vt 0.152347 0.872264
vt 0.058445 0.872431
vt 0.912346 0.830431
vt 0.907092 0.832264
vt 0.883279 0.843813
vt 0.881339 0.844562
vt 0.857488 0.856017
vt 0.852319 0.859032
vt 0.098521 0.053977
vt 0.111637 0.053949
vt 0.124903 0.053990
vt 0.138229 0.054062
vt 0.151797 0.053996
vt 0.164692 0.054125
vt 0.177588 0.054182
vt 0.190159 0.054311
vt 0.863840 0.803782
vt 0.867645 0.814966
vt 0.868997 0.818101
vt 0.871343 0.821104
vt 0.873544 0.819960
vt 0.872830 0.820315
vt 0.877342 0.817485
vt 0.879392 0.816620
vt 0.884040 0.815246
vt 0.883329 0.815520
vt 0.090786 0.807357
vt 0.195024 0.807413
vt 0.190527 0.047449
vt 0.177751 0.047509
vt 0.164762 0.047512
vt 0.151835 0.047603
vt 0.138304 0.047525
vt 0.124972 0.047563
vt 0.111706 0.047525
vt 0.098616 0.047528
vt 0.085519 0.047440
vt 0.072432 0.047217
vt 0.058574 0.047280
vt 0.045434 0.046987
vt 0.032136 0.046997
vt 0.017320 0.047572
vt 0.003858 0.047578
vt 0.571358 0.759662
vt 0.560834 0.770828
vt 0.559337 0.773872
vt 0.556362 0.781214
vt 0.556180 0.785692
vt 0.557762 0.810334
vt 0.004085 0.053836
vt 0.017502 0.053870
vt 0.032520 0.054550
vt 0.045758 0.054597
vt 0.058785 0.054314
vt 0.072438 0.054317
vt 0.085403 0.054031
vt 0.858322 0.841037
vt 0.856359 0.838788
vt 0.855067 0.836109
vt 0.848577 0.824535
vt 0.191411 0.062099
vt 0.177056 0.062326
vt 0.164208 0.062285
vt 0.152011 0.061996
vt 0.138437 0.062084
vt 0.125274 0.061999
vt 0.112017 0.061974
vt 0.098770 0.061992
vt 0.085484 0.062018
vt 0.071982 0.062011
vt 0.057898 0.061857
vt 0.044755 0.062080
vt 0.032793 0.062480
vt 0.021429 0.062832
vt 0.008719 0.062904
vt 0.517981 0.784245
vt 0.525597 0.757911
vt 0.527078 0.752229
vt 0.530213 0.744726
vt 0.531358 0.738934
vt 0.536345 0.710442
vt 0.008902 0.038532
vt 0.021665 0.038623
vt 0.033315 0.038953
vt 0.045182 0.039397
vt 0.058427 0.039595
vt 0.072347 0.039535
vt 0.085840 0.039560
vt 0.099128 0.039620
vt 0.112382 0.039667
vt 0.125658 0.039676
vt 0.138899 0.039648
vt 0.152483 0.039752
vt 0.164711 0.039481
vt 0.177641 0.039475
vt 0.191750 0.039683
vt 0.175679 0.839597
vt 0.044085 0.837254
vt 0.897096 0.821629
vt 0.894652 0.823356
vt 0.881336 0.830166
vt 0.879370 0.831239
vt 0.866104 0.837405
vt 0.863598 0.838257
vt 0.878691 0.812058
vt 0.084918 0.795109
vt 0.195656 0.795917
vt 0.917066 0.832877
vt 0.911642 0.835609
vt 0.883955 0.848546
vt 0.882012 0.849143
vt 0.854416 0.862991
vt 0.848913 0.865434
vt 0.879669 0.941715
vt 0.876981 0.938042
vt 0.883141 0.935785
vt 0.885071 0.939702
vt 0.882336 0.945344
vt 0.886857 0.943548
vt 0.884842 0.948840
vt 0.888624 0.947406
vt 0.887197 0.952318
vt 0.890272 0.951290
vt 0.889866 0.956082
vt 0.892709 0.955733
vt 0.893470 0.960635
vt 0.895341 0.960393
vt 0.896907 0.964572
vt 0.897662 0.964377
vt 0.902378 0.961990
vt 0.903114 0.961449
vt 0.903082 0.956289
vt 0.904733 0.954736
vt 0.904032 0.949894
vt 0.906510 0.947689
vt 0.904840 0.944048
vt 0.907783 0.942070
vt 0.905211 0.939190
vt 0.908881 0.936957
vt 0.905695 0.934259
vt 0.910098 0.931694
vt 0.906214 0.929294
vt 0.911418 0.926156
vt 0.906824 0.924131
vt 0.912733 0.920594
vt 0.902708 0.860724
vt 0.904966 0.870852
vt 0.898985 0.873619
vt 0.897548 0.863724
vt 0.897117 0.836779
vt 0.899592 0.840291
vt 0.894451 0.843313
vt 0.892615 0.839361
vt 0.894438 0.833119
vt 0.890697 0.835386
vt 0.892033 0.829726
vt 0.888863 0.831528
vt 0.889693 0.826421
vt 0.886980 0.827717
vt 0.887143 0.823016
vt 0.885081 0.823950
vt 0.884568 0.819592
vt 0.883141 0.820167
vt 0.881785 0.815979
vt 0.880977 0.816183
vt 0.875842 0.818475
vt 0.875072 0.818988
vt 0.875066 0.823937
vt 0.873641 0.824736
vt 0.874421 0.829066
vt 0.872383 0.830129
vt 0.873798 0.834078
vt 0.871123 0.835424
vt 0.873198 0.839087
vt 0.869991 0.840401
vt 0.872660 0.844058
vt 0.868808 0.845477
vt 0.872075 0.849218
vt 0.867475 0.851017
vt 0.871572 0.854272
vt 0.866290 0.856240
vt 0.870003 0.887706
vt 0.869214 0.876779
vt 0.874525 0.874827
vt 0.875984 0.884719
vt 0.838304 0.922537
vt 0.845027 0.920528
vt 0.846442 0.930263
vt 0.839559 0.931345
vt 0.831512 0.924553
vt 0.832635 0.932278
vt 0.824541 0.926644
vt 0.825500 0.933175
vt 0.817994 0.928294
vt 0.818736 0.933722
vt 0.811504 0.930052
vt 0.812045 0.934304
vt 0.804781 0.932005
vt 0.805156 0.935071
vt 0.285234 0.905488
vt 0.372357 0.914035
vt 0.371517 0.936810
vt 0.283876 0.919918
vt 0.200618 0.896750
vt 0.200350 0.902340
vt 0.180867 0.897067
vt 0.180603 0.902947
vt 0.364213 0.111102
vt 0.339133 0.108763
vt 0.339966 0.106329
vt 0.364983 0.108763
vt 0.253353 0.097518
vt 0.252513 0.099911
vt 0.180795 0.099442
vt 0.194266 0.099439
vt 0.194294 0.099653
vt 0.180820 0.099653
vt 0.167381 0.099449
vt 0.167394 0.099656
vt 0.153983 0.099442
vt 0.153995 0.099647
vt 0.140770 0.099424
vt 0.140785 0.099597
vt 0.127044 0.099509
vt 0.127029 0.099700
vt 0.113539 0.099521
vt 0.113523 0.099716
vt 0.100027 0.099474
vt 0.100021 0.099644
vt 0.086443 0.099465
vt 0.086443 0.099625
vt 0.072916 0.099471
vt 0.072922 0.099641
vt 0.059373 0.099455
vt 0.059376 0.099612
vt 0.046663 0.099518
vt 0.046663 0.099729
vt 0.034126 0.099578
vt 0.034133 0.099820
vt 0.020477 0.099546
vt 0.020473 0.099757
vt 0.007210 0.099549
vt 0.007213 0.099754
vt 0.672948 0.392950
vt 0.650733 0.397377
vt 0.649484 0.396616
vt 0.671898 0.392513
vt 0.675976 0.391553
vt 0.675137 0.391302
vt 0.676976 0.388701
vt 0.678114 0.388991
vt 0.687526 0.368926
vt 0.686271 0.368659
vt 0.696956 0.349176
vt 0.695667 0.348975
vt 0.706059 0.329004
vt 0.704845 0.328784
vt 0.716033 0.308424
vt 0.714826 0.308229
vt 0.725790 0.287791
vt 0.724680 0.287621
vt 0.735469 0.268103
vt 0.734353 0.267940
vt 0.745220 0.248036
vt 0.744188 0.247888
vt 0.750238 0.238017
vt 0.749219 0.237876
vt 0.755260 0.227999
vt 0.754254 0.227861
vt 0.539518 0.014100
vt 0.533584 0.010877
vt 0.534370 0.009578
vt 0.540313 0.012788
vt 0.217129 0.465400
vt 0.205796 0.466504
vt 0.205774 0.465363
vt 0.217107 0.464284
vt 0.194470 0.467680
vt 0.194445 0.466513
vt 0.171818 0.470120
vt 0.171789 0.468903
vt 0.149568 0.472111
vt 0.149540 0.470815
vt 0.126334 0.474607
vt 0.126296 0.473258
vt 0.103125 0.476953
vt 0.103071 0.475557
vt 0.080365 0.478959
vt 0.080356 0.477528
vt 0.058109 0.481503
vt 0.058052 0.480047
vt 0.035409 0.483946
vt 0.035369 0.482440
vt 0.195586 0.351604
vt 0.184188 0.348280
vt 0.184188 0.326703
vt 0.195586 0.330127
vt 0.172227 0.344626
vt 0.172223 0.323049
vt 0.159941 0.341768
vt 0.159932 0.320304
vt 0.148624 0.344142
vt 0.148602 0.322367
vt 0.137147 0.346572
vt 0.137141 0.324470
vt 0.124890 0.351066
vt 0.124890 0.328904
vt 0.112621 0.356238
vt 0.112624 0.334064
vt 0.100354 0.351537
vt 0.100354 0.329388
vt 0.088145 0.351207
vt 0.088145 0.329174
vt 0.075947 0.340730
vt 0.075947 0.318713
vt 0.063502 0.346500
vt 0.063511 0.324329
vt 0.051518 0.339780
vt 0.051528 0.317773
vt 0.039327 0.344497
vt 0.039349 0.322464
vt 0.027256 0.346645
vt 0.027284 0.324640
vt 0.015078 0.346233
vt 0.015112 0.324212
vt 0.003085 0.349031
vt 0.003119 0.327074
vt 0.987463 0.842411
vt 0.981118 0.848052
vt 0.980712 0.846175
vt 0.987325 0.841681
vt 0.974197 0.853816
vt 0.973665 0.850800
vt 0.967977 0.859325
vt 0.967279 0.855155
vt 0.961984 0.864834
vt 0.961138 0.859457
vt 0.955962 0.870418
vt 0.954997 0.863875
vt 0.949519 0.875940
vt 0.948381 0.868261
vt 0.943265 0.881326
vt 0.941944 0.872591
vt 0.937023 0.886615
vt 0.935577 0.876896
vt 0.920213 0.895611
vt 0.918959 0.885103
vt 0.924336 0.882361
vt 0.926037 0.892171
vt 0.907749 0.890860
vt 0.909161 0.901152
vt 0.903174 0.904453
vt 0.901645 0.894177
vt 0.889508 0.900359
vt 0.891505 0.899139
vt 0.892957 0.909352
vt 0.891039 0.910579
vt 0.874720 0.917883
vt 0.873110 0.907632
vt 0.879361 0.905048
vt 0.880845 0.915374
vt 0.857532 0.925194
vt 0.856319 0.915119
vt 0.861733 0.912670
vt 0.863585 0.922990
vt 0.883530 0.859777
vt 0.885621 0.859064
vt 0.900850 0.850413
vt 0.895772 0.853482
vt 0.913031 0.845505
vt 0.918361 0.842596
vt 0.929530 0.837207
vt 0.936665 0.837568
vt 0.943702 0.837748
vt 0.950705 0.838049
vt 0.957692 0.838310
vt 0.964694 0.838543
vt 0.971832 0.838678
vt 0.979665 0.838408
vt 0.986734 0.838807
vt 0.003393 0.239253
vt 0.015364 0.236266
vt 0.027498 0.236763
vt 0.039532 0.234348
vt 0.051619 0.229895
vt 0.063561 0.235838
vt 0.075963 0.230653
vt 0.088160 0.241171
vt 0.100358 0.240869
vt 0.112614 0.245520
vt 0.124846 0.240445
vt 0.137056 0.236153
vt 0.148562 0.235483
vt 0.159926 0.234461
vt 0.172167 0.236662
vt 0.184235 0.240300
vt 0.195634 0.244256
vt 0.035170 0.476415
vt 0.057776 0.474224
vt 0.080318 0.471843
vt 0.102908 0.469982
vt 0.126161 0.467872
vt 0.149414 0.465636
vt 0.171673 0.464042
vt 0.194338 0.461869
vt 0.205671 0.460806
vt 0.217006 0.459828
vt 0.537530 0.004368
vt 0.543486 0.007559
vt 0.759234 0.228556
vt 0.754279 0.238583
vt 0.749342 0.248627
vt 0.739899 0.268760
vt 0.730196 0.288470
vt 0.720825 0.309176
vt 0.710895 0.329828
vt 0.702047 0.349978
vt 0.692484 0.370042
vt 0.682523 0.390157
vt 0.680045 0.392773
vt 0.677184 0.394493
vt 0.655654 0.399924
vt 0.007279 0.098735
vt 0.020583 0.098700
vt 0.034183 0.098619
vt 0.046808 0.098688
vt 0.059515 0.098829
vt 0.072995 0.098801
vt 0.086472 0.098823
vt 0.100031 0.098801
vt 0.113526 0.098738
vt 0.127032 0.098735
vt 0.140641 0.098732
vt 0.153788 0.098628
vt 0.167173 0.098616
vt 0.180528 0.098597
vt 0.193955 0.098587
vt 0.255931 0.087874
vt 0.342453 0.096531
vt 0.367109 0.099307
vt 0.182669 0.873607
vt 0.202303 0.874421
vt 0.281860 0.847640
vt 0.371920 0.823264
vt 0.803068 0.920056
vt 0.809155 0.913283
vt 0.815155 0.906790
vt 0.821167 0.900350
vt 0.827185 0.893876
vt 0.833242 0.887389
vt 0.839317 0.880527
vt 0.850505 0.875050
vt 0.855944 0.872846
vt 0.867994 0.866123
vt 0.873261 0.864246
vt 0.847829 0.939828
vt 0.840857 0.940064
vt 0.833773 0.939875
vt 0.826575 0.939580
vt 0.819541 0.939077
vt 0.812595 0.938561
vt 0.805552 0.938130
vt 0.370951 0.959644
vt 0.282954 0.934319
vt 0.200199 0.907922
vt 0.180456 0.908849
vt 0.363348 0.113419
vt 0.338202 0.111190
vt 0.251579 0.102291
vt 0.194307 0.099864
vt 0.180827 0.099864
vt 0.167387 0.099864
vt 0.153992 0.099851
vt 0.140782 0.099770
vt 0.127003 0.099895
vt 0.113504 0.099911
vt 0.100008 0.099810
vt 0.086437 0.099788
vt 0.072938 0.099810
vt 0.059401 0.099770
vt 0.046685 0.099936
vt 0.034152 0.100059
vt 0.020480 0.099968
vt 0.007220 0.099958
vt 0.648371 0.395783
vt 0.670933 0.391997
vt 0.674366 0.391060
vt 0.675781 0.388425
vt 0.685004 0.368410
vt 0.694368 0.348780
vt 0.703622 0.328567
vt 0.713618 0.308037
vt 0.723567 0.287457
vt 0.733239 0.267783
vt 0.743151 0.247746
vt 0.748194 0.237738
vt 0.753241 0.227726
vt 0.538713 0.015411
vt 0.532792 0.012169
vt 0.217148 0.466520
vt 0.205815 0.467649
vt 0.194489 0.468847
vt 0.171843 0.471337
vt 0.149599 0.473403
vt 0.126375 0.475956
vt 0.103184 0.478352
vt 0.080375 0.480390
vt 0.058169 0.482959
vt 0.035450 0.485459
vt 0.195580 0.373074
vt 0.184185 0.369873
vt 0.172227 0.366222
vt 0.159948 0.363235
vt 0.148650 0.365977
vt 0.137147 0.368665
vt 0.124884 0.373212
vt 0.112621 0.378385
vt 0.100351 0.373684
vt 0.088145 0.373225
vt 0.075947 0.362766
vt 0.063499 0.368678
vt 0.051506 0.361826
vt 0.039315 0.366546
vt 0.027240 0.368649
vt 0.015062 0.368238
vt 0.003066 0.371011
vt 0.987589 0.843150
vt 0.981489 0.849942
vt 0.974703 0.856844
vt 0.968672 0.863513
vt 0.962761 0.870204
vt 0.956796 0.876959
vt 0.950633 0.883530
vt 0.944529 0.890055
vt 0.938445 0.896184
vt 0.927546 0.902309
vt 0.921701 0.905853
vt 0.910887 0.911054
vt 0.905123 0.914242
vt 0.894344 0.919792
vt 0.892574 0.920635
vt 0.875956 0.928078
vt 0.881851 0.925659
vt 0.865142 0.933256
vt 0.859042 0.935385
vt 0.843430 0.867934
vt 0.847436 0.861268
vt 0.851668 0.854045
vt 0.856413 0.846407
vt 0.860988 0.839584
vt 0.864821 0.833235
vt 0.868176 0.827283
vt 0.872110 0.820673
vt 0.884744 0.814966
vt 0.889973 0.817038
vt 0.894681 0.818428
vt 0.899746 0.820132
vt 0.905441 0.822632
vt 0.911535 0.825711
vt 0.917160 0.828189
vt 0.922499 0.830154
vt 0.923795 0.839663
vt 0.925257 0.849652
vt 0.926735 0.859680
vt 0.929952 0.879622
vt 0.931530 0.889168
vt 0.932958 0.899803
vt 0.934596 0.909569
vt 0.930511 0.916421
vt 0.926427 0.923367
vt 0.922427 0.930140
vt 0.918490 0.936841
vt 0.914689 0.942954
vt 0.910859 0.949541
vt 0.906277 0.958843
vt 0.893379 0.964892
vt 0.886514 0.962176
vt 0.881421 0.959566
vt 0.876481 0.957390
vt 0.871220 0.955047
vt 0.865865 0.952780
vt 0.860397 0.950318
vt 0.854938 0.948004
vt 0.853658 0.938108
vt 0.851923 0.927515
vt 0.850677 0.917802
vt 0.847973 0.897511
vt 0.846483 0.887436
vt 0.844974 0.877411
vt 0.888986 0.933250
vt 0.890212 0.937464
vt 0.891219 0.941674
vt 0.892096 0.945878
vt 0.893404 0.950246
vt 0.895212 0.955170
vt 0.896945 0.960028
vt 0.898350 0.964116
vt 0.901674 0.962459
vt 0.901545 0.957588
vt 0.901693 0.951771
vt 0.901894 0.945932
vt 0.901800 0.940976
vt 0.901429 0.936564
vt 0.901193 0.931996
vt 0.901076 0.927257
vt 0.899215 0.917669
vt 0.898095 0.906768
vt 0.896498 0.896636
vt 0.893822 0.876276
vt 0.892319 0.866472
vt 0.890926 0.856514
vt 0.889329 0.846162
vt 0.888002 0.841716
vt 0.886725 0.837370
vt 0.885430 0.833106
vt 0.884122 0.828915
vt 0.882946 0.824843
vt 0.881584 0.820661
vt 0.880178 0.816400
vt 0.876600 0.817972
vt 0.876556 0.822997
vt 0.876537 0.827924
vt 0.876603 0.832547
vt 0.876584 0.837367
vt 0.876613 0.842210
vt 0.876688 0.847093
vt 0.876764 0.852121
vt 0.878279 0.862567
vt 0.879855 0.872468
vt 0.881207 0.882405
vt 0.884496 0.902586
vt 0.885879 0.912824
vt 0.887904 0.923298
vt 0.184179 0.391453
vt 0.195577 0.394547
vt 0.172223 0.387799
vt 0.159954 0.384711
vt 0.148678 0.387783
vt 0.137141 0.390767
vt 0.124881 0.395346
vt 0.112624 0.400546
vt 0.100348 0.395842
vt 0.088145 0.395273
vt 0.075950 0.384799
vt 0.063495 0.390868
vt 0.051499 0.383843
vt 0.039312 0.388591
vt 0.027237 0.390654
vt 0.015056 0.390242
vt 0.003060 0.392956
vt 0.981809 0.851844
vt 0.987705 0.843892
vt 0.975172 0.859884
vt 0.969336 0.867705
vt 0.963531 0.875553
vt 0.957789 0.883499
vt 0.951676 0.891074
vt 0.945759 0.898784
vt 0.940064 0.906975
vt 0.837050 0.913689
vt 0.843659 0.910535
vt 0.849325 0.907818
vt 0.854992 0.905070
vt 0.860318 0.902677
vt 0.871594 0.897520
vt 0.877691 0.894778
vt 0.882845 0.892391
vt 0.888033 0.890260
vt 0.889967 0.889127
vt 0.900262 0.883832
vt 0.895121 0.886367
vt 0.906274 0.880792
vt 0.922729 0.872494
vt 0.917459 0.875173
vt 0.928379 0.869777
vt 0.934027 0.867035
vt 0.940611 0.863815
vt 0.947155 0.860579
vt 0.953887 0.857341
vt 0.960242 0.854127
vt 0.966597 0.851001
vt 0.973134 0.847803
vt 0.980275 0.844316
vt 0.987183 0.840952
vt 0.003170 0.305107
vt 0.015156 0.302208
vt 0.027322 0.302651
vt 0.039384 0.300419
vt 0.051540 0.295784
vt 0.063511 0.302195
vt 0.075954 0.296680
vt 0.088145 0.307154
vt 0.100354 0.307254
vt 0.112624 0.311918
vt 0.124887 0.306773
vt 0.137132 0.302393
vt 0.148596 0.300632
vt 0.159929 0.298856
vt 0.172214 0.301440
vt 0.184194 0.305107
vt 0.195593 0.308663
vt 0.035328 0.480934
vt 0.057983 0.478594
vt 0.080346 0.476101
vt 0.103024 0.474161
vt 0.126261 0.471909
vt 0.149508 0.469523
vt 0.171761 0.467686
vt 0.194420 0.465350
vt 0.205749 0.464221
vt 0.217082 0.463171
vt 0.535163 0.008279
vt 0.541109 0.011480
vt 0.756260 0.228141
vt 0.751251 0.238162
vt 0.746254 0.248186
vt 0.736576 0.268267
vt 0.726894 0.287963
vt 0.717234 0.308619
vt 0.707270 0.329225
vt 0.698239 0.349384
vt 0.688768 0.369212
vt 0.679209 0.389286
vt 0.676894 0.391821
vt 0.674033 0.393343
vt 0.652028 0.398075
vt 0.007220 0.099345
vt 0.020486 0.099336
vt 0.034130 0.099339
vt 0.046679 0.099310
vt 0.059386 0.099298
vt 0.072922 0.099304
vt 0.086450 0.099304
vt 0.100031 0.099307
vt 0.113545 0.099326
vt 0.127047 0.099317
vt 0.140738 0.099251
vt 0.153951 0.099238
vt 0.167356 0.099241
vt 0.180754 0.099229
vt 0.194216 0.099226
vt 0.254104 0.095116
vt 0.340708 0.103892
vt 0.365650 0.106414
vt 0.181213 0.891193
vt 0.200957 0.891146
vt 0.286127 0.891165
vt 0.373023 0.891382
vt 0.804407 0.928961
vt 0.810954 0.925839
vt 0.817309 0.922852
vt 0.823708 0.919977
vt 0.830468 0.916751
vt 0.927870 0.827176
vt 0.935225 0.828528
vt 0.942545 0.830019
vt 0.949746 0.831522
vt 0.956899 0.833000
vt 0.964065 0.834392
vt 0.971348 0.835679
vt 0.979410 0.836471
vt 0.986580 0.838090
vt 0.003487 0.217330
vt 0.015452 0.214318
vt 0.027573 0.214846
vt 0.039595 0.212356
vt 0.051660 0.207950
vt 0.063593 0.213733
vt 0.075966 0.208661
vt 0.088167 0.219151
vt 0.100361 0.218739
vt 0.112614 0.223390
vt 0.124818 0.218358
vt 0.137015 0.214047
vt 0.148540 0.213793
vt 0.159929 0.212981
vt 0.172148 0.215101
vt 0.184241 0.218698
vt 0.195656 0.222761
vt 0.035114 0.474909
vt 0.057707 0.472768
vt 0.080309 0.470428
vt 0.102876 0.468592
vt 0.126129 0.466532
vt 0.149382 0.464344
vt 0.171645 0.462834
vt 0.194310 0.460712
vt 0.205642 0.459668
vt 0.216981 0.458715
vt 0.538323 0.003060
vt 0.544278 0.006251
vt 0.681209 0.393163
vt 0.678114 0.394997
vt 0.656509 0.400546
vt 0.874908 0.943897
vt 0.871736 0.940668
vt 0.870500 0.930580
vt 0.869031 0.920389
vt 0.867088 0.910069
vt 0.865390 0.900328
vt 0.864491 0.890200
vt 0.863409 0.879628
vt 0.861846 0.869651
vt 0.860409 0.859397
vt 0.862670 0.853111
vt 0.864777 0.847184
vt 0.866783 0.841596
vt 0.868588 0.836480
vt 0.870387 0.831169
vt 0.872251 0.825447
vt 0.874298 0.819497
vt 0.882597 0.815774
vt 0.885961 0.818997
vt 0.889172 0.822047
vt 0.892193 0.824931
vt 0.895143 0.827786
vt 0.898400 0.830943
vt 0.901853 0.834304
vt 0.905529 0.837795
vt 0.907079 0.847973
vt 0.908472 0.858010
vt 0.910434 0.868113
vt 0.912374 0.877698
vt 0.913604 0.887640
vt 0.914780 0.898234
vt 0.916314 0.908337
vt 0.918015 0.918147
vt 0.916141 0.923776
vt 0.914229 0.929502
vt 0.912362 0.935086
vt 0.910560 0.940470
vt 0.908758 0.945998
vt 0.906390 0.953167
vt 0.903887 0.960846
vt 0.896086 0.964707
vt 0.891546 0.960874
vt 0.887392 0.956692
vt 0.884320 0.953456
vt 0.881285 0.950362
vt 0.878147 0.947177
vt 0.885442 0.814677
vt 0.891237 0.816274
vt 0.896536 0.817167
vt 0.902466 0.818673
vt 0.909145 0.821299
vt 0.915783 0.823966
vt 0.921861 0.825827
vt 0.935310 0.914236
vt 0.930543 0.921238
vt 0.925804 0.928496
vt 0.921176 0.935505
vt 0.916632 0.942187
vt 0.912211 0.948696
vt 0.907073 0.958157
vn -0.558346 0.818348 -0.136224
vn 0.000097 0.996080 -0.088463
vn 0.000080 0.994548 -0.104278
vn -0.557806 0.814360 -0.160222
vn -0.892335 -0.451086 0.016140
vn 0.974282 -0.225157 -0.008847
vn 0.959907 -0.277209 0.041641
vn -0.903614 -0.419846 -0.084923
vn 0.994673 0.090684 0.049022
vn 0.994004 0.104824 -0.031100
vn 0.987200 0.128938 -0.093863
vn 0.999372 0.035250 0.003493
vn -0.999227 -0.039068 -0.004475
vn -0.984289 -0.142906 0.103698
vn -0.992891 -0.113917 0.034500
vn -0.993597 -0.098753 -0.054886
vn -0.498427 0.328156 0.802424
vn -0.003780 0.380504 0.924772
vn -0.002783 0.360159 0.932887
vn -0.427595 0.285478 0.857709
vn 0.996905 0.072309 -0.030862
vn 0.999862 -0.001939 0.016499
vn 0.999926 0.011699 0.003410
vn 0.996312 0.082074 -0.025015
vn 0.003013 0.376533 -0.926399
vn -0.474630 0.308639 -0.824298
vn -0.393772 0.268045 -0.879259
vn 0.019933 0.358703 -0.933239
vn -0.995388 -0.091875 0.027588
vn -0.999893 -0.013839 -0.004812
vn -0.999851 0.002591 -0.017044
vn -0.995721 -0.080572 0.045247
vn -0.760312 -0.624214 -0.179675
vn 0.695030 -0.718824 0.015011
vn 0.540464 -0.841355 0.004534
vn -0.596035 -0.801381 -0.050310
vn 0.987708 -0.142913 0.063310
vn 0.996913 -0.030145 -0.072494
vn 0.994351 0.023135 -0.103586
vn 0.993214 -0.112406 0.029831
vn 0.001554 0.392093 0.919924
vn -0.763270 0.170128 0.623278
vn -0.777893 0.288006 0.558512
vn 0.000802 0.439030 0.898472
vn -0.991211 0.128312 -0.032200
vn -0.993479 -0.026405 0.110912
vn -0.995773 0.039623 0.082866
vn -0.983597 0.169218 -0.062476
vn -0.698514 0.146294 -0.700482
vn 0.036370 0.393081 -0.918784
vn 0.013679 0.392296 -0.919737
vn -0.686247 0.130589 -0.715550
vn 0.993381 0.094509 0.065281
vn 0.975161 0.194457 0.106053
vn 0.984168 0.148684 0.096465
vn 0.996861 0.029812 0.073342
vn 0.723468 -0.689591 0.032541
vn -0.738635 -0.672348 -0.048646
vn -0.595935 -0.802902 0.014521
vn 0.562093 -0.826802 0.021234
vn -0.997221 -0.033713 -0.066437
vn -0.980852 -0.169693 -0.095571
vn -0.968210 -0.231132 -0.095648
vn -0.992882 -0.104859 -0.056479
vn 0.786116 0.618064 0.004260
vn 0.999020 0.003112 0.044144
vn 0.999012 0.005334 0.044124
vn 0.779948 0.625792 0.008100
vn -0.999440 -0.013931 0.030425
vn -0.997428 -0.037461 0.061109
vn 0.598676 0.401740 0.692959
vn 0.988087 0.062430 -0.140665
vn 0.993953 0.052269 -0.096572
vn 0.556520 0.356089 0.750657
vn -0.998458 -0.047851 -0.028133
vn -0.999892 0.014609 -0.001667
vn -0.999926 -0.012196 -0.000358
vn -0.996981 -0.077623 -0.002113
vn 0.583009 0.311368 -0.750433
vn 0.617026 -0.285877 0.733180
vn 0.662347 -0.273311 0.697565
vn 0.639534 0.293601 -0.710489
vn -0.992019 -0.092496 0.085695
vn -0.998916 0.045490 0.009904
vn -0.962765 -0.072360 0.260474
vn 0.039331 -0.857835 -0.512417
vn 0.012704 0.098642 0.995042
vn -0.794947 0.170313 0.582282
vn 0.922168 0.226789 0.313325
vn 0.991846 -0.003185 -0.127401
vn 0.991396 0.043809 -0.123349
vn 0.903344 0.268369 0.334587
vn 0.871582 0.325698 -0.366423
vn 0.868432 -0.119566 0.481175
vn 0.911836 -0.192853 0.362440
vn 0.904973 0.196759 -0.377240
vn 0.029581 -0.889278 0.456410
vn -0.879332 -0.436447 -0.190498
vn -0.800168 0.126309 -0.586326
vn 0.000285 0.082915 -0.996557
vn -0.976812 -0.135761 -0.165555
vn -0.976856 -0.157689 -0.144522
vn 0.017904 -0.999811 0.007559
vn -0.023392 -0.999655 0.011958
vn -0.023362 -0.999595 0.016260
vn 0.018348 -0.999765 0.011557
vn -0.018620 0.999665 -0.018000
vn 0.019672 0.999632 -0.018691
vn 0.020368 0.999513 -0.023656
vn -0.018954 0.999636 -0.019179
vn 0.014864 -0.345169 -0.938423
vn 0.014437 -0.347655 -0.937511
vn 0.010886 -0.320368 -0.947231
vn -0.000861 -0.338640 -0.940916
vn 0.005746 0.360767 0.932638
vn -0.007496 0.342968 0.939317
vn -0.015286 0.348081 0.937340
vn -0.012027 0.350573 0.936458
vn -0.001186 -0.347889 0.937535
vn -0.038545 -0.361257 0.931669
vn -0.056107 -0.350500 0.934880
vn -0.003580 -0.352192 0.935921
vn 0.004191 0.365775 -0.930694
vn 0.057894 0.369305 -0.927503
vn 0.033970 0.378912 -0.924809
vn 0.000079 0.364091 -0.931363
vn 0.020037 -0.392142 -0.919687
vn 0.008343 -0.398136 -0.917288
vn 0.007091 -0.380792 -0.924634
vn 0.014651 -0.396545 -0.917898
vn -0.015604 0.413745 0.910259
vn -0.007304 0.393953 0.919101
vn -0.010980 0.409665 0.912170
vn -0.024158 0.406461 0.913349
vn -0.000859 0.045008 0.998986
vn 0.000326 -0.781105 -0.624400
vn -0.000159 -0.778471 -0.627681
vn -0.013463 0.037901 0.999191
vn 0.016149 -0.437734 0.898960
vn -0.034054 -0.397739 0.916866
vn 0.002064 -0.436263 0.899817
vn 0.034828 -0.452671 0.890997
vn 0.030970 -0.774975 0.631233
vn 0.014975 0.138669 -0.990226
vn 0.014514 0.068093 -0.997573
vn 0.030282 -0.759955 0.649271
vn -0.037534 0.473767 -0.879850
vn -0.000220 0.452371 -0.891830
vn 0.042844 0.406443 -0.912671
vn -0.014080 0.452794 -0.891504
vn 0.976744 -0.214410 0.000000
vn -0.979904 -0.199469 0.000000
vn -0.979903 -0.199477 0.000000
vn 0.976742 -0.214419 0.000000
vn 0.041593 0.999107 -0.007461
vn 0.042223 0.999013 -0.013784
vn 0.964391 -0.264479 -0.001034
vn -0.969151 -0.246466 0.001023
vn -0.973537 -0.228529 0.000948
vn 0.969421 -0.245402 -0.000960
vn -0.006142 0.388276 0.921522
vn -0.032420 0.397539 0.917013
vn 0.015504 -0.360768 0.932527
vn 0.020625 -0.362123 0.931902
vn -0.022334 0.378194 -0.925457
vn -0.014871 0.377520 -0.925882
vn 0.527847 -0.849335 -0.002843
vn -0.556729 -0.830689 0.002961
vn -0.680790 -0.732474 0.002609
vn 0.652854 -0.757479 -0.002537
vn 0.030563 0.448897 0.893061
vn 0.000589 0.435579 0.900150
vn -0.088438 0.001424 0.996081
vn -0.155461 -0.871292 -0.465492
vn 0.958124 -0.285801 -0.017774
vn 0.916193 -0.014049 0.400490
vn 0.012007 -0.458911 0.888401
vn -0.006105 -0.426210 0.904604
vn 0.007596 -0.768363 0.639970
vn 0.063940 0.004344 -0.997944
vn 0.856142 -0.075944 -0.511129
vn 0.847324 -0.458709 0.267636
vn -0.004376 0.447911 -0.894067
vn -0.022176 0.479273 -0.877386
vn -0.997309 0.073312 0.000006
vn -0.997578 0.067712 -0.015936
vn -0.997562 0.068546 -0.013131
vn -0.997305 0.073354 -0.001516
vn -0.240221 0.010968 -0.970656
vn 0.257191 -0.023998 -0.966063
vn 0.233953 -0.023869 -0.971955
vn -0.254179 0.013329 -0.967065
vn 0.997032 -0.076983 0.001364
vn 0.997320 -0.071845 0.013833
vn 0.997340 -0.070971 0.016616
vn 0.997035 -0.076944 -0.000005
vn -0.999132 0.027575 -0.031238
vn -0.999901 0.013490 -0.004001
vn -0.998907 0.024960 -0.039512
vn -0.994233 0.038433 -0.100117
vn 0.999892 -0.013830 0.004897
vn 0.999026 -0.028856 0.033396
vn 0.993533 -0.040315 0.106146
vn 0.998734 -0.026176 0.042963
vn -0.999164 0.033790 0.022994
vn -0.998490 0.044334 0.032430
vn -0.996868 0.048840 0.062192
vn -0.998590 0.035475 0.039495
vn 0.998456 -0.044549 -0.033169
vn 0.999165 -0.033787 -0.022992
vn 0.998539 -0.035641 -0.040610
vn 0.996547 -0.050015 -0.066278
vn 0.831546 -0.527102 -0.175200
vn -0.932026 -0.346596 0.105823
vn -0.882503 -0.466487 0.059819
vn 0.795425 -0.598195 -0.097269
vn -0.021431 -0.999469 0.024563
vn 0.000654 -0.999312 0.037080
vn 0.002258 -0.998848 0.047938
vn -0.020993 -0.999555 0.021189
vn -0.004124 -0.360238 0.932851
vn -0.015566 -0.364752 0.930974
vn -0.021986 -0.332668 0.942788
vn -0.004424 -0.328262 0.944576
vn -0.000470 -0.410293 0.911954
vn -0.007410 -0.413934 0.910277
vn -0.010048 -0.377602 0.925913
vn -0.005650 -0.372521 0.928007
vn 0.012312 -0.783093 0.621782
vn 0.034290 0.036044 -0.998762
vn 0.053051 0.006830 -0.998569
vn 0.020132 -0.789020 0.614037
vn 0.005739 0.385172 -0.922827
vn 0.012106 0.389288 -0.921036
vn 0.008005 0.443134 -0.896420
vn 0.000050 0.437583 -0.899178
vn 0.015012 0.388616 -0.921278
vn 0.005348 0.384230 -0.923222
vn 0.004201 0.345135 -0.938544
vn 0.020758 0.347169 -0.937573
vn 0.012319 0.999767 -0.017727
vn -0.013833 0.998381 -0.055174
vn -0.010645 0.998037 -0.061719
vn 0.013827 0.999618 -0.023943
vn 0.008504 0.386159 0.922393
vn 0.004859 0.386653 0.922212
vn 0.015046 0.366732 0.930205
vn 0.013994 0.351304 0.936157
vn -0.017737 0.455923 0.889842
vn -0.018639 0.458803 0.888343
vn -0.017538 0.456595 0.889502
vn -0.008842 0.448910 0.893533
vn 0.009367 0.051965 0.998605
vn 0.009444 -0.785182 -0.619193
vn 0.009377 -0.778838 -0.627155
vn 0.009628 0.029648 0.999514
vn 0.006052 -0.426307 -0.904558
vn 0.013908 -0.432897 -0.901336
vn 0.017462 -0.438093 -0.898760
vn 0.013598 -0.432676 -0.901447
vn -0.006055 -0.371531 -0.928401
vn -0.008747 -0.367704 -0.929902
vn -0.012789 -0.326770 -0.945017
vn -0.016846 -0.339297 -0.940529
vn -0.592892 0.301403 0.746750
vn -0.998260 -0.014468 0.057165
vn -0.999573 -0.023878 0.016841
vn -0.603365 0.270970 0.750017
vn -0.025134 0.352948 0.935305
vn -0.027654 0.380546 0.924348
vn -0.016378 0.397246 0.917566
vn -0.028732 0.409755 0.911743
vn -0.016688 0.383299 0.923474
vn 0.017890 0.352102 0.935791
vn 0.016256 0.389249 0.920989
vn 0.006106 0.367256 0.930100
vn -0.008124 0.403037 0.915148
vn -0.005510 0.416438 0.909148
vn 0.658364 0.176200 0.731785
vn -0.004042 0.366348 0.930469
vn 0.007438 0.366545 0.930371
vn 0.728301 0.225258 0.647176
vn 0.999256 -0.017498 -0.034362
vn 0.993628 -0.099886 0.052205
vn 0.999870 -0.012633 -0.010025
vn 0.999892 -0.011499 -0.009125
vn 0.999858 -0.011542 -0.012319
vn 0.999825 -0.012309 -0.014085
vn 0.939212 -0.343335 -0.001343
vn -0.947065 -0.321039 0.001332
vn -0.956461 -0.291860 0.001211
vn 0.949891 -0.312579 -0.001223
vn -0.999892 0.011500 0.009126
vn -0.999870 0.012635 0.010026
vn -0.999825 0.012311 0.014087
vn -0.999857 0.011503 0.012405
vn -0.008328 -0.352401 -0.935812
vn -0.018201 -0.369909 -0.928890
vn 0.001300 -0.389270 -0.921123
vn 0.005600 -0.374344 -0.927273
vn 0.025621 -0.391708 -0.919733
vn 0.018630 -0.382809 -0.923640
vn -0.011588 -0.346120 -0.938119
vn 0.017589 -0.373869 -0.927315
vn 0.994561 0.000063 0.104151
vn 0.997679 0.021976 0.064453
vn 0.999926 0.005988 -0.010552
vn 0.999829 -0.003028 0.018220
vn -0.034062 -0.358423 0.932938
vn -0.023021 -0.372513 0.927742
vn -0.026781 -0.351822 0.935684
vn -0.035226 -0.360941 0.931923
vn -0.009578 -0.365795 0.930646
vn 0.018036 -0.382948 0.923594
vn 0.009648 -0.367371 0.930025
vn -0.030643 -0.358742 0.932934
vn 0.745232 -0.261189 0.613522
vn 0.011837 -0.362887 0.931758
vn -0.000866 -0.363123 0.931741
vn 0.760045 -0.248967 0.600289
vn 0.721290 0.251796 -0.645244
vn 0.752776 0.219873 -0.620472
vn -0.001374 0.379777 -0.925077
vn -0.013964 0.381218 -0.924380
vn -0.017668 0.395509 -0.918292
vn 0.016081 0.379296 -0.925136
vn 0.036343 0.374517 -0.926507
vn -0.009176 0.384070 -0.923259
vn 0.026271 0.387966 -0.921299
vn 0.040340 0.373378 -0.926802
vn 0.038678 0.380135 -0.924122
vn 0.028578 0.366016 -0.930170
vn 0.003761 0.382115 -0.924107
vn -0.609469 0.331498 -0.720179
vn -0.558628 0.340352 -0.756370
vn -0.008500 0.391012 -0.920346
vn -0.998638 0.007085 0.051685
vn -0.999236 0.019078 0.034122
vn -0.999630 0.003329 -0.026990
vn -0.999973 -0.005209 0.005204
vn -0.996939 -0.024497 -0.074242
vn -0.992896 0.000010 -0.118982
vn 0.008669 -0.996525 0.082844
vn 0.005708 -0.995844 0.090899
vn 0.005679 -0.994280 0.106656
vn 0.009587 -0.995036 0.099050
vn 0.034748 -0.391917 0.919344
vn 0.026357 -0.378966 0.925035
vn 0.042158 -0.377937 0.924871
vn 0.026585 -0.371873 0.927903
vn -0.006904 -0.345101 0.938540
vn 0.021573 -0.341397 0.939672
vn 0.016353 -0.337372 0.941230
vn 0.007132 -0.344505 0.938757
vn 0.028933 -0.427093 0.903745
vn 0.011259 -0.419728 0.907580
vn 0.021010 -0.399321 0.916570
vn 0.021830 -0.388192 0.921320
vn 0.000732 -0.780439 0.625232
vn -0.011791 0.056336 -0.998342
vn -0.024503 0.046583 -0.998614
vn -0.007076 -0.777401 0.628965
vn -0.029494 0.402982 -0.914733
vn -0.026811 0.414158 -0.909810
vn -0.011912 0.444142 -0.895877
vn -0.034946 0.455380 -0.889611
vn -0.024826 0.351725 -0.935774
vn 0.007064 0.359714 -0.933036
vn -0.011452 0.361636 -0.932249
vn -0.017299 0.357014 -0.933939
vn -0.023617 0.392288 -0.919539
vn -0.037280 0.409272 -0.911651
vn -0.029061 0.395834 -0.917862
vn -0.045100 0.400832 -0.915041
vn -0.006661 0.994735 -0.102259
vn -0.003331 0.994379 -0.105832
vn -0.003091 0.996016 -0.089117
vn -0.006585 0.996126 -0.087692
vn -0.008733 0.375530 0.926769
vn 0.001460 0.371338 0.928497
vn -0.005171 0.399052 0.916914
vn -0.005184 0.397162 0.917734
vn 0.028257 0.331874 0.942900
vn 0.032514 0.335339 0.941536
vn 0.034221 0.342146 0.939023
vn 0.012072 0.358533 0.933439
vn -0.000975 0.416505 0.909133
vn -0.022836 0.397852 0.917165
vn -0.024539 0.443467 0.895955
vn -0.013738 0.450475 0.892683
vn -0.004355 0.107906 0.994152
vn 0.005102 -0.778694 -0.627383
vn 0.004847 -0.781197 -0.624265
vn -0.008340 0.089576 0.995945
vn 0.011692 -0.432232 -0.901687
vn 0.020254 -0.427914 -0.903592
vn 0.018897 -0.388314 -0.921333
vn 0.001742 -0.404257 -0.914644
vn -0.026729 -0.326557 -0.944800
vn -0.027197 -0.317907 -0.947732
vn -0.014967 -0.337331 -0.941267
vn -0.033655 -0.324272 -0.945365
vn 0.000211 -0.361063 -0.932541
vn 0.009140 -0.365973 -0.930581
vn 0.002557 -0.375256 -0.926918
vn 0.007210 -0.380156 -0.924894
vn -0.059915 -0.996561 0.057247
vn -0.003070 -0.998453 0.055518
vn -0.004467 -0.997499 0.070538
vn -0.058733 -0.995258 0.077536
vn 0.041711 -0.349517 0.936001
vn 0.008860 -0.355266 0.934723
vn 0.010248 -0.392913 0.919519
vn 0.027453 -0.380080 0.924546
vn -0.005717 -0.357290 0.933976
vn -0.008075 -0.356197 0.934376
vn -0.003369 -0.352840 0.935678
vn 0.007069 -0.368634 0.929548
vn -0.011022 -0.368973 0.929375
vn -0.006691 -0.386795 0.922142
vn -0.005562 -0.375513 0.926800
vn -0.009772 -0.395379 0.918466
vn -0.042165 -0.784113 0.619184
vn -0.094828 0.095296 -0.990922
vn -0.040526 0.136497 -0.989811
vn -0.018344 -0.790970 0.611579
vn 0.021034 0.395539 -0.918208
vn 0.013777 0.377645 -0.925848
vn 0.007675 0.406267 -0.913722
vn 0.018470 0.378874 -0.925264
vn 0.007729 0.373639 -0.927542
vn 0.005058 0.375813 -0.926682
vn -0.012123 0.383920 -0.923287
vn 0.002383 0.364692 -0.931125
vn -0.024674 0.395627 -0.918080
vn -0.008585 0.410662 -0.911748
vn -0.008685 0.383472 -0.923512
vn -0.044316 0.373798 -0.926451
vn 0.060696 0.994963 -0.079773
vn 0.010594 0.997512 -0.069702
vn 0.009257 0.998369 -0.056338
vn 0.061247 0.996058 -0.064161
vn 0.009365 0.391831 0.919990
vn -0.000901 0.372449 0.928052
vn -0.012702 0.321123 0.946952
vn -0.008296 0.330147 0.943893
vn -0.015422 0.363745 0.931371
vn -0.017737 0.381017 0.924398
vn 0.009172 0.423686 0.905763
vn 0.002453 0.398254 0.917272
vn -0.011857 0.410429 0.911816
vn -0.008944 0.433011 0.901344
vn 0.002214 0.426464 0.904502
vn 0.004524 0.418921 0.908011
vn 0.002792 0.030089 0.999543
vn -0.000823 -0.782911 -0.622134
vn -0.001540 -0.782267 -0.622942
vn 0.002155 0.038966 0.999238
vn -0.004555 -0.404020 -0.914739
vn -0.002532 -0.408165 -0.912905
vn 0.005413 -0.414925 -0.909840
vn 0.007558 -0.396786 -0.917880
vn 0.020020 -0.354237 -0.934942
vn 0.014672 -0.343473 -0.939048
vn 0.002268 -0.370996 -0.928632
vn -0.004494 -0.396701 -0.917937
vn 0.005163 -0.323072 -0.946360
vn 0.009972 -0.310875 -0.950399
vn -0.003568 -0.374037 -0.927407
vn -0.011757 -0.391163 -0.920246
vn 0.005876 -0.995963 0.089573
vn 0.005721 -0.994440 0.105149
vn -0.002697 -0.357653 0.933851
vn 0.012681 -0.369387 0.929189
vn -0.009401 -0.353660 0.935327
vn 0.004807 -0.364343 0.931252
vn -0.021665 -0.393580 0.919035
vn 0.002438 -0.392295 0.919836
vn 0.006950 -0.782782 0.622258
vn -0.008928 0.079561 -0.996790
vn -0.004155 0.406385 -0.913693
vn 0.022301 0.412543 -0.910665
vn 0.008112 0.372029 -0.928186
vn -0.007794 0.383223 -0.923623
vn 0.006712 0.370798 -0.928689
vn -0.011262 0.385594 -0.922600
vn -0.005710 0.994273 -0.106719
vn -0.005862 0.995875 -0.090547
vn 0.003061 0.365294 0.930887
vn -0.008723 0.387329 0.921900
vn 0.002068 0.343103 0.939296
vn -0.014014 0.376353 0.926371
vn 0.009128 0.394793 0.918725
vn 0.004159 0.441136 0.897431
vn 0.007182 0.120217 0.992722
vn 0.001586 -0.771730 -0.635948
vn -0.001635 -0.427676 -0.903931
vn -0.006723 -0.382735 -0.923834
vn -0.007028 -0.325940 -0.945364
vn 0.009823 -0.354972 -0.934825
vn -0.001189 -0.352596 -0.935775
vn 0.009875 -0.371644 -0.928323
vn 0.014454 -0.377932 -0.925721
vn 0.034288 -0.375541 -0.926171
vn 0.003578 -0.423121 -0.906066
vn 0.006557 -0.424507 -0.905401
vn 0.000000 -0.784237 -0.620462
vn 0.000000 0.012629 0.999920
vn -0.009430 0.446382 0.894793
vn -0.004887 0.444356 0.895837
vn -0.018474 0.394451 0.918731
vn -0.038341 0.390057 0.919992
vn 0.007325 0.359774 0.933011
vn 0.014677 0.378962 0.925296
vn -0.016906 0.999726 -0.016223
vn -0.017705 0.999748 -0.013831
vn 0.005884 0.384594 -0.923067
vn 0.012062 0.339745 -0.940440
vn -0.011163 0.402837 -0.915204
vn 0.010101 0.373982 -0.927381
vn 0.003478 0.377519 -0.925996
vn -0.000380 0.433927 -0.900948
vn 0.043835 -0.013486 -0.998948
vn 0.013381 -0.772118 0.635339
vn 0.000111 -0.408214 0.912887
vn -0.002968 -0.364343 0.931260
vn 0.011605 -0.385416 0.922670
vn -0.006683 -0.360835 0.932606
vn -0.011648 -0.321987 0.946673
vn -0.006124 -0.360773 0.932634
vn 0.017859 -0.999524 0.025176
vn 0.017255 -0.999577 0.023420
vn -0.014890 -0.361543 -0.932237
vn -0.002400 -0.340381 -0.940285
vn 0.000398 -0.999236 0.039081
vn -0.000665 -0.999124 0.041852
vn -0.002763 -0.358411 0.933560
vn 0.016298 -0.334379 0.942298
vn 0.007448 -0.366436 0.930413
vn 0.023590 -0.387645 0.921507
vn 0.004856 -0.403756 0.914854
vn 0.002016 -0.361470 0.932382
vn -0.030620 -0.771864 0.635050
vn -0.063130 0.036492 -0.997338
vn -0.001636 0.368078 -0.929793
vn -0.006393 0.428900 -0.903329
vn -0.010075 0.387197 -0.921942
vn -0.028153 0.406299 -0.913306
vn -0.015067 0.351392 -0.936107
vn 0.005679 0.375599 -0.926765
vn 0.006708 0.999157 -0.040508
vn 0.005620 0.999055 -0.043104
vn 0.014065 0.342686 0.939345
vn 0.025509 0.404076 0.914370
vn -0.012369 0.369210 0.929264
vn -0.011046 0.373987 0.927368
vn -0.004872 0.443247 0.896386
vn -0.000013 0.433512 0.901148
vn 0.010720 0.024888 0.999633
vn 0.001892 -0.781519 -0.623879
vn -0.000363 -0.413383 -0.910557
vn 0.003581 -0.422799 -0.906216
vn 0.009702 -0.354537 -0.934992
vn 0.012578 -0.350670 -0.936415
vn -0.021755 -0.397910 -0.917166
vn -0.015406 -0.335673 -0.941852
vn -0.006945 -0.346539 -0.938010
vn -0.000438 -0.358252 -0.933625
vn 0.011721 -0.400856 -0.916066
vn -0.006978 -0.414995 -0.909797
vn -0.018944 -0.772508 -0.634722
vn -0.064010 0.028912 0.997530
vn 0.010485 0.435153 0.900295
vn -0.012088 0.419785 0.907543
vn 0.008985 0.361502 0.932328
vn -0.002806 0.382241 0.924058
vn -0.023112 0.376635 0.926073
vn 0.005085 0.375797 0.926688
vn 0.018666 0.999715 -0.014880
vn 0.019542 0.999630 -0.018902
vn -0.018925 0.370096 -0.928801
vn -0.031095 0.371820 -0.927784
vn -0.023395 0.391393 -0.919926
vn -0.034595 0.383994 -0.922687
vn -0.020568 0.462550 -0.886355
vn -0.031360 0.477449 -0.878100
vn 0.031850 -0.027786 -0.999106
vn 0.008652 -0.804132 0.594388
vn 0.025311 -0.458504 0.888332
vn 0.013776 -0.440039 0.897873
vn 0.017503 -0.376435 0.926278
vn 0.031064 -0.366573 0.929871
vn 0.030370 -0.357474 0.933429
vn 0.020126 -0.353993 0.935031
vn -0.017445 -0.999830 -0.005913
vn -0.016281 -0.999862 -0.003270
vn -0.000249 -0.358678 -0.933462
vn 0.025572 -0.363323 -0.931312
vn 0.872758 -0.488132 0.004502
vn 0.863008 -0.505052 0.011809
vn 0.189386 -0.328094 0.925466
vn 0.291315 -0.346700 0.891591
vn 0.481216 -0.325899 0.813770
vn 0.441554 -0.344218 0.828580
vn 0.083486 -0.364518 0.927446
vn 0.059757 -0.361873 0.930310
vn 0.078189 -0.421483 -0.903459
vn 0.120784 -0.363361 -0.923786
vn 0.499648 -0.278377 -0.820279
vn 0.471661 -0.306350 -0.826853
vn 0.213335 -0.329242 -0.919830
vn 0.295849 -0.354355 -0.887077
vn -0.007104 0.357931 -0.933721
vn 0.013422 0.376994 -0.926119
vn -0.003131 0.392328 -0.919820
vn -0.010798 0.448255 -0.893840
vn -0.000153 0.031791 -0.999495
vn 0.000177 -0.789640 0.613570
vn 0.008294 -0.418872 0.908008
vn 0.001304 -0.379911 0.925022
vn 0.008157 -0.345868 0.938248
vn -0.009170 -0.354533 0.934999
vn 0.003696 -0.382884 0.923789
vn -0.021376 -0.347845 0.937308
vn 0.025015 -0.997811 0.061215
vn 0.026443 -0.996473 0.079634
vn 0.006386 -0.370847 -0.928672
vn -0.000734 -0.358291 -0.933610
vn -0.013360 -0.352577 -0.935687
vn -0.033677 -0.326533 -0.944586
vn 0.000378 -0.435625 -0.900128
vn -0.012860 -0.424265 -0.905447
vn -0.000845 -0.777535 -0.628839
vn -0.003398 0.073046 0.997323
vn 0.018218 0.439601 0.898008
vn 0.000473 0.457214 0.889357
vn 0.020186 0.361706 0.932073
vn 0.038294 0.336475 0.940914
vn -0.006748 0.382545 0.923912
vn -0.004153 0.384313 0.923193
vn -0.028356 0.995393 -0.091586
vn -0.027687 0.995822 -0.087020
vn -0.008533 0.404697 -0.914411
vn 0.019135 0.365624 -0.930566
vn -0.001507 -0.360473 0.932768
vn -0.006330 -0.363085 0.931735
vn -0.005982 -0.364678 0.931115
vn 0.012469 -0.366919 0.930169
vn 0.021149 -0.357949 0.933502
vn 0.008212 -0.343620 0.939073
vn -0.011574 -0.339780 0.940434
vn 0.115438 -0.326283 0.938197
vn 0.993396 0.100829 -0.054759
vn 0.993740 0.100854 -0.048051
vn 0.150435 -0.328321 -0.932510
vn -0.005927 -0.344758 -0.938673
vn -0.002762 -0.344444 -0.938803
vn 0.005403 -0.345566 -0.938379
vn 0.003549 -0.346584 -0.938012
vn -0.003973 -0.346521 -0.938034
vn -0.007601 -0.348123 -0.937418
vn -0.003223 -0.342245 -0.939605
vn -0.005037 -0.316527 -0.948570
vn 0.011038 -0.314611 -0.949157
vn 0.008635 -0.322396 -0.946566
vn -0.005614 -0.365475 -0.930804
vn -0.006799 -0.372815 -0.927881
vn -0.012275 -0.367133 -0.930087
vn -0.998497 0.049493 -0.023555
vn -0.990366 0.048906 -0.129552
vn -0.977062 -0.212955 0.000883
vn 0.973472 -0.228805 -0.000895
vn 0.998343 -0.051996 0.024664
vn 0.989368 -0.051275 0.136094
vn 0.999482 0.009644 -0.030693
vn 0.522701 0.328461 0.786700
vn 0.008570 0.380521 0.924733
vn 0.012787 0.384530 0.923024
vn 0.005725 0.395092 0.918624
vn 0.010758 0.392123 0.919850
vn -0.007649 0.348270 0.937363
vn -0.010907 0.336174 0.941737
vn 0.003926 0.334425 0.942414
vn 0.001207 0.356562 0.934271
vn 0.009330 0.360927 0.932548
vn 0.004596 0.359088 0.933293
vn -0.004494 0.360853 0.932612
vn -0.005654 0.362658 0.931905
vn 0.002828 0.363029 0.931774
vn 0.006021 0.364753 0.931085
vn -0.002716 0.365597 0.930769
vn -0.377663 0.324944 0.867054
vn -0.994492 -0.098062 0.036996
vn -0.992529 -0.110227 0.052307
vn -0.990452 -0.110344 0.082641
vn -0.992772 -0.111269 -0.044982
vn -0.358043 0.345502 -0.867430
vn 0.024534 0.363228 -0.931377
vn 0.013835 0.358089 -0.933585
vn -0.006531 0.358529 -0.933496
vn -0.018209 0.371856 -0.928112
vn -0.013557 0.385073 -0.922787
vn 0.003670 0.382392 -0.923993
vn 0.006480 0.378316 -0.925654
vn 0.000633 0.374432 -0.927254
vn 0.007040 0.351178 -0.936282
vn -0.003939 0.351966 -0.936004
vn 0.001325 0.364813 -0.931080
vn 0.015255 0.377879 -0.925729
vn -0.003168 0.372943 -0.927849
vn -0.006892 0.376379 -0.926440
vn -0.003338 0.383077 -0.923711
vn 0.539825 0.350299 -0.765428
vn 0.578950 -0.297485 0.759157
vn 0.006019 -0.364705 0.931104
vn 0.008434 -0.357662 0.933813
vn 0.001907 -0.353845 0.935302
vn -0.018540 -0.360728 0.932487
vn 0.002742 -0.352504 0.935806
vn 0.007584 -0.340106 0.940357
vn -0.007755 -0.338563 0.940912
vn 0.009072 -0.365823 -0.930640
vn 0.022565 -0.355280 -0.934487
vn 0.001751 -0.418960 -0.908003
vn 0.003498 -0.423520 -0.905880
vn 0.001437 -0.785979 -0.618252
vn 0.009756 0.013495 0.999861
vn -0.004425 0.444259 0.895887
vn -0.002601 0.439720 0.898131
vn -0.024497 0.374282 0.926991
vn -0.011933 0.379430 0.925143
vn 0.024331 0.360626 0.932393
vn 0.021247 0.387939 0.921440
vn 0.003700 0.343481 0.939152
vn -0.019262 0.999454 -0.026855
vn -0.019853 0.999426 -0.027468
vn 0.023065 0.376640 -0.926072
vn 0.007415 0.362377 -0.932002
vn 0.025955 0.336851 -0.941200
vn -0.026638 0.403203 -0.914723
vn -0.019514 0.400807 -0.915955
vn -0.001345 0.371657 -0.928369
vn -0.002490 0.433216 -0.901287
vn -0.002263 -0.018520 -0.999826
vn 0.000919 -0.782022 0.623251
vn 0.001843 -0.407774 0.913081
vn 0.001895 -0.360782 0.932648
vn 0.020140 -0.384119 0.923064
vn 0.023019 -0.382732 0.923573
vn -0.023490 -0.355567 0.934356
vn -0.022815 -0.320474 0.946983
vn -0.010374 -0.348330 0.937315
vn 0.019385 -0.999375 0.029562
vn 0.019339 -0.999327 0.031158
vn -0.025541 -0.348936 -0.936799
vn -0.007290 -0.327558 -0.944803
vn -0.015045 -0.375229 -0.926810
vn 0.015338 0.370406 -0.928743
vn 0.016758 0.363711 -0.931361
vn 0.021847 0.420863 -0.906861
vn 0.047563 0.371961 -0.927029
vn 0.003156 0.169655 -0.985499
vn -0.000097 -0.773739 0.633504
vn -0.035652 -0.365037 0.930310
vn -0.016437 -0.413818 0.910211
vn -0.013902 -0.353903 0.935179
vn -0.014448 -0.350763 0.936353
vn -0.026074 -0.383843 0.923030
vn -0.035897 -0.355341 0.934047
vn -0.018924 -0.362932 0.931623
vn -0.101079 -0.994402 0.030798
vn -0.098552 -0.994209 0.042844
vn -0.010077 -0.343669 -0.939037
vn 0.010121 -0.308165 -0.951279
vn 0.007500 -0.359976 -0.932931
vn -0.002717 -0.372306 -0.928106
vn -0.002593 -0.404826 -0.914390
vn -0.001420 -0.401967 -0.915653
vn 0.002844 -0.379788 -0.925069
vn -0.000115 -0.781287 -0.624172
vn 0.000292 0.045502 0.998964
vn -0.004123 0.390368 0.920650
vn 0.001049 0.413550 0.910481
vn 0.004685 0.398153 0.917307
vn 0.001042 0.430799 0.902448
vn -0.008953 0.323593 0.946154
vn -0.010160 0.358690 0.933401
vn 0.016649 0.371708 0.928200
vn 0.099114 0.993919 -0.047984
vn 0.101596 0.993602 -0.049320
vn 0.019363 0.376854 -0.926070
vn 0.025603 0.403030 -0.914829
vn 0.039285 0.381090 -0.923703
vn -0.403139 -0.317728 -0.858212
vn -0.416478 -0.276078 -0.866215
vn -0.245173 -0.407390 -0.879729
vn -0.304204 -0.423633 -0.853226
vn -0.863808 -0.502083 -0.041806
vn -0.862857 -0.503357 -0.045937
vn -0.473025 -0.358059 -0.805010
vn -0.511934 -0.319157 -0.797535
vn -0.434875 -0.383861 -0.814577
vn -0.995870 -0.011429 -0.090072
vn -0.654074 0.321148 0.684873
vn 0.002511 0.380179 0.924910
vn 0.020877 0.366987 0.929992
vn 0.023914 0.366113 0.930263
vn 0.013159 0.385704 0.922529
vn -0.009879 0.407326 0.913229
vn -0.035995 0.419492 0.907045
vn -0.017422 0.414713 0.909786
vn 0.003533 0.398442 0.917187
vn -0.001649 0.382713 0.923866
vn 0.005998 0.365215 0.930904
vn -0.001538 0.338788 0.940862
vn -0.033225 0.324928 0.945155
vn -0.017005 0.343139 0.939131
vn 0.009116 0.379648 0.925086
vn 0.014766 0.398317 0.917129
vn 0.011105 0.394800 0.918700
vn 0.000066 0.389263 0.921127
vn 0.785058 0.261498 0.561518
vn 0.999032 -0.007839 -0.043288
vn 0.999840 -0.014016 -0.011121
vn 0.999788 -0.013563 -0.015519
vn 0.924908 -0.380188 -0.001487
vn -0.934417 -0.356177 0.001477
vn -0.999840 0.014018 0.011123
vn -0.999788 0.013564 0.015521
vn -0.379957 -0.348733 -0.856749
vn -0.010360 -0.380746 -0.924622
vn -0.013087 -0.382701 -0.923779
vn -0.004752 -0.358977 -0.933335
vn 0.019551 -0.322176 -0.946478
vn 0.030591 -0.309109 -0.950535
vn -0.000887 -0.322918 -0.946427
vn -0.009238 -0.345909 -0.938223
vn -0.001146 -0.363191 -0.931714
vn -0.005120 -0.379843 -0.925037
vn 0.014417 -0.395702 -0.918266
vn 0.032842 -0.401800 -0.915138
vn 0.010529 -0.394691 -0.918753
vn -0.007715 -0.378658 -0.925505
vn -0.018947 -0.360490 -0.932571
vn -0.020342 -0.355983 -0.934271
vn 0.545628 -0.296627 -0.783775
vn 0.997785 -0.062065 0.023922
vn 0.998537 -0.053788 -0.005583
vn 0.499913 -0.325980 0.802387
vn -0.019113 -0.356803 0.933984
vn -0.001625 -0.359633 0.933093
vn 0.024859 -0.371096 0.928262
vn 0.018209 -0.380404 0.924641
vn -0.021842 -0.389143 0.920919
vn -0.017218 -0.393439 0.919190
vn 0.007581 -0.383655 0.923446
vn 0.005714 -0.365498 0.930795
vn -0.004921 -0.352850 0.935667
vn -0.006814 -0.348742 0.937194
vn -0.008455 -0.348374 0.937317
vn -0.010701 -0.353196 0.935488
vn 0.020864 -0.375193 0.926712
vn 0.023616 -0.393411 0.919059
vn -0.009642 -0.380997 0.924526
vn -0.013863 -0.365631 0.930656
vn 0.792575 -0.228772 0.565234
vn 0.790798 0.219131 -0.571507
vn 0.012843 0.382706 -0.923781
vn 0.003447 0.399531 -0.916713
vn -0.027741 0.411684 -0.910905
vn -0.015676 0.388991 -0.921108
vn 0.015042 0.366189 -0.930419
vn 0.009404 0.364525 -0.931146
vn 0.007285 0.366157 -0.930525
vn 0.003889 0.370418 -0.928857
vn -0.009015 0.384683 -0.923005
vn -0.009042 0.404016 -0.914707
vn 0.019364 0.412555 -0.910727
vn 0.025999 0.405339 -0.913797
vn -0.020588 0.393727 -0.918997
vn -0.029424 0.382188 -0.923616
vn 0.004563 0.369472 -0.929231
vn 0.021344 0.368657 -0.929320
vn 0.024844 0.377227 -0.925788
vn -0.639354 0.315728 -0.701101
vn -0.998555 0.017690 0.050751
vn -0.998020 0.062872 0.001990
vn -0.997162 0.069930 -0.027882
vn -0.871357 -0.490368 -0.016656
vn 0.884026 -0.463710 -0.058917
vn 0.830330 -0.555635 -0.042680
vn -0.900994 -0.433475 0.017614
vn 0.995499 0.048907 -0.081174
vn 0.997566 0.031439 -0.062237
vn 0.997715 0.026717 -0.062064
vn 0.998027 0.041308 -0.047290
vn -0.000857 -0.400030 -0.916502
vn 0.195668 -0.390358 -0.899630
vn 0.225398 -0.391669 -0.892071
vn -0.001219 -0.412385 -0.911009
vn 0.018139 -0.398088 -0.917168
vn 0.011785 -0.420387 -0.907268
vn 0.001330 -0.390733 -0.920503
vn 0.012942 -0.419048 -0.907872
vn -0.036792 -0.372909 -0.927138
vn -0.012361 -0.397075 -0.917703
vn -0.020950 -0.372028 -0.927985
vn -0.024198 -0.372375 -0.927767
vn 0.014043 -0.397049 -0.917690
vn -0.005553 -0.371725 -0.928326
vn 0.023361 -0.407780 -0.912781
vn 0.008954 -0.399280 -0.916786
vn 0.011694 -0.399074 -0.916844
vn 0.007497 -0.427016 -0.904213
vn 0.004195 -0.392316 -0.919821
vn 0.007751 -0.434028 -0.900866
vn 0.013301 -0.400798 -0.916070
vn -0.003886 -0.440997 -0.897500
vn 0.007631 -0.425506 -0.904923
vn -0.018057 -0.463300 -0.886018
vn -0.001089 -0.443891 -0.896080
vn 0.000486 -0.468865 -0.883270
vn 0.004246 -0.433901 -0.900950
vn 0.031594 -0.445765 -0.894592
vn 0.006924 -0.415128 -0.909737
vn 0.018998 -0.419694 -0.907467
vn -0.018756 -0.410233 -0.911788
vn -0.026758 -0.415954 -0.908992
vn -0.394318 -0.378111 -0.837583
vn -0.411397 -0.385889 -0.825737
vn -0.999701 0.020227 0.013764
vn -0.999601 0.023354 0.015891
vn -0.999534 0.021792 0.021384
vn -0.999640 0.019138 0.018781
vn 0.805729 -0.592282 -0.001990
vn -0.826288 -0.563245 0.002000
vn -0.867051 -0.498216 0.001776
vn 0.850035 -0.526722 -0.001763
vn 0.999601 -0.023349 -0.015889
vn 0.999701 -0.020224 -0.013763
vn 0.999641 -0.019137 -0.018779
vn 0.999534 -0.021790 -0.021382
vn 0.909489 0.180170 0.374658
vn 0.998563 -0.023606 -0.048120
vn 0.998663 -0.022703 -0.046448
vn 0.892968 0.195228 0.405578
vn 0.051513 0.442344 0.895365
vn 0.059557 0.431141 0.900317
vn 0.030550 0.436973 0.898956
vn 0.020963 0.428902 0.903108
vn -0.023550 0.438165 0.898586
vn -0.010732 0.436170 0.899800
vn -0.039596 0.465339 0.884247
vn -0.007082 0.460462 0.887651
vn -0.002763 0.492374 0.870379
vn 0.001797 0.475070 0.879946
vn 0.024470 0.490686 0.870993
vn -0.004777 0.454532 0.890718
vn 0.007731 0.469642 0.882823
vn -0.013365 0.422499 0.906265
vn -0.010212 0.462494 0.886564
vn -0.006440 0.410595 0.911795
vn -0.006156 0.450830 0.892589
vn -0.015358 0.417434 0.908577
vn -0.005547 0.413653 0.910418
vn -0.027107 0.423052 0.905700
vn 0.008375 0.383181 0.923635
vn -0.012478 0.406645 0.913501
vn 0.026850 0.390417 0.920247
vn 0.027789 0.378273 0.925277
vn 0.010052 0.420303 0.907328
vn 0.041165 0.385028 0.921987
vn -0.017062 0.443322 0.896200
vn -0.003656 0.410331 0.911930
vn -0.012461 0.443077 0.896397
vn -0.021803 0.418517 0.907947
vn 0.000012 0.431697 0.902019
vn -0.002511 0.418348 0.908283
vn 0.005660 0.425233 0.905066
vn 0.003510 0.422145 0.906522
vn -0.685467 0.273010 0.674982
vn -0.716471 0.275864 0.640756
vn -0.999197 -0.026019 0.030475
vn -0.998911 -0.021992 0.041157
vn -0.997293 -0.046832 0.056688
vn -0.996876 -0.028365 0.073711
vn -0.996754 -0.036048 0.071989
vn -0.993766 -0.056280 0.096241
vn -0.002646 -0.408475 -0.912766
vn 0.001141 -0.411896 -0.911230
vn 0.001487 -0.416481 -0.909143
vn 0.004066 -0.425717 -0.904847
vn 0.001148 -0.432210 -0.901772
vn 0.010078 -0.437576 -0.899125
vn 0.011104 -0.448082 -0.893923
vn -0.002127 -0.454976 -0.890501
vn 0.053257 -0.463954 -0.884257
vn 0.971941 -0.233024 -0.032109
vn 0.980120 -0.198144 0.010157
vn 0.350242 -0.934551 0.062817
vn -0.318872 -0.939838 0.122574
vn -0.972562 0.232464 0.009116
vn -0.962420 0.266433 0.052540
vn -0.988489 0.149932 -0.020228
vn -0.781348 0.391481 0.486044
vn 0.000857 0.478465 0.878106
vn 0.001589 0.478466 0.878105
vn -0.013067 0.471946 0.881531
vn -0.012574 0.459454 0.888113
vn -0.002888 0.454063 0.890965
vn -0.006563 0.447306 0.894357
vn -0.003167 0.436941 0.899485
vn -0.001610 0.431795 0.901970
vn 0.002753 0.427010 0.904243
vn 0.004583 0.422571 0.906318
vn 0.004003 0.422700 0.906261
vn 0.005333 0.427292 0.904098
vn 0.001130 0.431179 0.902266
vn -0.004527 0.428223 0.903662
vn -0.016468 0.416950 0.908780
vn -0.027439 0.413677 0.910010
vn -0.026991 0.420474 0.906903
vn 0.927375 0.165082 0.335743
vn 0.991473 -0.053100 -0.119002
vn 0.995973 -0.068982 -0.057260
vn 0.990384 -0.080928 -0.112205
vn 0.365264 -0.930899 -0.003126
vn -0.389685 -0.920942 0.003272
vn -0.996239 0.067596 0.054203
vn -0.991511 0.077337 0.104518
vn -0.167548 -0.394543 -0.903473
vn 0.022726 -0.398753 -0.916777
vn 0.011900 -0.402934 -0.915152
vn 0.002550 -0.411903 -0.911224
vn -0.000753 -0.413644 -0.910438
vn -0.003896 -0.410377 -0.911908
vn -0.003063 -0.406173 -0.913791
vn -0.003874 -0.405439 -0.914114
vn -0.835169 -0.549683 -0.018479
vn 0.962303 -0.270051 -0.032348
vn 0.993415 0.028407 -0.110993
vn 0.995072 -0.013096 -0.098290
vn 0.256734 -0.400856 -0.879433
vn -0.009930 -0.427101 -0.904150
vn 0.005901 -0.435506 -0.900167
vn 0.016499 -0.439018 -0.898327
vn 0.005679 -0.436013 -0.899922
vn -0.002783 -0.417946 -0.908468
vn -0.006583 -0.395713 -0.918351
vn -0.018341 -0.403139 -0.914955
vn -0.013589 -0.428900 -0.903250
vn 0.001498 -0.450265 -0.892894
vn -0.015624 -0.463235 -0.886098
vn -0.018711 -0.452754 -0.891439
vn 0.014592 -0.428047 -0.903639
vn 0.046756 -0.414088 -0.909035
vn 0.025006 -0.417162 -0.908488
vn -0.030302 -0.420705 -0.906692
vn -0.408538 -0.380446 -0.829673
vn -0.999767 0.017838 0.012139
vn -0.999714 0.017061 0.016742
vn -0.895770 -0.444515 0.001584
vn 0.881690 -0.471827 -0.001580
vn 0.999767 -0.017837 -0.012138
vn 0.999714 -0.017060 -0.016740
vn 0.998770 -0.038554 -0.031188
vn 0.854090 0.200583 0.479892
vn 0.031543 0.439671 0.897605
vn 0.033839 0.443271 0.895749
vn -0.025721 0.436572 0.899302
vn -0.053499 0.424854 0.903680
vn -0.021145 0.435899 0.899747
vn 0.019870 0.466849 0.884114
vn 0.019240 0.482349 0.875768
vn -0.001891 0.467424 0.884031
vn 0.018693 0.445347 0.895163
vn 0.024939 0.422263 0.906130
vn 0.005126 0.418650 0.908133
vn -0.001285 0.446348 0.894859
vn -0.008327 0.466200 0.884640
vn -0.018145 0.466193 0.884497
vn -0.004641 0.459724 0.888050
vn 0.013916 0.447186 0.894333
vn 0.018391 0.434948 0.900268
vn -0.696254 0.278914 0.661391
vn -0.998499 -0.052472 -0.015685
vn -0.993903 0.014958 0.109236
vn -0.991668 -0.030570 0.125142
vn 0.002370 -0.366510 0.930411
vn -0.000651 -0.355759 0.934578
vn -0.007836 -0.370884 0.928646
vn -0.001713 -0.376575 0.926384
vn 0.012703 -0.378092 0.925681
vn 0.010436 -0.371572 0.928345
vn 0.002936 -0.365053 0.930982
vn -0.011327 -0.377751 0.925838
vn 0.080831 -0.391789 0.916498
vn -0.005477 -0.402768 -0.915286
vn 0.113577 -0.408768 -0.905544
vn -0.003191 -0.389491 -0.921025
vn 0.004374 -0.386296 -0.922364
vn 0.004729 -0.383261 -0.923628
vn -0.003667 -0.378592 -0.925557
vn -0.009459 -0.374933 -0.927004
vn 0.004104 -0.371904 -0.928262
vn 0.002308 -0.363736 -0.931499
vn -0.001460 -0.356425 -0.934323
vn 0.009682 -0.364930 -0.930985
vn -0.000648 -0.394840 -0.918750
vn -0.031477 -0.427091 -0.903661
vn -0.019907 -0.434814 -0.900301
vn -0.002550 -0.418619 -0.908158
vn -0.009862 -0.405699 -0.913954
vn -0.227944 -0.390915 -0.891755
vn -0.996359 0.084948 0.007261
vn -0.984956 0.022702 -0.171307
vn -0.978637 -0.205596 0.000735
vn 0.975294 -0.220910 -0.000741
vn 0.983481 -0.023595 0.179466
vn 0.995969 -0.089341 -0.008032
vn 1.000000 0.000801 -0.000253
vn 0.240175 0.413911 0.878063
vn 0.013006 0.421046 0.906946
vn 0.008978 0.421409 0.906826
vn -0.001328 0.429609 0.903014
vn 0.021965 0.446949 0.894290
vn 0.038163 0.448270 0.893083
vn 0.004001 0.421231 0.906944
vn -0.006528 0.391636 0.920097
vn 0.002231 0.381922 0.924192
vn -0.005501 0.387202 0.921979
vn -0.005691 0.395042 0.918645
vn 0.012187 0.399082 0.916834
vn 0.003973 0.405374 0.914142
vn -0.008207 0.413097 0.910650
vn -0.005773 0.417431 0.908690
vn 0.002528 0.417848 0.908514
vn 0.005145 0.428457 0.903548
vn -0.001949 0.436229 0.899834
vn -0.152507 0.433982 0.887920
vn -0.999845 -0.015289 0.008738
vn -0.999037 0.018772 0.039654
vn -0.131029 0.448571 -0.884090
vn 0.020905 0.421511 -0.906582
vn 0.011284 0.403643 -0.914847
vn -0.002880 0.391876 -0.920013
vn -0.006971 0.397106 -0.917746
vn -0.011967 0.399035 -0.916858
vn -0.002465 0.393982 -0.919115
vn 0.006227 0.385245 -0.922793
vn -0.003237 0.379484 -0.925193
vn -0.002213 0.372313 -0.928105
vn 0.002998 0.368149 -0.929762
vn 0.002230 0.372389 -0.928074
vn 0.012586 0.388958 -0.921170
vn 0.027766 0.412186 -0.910676
vn 0.012633 0.425278 -0.904974
vn -0.005937 0.421164 -0.906965
vn -0.000243 0.425740 -0.904846
vn 0.006153 0.432875 -0.901433
vn 0.242648 0.443928 -0.862584
vn 0.897251 -0.188843 -0.399098
vn -0.095910 -0.513097 0.852956
vn 0.001590 -0.404773 0.914416
vn 0.004739 -0.401321 0.915925
vn -0.014043 -0.406627 0.913486
vn -0.025504 -0.393030 0.919172
vn -0.007874 -0.366407 0.930421
vn 0.001200 -0.347232 0.937779
vn -0.003851 -0.345501 0.938410
vn -0.998270 0.040990 0.042162
vn -0.537036 0.331046 0.775887
vn -0.012795 0.394641 0.918746
vn -0.018282 0.398652 0.916920
vn -0.006080 0.395437 0.918473
vn 0.015442 0.376400 0.926329
vn 0.021580 0.344793 0.938431
vn 0.029214 0.324336 0.945491
vn 0.008768 0.328667 0.944405
vn -0.026575 0.354212 0.934788
vn -0.013472 0.390555 0.920481
vn 0.012653 0.425468 0.904885
vn 0.019226 0.441012 0.897295
vn 0.015521 0.436037 0.899795
vn -0.004240 0.427792 0.903867
vn -0.012536 0.427508 0.903925
vn -0.016910 0.425529 0.904787
vn -0.029944 0.407813 0.912574
vn -0.033401 0.392169 0.919287
vn 0.656600 0.315638 0.685018
vn 0.998377 -0.054853 0.015298
vn 0.999911 -0.010690 -0.007973
vn 0.999896 -0.013579 -0.004953
vn 0.958041 -0.286628 -0.001121
vn -0.963603 -0.267335 0.001109
vn -0.999911 0.010659 0.008066
vn -0.999896 0.013233 0.005743
vn -0.419578 -0.323416 -0.848149
vn 0.025463 -0.389423 -0.920707
vn 0.016073 -0.410507 -0.911716
vn 0.009875 -0.414551 -0.909972
vn 0.001757 -0.414051 -0.910252
vn -0.015321 -0.417720 -0.908447
vn -0.016023 -0.416107 -0.909175
vn -0.006932 -0.399364 -0.916766
vn 0.018335 -0.370145 -0.928793
vn 0.029553 -0.342317 -0.939120
vn -0.004706 -0.320644 -0.947188
vn -0.026568 -0.311639 -0.949829
vn -0.024741 -0.324975 -0.945399
vn -0.018109 -0.352943 -0.935470
vn 0.003869 -0.373078 -0.927792
vn 0.015602 -0.380124 -0.924804
vn 0.372244 -0.364143 -0.853718
vn 0.995700 -0.046384 0.080185
vn 0.999575 -0.014718 0.025177
vn 0.373630 -0.349741 0.859117
vn 0.014650 -0.368826 0.929383
vn 0.032674 -0.354886 0.934339
vn 0.013295 -0.343097 0.939206
vn -0.028202 -0.350104 0.936286
vn -0.026959 -0.354657 0.934608
vn -0.014671 -0.344107 0.938816
vn -0.018003 -0.334992 0.942049
vn -0.005595 -0.348403 0.937328
vn 0.028499 -0.363726 0.931070
vn 0.033188 -0.349719 0.936267
vn 0.005754 -0.330675 0.943727
vn -0.025015 -0.332315 0.942837
vn -0.047888 -0.349166 0.935836
vn 0.003112 -0.364755 0.931098
vn 0.034345 -0.367618 0.929343
vn 0.019878 -0.366992 0.930012
vn 0.702396 -0.259385 0.662842
vn 0.683253 0.277852 -0.675251
vn -0.022485 0.384291 -0.922938
vn -0.037079 0.384691 -0.922300
vn -0.001758 0.381298 -0.924450
vn 0.054949 0.365016 -0.929378
vn 0.030679 0.348071 -0.936966
vn -0.006543 0.345271 -0.938480
vn -0.039836 0.362012 -0.931322
vn -0.031305 0.373548 -0.927083
vn 0.009586 0.356015 -0.934431
vn 0.020185 0.344152 -0.938697
vn 0.014018 0.355390 -0.934613
vn 0.025317 0.367792 -0.929564
vn 0.030971 0.365796 -0.930180
vn -0.012465 0.361013 -0.932478
vn -0.038907 0.373844 -0.926675
vn -0.017634 0.387037 -0.921896
vn -0.006536 0.387817 -0.921713
vn -0.514660 0.333086 -0.790050
vn -0.999851 0.011858 0.012554
vn -0.999345 0.016475 -0.032234
vn -0.994398 0.052868 -0.091531
vn -0.995134 0.021935 -0.096064
vn -0.727365 0.338023 0.597228
vn 0.021835 0.425077 0.904894
vn 0.024827 0.424846 0.904925
vn 0.007757 0.437041 0.899408
vn -0.006066 0.455700 0.890113
vn -0.015342 0.460052 0.887760
vn -0.028471 0.447383 0.893889
vn -0.007354 0.434328 0.900725
vn 0.024290 0.418220 0.908021
vn 0.016107 0.393573 0.919153
vn 0.013549 0.385530 0.922596
vn 0.019361 0.383729 0.923243
vn -0.016329 0.360982 0.932430
vn -0.036045 0.342458 0.938841
vn -0.032648 0.371287 0.927944
vn -0.000204 0.412553 0.910933
vn 0.023164 0.419614 0.907407
vn 0.009452 0.409440 0.912288
vn 0.824554 0.212121 0.524514
vn 0.998194 -0.043814 -0.041092
vn 0.999809 -0.015781 -0.011498
vn 0.999757 -0.015189 -0.015996
vn -0.917637 -0.397416 0.001541
vn 0.906048 -0.423172 -0.001549
vn -0.999757 0.015191 0.015998
vn -0.999809 0.015783 0.011499
vn -0.022953 -0.398570 -0.916851
vn -0.404899 -0.352456 -0.843701
vn 0.003729 -0.390348 -0.920660
vn 0.034391 -0.353146 -0.934936
vn 0.031442 -0.333583 -0.942196
vn 0.012368 -0.356058 -0.934382
vn -0.017278 -0.377103 -0.926010
vn -0.013670 -0.375031 -0.926911
vn -0.016190 -0.377436 -0.925894
vn -0.022339 -0.394923 -0.918443
vn 0.004330 -0.408227 -0.912870
vn 0.022433 -0.423588 -0.905577
vn 0.012723 -0.437450 -0.899153
vn 0.008066 -0.434096 -0.900831
vn -0.003958 -0.418529 -0.908195
vn -0.019277 -0.406724 -0.913348
vn 0.523320 -0.370836 -0.767213
vn 0.993575 -0.113151 -0.002245
vn 0.992889 -0.117616 0.018371
vn -0.012660 -0.411672 0.911244
vn 0.495722 -0.350185 0.794752
vn 0.005297 -0.423947 0.905672
vn 0.022903 -0.419914 0.907275
vn 0.017106 -0.407283 0.913142
vn -0.018805 -0.394675 0.918629
vn -0.024558 -0.384238 0.922907
vn -0.005047 -0.373458 0.927633
vn -0.003026 -0.370026 0.929017
vn -0.010838 -0.367908 0.929799
vn -0.008370 -0.364189 0.931288
vn -0.003492 -0.368752 0.929521
vn 0.005973 -0.388437 0.921456
vn 0.041547 -0.405477 0.913161
vn 0.010861 -0.398707 0.917014
vn -0.029471 -0.381329 0.923970
vn -0.013174 -0.377850 0.925773
vn 0.801716 -0.234491 0.549787
vn 0.815278 0.227551 -0.532486
vn 0.014155 0.396268 -0.918026
vn 0.026704 0.402224 -0.915152
vn -0.015579 0.421356 -0.906762
vn -0.042707 0.425335 -0.904028
vn -0.001576 0.402643 -0.915356
vn 0.005987 0.381615 -0.924302
vn 0.009561 0.378218 -0.925667
vn 0.011630 0.384584 -0.923017
vn 0.002075 0.389309 -0.921105
vn 0.004736 0.394971 -0.918681
vn 0.026608 0.407966 -0.912609
vn 0.021454 0.419793 -0.907366
vn -0.021367 0.432818 -0.901228
vn -0.028582 0.443574 -0.895782
vn -0.005885 0.442723 -0.896639
vn 0.016168 0.428760 -0.903274
vn 0.018514 0.409350 -0.912190
vn -0.684965 0.271450 -0.676119
vn -0.999249 0.001489 -0.038734
vn -0.991087 0.131312 -0.022466
vn -0.992229 0.124394 0.002798
vn -0.833291 -0.533853 0.143617
vn 0.978999 -0.184328 -0.087092
vn 0.996557 -0.026503 -0.078560
vn 0.998652 -0.038565 -0.034748
vn -0.998379 0.042290 0.038091
vn -0.995959 0.030198 0.084586
vn -0.006817 -0.388050 -0.921613
vn 0.157891 -0.377808 -0.912322
vn 0.989099 0.049437 -0.138708
vn 0.991590 0.072179 -0.107424
vn 0.801350 -0.597895 0.018989
vn -0.868279 -0.482459 -0.115432
vn -0.988969 -0.082408 0.123083
vn -0.986097 -0.055400 0.156665
vn -0.996283 -0.061499 0.060323
vn -0.739473 0.222328 0.635413
vn 0.004336 0.409207 0.912431
vn 0.005437 0.403641 0.914901
vn -0.023244 0.391421 0.919918
vn 0.006994 0.387810 0.921713
vn 0.042929 0.401270 0.914954
vn 0.000775 0.430111 0.902776
vn -0.025478 0.447085 0.894128
vn -0.019161 0.438890 0.898337
vn -0.007027 0.427802 0.903845
vn -0.005898 0.425002 0.905173
vn -0.021159 0.421757 0.906462
vn -0.023622 0.417260 0.908480
vn -0.002478 0.419712 0.907654
vn 0.003445 0.430722 0.902478
vn -0.004399 0.437638 0.899141
vn 0.019949 0.438529 0.898496
vn 0.051457 0.436741 0.898114
vn 0.909244 0.210459 0.359140
vn 0.997308 0.005540 -0.073118
vn 0.999442 -0.027615 -0.018792
vn 0.999237 -0.026196 -0.028957
vn 0.742713 -0.669607 -0.002250
vn -0.767200 -0.641404 0.002277
vn -0.999442 0.027619 0.018794
vn -0.999233 0.026227 0.029094
vn -0.353650 -0.396228 -0.847311
vn -0.016414 -0.419047 -0.907816
vn 0.003980 -0.415495 -0.909587
vn -0.002191 -0.406539 -0.913631
vn 0.002954 -0.396502 -0.918029
vn 0.020135 -0.398732 -0.916847
vn 0.016342 -0.407089 -0.913242
vn 0.004274 -0.411559 -0.911373
vn 0.004566 -0.412688 -0.910861
vn 0.014282 -0.421329 -0.906795
vn 0.022282 -0.430666 -0.902236
vn 0.003241 -0.418004 -0.908440
vn -0.034291 -0.391795 -0.919414
vn -0.006505 -0.378934 -0.925401
vn 0.018690 -0.380064 -0.924771
vn 0.248395 -0.964070 0.094178
vn -0.140014 -0.970559 0.195986
vn -0.265583 -0.964082 0.003302
vn 0.234737 -0.972039 -0.006210
vn -0.999600 -0.027618 -0.006172
vn -0.998514 -0.045943 0.029294
vn -0.998401 -0.045200 0.033953
vn -0.999499 -0.030146 0.009690
vn -0.288675 -0.013003 -0.957339
vn 0.270575 0.012938 -0.962612
vn 0.270177 0.009054 -0.962768
vn -0.262216 -0.009527 -0.964962
vn 0.999409 0.033223 -0.008833
vn 0.998167 0.048762 -0.035855
vn 0.998285 0.049486 -0.031276
vn 0.999515 0.030586 0.005866
vn 0.997806 0.065715 -0.007988
vn 0.999571 0.007839 0.028234
vn 0.985431 -0.040204 0.165256
vn 0.999662 -0.019239 0.017504
vn 0.990948 -0.027574 0.131383
vn 0.996487 -0.074592 -0.038063
vn 0.999343 -0.009712 0.034919
vn 0.996553 -0.082732 0.006071
vn 0.999923 -0.012063 -0.003004
vn 0.999123 -0.038169 -0.017244
vn 0.999468 -0.018686 -0.026735
vn 0.997148 -0.025542 -0.071020
vn 0.999543 -0.017472 -0.024662
vn 0.997585 -0.037031 -0.058768
vn 0.999628 -0.015215 -0.022649
vn 0.998531 -0.033633 -0.042471
vn 0.999627 -0.014625 -0.023087
vn 0.999081 -0.024955 -0.034842
vn 0.999103 -0.021493 -0.036482
vn 0.999586 -0.015833 -0.024039
vn 0.999476 -0.017583 -0.027166
vn 0.999001 -0.021981 -0.038901
vn 0.999146 -0.019492 -0.036449
vn 0.998842 -0.021082 -0.043245
vn 0.995061 -0.022644 -0.096645
vn 0.993224 -0.007907 -0.115951
vn 0.986792 -0.058772 -0.150952
vn 0.981841 -0.038656 -0.185726
vn 0.978591 -0.091263 -0.184474
vn 0.972634 -0.090108 -0.214158
vn 0.968970 -0.108878 -0.221906
vn 0.965061 -0.111010 -0.237346
vn 0.867877 -0.423409 -0.259837
vn 0.888265 -0.378934 -0.259604
vn -0.966662 -0.173117 0.188666
vn -0.961549 -0.207745 0.179625
vn -0.966329 0.114759 0.230301
vn -0.970284 0.111335 0.214833
vn -0.978546 0.095721 0.182440
vn -0.972896 0.094557 0.211027
vn -0.986503 0.060115 0.152310
vn -0.981158 0.042874 0.188392
vn -0.994802 0.024984 0.098714
vn -0.992036 0.019487 0.124438
vn -0.998865 0.023686 0.041319
vn -0.997503 0.032743 0.062569
vn -0.999194 0.020683 0.034402
vn -0.997819 0.030684 0.058437
vn -0.999458 0.017103 0.028134
vn -0.998030 0.029048 0.055615
vn -0.999590 0.015165 0.024301
vn -0.998384 0.027419 0.049782
vn -0.998479 0.033648 0.043672
vn -0.999603 0.015437 0.023586
vn -0.999536 0.017538 0.024885
vn -0.997566 0.036579 0.059364
vn -0.999447 0.018659 0.027521
vn -0.997216 0.024849 0.070303
vn -0.999911 0.012200 0.005471
vn -0.999170 0.036015 0.019053
vn -0.999464 0.009819 -0.031246
vn -0.996953 0.077795 -0.005793
vn -0.991795 0.027503 -0.124842
vn -0.997147 0.069932 0.028414
vn -0.987055 0.040503 -0.155184
vn -0.999331 -0.008382 -0.035609
vn -0.999742 0.021320 -0.007832
vn -0.997942 -0.063857 0.005830
vn -0.999870 -0.012450 -0.010214
vn -0.999861 -0.010402 -0.013067
vn -0.292278 -0.004048 -0.956325
vn 0.293483 0.000225 -0.955964
vn 0.999847 0.010965 0.013605
vn 0.999821 0.013284 0.013472
vn 0.999578 0.014716 -0.025046
vn 0.997751 0.056628 -0.035880
vn 0.997189 0.041542 -0.062356
vn 0.991088 -0.061238 -0.118300
vn 0.993485 -0.113841 -0.005296
vn 0.998664 -0.044660 -0.025997
vn 0.997085 -0.020565 -0.073472
vn 0.996196 -0.046752 -0.073532
vn 0.997623 -0.047697 -0.049726
vn 0.997982 -0.033673 -0.053831
vn 0.997640 -0.031376 -0.061070
vn 0.997269 -0.032836 -0.066149
vn 0.992912 -0.004915 -0.118752
vn 0.982633 -0.004382 -0.185508
vn 0.976285 -0.064221 -0.206745
vn 0.970050 -0.100742 -0.221028
vn 0.912741 -0.335463 -0.233170
vn -0.971981 -0.154893 0.176808
vn -0.970761 0.105774 0.215490
vn -0.976458 0.069485 0.204210
vn -0.982169 0.013386 0.187522
vn -0.991312 0.022377 0.129613
vn -0.994538 0.046675 0.093357
vn -0.995047 0.044064 0.089102
vn -0.995937 0.037073 0.082068
vn -0.996895 0.045144 0.064522
vn -0.996194 0.045716 0.074210
vn -0.997152 0.019457 0.072871
vn -0.998776 0.041526 0.026877
vn -0.994478 0.104530 0.009359
vn -0.993160 0.054535 0.103243
vn -0.998129 -0.040862 0.045482
vn -0.998211 -0.053245 0.027217
vn -0.999757 -0.010940 0.019129
vn -0.999928 0.010717 0.005481
vn -0.999913 0.011727 0.005998
vn -0.999894 0.012948 0.006622
vn -0.999868 0.014449 0.007390
vn -0.999837 0.016332 0.007674
vn -0.999795 0.018553 0.008138
vn -0.999731 0.021230 0.009311
vn -0.999633 0.024799 0.010876
vn -0.999471 0.029790 0.013066
vn -0.999173 0.037247 0.016337
vn -0.998536 0.049528 0.021724
vn -0.996765 0.073498 0.032535
vn -0.859564 -0.509678 0.037122
vn 0.776091 -0.628908 -0.046444
vn 0.996747 -0.073626 -0.032791
vn 0.998536 -0.049541 -0.021725
vn 0.999172 -0.037254 -0.016338
vn 0.999471 -0.029793 -0.013066
vn 0.999633 -0.024800 -0.010877
vn 0.999731 -0.021232 -0.009312
vn 0.999795 -0.018557 -0.008138
vn 0.999837 -0.016335 -0.007674
vn 0.999868 -0.014451 -0.007390
vn 0.999894 -0.012949 -0.006622
vn 0.999913 -0.011729 -0.005998
vn 0.999928 -0.010719 -0.005481
vn 0.999939 -0.009869 -0.005046
vn 0.999947 -0.009143 -0.004675
vn 0.999954 -0.008517 -0.004355
vn 0.999959 -0.008180 -0.003857
vn 0.999968 -0.007974 0.000000
vn 0.999968 -0.007974 0.000000
vn 0.238585 -0.004638 -0.971111
vn -0.239350 -0.000826 -0.970933
vn -0.999968 0.007973 0.000000
vn -0.999968 0.007973 0.000000
vn -0.999959 0.008179 0.003857
vn -0.999954 0.008516 0.004355
vn -0.999947 0.009141 0.004675
vn -0.999939 0.009867 0.005046
vn -0.999939 0.010831 0.002285
vn -0.999926 0.011901 0.002511
vn -0.999909 0.013205 0.002787
vn -0.999885 0.014834 0.003130
vn -0.999853 0.016859 0.003285
vn -0.999808 0.019294 0.003492
vn -0.999743 0.022325 0.004041
vn -0.999638 0.026491 0.004794
vn -0.999452 0.032566 0.005894
vn -0.999078 0.042250 0.007646
vn -0.998132 0.060112 0.010880
vn -0.994397 0.104021 0.018826
vn -0.636122 -0.771393 0.017403
vn 0.556231 -0.830647 -0.025143
vn 0.994395 -0.104038 -0.018832
vn 0.998132 -0.060117 -0.010883
vn 0.999078 -0.042249 -0.007649
vn 0.999452 -0.032567 -0.005895
vn 0.999638 -0.026490 -0.004796
vn 0.999743 -0.022326 -0.004042
vn 0.999808 -0.019294 -0.003493
vn 0.999853 -0.016858 -0.003286
vn 0.999885 -0.014834 -0.003131
vn 0.999909 -0.013207 -0.002788
vn 0.999926 -0.011901 -0.002512
vn 0.999939 -0.010830 -0.002286
vn 0.999948 -0.009936 -0.002097
vn 0.999956 -0.009178 -0.001937
vn 0.999962 -0.008529 -0.001800
vn 0.999965 -0.008199 -0.001587
vn 0.999968 -0.007974 0.000000
vn 0.999968 -0.007973 0.000000
vn 0.231802 -0.004588 -0.972752
vn -0.231803 -0.000891 -0.972762
vn -0.999968 0.007973 0.000000
vn -0.999968 0.007974 0.000000
vn -0.999965 0.008197 0.001587
vn -0.999962 0.008528 0.001800
vn -0.999956 0.009178 0.001937
vn -0.999948 0.009936 0.002097
vn -0.999157 0.007420 -0.040374
vn -0.999642 0.007792 -0.025579
vn -0.256277 -0.000677 -0.966603
vn 0.254374 -0.004753 -0.967094
vn 0.999582 -0.007734 0.027875
vn 0.999105 -0.007341 0.041648
vn 0.967446 -0.004854 0.253030
vn 0.974528 0.002752 0.224250
vn 0.988271 0.001802 0.152701
vn 0.997736 -0.010320 0.066458
vn 0.999818 -0.015482 0.011137
vn 0.999840 -0.011737 -0.013514
vn 0.999772 -0.012025 -0.017663
vn 0.999726 -0.013169 -0.019344
vn 0.999695 -0.014678 -0.019880
vn 0.999652 -0.016396 -0.020656
vn 0.999570 -0.018227 -0.022962
vn 0.999353 -0.021151 -0.029079
vn 0.997835 -0.028784 -0.059142
vn 0.994781 -0.050739 -0.088526
vn 0.989657 -0.070732 -0.124806
vn 0.979614 -0.097318 -0.175742
vn 0.850800 -0.471490 -0.232026
vn -0.952807 -0.263781 0.150264
vn -0.980888 0.096949 0.168698
vn -0.989926 0.072671 0.121513
vn -0.994696 0.051844 0.088840
vn -0.997808 0.028841 0.059567
vn -0.999350 0.021169 0.029175
vn -0.999570 0.018229 0.022963
vn -0.999652 0.016398 0.020657
vn -0.999695 0.014679 0.019881
vn -0.999726 0.013169 0.019345
vn -0.999772 0.012025 0.017664
vn -0.999836 0.011638 0.013917
vn -0.999847 0.015110 -0.008871
vn -0.998074 0.010282 -0.061179
vn -0.989559 -0.001228 -0.144120
vn -0.976979 -0.002266 -0.213321
vn -0.970300 0.004999 -0.241855
vn 0.228422 -0.052793 -0.972130
vn -0.230668 -0.049603 -0.971767
vn -0.749313 0.415623 -0.515545
vn -0.986663 0.106047 0.123490
vn -0.995674 0.080629 0.046168
vn -0.719918 0.363229 -0.591425
vn -0.021339 0.436525 -0.899439
vn 0.025943 0.455248 -0.889987
vn 0.027379 0.429126 -0.902829
vn -0.002667 0.414173 -0.910194
vn 0.021851 0.410255 -0.911709
vn 0.015579 0.389678 -0.920819
vn -0.000841 0.421552 -0.906804
vn 0.010034 0.378714 -0.925459
vn -0.000719 0.443729 -0.896161
vn 0.006928 0.376120 -0.926545
vn 0.003932 0.456705 -0.889610
vn 0.022393 0.388901 -0.921007
vn -0.003360 0.471960 -0.881613
vn 0.017628 0.414615 -0.909826
vn -0.000202 0.479309 -0.877646
vn 0.002142 0.431153 -0.902276
vn -0.000804 0.480437 -0.877029
vn 0.000115 0.433404 -0.901200
vn -0.014851 0.478995 -0.877692
vn -0.008479 0.442641 -0.896659
vn -0.029584 0.478130 -0.877791
vn -0.017632 0.465424 -0.884912
vn -0.025124 0.474733 -0.879771
vn -0.023580 0.482878 -0.875370
vn 0.003005 0.453333 -0.891336
vn -0.021184 0.481762 -0.876046
vn 0.045040 0.417269 -0.907666
vn 0.001540 0.453234 -0.891391
vn 0.058489 0.405579 -0.912187
vn 0.044989 0.412789 -0.909715
vn 0.003116 0.421871 -0.906651
vn 0.022786 0.405030 -0.914019
vn -0.038218 0.432181 -0.900977
vn -0.029489 0.418685 -0.907653
vn 0.807793 0.256915 -0.530533
vn 0.795016 0.248709 -0.553256
vn 0.830416 -0.234885 0.505211
vn 0.844816 -0.221195 0.487195
vn 0.025781 -0.403782 0.914492
vn 0.032541 -0.414218 0.909596
vn -0.019268 -0.390430 0.920431
vn -0.001097 -0.405680 0.914014
vn -0.041627 -0.393039 0.918579
vn -0.050076 -0.390475 0.919251
vn -0.004043 -0.428207 0.903672
vn -0.040622 -0.396582 0.917100
vn 0.017833 -0.455366 0.890126
vn -0.003409 -0.427227 0.904138
vn 0.020710 -0.459350 0.888014
vn 0.020289 -0.446345 0.894631
vn 0.017642 -0.445812 0.894953
vn 0.025360 -0.452076 0.891619
vn 0.009190 -0.428414 0.903536
vn 0.012929 -0.455361 0.890213
vn 0.000036 -0.421737 0.906718
vn 0.000692 -0.457406 0.889258
vn -0.000998 -0.420575 0.907257
vn 0.000063 -0.456761 0.889589
vn -0.011553 -0.406967 0.913370
vn 0.004466 -0.452479 0.891764
vn -0.016581 -0.383540 0.923376
vn -0.001462 -0.442526 0.896755
vn -0.006654 -0.369071 0.929378
vn 0.001776 -0.433321 0.901238
vn -0.009049 -0.365667 0.930702
vn 0.002423 -0.414755 0.909930
vn -0.014079 -0.371941 0.928150
vn -0.017655 -0.403408 0.914850
vn -0.001715 -0.395172 0.918606
vn -0.025989 -0.416082 0.908956
vn 0.257305 -0.411138 0.874505
vn 0.173449 -0.448881 0.876597
vn 0.998162 0.002935 -0.060529
vn 0.991476 -0.088488 -0.095631
vn 0.998159 -0.037884 -0.047375
vn 0.997560 0.069650 -0.004768
vn 0.891744 -0.452216 0.017111
vn -0.901450 -0.432760 -0.010353
vn -0.873015 -0.485153 -0.049718
vn 0.855856 -0.516757 0.021739
vn -0.996884 -0.076131 0.020633
vn -0.997962 0.045017 0.045216
vn -0.989986 0.099515 0.100125
vn -0.996829 0.000098 0.079572
vn -0.995775 -0.040369 -0.082473
vn -0.680735 0.244645 -0.690470
vn -0.022429 0.437904 -0.898742
vn -0.008811 0.452018 -0.891966
vn 0.001707 0.457446 -0.889236
vn -0.008507 0.431380 -0.902131
vn -0.002701 0.402735 -0.915313
vn 0.028582 0.389689 -0.920503
vn 0.032999 0.390023 -0.920214
vn 0.007057 0.394903 -0.918696
vn 0.001570 0.399462 -0.916749
vn 0.007588 0.409598 -0.912235
vn 0.004009 0.426983 -0.904251
vn -0.009076 0.446725 -0.894625
vn -0.022808 0.463064 -0.886031
vn -0.035737 0.452651 -0.890971
vn 0.014544 0.415857 -0.909314
vn 0.031075 0.400656 -0.915701
vn -0.007194 0.410291 -0.911927
vn 0.807980 0.241995 -0.537221
vn 0.826374 -0.244583 0.507233
vn 0.006771 -0.394851 0.918720
vn -0.030585 -0.384533 0.922605
vn -0.017012 -0.396329 0.917951
vn 0.031164 -0.431880 0.901393
vn 0.022258 -0.445234 0.895138
vn 0.009456 -0.433641 0.901036
vn -0.001036 -0.415600 0.909547
vn -0.004755 -0.397154 0.917740
vn -0.001382 -0.386379 0.922339
vn -0.005477 -0.381048 0.924539
vn -0.027328 -0.372827 0.927499
vn -0.024772 -0.368781 0.929186
vn -0.000278 -0.379147 0.925337
vn 0.003893 -0.404287 0.914624
vn -0.002602 -0.426469 0.904498
vn 0.009095 -0.424316 0.905469
vn 0.285123 -0.385523 0.877540
vn 0.996424 -0.062546 -0.056806
vn 0.993003 -0.108178 -0.047361
vn 0.921633 -0.388052 -0.002876
vn -0.915943 -0.399553 0.037495
vn -0.991493 0.122579 0.043764
vn -0.995429 0.076564 0.057095
vn 0.000533 0.376442 -0.926440
vn 0.013504 0.386202 -0.922315
vn 0.015004 0.403088 -0.915038
vn 0.013573 0.413048 -0.910608
vn 0.000020 0.415799 -0.909457
vn -0.016716 0.419404 -0.907646
vn -0.016381 0.431834 -0.901804
vn -0.011746 0.439650 -0.898093
vn -0.002024 0.438650 -0.898656
vn -0.760320 0.287394 -0.582511
vn -0.999352 0.032703 -0.015039
vn -0.997975 0.058284 -0.025480
vn -0.999781 0.020926 0.000800
vn -0.324929 -0.945634 0.014064
vn 0.344084 -0.938812 0.015439
vn 0.999723 -0.022714 0.006114
vn 0.998813 -0.045513 0.017362
vn 0.052701 -0.422745 0.904715
vn 0.008426 -0.423673 0.905776
vn 0.011104 -0.415352 0.909593
vn 0.012055 -0.405673 0.913939
vn -0.000167 -0.403454 0.915000
vn -0.011891 -0.400984 0.916008
vn -0.016269 -0.390190 0.920591
vn -0.011261 -0.373857 0.927418
vn 0.003644 -0.368656 0.929559
vn 0.013073 -0.385143 0.922764
vn 0.020707 -0.418797 0.907844
vn 0.009175 -0.447763 0.894105
vn -0.005915 -0.459175 0.888326
vn 0.012661 -0.454295 0.890762
vn 0.018664 -0.424808 0.905091
vn -0.007938 -0.395706 0.918343
vn -0.026701 -0.381281 0.924074
vn 0.907277 -0.267317 0.324639
vn 0.880153 0.059198 -0.470984
vn 0.019591 0.401227 -0.915769
vn 0.002905 0.419132 -0.907921
vn -0.022965 0.449328 -0.893072
vn -0.015361 0.476363 -0.879114
vn 0.005809 0.478210 -0.878227
vn -0.005268 0.463710 -0.885972
vn -0.014561 0.427124 -0.904076
vn -0.010742 0.390056 -0.920728
vn -0.999540 0.009876 0.028687
vn -0.755059 0.311298 -0.577044
vn 0.042767 0.434763 -0.899529
vn 0.037998 0.442188 -0.896117
vn 0.009477 0.458980 -0.888396
vn -0.021650 0.482522 -0.875616
vn -0.010676 0.494352 -0.869196
vn 0.001237 0.492017 -0.870585
vn -0.006339 0.485489 -0.874220
vn -0.000676 0.481679 -0.876347
vn -0.002037 0.482232 -0.876041
vn -0.010967 0.480346 -0.877011
vn -0.019829 0.466400 -0.884352
vn -0.005288 0.436366 -0.899754
vn 0.037435 0.403913 -0.914031
vn 0.063291 0.382912 -0.921614
vn 0.032224 0.408760 -0.912073
vn -0.017731 0.446420 -0.894648
vn -0.034425 0.458419 -0.888069
vn 0.829481 0.298165 -0.472292
vn 0.842500 -0.169597 0.511303
vn 0.026221 -0.441553 0.896852
vn 0.015819 -0.431725 0.901867
vn -0.023629 -0.399839 0.916281
vn -0.053531 -0.376524 0.924859
vn -0.030428 -0.391409 0.919714
vn 0.005187 -0.414534 0.910019
vn 0.014864 -0.438857 0.898434
vn 0.008973 -0.451721 0.892114
vn 0.001597 -0.453396 0.891308
vn 0.000199 -0.452993 0.891514
vn 0.004885 -0.456887 0.889511
vn -0.001465 -0.464024 0.885822
vn 0.009801 -0.466703 0.884360
vn 0.019449 -0.458044 0.888717
vn -0.006753 -0.438461 0.898725
vn -0.033934 -0.423931 0.905059
vn 0.117242 -0.422324 0.898831
vn 0.990103 0.137307 0.029038
vn 0.982497 0.166486 0.083564
vn 0.802566 -0.595885 0.028431
vn -0.820631 -0.565142 -0.084729
vn -0.978958 -0.189480 -0.075751
vn -0.987438 -0.157822 0.007692
vn 0.995151 0.038029 0.090706
vn 0.998635 -0.052235 0.000207
vn 0.935093 -0.350531 -0.052251
vn -0.916108 -0.378988 0.130820
vn -0.998040 0.062432 -0.004290
vn -0.993119 -0.035152 -0.111709
vn -0.993553 0.054844 0.099216
vn -0.997244 0.008915 0.073654
vn -0.990888 0.096758 0.093700
vn -0.987819 0.078446 0.134384
vn -0.987561 0.064187 0.143539
vn -0.983907 0.066615 0.165798
vn -0.976592 0.077572 0.200626
vn -0.982086 0.069759 0.175046
vn -0.971138 0.135912 0.196009
vn -0.988177 0.136941 0.068952
vn -0.972233 0.232292 0.028350
vn -0.975275 0.211638 -0.063628
vn -0.958445 0.285251 -0.003807
vn -0.973853 0.225559 -0.027076
vn -0.959805 0.260850 0.103590
vn -0.974724 0.199600 0.100368
vn 0.975616 -0.197699 -0.095339
vn 0.965995 -0.242487 -0.089748
vn 0.975014 -0.221016 0.022353
vn 0.965707 -0.259507 0.008164
vn 0.978569 -0.200655 0.046272
vn 0.977043 -0.210194 -0.034717
vn 0.988916 -0.127989 -0.075263
vn 0.975175 -0.123905 -0.183523
vn 0.984178 -0.066764 -0.164121
vn 0.980164 -0.073272 -0.184147
vn 0.986891 -0.063135 -0.148527
vn 0.990002 -0.061875 -0.126757
vn 0.990317 -0.074551 -0.117106
vn 0.994992 -0.051338 -0.085760
vn 0.992521 -0.089973 -0.082503
vn 0.997808 -0.008056 -0.065685
vn 0.991434 0.019168 -0.129196
vn 0.996149 -0.046515 -0.074326
vn 0.999243 0.034605 0.017754
vn 0.989414 0.116730 -0.086216
vn 0.996478 0.083520 0.007535
vn 0.999665 0.010245 0.023791
vn 0.989114 0.147108 0.003482
vn 0.995081 0.098957 0.004632
vn 0.992958 0.118364 0.005009
vn 0.996065 0.082638 0.032039
vn 0.986377 0.130871 0.099665
vn 0.995245 0.045405 0.086175
vn 0.990487 0.075279 0.115186
vn 0.995424 -0.008020 0.095222
vn 0.995525 0.003220 0.094446
vn 0.994739 -0.041803 0.093522
vn 0.995575 -0.052187 0.078147
vn 0.994882 -0.084639 0.055192
vn 0.992730 -0.115619 0.033450
vn 0.990190 -0.137669 0.023898
vn -0.990639 0.135380 -0.017493
vn -0.992531 0.119033 -0.026693
vn -0.995139 0.087485 -0.045229
vn -0.996254 0.054653 -0.067011
vn -0.994931 0.043621 -0.090608
vn -0.995638 -0.005102 -0.093158
vn -0.995107 0.005068 -0.098669
vn -0.989000 -0.082621 -0.122689
vn -0.994281 -0.053436 -0.092462
vn -0.983780 -0.141809 -0.109854
vn -0.994997 -0.093570 -0.035017
vn -0.991633 -0.128740 -0.009533
vn -0.993758 -0.111447 -0.004974
vn -0.995676 -0.092192 -0.011428
vn -0.986233 -0.165276 -0.005335
vn -0.999566 -0.011157 -0.027272
vn -0.995314 0.047729 0.084092
vn -0.989355 -0.023455 0.143619
vn -0.986401 -0.131275 0.098894
vn -0.999045 -0.039644 -0.018394
vn -0.998819 -0.043361 0.021917
vn -0.996569 0.003107 0.082714
vn -0.999856 -0.008896 0.014476
vn -0.997211 -0.063290 0.039553
vn -0.995874 -0.086312 -0.028037
vn -0.995236 -0.072301 0.065402
vn -0.998760 0.002183 -0.049738
vn -0.997434 0.006258 0.071314
vn -0.991560 0.115442 -0.059014
vn -0.994046 0.107783 0.016007
vn -0.997903 0.033487 -0.055400
vn -0.998651 0.031009 -0.041650
vn -0.995738 -0.068834 -0.061380
vn -0.995348 -0.073267 -0.062564
vn -0.990368 -0.112133 -0.081222
vn -0.990304 -0.114545 -0.078596
vn -0.993880 -0.056864 -0.094710
vn -0.994714 -0.051208 -0.089007
vn -0.559431 0.824722 -0.082885
vn -0.560002 0.826722 -0.054128
vn 0.000140 0.999395 -0.034778
vn 0.000117 0.998572 -0.053422
vn -0.006095 0.998485 -0.054694
vn -0.006158 0.999350 -0.035536
vn -0.002505 0.998609 -0.052660
vn -0.002215 0.999448 -0.033151
vn -0.006980 0.998619 -0.052075
vn -0.007153 0.999465 -0.031913
vn -0.029056 0.997547 -0.063687
vn -0.030086 0.998700 -0.041159
vn -0.006281 0.998544 -0.053582
vn -0.004122 0.999568 -0.029114
vn 0.019481 0.999793 -0.005891
vn 0.022748 0.999587 0.017546
vn -0.019266 0.999701 0.015081
vn -0.020152 0.999061 0.038363
vn -0.021896 0.999759 -0.001287
vn -0.023389 0.999629 0.013985
vn 0.005487 0.999968 -0.005867
vn 0.005877 0.999983 0.000277
vn 0.007989 0.999939 -0.007588
vn 0.007909 0.999936 0.008142
vn 0.060036 0.997955 -0.021923
vn 0.058843 0.998266 0.001336
vn 0.103990 0.994212 -0.027003
vn 0.104146 0.994490 -0.012008
vn 0.021960 0.999634 -0.015780
vn 0.022541 0.999705 -0.009054
vn -0.019259 0.999768 -0.009691
vn -0.019224 0.999807 -0.004048
vn 0.020383 0.999764 -0.007560
vn 0.020646 0.999785 -0.001700
vn 0.043235 0.999054 -0.004604
vn 0.043370 0.999059 -0.000001
vn 0.797806 0.602836 0.009750
vn 0.802729 0.596217 0.012306
vn 0.999423 -0.002438 0.033894
vn 0.999261 -0.000981 0.038415
vn 0.999826 0.018596 -0.001504
vn 0.999746 0.021434 -0.006930
vn 0.997988 0.049754 -0.039308
vn 0.998091 0.049123 -0.037428
vn 0.999267 0.023864 0.029940
vn 0.998824 0.019758 0.044271
vn 0.996968 -0.005796 0.077595
vn 0.995371 -0.004952 0.095977
vn 0.996915 -0.068687 0.037985
vn 0.996386 -0.067062 0.052128
vn 0.997030 -0.076792 0.005838
vn 0.997024 -0.076338 0.010771
vn 0.999968 -0.007973 0.000000
vn 0.999968 -0.007974 0.000000
vn 0.999968 -0.007974 0.000000
vn 0.999968 -0.007973 0.000000
vn 0.976744 -0.214410 0.000000
vn 0.976744 -0.214410 0.000000
vn -0.979904 -0.199468 0.000000
vn -0.979904 -0.199468 0.000000
vn -0.999968 0.007974 0.000000
vn -0.999968 0.007974 0.000000
vn -0.999968 0.007972 0.000000
vn -0.999968 0.007973 0.000000
vn -0.997294 0.072749 -0.010604
vn -0.997306 0.073177 -0.005195
vn -0.996673 0.064000 -0.050461
vn -0.997216 0.065497 -0.035636
vn -0.995742 0.005083 -0.092043
vn -0.997248 0.005880 -0.073901
vn -0.998985 -0.017391 -0.041549
vn -0.999326 -0.021260 -0.029912
vn -0.998298 -0.045691 0.036238
vn -0.998338 -0.046259 0.034365
vn -0.999727 -0.018776 0.013922
vn -0.999839 -0.016643 0.006692
vn -0.866664 -0.498604 -0.016946
vn -0.865781 -0.499927 -0.022291
vn -0.019096 -0.999816 0.002107
vn -0.018715 -0.999822 0.002497
vn 0.016638 -0.999830 0.007889
vn 0.017024 -0.999818 0.008629
vn -0.024641 -0.999330 0.027074
vn -0.023751 -0.999563 0.017609
vn -0.103733 -0.993833 0.039188
vn -0.103953 -0.994187 0.028031
vn -0.059034 -0.998167 0.013323
vn -0.060573 -0.997873 0.024093
vn -0.000416 -0.999961 -0.008818
vn -0.001030 -0.999974 0.007204
vn 0.000334 -0.999973 -0.007409
vn 0.000685 -0.999999 0.001042
vn 0.019608 -0.999762 -0.009533
vn 0.019406 -0.999794 0.005935
vn 0.018334 -0.999716 -0.015255
vn 0.018164 -0.999821 0.005263
vn -0.022591 -0.999728 -0.005858
vn -0.021848 -0.999737 0.006985
vn -0.001240 -0.999914 0.013034
vn -0.000698 -0.999888 0.014940
vn 0.021044 -0.999402 0.027424
vn 0.021928 -0.999294 0.030507
vn 0.006382 -0.999376 0.034731
vn 0.006886 -0.998790 0.048699
vn 0.005671 -0.999295 0.037113
vn 0.005700 -0.998418 0.055929
vn 0.006142 -0.999297 0.036983
vn 0.006080 -0.998423 0.055811
vn 0.864581 -0.491816 0.103042
vn 0.866058 -0.479730 0.140720
vn 0.991033 0.106151 0.081156
vn 0.988832 0.104408 0.106353
vn 0.994920 0.076746 0.065155
vn 0.994647 0.071406 0.074693
vn 0.998812 -0.020600 0.044167
vn 0.998035 -0.024419 0.057696
vn 0.995555 -0.093447 -0.011749
vn 0.993161 -0.102083 0.056656
vn 0.998115 -0.005806 -0.061095
vn 0.998920 -0.001205 0.046458
vn 0.996958 0.062600 -0.046445
vn 0.996648 0.077327 0.026713
vn 0.997955 0.059894 -0.022306
vn 0.999163 0.037405 -0.016578
vn 0.999839 0.015398 -0.009251
vn 0.997409 -0.002015 -0.071907
vn 0.995597 -0.023767 0.090678
vn 0.993653 0.064815 0.091935
vn 0.999313 0.004115 -0.036822
vn 0.995980 -0.078006 0.044026
vn 0.987854 -0.127210 0.089232
vn 0.996502 -0.077557 0.031118
vn 0.999519 -0.024170 0.019448
vn 0.997575 -0.007162 0.069227
vn -0.879597 -0.464995 -0.100442
vn 0.965633 -0.255253 0.048982
vn 0.960049 -0.271203 0.068950
vn -0.874384 -0.467711 -0.129226
vn -0.995831 0.084515 -0.034332
vn -0.985287 0.138467 -0.100186
vn -0.996831 0.007745 -0.079175
vn -0.999383 0.027428 -0.021961
vn -0.995185 0.084066 -0.050404
vn -0.999076 -0.005438 0.042641
vn -0.992471 -0.070722 -0.099997
vn -0.994418 0.028457 -0.101602
vn -0.899826 -0.415831 0.131901
vn 0.958959 -0.277181 -0.059737
vn 0.998879 0.022686 -0.041553
vn 0.984581 0.163888 -0.061168
vn 0.999059 -0.023328 0.036571
vn 0.994574 0.077057 0.069890
vn 0.997990 -0.063353 0.001439
vn 0.998745 -0.022229 -0.044881
vn 0.998710 0.000949 -0.050767
vn 0.999465 -0.009648 -0.031238
vn 0.999924 -0.004712 -0.011410
vn 0.999904 0.013842 0.000885
vn 0.996413 0.084532 -0.004027
vn 0.995274 0.096113 -0.013867
vn 0.847059 -0.528995 0.051524
vn 0.005566 -0.992806 0.119606
vn 0.005633 -0.992602 0.121286
vn 0.010492 -0.993415 0.114093
vn 0.027644 -0.994907 0.096933
vn 0.004538 -0.997957 0.063726
vn -0.019737 -0.999525 0.023670
vn 0.016181 -0.999713 0.017689
vn 0.019460 -0.999432 0.027532
vn -0.002172 -0.999122 0.041850
vn -0.006804 -0.996513 0.083165
vn -0.057231 -0.993582 0.097569
vn -0.095382 -0.993929 0.054845
vn -0.023207 -0.999528 0.020127
vn 0.018628 -0.999711 0.015203
vn -0.014846 -0.999890 0.000040
vn -0.862113 -0.504509 -0.047240
vn -0.999853 -0.008286 -0.015028
vn -0.998376 -0.044160 0.035995
vn -0.999265 -0.032317 0.020621
vn -0.999904 0.007925 -0.011374
vn -0.997604 0.068973 -0.005364
vn -0.997303 0.073401 0.000000
vn -0.999968 0.007973 0.000000
vn -0.999968 0.007974 0.000000
vn -0.979904 -0.199468 0.000000
vn 0.976743 -0.214411 0.000000
vn 0.999968 -0.007974 0.000000
vn 0.999968 -0.007974 0.000000
vn 0.997029 -0.077023 0.000000
vn 0.997366 -0.072312 0.005621
vn 0.999892 -0.007906 0.012415
vn 0.999159 0.035523 -0.020499
vn 0.998141 0.047757 -0.037870
vn 0.999868 0.008719 0.013718
vn 0.999020 0.007329 0.043646
vn 0.775034 0.631707 0.016381
vn 0.041190 0.999150 0.001623
vn 0.017854 0.999804 -0.008519
vn -0.018470 0.999680 -0.017280
vn 0.019276 0.999626 -0.019415
vn 0.095658 0.993979 -0.053426
vn 0.059279 0.993530 -0.096871
vn 0.013103 0.996495 -0.082623
vn 0.008327 0.999112 -0.041302
vn -0.019165 0.999478 -0.026005
vn -0.015752 0.999762 -0.015080
vn 0.010648 0.999679 -0.022988
vn -0.017091 0.997272 -0.071802
vn -0.029334 0.993613 -0.108962
vn -0.006882 0.993120 -0.116902
vn -0.003562 0.992697 -0.120579
vn -0.005532 0.992580 -0.121465
vn 0.000059 0.992924 -0.118753
vn -0.557378 0.810045 -0.182092
vn -0.999896 0.012698 -0.006854
vn -0.994348 -0.105103 0.015007
vn -0.995522 -0.094441 0.004089
vn -0.999853 -0.016908 -0.002782
vn -0.999961 0.004096 0.007876
vn -0.999536 0.010158 0.028735
vn -0.998775 0.000112 0.049477
vn -0.998587 0.030584 0.043455
vn -0.997344 0.072584 -0.006084
vn -0.993191 -0.081475 -0.083272
vn -0.998746 0.027330 -0.041958
vn -0.998595 -0.025180 0.046638
vn -0.980493 -0.184002 0.069112
vn -0.996280 0.019570 -0.083930
vn -0.998986 -0.043776 -0.010485
vn -0.997306 -0.043079 0.059368
vn -0.995120 0.000898 0.098671
vn -0.995556 0.073809 0.058489
vn -0.999616 0.023950 -0.013937
vn -0.996815 -0.069968 -0.038264
vn -0.992833 -0.110724 -0.044979
vn -0.997826 -0.039341 -0.052884
vn -0.560348 0.827884 -0.024860
vn 0.000142 0.999881 -0.015410
vn -0.006191 0.999857 -0.015767
vn -0.002007 0.999888 -0.014805
vn -0.007275 0.999870 -0.014407
vn -0.030817 0.999338 -0.019342
vn -0.001912 0.999991 -0.003869
vn 0.025838 0.998830 0.040869
vn -0.020904 0.997889 0.061485
vn -0.025905 0.999223 0.029716
vn 0.006191 0.999967 0.005214
vn 0.008976 0.999751 0.020452
vn 0.057396 0.998098 0.022512
vn 0.103587 0.994618 0.002413
vn 0.022954 0.999733 -0.002718
vn -0.019169 0.999816 -0.000186
vn 0.020652 0.999787 -0.000001
vn 0.043366 0.999059 0.000002
vn 0.807271 0.590070 0.011479
vn 0.999456 -0.003689 0.032778
vn 0.999686 0.024263 -0.006237
vn 0.998375 0.048102 -0.030547
vn 0.998192 0.015440 0.058091
vn 0.993594 -0.004124 0.112938
vn 0.995697 -0.065285 0.065761
vn 0.997014 -0.075621 0.015619
vn 0.999968 -0.007974 0.000000
vn 0.999968 -0.007973 0.000000
vn 0.976744 -0.214411 0.000000
vn -0.979904 -0.199469 0.000000
vn -0.999968 0.007974 0.000000
vn -0.999968 0.007972 0.000000
vn -0.997283 0.072042 -0.015373
vn -0.996021 0.062227 -0.063804
vn -0.994048 0.004309 -0.108861
vn -0.998371 -0.013212 -0.055511
vn -0.998563 -0.044755 0.029482
vn -0.999698 -0.021004 0.012760
vn -0.867206 -0.497652 -0.017188
vn -0.019154 -0.999817 0.000345
vn 0.016199 -0.999859 0.004466
vn -0.026437 -0.999322 0.025643
vn -0.102812 -0.994101 0.034526
vn -0.056338 -0.998409 -0.002398
vn -0.000864 -0.999832 -0.018292
vn 0.000107 -0.999974 -0.007161
vn 0.020723 -0.999566 -0.020935
vn 0.018300 -0.999227 -0.034787
vn -0.023833 -0.999503 -0.020624
vn -0.002382 -0.999991 0.003390
vn 0.020468 -0.999617 0.018608
vn 0.006296 -0.999756 0.021196
vn 0.005705 -0.999787 0.019813
vn 0.006178 -0.999804 0.018828
vn 0.860114 -0.506546 0.060120
vn 0.993729 0.101809 0.046226
vn 0.996541 0.073290 0.039179
vn 0.999721 -0.014473 0.018644
vn 0.997488 -0.061361 -0.035389
vn 0.998279 0.003474 -0.058535
vn 0.998748 0.039676 -0.030468
vn 0.998701 0.047369 0.018767
vn 0.996997 -0.003136 0.077371
vn 0.996610 -0.074297 0.035346
vn 0.999314 -0.036878 -0.003442
vn 0.998124 -0.033702 -0.051112
vn 0.996876 -0.066674 -0.042334
vn 0.956753 -0.290616 0.012865
vn -0.870899 -0.491455 0.002780
vn -0.997745 0.037379 0.055746
vn -0.996245 0.072706 0.047012
vn -0.999114 0.041998 0.002648
vn -0.995919 0.080664 -0.040491
vn -0.991548 -0.023622 -0.127575
vn -0.998165 0.033010 -0.050760
vn -0.987689 0.092780 0.125949
vn -0.990776 0.072283 0.114619
vn -0.998709 -0.050198 0.007774
vn -0.968516 -0.191376 -0.159226
vn -0.982766 -0.152332 -0.104718
vn -0.999901 -0.000414 0.014086
vn 0.999983 -0.001591 -0.005650
vn 0.984446 0.115877 0.132055
vn 0.973311 0.156980 0.167399
vn 0.998440 0.050444 0.023948
vn 0.992803 -0.060203 -0.103531
vn 0.989385 -0.073020 -0.125638
vn 0.999358 -0.020723 0.029241
vn 0.993969 0.017697 0.108228
vn 0.997663 -0.006213 0.068049
vn 0.998699 -0.032087 0.039628
vn 0.998957 -0.041223 -0.019665
vn 0.994127 -0.032038 -0.103365
vn 0.998975 -0.043886 0.011121
vn 0.996453 -0.038258 0.074952
vn 0.999138 -0.005325 0.041171
vn 0.999761 0.013086 -0.017508
vn 0.998808 0.011538 -0.047434
vn 0.998796 0.039076 -0.029661
vn 0.995692 0.068517 -0.062473
vn 0.991984 0.071317 -0.104317
vn 0.997946 -0.054349 0.033920
vn 0.982451 -0.186115 0.012331
vn -0.977575 0.210507 -0.005792
vn -0.997338 0.063580 -0.035715
vn -0.990017 -0.078869 0.116818
vn -0.994207 -0.078181 0.073764
vn -0.998476 -0.043683 0.033738
vn -0.998371 -0.012162 0.055742
vn -0.999666 -0.013119 0.022260
vn -0.998950 0.005290 -0.045520
vn -0.995539 0.042320 -0.084329
vn -0.998661 0.049853 -0.013800
vn -0.992656 0.036334 0.115383
vn -0.998682 0.045955 0.022870
vn -0.998343 0.035797 -0.045047
vn -0.996657 0.005914 -0.081480
vn -0.993224 -0.045751 0.106828
vn -0.995446 -0.062304 0.072156
vn -0.996205 -0.009343 0.086536
vn -0.994547 0.063009 0.083108
vn -0.990940 0.126320 -0.045623
vn -0.981302 0.147223 -0.123984
vn -0.989209 0.138437 -0.047970
vn -0.988557 0.117161 0.095019
vn 0.988602 -0.117725 -0.093848
vn 0.989624 -0.137991 0.040037
vn 0.983918 -0.142366 0.107876
vn 0.992826 -0.114388 0.034827
vn 0.995895 -0.051417 -0.074493
vn 0.997077 0.013370 -0.075227
vn 0.996319 0.056942 -0.064083
vn 0.994818 0.038686 -0.094027
vn 0.998352 0.056205 -0.011628
vn 0.993428 0.091246 0.069096
vn 0.989348 0.125941 0.073007
vn 0.992195 0.109427 0.059783
vn 0.991294 0.129030 -0.026223
vn 0.989136 0.122957 -0.080569
vn 0.993949 0.087452 -0.066470
vn 0.999362 0.035184 -0.006116
vn 0.999541 0.010805 0.028291
vn 0.998410 -0.014366 0.054510
vn 0.996272 -0.034174 0.079211
vn 0.995378 -0.060085 0.074913
vn 0.994424 -0.101517 0.028558
vn 0.990958 -0.133481 0.013635
vn -0.991839 0.127315 -0.006767
vn -0.995105 0.097205 -0.017795
vn -0.995750 0.059053 -0.070674
vn -0.996015 0.034672 -0.082170
vn -0.998192 0.013761 -0.058508
vn -0.999437 -0.013938 -0.030537
vn -0.999145 -0.040697 0.007262
vn -0.992251 -0.099750 0.074079
vn -0.986099 -0.139416 0.090404
vn -0.988815 -0.145629 0.032202
vn -0.990096 -0.124613 -0.064670
vn -0.986405 -0.139913 -0.086199
vn -0.992007 -0.100186 -0.076709
vn -0.997763 -0.064594 0.017200
vn -0.999645 0.020004 -0.017597
vn -0.995191 0.069834 0.068689
vn -0.992421 0.040520 0.116008
vn -0.989564 -0.101638 0.102143
vn -0.982992 -0.175900 0.052779
vn -0.988581 0.138476 -0.059424
vn -0.994688 0.002489 -0.102907
vn -0.985912 -0.128987 -0.106491
vn -0.895657 -0.433414 -0.099758
vn 0.959574 -0.274760 0.061034
vn 0.995851 -0.002825 0.090960
vn 0.989210 0.113573 0.092541
vn 0.990390 -0.127700 0.053105
vn 0.991556 0.093333 -0.090034
vn 0.986395 0.158295 -0.044354
vn 0.993924 -0.036231 -0.103933
vn 0.996104 -0.064097 -0.060560
vn 0.999690 -0.018335 0.016845
vn 0.994075 0.056045 0.093131
vn 0.992081 0.001399 0.125594
vn 0.991871 -0.082745 0.096672
vn 0.998922 -0.018558 0.042546
vn 0.997573 0.065328 0.024074
vn 0.994106 0.102491 0.035353
vn 0.873095 -0.479384 0.088857
vn 0.005999 -0.997290 0.073320
vn 0.005718 -0.997245 0.073952
vn 0.007736 -0.997823 0.065495
vn 0.023393 -0.998854 0.041747
vn -0.000045 -0.999733 0.023119
vn -0.021608 -0.999564 0.020137
vn 0.018018 -0.999617 0.021005
vn 0.019492 -0.999580 0.021444
vn 0.000844 -0.999760 0.021905
vn -0.002068 -0.999492 0.031793
vn -0.060693 -0.997446 0.037662
vn -0.102887 -0.994458 0.021617
vn -0.023315 -0.999681 0.009713
vn 0.017418 -0.999828 0.006449
vn -0.018128 -0.999830 -0.003456
vn -0.864719 -0.501030 -0.035080
vn -0.999881 -0.014457 -0.005449
vn -0.998536 -0.046334 0.027914
vn -0.999487 -0.024665 -0.020448
vn -0.998404 0.006716 -0.056067
vn -0.997539 0.066813 -0.021265
vn -0.997309 0.073316 -0.000002
vn -0.999968 0.007973 0.000000
vn -0.999968 0.007973 0.000000
vn -0.979904 -0.199468 0.000000
vn 0.976744 -0.214410 0.000000
vn 0.999968 -0.007973 0.000000
vn 0.999968 -0.007974 0.000000
vn 0.997035 -0.076948 0.000002
vn 0.997305 -0.070028 0.021871
vn 0.998339 -0.006638 0.057227
vn 0.999452 0.027491 0.018431
vn 0.998200 0.049899 -0.033268
vn 0.999835 0.015760 0.009061
vn 0.999056 0.000909 0.043443
vn 0.792186 0.610245 0.006565
vn 0.042854 0.999036 -0.009498
vn 0.020015 0.999709 -0.013467
vn -0.019196 0.999699 -0.015271
vn 0.021096 0.999519 -0.022715
vn 0.103121 0.993777 -0.042119
vn 0.060880 0.997153 -0.044485
vn 0.008608 0.999441 -0.032297
vn 0.005238 0.999602 -0.027705
vn -0.020877 0.999601 -0.019044
vn -0.018403 0.999826 -0.003048
vn 0.016252 0.999611 -0.022665
vn -0.008405 0.997540 -0.069596
vn -0.027981 0.996235 -0.082060
vn -0.006748 0.997472 -0.070735
vn -0.002804 0.997468 -0.071063
vn -0.005992 0.997308 -0.073084
vn 0.000117 0.997456 -0.071281
vn -0.558926 0.821861 -0.110212
vn -0.998551 -0.052895 -0.009887
vn -0.993738 -0.110796 0.014432
vn -0.997688 -0.067968 -0.000095
vn -0.998897 0.023718 -0.040522
vn -0.990056 0.093314 -0.105271
vn -0.990484 -0.001324 -0.137621
vn -0.992747 -0.062552 -0.102668
vn -0.996617 -0.054268 0.061719
vn -0.992976 -0.074178 0.092180
vn -0.997426 -0.065983 0.028055
vn -0.994707 -0.018510 -0.101069
vn -0.988425 0.025588 -0.149535
vn -0.999969 0.007806 -0.000592
vn -0.988773 -0.012166 0.148933
vn -0.994475 0.040419 0.096883
vn -0.992721 0.120027 0.009892
vn -0.990543 0.137027 0.006987
vn -0.998675 0.048697 -0.016630
vn -0.999111 -0.041720 -0.006047
vn -0.988266 -0.125943 -0.086426
vn -0.977545 -0.157649 -0.139829
vn -0.992268 -0.074530 -0.099250
vn -0.996300 0.024394 -0.082415
vn -0.994280 0.099021 -0.040027
vn 0.995589 -0.086267 0.036890
vn 0.996101 -0.020677 0.085763
vn 0.992657 0.065652 0.101598
vn 0.980543 0.139791 0.137819
vn 0.989629 0.113735 0.087745
vn 0.999220 0.039480 0.000604
vn 0.999036 -0.042848 0.009547
vn 0.992282 -0.123731 -0.008196
vn 0.994044 -0.108664 -0.008305
vn 0.995396 -0.036298 -0.088708
vn 0.990964 0.010713 -0.133701
vn 0.999968 -0.007672 0.002372
vn 0.990691 -0.020555 0.134568
vn 0.995629 0.019659 0.091307
vn 0.997776 0.061459 -0.025792
vn 0.994136 0.068178 -0.083939
vn 0.997345 0.048315 -0.054481
vn 0.997966 0.024532 -0.058834
vn 0.991001 0.011467 -0.133363
vn 0.985562 -0.021327 -0.167964
vn 0.991137 -0.117136 -0.062659
vn 0.975403 -0.217737 0.034358
vn 0.964660 -0.253797 -0.070842
vn -0.956405 0.279042 0.086170
vn -0.968387 0.247449 -0.031547
vn -0.986942 0.142638 0.074835
vn -0.980731 0.032267 0.192679
vn -0.988123 -0.011173 0.153261
vn -0.997112 -0.027917 0.070625
s 1
g TentandChest_pCube4
f 5438/3658/3005 5439/3659/3006 5105/3660/3007 5106/3661/3008
f 5041/3662/3009 5042/3663/3010 5504/3664/3011 5505/3665/3012
f 5209/3666/3013 5501/3667/3014 5701/3668/3015 5702/3669/3016
f 5721/3670/3017 5722/3671/3018 5508/3672/3019 5230/3673/3020
f 3964/3674/3021 3965/3675/3022 3558/3676/3023 3559/3677/3024
f 5494/3678/3025 5495/3679/3026 5049/3680/3027 5050/3681/3028
f 4038/3682/3029 4039/3683/3030 3562/3684/3031 3563/3685/3032
f 5109/3686/3033 5110/3687/3034 5434/3688/3035 5435/3689/3036
f 4281/3690/3037 4282/3691/3038 3810/3692/3039 3811/3693/3040
f 5690/3694/3041 5691/3695/3042 5217/3696/3043 5218/3697/3044
f 4320/3698/3045 4321/3699/3046 3813/3700/3047 3814/3701/3048
f 5221/3702/3049 5222/3703/3050 5686/3704/3051 5687/3705/3052
f 4774/3706/3053 4775/3707/3054 4741/3708/3055 4742/3709/3056
f 5202/3710/3057 5203/3711/3058 5709/3712/3059 5710/3713/3060
f 4811/3714/3061 4812/3715/3062 4744/3716/3063 4745/3717/3064
f 5713/3718/3065 5714/3719/3066 5198/3720/3067 5199/3721/3068
f 5456/3722/3069 5457/3723/3070 5087/3724/3071 5088/3725/3072
f 5106/3726/3008 5107/3727/3073 5437/3728/3074 5438/3729/3005
f 3982/3730/3075 3983/3731/3076 3545/3732/3077 3546/3733/3078
f 3559/3677/3024 3560/3734/3079 3963/3735/3080 3964/3674/3021
f 4039/3683/3030 4040/3736/3081 3561/3737/3082 3562/3684/3031
f 3575/3738/3083 3576/3739/3084 4020/3740/3085 4021/3741/3086
f 4321/3699/3046 4322/3742/3087 3812/3743/3088 3813/3700/3047
f 3298/3744/3089 3297/3745/3090 3310/3746/3091 3309/3747/3092
f 3831/3748/3093 3832/3749/3094 4302/3750/3095 4303/3751/3096
f 4792/3752/3097 4793/3753/3098 4763/3754/3099 4764/3755/3100
f 3300/3756/3101 3299/3757/3102 3312/3758/3103 3311/3759/3104
f 4742/3709/3056 4743/3760/3105 4773/3761/3106 4774/3706/3053
f 5478/3762/3107 5479/3763/3108 5065/3764/3109 5066/3765/3110
f 5091/3766/3111 5092/3767/3112 5452/3768/3113 5453/3769/3114
f 3988/3770/3115 3989/3771/3116 3660/3772/3117 3541/3773/3118
f 3548/3774/3119 3653/3775/3120 3978/3776/3121 3979/3777/3122
f 3578/3778/3123 3643/3779/3124 4016/3780/3125 4017/3781/3126
f 4024/3782/3127 4025/3783/3128 3650/3784/3129 3573/3785/3130
f 3837/3786/3131 3838/3787/3132 4296/3788/3133 4297/3789/3134
f 4306/3790/3135 4307/3791/3136 3827/3792/3137 3828/3793/3138
f 3656/3794/3139 3657/3795/3140 3461/3796/3141 3462/3797/3142
f 4796/3798/3143 4797/3799/3144 4759/3800/3145 4760/3801/3146
f 3646/3802/3147 3647/3803/3148 3469/3804/3149 3470/3805/3150
f 4767/3806/3151 4768/3807/3152 4788/3808/3153 4789/3809/3154
f 5466/3810/3155 5467/3811/3156 5077/3812/3157 5078/3813/3158
f 5088/3725/3072 5089/3814/3159 5455/3815/3160 5456/3722/3069
f 3984/3816/3161 3985/3817/3162 3543/3818/3163 3544/3819/3164
f 3546/3733/3078 3547/3820/3165 3981/3821/3166 3982/3730/3075
f 3576/3739/3084 3577/3822/3167 4019/3823/3168 4020/3740/3085
f 4021/3741/3086 4022/3824/3169 3574/3825/3170 3575/3738/3083
f 3833/3826/3171 3834/3827/3172 4300/3828/3173 4301/3829/3174
f 4303/3751/3096 4304/3830/3175 3830/3831/3176 3831/3748/3093
f 3322/3832/3177 3321/3833/3178 3333/3834/3179 3334/3835/3180
f 4793/3753/3098 4794/3836/3181 4762/3837/3182 4763/3754/3099
f 3323/3838/3183 3324/3839/3184 3336/3840/3185 3335/3841/3186
f 4764/3755/3100 4765/3842/3187 4791/3843/3188 4792/3752/3097
f 5470/3844/3189 5471/3845/3190 5073/3846/3191 5074/3847/3192
f 4546/3848/3193 4547/3849/3194 4503/3850/3195 4504/3851/3196
f 5081/3852/3197 5082/3853/3198 5462/3854/3199 5463/3855/3200
f 4507/3856/3201 4508/3857/3202 4578/3858/3203 4579/3859/3204
f 4499/3860/3205 4500/3861/3206 4550/3862/3207 4551/3863/3208
f 4482/3864/3209 4483/3865/3210 4567/3866/3211 4568/3867/3212
f 4488/3868/3213 4489/3869/3214 4561/3870/3215 4562/3871/3216
f 4564/3872/3217 4565/3873/3218 4485/3874/3219 4486/3875/3220
f 5486/3876/3221 5487/3877/3222 5057/3878/3223 5058/3879/3224
f 3524/3880/3225 3525/3881/3226 4008/3882/3227 4009/3883/3228
f 4804/3884/3229 4805/3885/3230 4751/3886/3231 4752/3887/3232
f 3511/3888/3233 3512/3889/3234 3437/3890/3235 3438/3891/3236
f 4735/3892/3237 4736/3893/3238 4780/3894/3239 4781/3895/3240
f 3568/3896/3241 3569/3897/3242 4032/3898/3243 4033/3899/3244
f 5099/3900/3245 5100/3901/3246 5444/3902/3247 5445/3903/3248
f 3552/3904/3249 3553/3905/3250 3970/3906/3251 3971/3907/3252
f 4314/3908/3253 4315/3909/3254 3819/3910/3255 3820/3911/3256
f 3519/3912/3257 3520/3913/3258 3429/3914/3259 3430/3915/3260
f 3803/3916/3261 3804/3917/3262 4288/3918/3263 4289/3919/3264
f 3536/3920/3265 3537/3921/3266 3996/3922/3267 3997/3923/3268
f 4050/3924/3269 4051/3925/3270 3681/3926/3271 3682/3927/3272
f 3682/3927/3272 3683/3928/3273 4049/3929/3274 4050/3924/3269
f 3688/3930/3275 3689/3931/3276 4043/3932/3277 4044/3933/3278
f 3696/3934/3279 3697/3935/3280 4113/3936/3281 4114/3937/3282
f 4110/3938/3283 4111/3939/3284 3699/3940/3285 3700/3941/3286
f 3700/3941/3286 3701/3942/3287 4109/3943/3288 4110/3938/3283
f 4496/3944/3289 4497/3945/3290 4553/3946/3291 4554/3947/3292
f 3702/3948/3293 3703/3949/3294 4107/3950/3295 4108/3951/3296
f 4474/3952/3297 4475/3953/3298 4575/3954/3299 4576/3955/3300
f 3706/3956/3301 3707/3957/3302 4103/3958/3303 4104/3959/3304
f 3714/3960/3305 3715/3961/3306 4095/3962/3307 4096/3963/3308
f 5497/3964/3309 5498/3965/3310 5046/3966/3311 5047/3967/3312
f 3726/3968/3313 3727/3969/3314 4083/3970/3315 4084/3971/3316
f 3734/3972/3317 3735/3973/3318 4075/3974/3319 4076/3975/3320
f 4072/3976/3321 4073/3977/3322 3737/3978/3323 3738/3979/3324
f 4071/3980/3325 4072/3976/3321 3738/3979/3324 3739/3981/3326
f 3739/3981/3326 3740/3982/3327 4070/3983/3328 4071/3980/3325
f 3742/3984/3329 3743/3985/3330 4067/3986/3331 4068/3987/3332
f 3750/3988/3333 3751/3989/3334 4059/3990/3335 4060/3991/3336
f 3756/3992/3337 3757/3993/3338 4053/3994/3339 4054/3995/3340
f 3757/3993/3338 3758/3996/3341 4052/3997/3342 4053/3994/3339
f 5112/3998/3343 5113/3999/3344 5431/4000/3345 5432/4001/3346
f 5489/4002/3347 5490/4003/3348 5054/4004/3349 5055/4005/3350
f 3527/4006/3351 3528/4007/3352 4005/4008/3353 4006/4009/3354
f 3723/4010/3355 3724/4011/3356 4086/4012/3357 4087/4013/3358
f 4807/4014/3359 4808/4015/3360 4748/4016/3361 4749/4017/3362
f 3415/4018/3363 3416/4019/3364 3493/4020/3365 3494/4021/3366
f 4738/4022/3367 4739/4023/3368 4777/4024/3369 4778/4025/3370
f 3753/4026/3371 3754/4027/3372 4056/4028/3373 4057/4029/3374
f 3565/4030/3375 3566/4031/3376 4035/4032/3377 4036/4033/3378
f 5102/4034/3379 5103/4035/3380 5441/4036/3381 5442/4037/3382
f 3555/4038/3383 3556/4039/3384 3967/4040/3385 3968/4041/3386
f 3685/4042/3387 3686/4043/3388 4046/4044/3389 4047/4045/3390
f 4317/4046/3391 4318/4047/3392 3816/4048/3393 3817/4049/3394
f 3423/4050/3395 3424/4051/3396 3501/4052/3397 3502/4053/3398
f 3806/4054/3399 3807/4055/3400 4285/4056/3401 4286/4057/3402
f 3717/4058/3403 3718/4059/3404 4092/4060/3405 4093/4061/3406
f 3533/4062/3407 3534/4063/3408 3999/4064/3409 4000/4065/3410
f 5481/4066/3411 5482/4067/3412 5062/4068/3413 5063/4069/3414
f 4013/4070/3415 4014/4071/3416 3627/4072/3417 3580/4073/3418
f 3731/4074/3419 3732/4075/3420 4078/4076/3421 4079/4077/3422
f 4799/4078/3423 4800/4079/3424 4756/4080/3425 4757/4081/3426
f 3447/4082/3427 3448/4083/3428 3623/4084/3429 3624/4085/3430
f 4770/4086/3431 4771/4087/3432 4785/4088/3433 4786/4089/3434
f 3745/4090/3435 3746/4091/3436 4064/4092/3437 4065/4093/3438
f 3571/4094/3439 3640/4095/3440 4027/4096/3441 4028/4097/3442
f 5094/4098/3443 5095/4099/3444 5449/4100/3445 5450/4101/3446
f 3975/4102/3447 3976/4103/3448 3637/4104/3449 3550/4105/3450
f 3693/4106/3451 3694/4107/3452 4116/4108/3453 4117/4109/3454
f 4309/4110/3455 4310/4111/3456 3824/4112/3457 3825/4113/3458
f 3455/4114/3459 3456/4115/3460 3633/4116/3461 3634/4117/3462
f 3840/4118/3463 3841/4119/3464 4293/4120/3465 4294/4121/3466
f 3709/4122/3467 3710/4123/3468 4100/4124/3469 4101/4125/3470
f 3539/4126/3471 3630/4127/3472 3991/4128/3473 3992/4129/3474
f 5490/4003/3348 5491/4130/3475 5053/4131/3476 5054/4004/3349
f 3528/4007/3352 3529/4132/3477 4004/4133/3478 4005/4008/3353
f 3722/4134/3479 3723/4010/3355 4087/4013/3358 4088/4135/3480
f 4808/4015/3360 4809/4136/3481 4747/4137/3482 4748/4016/3361
f 3479/4138/3483 3480/4139/3484 3416/4019/3364 3415/4018/3363
f 4739/4023/3368 4740/4140/3485 4776/4141/3486 4777/4024/3369
f 3754/4027/3372 3755/4142/3487 4055/4143/3488 4056/4028/3373
f 3564/4144/3489 3565/4030/3375 4036/4033/3378 4037/4145/3490
f 5103/4035/3380 5104/4146/3491 5440/4147/3492 5441/4036/3381
f 3556/4039/3384 3557/4148/3493 3966/4149/3494 3967/4040/3385
f 3684/4150/3495 3685/4042/3387 4047/4045/3390 4048/4151/3496
f 4318/4047/3392 4319/4152/3497 3815/4153/3498 3816/4048/3393
f 3487/4154/3499 3488/4155/3500 3424/4051/3396 3423/4050/3395
f 3807/4055/3400 3808/4156/3501 4284/4157/3502 4285/4056/3401
f 3718/4059/3404 3719/4158/3503 4091/4159/3504 4092/4060/3405
f 3532/4160/3505 3533/4062/3407 4000/4065/3410 4001/4161/3506
f 3713/4162/3507 3714/3960/3305 4096/3963/3308 4097/4163/3508
f 3802/4164/3509 3803/3916/3261 4289/3919/3264 4290/4165/3510
f 3430/3915/3260 3429/3914/3259 3583/4166/3511 3584/4167/3512
f 4313/4168/3513 4314/3908/3253 3820/3911/3256 3821/4169/3514
f 3689/3931/3276 3690/4170/3515 4042/4171/3516 4043/3932/3277
f 3971/3907/3252 3972/4172/3517 3587/4173/3518 3552/3904/3249
f 5098/4174/3519 5099/3900/3245 5445/3903/3248 5446/4175/3520
f 3590/4176/3521 4031/4177/3522 4032/3898/3243 3569/3897/3242
f 3749/4178/3523 3750/3988/3333 4060/3991/3336 4061/4179/3524
f 4734/4180/3525 4735/3892/3237 4781/3895/3240 4782/4181/3526
f 3438/3891/3236 3437/3890/3235 3593/4182/3527 3594/4183/3528
f 4803/4184/3529 4804/3884/3229 4752/3887/3232 4753/4185/3530
f 3727/3969/3314 3728/4186/3531 4082/4187/3532 4083/3970/3315
f 4009/3883/3228 4010/4188/3533 3597/4189/3534 3524/3880/3225
f 5485/4190/3535 5486/3876/3221 5058/3879/3224 5059/4191/3536
f 3600/4192/3537 3995/4193/3538 3996/3922/3267 3537/3921/3266
f 5482/4067/3412 5483/4194/3539 5061/4195/3540 5062/4068/3413
f 3580/4073/3418 3603/4196/3541 4012/4197/3542 4013/4070/3415
f 3730/4198/3543 3731/4074/3419 4079/4077/3422 4080/4199/3544
f 4800/4079/3424 4801/4200/3545 4755/4201/3546 4756/4080/3425
f 3606/4202/3547 3607/4203/3548 3448/4083/3428 3447/4082/3427
f 4771/4087/3432 4772/4204/3549 4784/4205/3550 4785/4088/3433
f 3746/4091/3436 3747/4206/3551 4063/4207/3552 4064/4092/3437
f 4028/4097/3442 4029/4208/3553 3610/4209/3554 3571/4094/3439
f 5095/4099/3444 5096/4210/3555 5448/4211/3556 5449/4100/3445
f 3550/4105/3450 3613/4212/3557 3974/4213/3558 3975/4102/3447
f 3692/4214/3559 3693/4106/3451 4117/4109/3454 4118/4215/3560
f 4310/4111/3456 4311/4216/3561 3823/4217/3562 3824/4112/3457
f 3616/4218/3563 3617/4219/3564 3456/4115/3460 3455/4114/3459
f 3841/4119/3464 3842/4220/3565 4292/4221/3566 4293/4120/3465
f 3710/4123/3468 3711/4222/3567 4099/4223/3568 4100/4124/3469
f 3992/4129/3474 3993/4224/3569 3620/4225/3570 3539/4126/3471
f 3705/4226/3571 3706/3956/3301 4104/3959/3304 4105/4227/3572
f 3836/4228/3573 3837/3786/3131 4297/3789/3134 4298/4229/3574
f 3462/3797/3142 3461/3796/3141 3663/4230/3575 3664/4231/3576
f 4305/4232/3577 4306/3790/3135 3828/3793/3138 3829/4233/3578
f 3697/3935/3280 3698/4234/3579 4112/4235/3580 4113/3936/3281
f 3979/3777/3122 3980/4236/3581 3667/4237/3582 3548/3774/3119
f 5090/4238/3583 5091/3766/3111 5453/3769/3114 5454/4239/3584
f 3670/4240/3585 4023/4241/3586 4024/3782/3127 3573/3785/3130
f 3741/4242/3587 3742/3984/3329 4068/3987/3332 4069/4243/3588
f 4766/4244/3589 4767/3806/3151 4789/3809/3154 4790/4245/3590
f 3470/3805/3150 3469/3804/3149 3673/4246/3591 3674/4247/3592
f 4795/4248/3593 4796/3798/3143 4760/3801/3146 4761/4249/3594
f 3735/3973/3318 3736/4250/3595 4074/4251/3596 4075/3974/3319
f 4017/3781/3126 4018/4252/3597 3677/4253/3598 3578/3778/3123
f 5477/4254/3599 5478/3762/3107 5066/3765/3110 5067/4255/3600
f 3680/4256/3601 3987/4257/3602 3988/3770/3115 3541/3773/3118
f 5491/4130/3475 5492/4258/3603 5052/4259/3604 5053/4131/3476
f 3529/4260/3477 3530/4261/3605 4003/4262/3606 4004/4263/3478
f 3721/4264/3607 3722/4265/3479 4088/4266/3480 4089/4267/3608
f 4809/4268/3481 4810/4269/3609 4746/4270/3610 4747/4271/3482
f 3300/3756/3101 3311/3759/3104 3480/4272/3484 3479/4273/3483
f 4740/4274/3485 4741/3708/3055 4775/3707/3054 4776/4275/3486
f 3755/4276/3487 3756/3992/3337 4054/3995/3340 4055/4277/3488
f 3563/3685/3032 3564/4278/3489 4037/4279/3490 4038/3682/3029
f 5104/4280/3491 5105/3660/3007 5439/3659/3006 5440/4281/3492
f 3557/4282/3493 3558/3676/3023 3965/3675/3022 3966/4283/3494
f 3683/3928/3273 3684/4284/3495 4048/4285/3496 4049/3929/3274
f 4319/4286/3497 4320/3698/3045 3814/3701/3048 3815/4287/3498
f 3310/3746/3091 3297/3745/3090 3488/4288/3500 3487/4289/3499
f 3808/4290/3501 3809/4291/3611 4283/4292/3612 4284/4293/3502
f 3719/4294/3503 3720/4295/3613 4090/4296/3614 4091/4297/3504
f 3531/4298/3615 3532/4299/3505 4001/4300/3506 4002/4301/3616
f 3752/4302/3617 3753/4026/3371 4057/4029/3374 4058/4303/3618
f 4737/4304/3619 4738/4022/3367 4778/4025/3370 4779/4305/3620
f 3494/4021/3366 3493/4020/3365 3384/4306/3621 3383/4307/3622
f 4806/4308/3623 4807/4014/3359 4749/4017/3362 4750/4309/3624
f 3724/4011/3356 3725/4310/3625 4085/4311/3626 4086/4012/3357
f 3526/4312/3627 3527/4006/3351 4006/4009/3354 4007/4313/3628
f 5488/4314/3629 5489/4002/3347 5055/4005/3350 5056/4315/3630
f 3534/4063/3408 3535/4316/3631 3998/4317/3632 3999/4064/3409
f 3716/4318/3633 3717/4058/3403 4093/4061/3406 4094/4319/3634
f 3805/4320/3635 3806/4054/3399 4286/4057/3402 4287/4321/3636
f 3502/4053/3398 3501/4052/3397 3392/4322/3637 3391/4323/3638
f 4316/4324/3639 4317/4046/3391 3817/4049/3394 3818/4325/3640
f 3686/4043/3388 3687/4326/3641 4045/4327/3642 4046/4044/3389
f 3554/4328/3643 3555/4038/3383 3968/4041/3386 3969/4329/3644
f 5101/4330/3645 5102/4034/3379 5442/4037/3382 5443/4331/3646
f 3566/4031/3376 3567/4332/3647 4034/4333/3648 4035/4032/3377
f 5487/3877/3222 5488/4314/3629 5056/4315/3630 5057/3878/3223
f 3525/3881/3226 3526/4312/3627 4007/4313/3628 4008/3882/3227
f 3725/4310/3625 3726/3968/3313 4084/3971/3316 4085/4311/3626
f 4805/3885/3230 4806/4308/3623 4750/4309/3624 4751/3886/3231
f 3383/4307/3622 3384/4306/3621 3512/3889/3234 3511/3888/3233
f 4736/3893/3238 4737/4304/3619 4779/4305/3620 4780/3894/3239
f 3751/3989/3334 3752/4302/3617 4058/4303/3618 4059/3990/3335
f 3567/4332/3647 3568/3896/3241 4033/3899/3244 4034/4333/3648
f 5100/3901/3246 5101/4330/3645 5443/4331/3646 5444/3902/3247
f 3553/3905/3250 3554/4328/3643 3969/4329/3644 3970/3906/3251
f 3687/4326/3641 3688/3930/3275 4044/3933/3278 4045/4327/3642
f 4315/3909/3254 4316/4324/3639 3818/4325/3640 3819/3910/3255
f 3391/4323/3638 3392/4322/3637 3520/3913/3258 3519/3912/3257
f 3804/3917/3262 3805/4320/3635 4287/4321/3636 4288/3918/3263
f 3715/3961/3306 3716/4318/3633 4094/4319/3634 4095/3962/3307
f 3535/4316/3631 3536/3920/3265 3997/3923/3268 3998/4317/3632
f 3886/4334/3649 3887/4335/3650 3524/3880/3225 3597/4189/3534
f 3887/4335/3650 3888/4336/3651 3525/3881/3226 3524/3880/3225
f 3888/4336/3651 3889/4337/3652 3526/4312/3627 3525/3881/3226
f 3889/4337/3652 3890/4338/3653 3527/4006/3351 3526/4312/3627
f 3890/4338/3653 3891/4339/3654 3528/4007/3352 3527/4006/3351
f 3891/4339/3654 3892/4340/3655 3529/4132/3477 3528/4007/3352
f 3892/4341/3655 3893/4342/3656 3530/4261/3605 3529/4260/3477
f 5493/4343/3657 5494/3678/3025 5050/3681/3028 5051/4344/3658
f 3894/4345/3659 3895/4346/3660 3532/4299/3505 3531/4298/3615
f 3895/4347/3660 3896/4348/3661 3533/4062/3407 3532/4160/3505
f 3896/4348/3661 3897/4349/3662 3534/4063/3408 3533/4062/3407
f 3897/4349/3662 3898/4350/3663 3535/4316/3631 3534/4063/3408
f 3898/4350/3663 3899/4351/3664 3536/3920/3265 3535/4316/3631
f 3899/4351/3664 3900/4352/3665 3537/3921/3266 3536/3920/3265
f 3900/4352/3665 3901/4353/3666 3600/4192/3537 3537/3921/3266
f 3903/4354/3667 3904/4355/3668 3539/4126/3471 3620/4225/3570
f 3904/4355/3668 3905/4356/3669 3630/4127/3472 3539/4126/3471
f 3907/4357/3670 3908/4358/3671 3541/3773/3118 3660/3772/3117
f 3908/4358/3671 3909/4359/3672 3680/4256/3601 3541/3773/3118
f 4506/4360/3673 4507/3856/3201 4579/3859/3204 4580/4361/3674
f 3544/3819/3164 3543/3818/3163 3911/4362/3675 3912/4363/3676
f 4500/3861/3206 4501/4364/3677 4549/4365/3678 4550/3862/3207
f 3546/3733/3078 3545/3732/3077 3913/4366/3679 3914/4367/3680
f 3914/4367/3680 3915/4368/3681 3547/3820/3165 3546/3733/3078
f 3916/4369/3682 3917/4370/3683 3548/3774/3119 3667/4237/3582
f 3917/4370/3683 3918/4371/3684 3653/3775/3120 3548/3774/3119
f 3920/4372/3685 3921/4373/3686 3550/4105/3450 3637/4104/3449
f 3921/4373/3686 3922/4374/3687 3613/4212/3557 3550/4105/3450
f 3924/4375/3688 3925/4376/3689 3552/3904/3249 3587/4173/3518
f 3925/4376/3689 3926/4377/3690 3553/3905/3250 3552/3904/3249
f 3926/4377/3690 3927/4378/3691 3554/4328/3643 3553/3905/3250
f 3927/4378/3691 3928/4379/3692 3555/4038/3383 3554/4328/3643
f 3928/4379/3692 3929/4380/3693 3556/4039/3384 3555/4038/3383
f 3929/4380/3693 3930/4381/3694 3557/4148/3493 3556/4039/3384
f 3930/4382/3694 3931/4383/3695 3558/4384/3023 3557/4385/3493
f 3559/4386/3024 3558/4384/3023 3931/4383/3695 3932/4387/3696
f 3932/4388/3696 3933/4389/3697 3560/4390/3079 3559/4391/3024
f 5108/4392/3698 5109/4393/3033 5435/4394/3036 5436/4395/3699
f 3562/4396/3031 3561/4397/3082 3934/4398/3700 3935/4399/3701
f 3563/4400/3032 3562/4401/3031 3935/4402/3701 3936/4403/3702
f 3936/4403/3702 3937/4404/3703 3564/4405/3489 3563/4400/3032
f 3937/4406/3703 3938/4407/3704 3565/4030/3375 3564/4144/3489
f 3938/4407/3704 3939/4408/3705 3566/4031/3376 3565/4030/3375
f 3939/4408/3705 3940/4409/3706 3567/4332/3647 3566/4031/3376
f 3940/4409/3706 3941/4410/3707 3568/3896/3241 3567/4332/3647
f 3941/4410/3707 3942/4411/3708 3569/3897/3242 3568/3896/3241
f 3942/4411/3708 3943/4412/3709 3590/4176/3521 3569/3897/3242
f 3945/4413/3710 3946/4414/3711 3571/4094/3439 3610/4209/3554
f 3946/4414/3711 3947/4415/3712 3640/4095/3440 3571/4094/3439
f 3949/4416/3713 3950/4417/3714 3573/3785/3130 3650/3784/3129
f 3950/4417/3714 3951/4418/3715 3670/4240/3585 3573/3785/3130
f 3575/3738/3083 3574/3825/3170 3952/4419/3716 3953/4420/3717
f 3953/4420/3717 3954/4421/3718 3576/3739/3084 3575/3738/3083
f 3954/4421/3718 3955/4422/3719 3577/3822/3167 3576/3739/3084
f 3956/4423/3720 3957/4424/3721 3578/3778/3123 3677/4253/3598
f 3957/4424/3721 3958/4425/3722 3643/3779/3124 3578/3778/3123
f 3960/4426/3723 3961/4427/3724 3580/4073/3418 3627/4072/3417
f 3961/4427/3724 3962/4428/3725 3603/4196/3541 3580/4073/3418
f 3712/4429/3726 3713/4162/3507 4097/4163/3508 4098/4430/3727
f 3801/4431/3728 3802/4164/3509 4290/4165/3510 4291/4432/3729
f 3584/4167/3512 3583/4166/3511 3355/4433/3730 3354/4434/3731
f 4312/4435/3732 4313/4168/3513 3821/4169/3514 3822/4436/3733
f 4041/4437/3734 4042/4171/3516 3690/4170/3515 3691/4438/3735
f 3551/4439/3736 3587/4173/3518 3972/4172/3517 3973/4440/3737
f 3923/4441/3738 3924/4375/3688 3587/4173/3518 3551/4439/3736
f 5097/4442/3739 5098/4174/3519 5446/4175/3520 5447/4443/3740
f 3570/4444/3741 3590/4176/3521 3943/4412/3709 3944/4445/3742
f 4030/4446/3743 4031/4177/3522 3590/4176/3521 3570/4444/3741
f 3748/4447/3744 3749/4178/3523 4061/4179/3524 4062/4448/3745
f 4733/4449/3746 4734/4180/3525 4782/4181/3526 4783/4450/3747
f 3594/4183/3528 3593/4182/3527 3349/4451/3748 3348/4452/3749
f 4802/4453/3750 4803/4184/3529 4753/4185/3530 4754/4454/3751
f 4081/4455/3752 4082/4187/3532 3728/4186/3531 3729/4456/3753
f 3523/4457/3754 3597/4189/3534 4010/4188/3533 4011/4458/3755
f 3885/4459/3756 3886/4334/3649 3597/4189/3534 3523/4457/3754
f 5484/4460/3757 5485/4190/3535 5059/4191/3536 5060/4461/3758
f 3538/4462/3759 3600/4192/3537 3901/4353/3666 3902/4463/3760
f 3994/4464/3761 3995/4193/3538 3600/4192/3537 3538/4462/3759
f 5483/4194/3539 5484/4460/3757 5060/4461/3758 5061/4195/3540
f 3962/4428/3725 3885/4459/3756 3523/4457/3754 3603/4196/3541
f 4011/4458/3755 4012/4197/3542 3603/4196/3541 3523/4457/3754
f 3729/4456/3753 3730/4198/3543 4080/4199/3544 4081/4455/3752
f 4801/4200/3545 4802/4453/3750 4754/4454/3751 4755/4201/3546
f 3348/4452/3749 3349/4451/3748 3607/4203/3548 3606/4202/3547
f 4772/4204/3549 4733/4449/3746 4783/4450/3747 4784/4205/3550
f 3747/4206/3551 3748/4447/3744 4062/4448/3745 4063/4207/3552
f 3570/4444/3741 3610/4209/3554 4029/4208/3553 4030/4446/3743
f 3944/4445/3742 3945/4413/3710 3610/4209/3554 3570/4444/3741
f 5096/4210/3555 5097/4442/3739 5447/4443/3740 5448/4211/3556
f 3922/4374/3687 3923/4441/3738 3551/4439/3736 3613/4212/3557
f 3973/4440/3737 3974/4213/3558 3613/4212/3557 3551/4439/3736
f 3691/4438/3735 3692/4214/3559 4118/4215/3560 4041/4437/3734
f 4311/4216/3561 4312/4435/3732 3822/4436/3733 3823/4217/3562
f 3354/4434/3731 3355/4433/3730 3617/4219/3564 3616/4218/3563
f 3842/4220/3565 3801/4431/3728 4291/4432/3729 4292/4221/3566
f 3711/4222/3567 3712/4429/3726 4098/4430/3727 4099/4223/3568
f 3538/4462/3759 3620/4225/3570 3993/4224/3569 3994/4464/3761
f 3902/4463/3760 3903/4354/3667 3620/4225/3570 3538/4462/3759
f 3744/4465/3762 3745/4090/3435 4065/4093/3438 4066/4466/3763
f 4769/4467/3764 4770/4086/3431 4786/4089/3434 4787/4468/3765
f 3624/4085/3430 3623/4084/3429 3400/4469/3766 3399/4470/3767
f 4798/4471/3768 4799/4078/3423 4757/4081/3426 4758/4472/3769
f 3732/4075/3420 3733/4473/3770 4077/4474/3771 4078/4076/3421
f 3579/4475/3772 3627/4072/3417 4014/4071/3416 4015/4476/3773
f 3959/4477/3774 3960/4426/3723 3627/4072/3417 3579/4475/3772
f 5480/4478/3775 5481/4066/3411 5063/4069/3414 5064/4479/3776
f 3905/4356/3669 3906/4480/3777 3540/4481/3778 3630/4127/3472
f 3990/4482/3779 3991/4128/3473 3630/4127/3472 3540/4481/3778
f 3708/4483/3780 3709/4122/3467 4101/4125/3470 4102/4484/3781
f 3839/4485/3782 3840/4118/3463 4294/4121/3466 4295/4486/3783
f 3634/4117/3462 3633/4116/3461 3408/4487/3784 3407/4488/3785
f 4308/4489/3786 4309/4110/3455 3825/4113/3458 3826/4490/3787
f 3694/4107/3452 3695/4491/3788 4115/4492/3789 4116/4108/3453
f 3549/4493/3790 3637/4104/3449 3976/4103/3448 3977/4494/3791
f 3919/4495/3792 3920/4372/3685 3637/4104/3449 3549/4493/3790
f 5093/4496/3793 5094/4098/3443 5450/4101/3446 5451/4497/3794
f 3947/4415/3712 3948/4498/3795 3572/4499/3796 3640/4095/3440
f 4026/4500/3797 4027/4096/3441 3640/4095/3440 3572/4499/3796
f 5479/3763/3108 5480/4478/3775 5064/4479/3776 5065/3764/3109
f 3958/4425/3722 3959/4477/3774 3579/4475/3772 3643/3779/3124
f 4015/4476/3773 4016/3780/3125 3643/3779/3124 3579/4475/3772
f 3733/4473/3770 3734/3972/3317 4076/3975/3320 4077/4474/3771
f 4797/3799/3144 4798/4471/3768 4758/4472/3769 4759/3800/3145
f 3399/4470/3767 3400/4469/3766 3647/3803/3148 3646/3802/3147
f 4768/3807/3152 4769/4467/3764 4787/4468/3765 4788/3808/3153
f 3743/3985/3330 3744/4465/3762 4066/4466/3763 4067/3986/3331
f 3572/4499/3796 3650/3784/3129 4025/3783/3128 4026/4500/3797
f 3948/4498/3795 3949/4416/3713 3650/3784/3129 3572/4499/3796
f 5092/3767/3112 5093/4496/3793 5451/4497/3794 5452/3768/3113
f 3918/4371/3684 3919/4495/3792 3549/4493/3790 3653/3775/3120
f 3977/4494/3791 3978/3776/3121 3653/3775/3120 3549/4493/3790
f 3695/4491/3788 3696/3934/3279 4114/3937/3282 4115/4492/3789
f 4307/3791/3136 4308/4489/3786 3826/4490/3787 3827/3792/3137
f 3407/4488/3785 3408/4487/3784 3657/3795/3140 3656/3794/3139
f 3838/3787/3132 3839/4485/3782 4295/4486/3783 4296/3788/3133
f 3707/3957/3302 3708/4483/3780 4102/4484/3781 4103/3958/3303
f 3540/4481/3778 3660/3772/3117 3989/3771/3116 3990/4482/3779
f 3906/4480/3777 3907/4357/3670 3660/3772/3117 3540/4481/3778
f 3704/4501/3798 3705/4502/3571 4105/4503/3572 4106/4504/3799
f 3835/4505/3800 3836/4506/3573 4298/4507/3574 4299/4508/3801
f 3664/4509/3576 3663/4510/3575 3321/3833/3178 3322/3832/3177
f 4304/3830/3175 4305/4511/3577 3829/4512/3578 3830/3831/3176
f 4111/3939/3284 4112/4513/3580 3698/4514/3579 3699/3940/3285
f 3547/3820/3165 3667/4515/3582 3980/4516/3581 3981/3821/3166
f 3915/4368/3681 3916/4517/3682 3667/4515/3582 3547/3820/3165
f 5089/3814/3159 5090/4518/3583 5454/4519/3584 5455/3815/3160
f 3574/3825/3170 3670/4520/3585 3951/4521/3715 3952/4419/3716
f 4022/3824/3169 4023/4522/3586 3670/4520/3585 3574/3825/3170
f 3740/3982/3327 3741/4523/3587 4069/4524/3588 4070/3983/3328
f 4765/3842/3187 4766/4525/3589 4790/4526/3590 4791/3843/3188
f 3674/4527/3592 3673/4528/3591 3324/3839/3184 3323/3838/3183
f 4794/3836/3181 4795/4529/3593 4761/4530/3594 4762/3837/3182
f 4073/3977/3322 4074/4531/3596 3736/4532/3595 3737/3978/3323
f 3577/3822/3167 3677/4533/3598 4018/4534/3597 4019/3823/3168
f 3955/4422/3719 3956/4535/3720 3677/4533/3598 3577/3822/3167
f 5476/4536/3802 5477/4254/3599 5067/4255/3600 5068/4537/3803
f 3542/4538/3804 3680/4539/3601 3909/4540/3672 3910/4541/3805
f 3986/4542/3806 3987/4543/3602 3680/4539/3601 3542/4538/3804
f 3682/3927/3272 3681/3926/3271 4119/4544/3807 4120/4545/3808
f 4120/4545/3808 4121/4546/3809 3683/3928/3273 3682/3927/3272
f 4121/4546/3809 4122/4547/3810 3684/4284/3495 3683/3928/3273
f 4122/4548/3810 4123/4549/3811 3685/4042/3387 3684/4150/3495
f 4123/4549/3811 4124/4550/3812 3686/4043/3388 3685/4042/3387
f 4124/4550/3812 4125/4551/3813 3687/4326/3641 3686/4043/3388
f 4125/4551/3813 4126/4552/3814 3688/3930/3275 3687/4326/3641
f 4126/4552/3814 4127/4553/3815 3689/3931/3276 3688/3930/3275
f 4127/4553/3815 4128/4554/3816 3690/4170/3515 3689/3931/3276
f 3691/4438/3735 3690/4170/3515 4128/4554/3816 4129/4555/3817
f 4129/4555/3817 4130/4556/3818 3692/4214/3559 3691/4438/3735
f 4130/4556/3818 4131/4557/3819 3693/4106/3451 3692/4214/3559
f 4131/4557/3819 4132/4558/3820 3694/4107/3452 3693/4106/3451
f 4132/4558/3820 4133/4559/3821 3695/4491/3788 3694/4107/3452
f 4133/4559/3821 4134/4560/3822 3696/3934/3279 3695/4491/3788
f 4134/4560/3822 4135/4561/3823 3697/3935/3280 3696/3934/3279
f 4135/4561/3823 4136/4562/3824 3698/4234/3579 3697/3935/3280
f 3699/3940/3285 3698/4514/3579 4136/4563/3824 4137/4564/3825
f 3700/3941/3286 3699/3940/3285 4137/4564/3825 4138/4565/3826
f 4138/4565/3826 4139/4566/3827 3701/3942/3287 3700/3941/3286
f 4495/4567/3828 4496/3944/3289 4554/3947/3292 4555/4568/3829
f 4140/4569/3830 4141/4570/3831 3703/3949/3294 3702/3948/3293
f 4475/3953/3298 4476/4571/3832 4574/4572/3833 4575/3954/3299
f 4142/4573/3834 4143/4574/3835 3705/4502/3571 3704/4501/3798
f 4143/4575/3835 4144/4576/3836 3706/3956/3301 3705/4226/3571
f 4144/4576/3836 4145/4577/3837 3707/3957/3302 3706/3956/3301
f 4145/4577/3837 4146/4578/3838 3708/4483/3780 3707/3957/3302
f 4146/4578/3838 4147/4579/3839 3709/4122/3467 3708/4483/3780
f 4147/4579/3839 4148/4580/3840 3710/4123/3468 3709/4122/3467
f 4148/4580/3840 4149/4581/3841 3711/4222/3567 3710/4123/3468
f 4149/4581/3841 4150/4582/3842 3712/4429/3726 3711/4222/3567
f 4150/4582/3842 4151/4583/3843 3713/4162/3507 3712/4429/3726
f 4151/4583/3843 4152/4584/3844 3714/3960/3305 3713/4162/3507
f 4152/4584/3844 4153/4585/3845 3715/3961/3306 3714/3960/3305
f 4153/4585/3845 4154/4586/3846 3716/4318/3633 3715/3961/3306
f 4154/4586/3846 4155/4587/3847 3717/4058/3403 3716/4318/3633
f 4155/4587/3847 4156/4588/3848 3718/4059/3404 3717/4058/3403
f 4156/4588/3848 4157/4589/3849 3719/4158/3503 3718/4059/3404
f 4157/4590/3849 4158/4591/3850 3720/4295/3613 3719/4294/3503
f 5498/3965/3310 5499/4592/3851 5045/4593/3852 5046/3966/3311
f 4159/4594/3853 4160/4595/3854 3722/4265/3479 3721/4264/3607
f 4160/4596/3854 4161/4597/3855 3723/4010/3355 3722/4134/3479
f 4161/4597/3855 4162/4598/3856 3724/4011/3356 3723/4010/3355
f 4162/4598/3856 4163/4599/3857 3725/4310/3625 3724/4011/3356
f 4163/4599/3857 4164/4600/3858 3726/3968/3313 3725/4310/3625
f 4164/4600/3858 4165/4601/3859 3727/3969/3314 3726/3968/3313
f 4165/4601/3859 4166/4602/3860 3728/4186/3531 3727/3969/3314
f 3729/4456/3753 3728/4186/3531 4166/4602/3860 4167/4603/3861
f 4167/4603/3861 4168/4604/3862 3730/4198/3543 3729/4456/3753
f 4168/4604/3862 4169/4605/3863 3731/4074/3419 3730/4198/3543
f 4169/4605/3863 4170/4606/3864 3732/4075/3420 3731/4074/3419
f 4170/4606/3864 4171/4607/3865 3733/4473/3770 3732/4075/3420
f 4171/4607/3865 4172/4608/3866 3734/3972/3317 3733/4473/3770
f 4172/4608/3866 4173/4609/3867 3735/3973/3318 3734/3972/3317
f 4173/4609/3867 4174/4610/3868 3736/4250/3595 3735/3973/3318
f 3737/3978/3323 3736/4532/3595 4174/4611/3868 4175/4612/3869
f 3738/3979/3324 3737/3978/3323 4175/4612/3869 4176/4613/3870
f 3739/3981/3326 3738/3979/3324 4176/4613/3870 4177/4614/3871
f 4177/4614/3871 4178/4615/3872 3740/3982/3327 3739/3981/3326
f 4178/4615/3872 4179/4616/3873 3741/4523/3587 3740/3982/3327
f 4179/4617/3873 4180/4618/3874 3742/3984/3329 3741/4242/3587
f 4180/4618/3874 4181/4619/3875 3743/3985/3330 3742/3984/3329
f 4181/4619/3875 4182/4620/3876 3744/4465/3762 3743/3985/3330
f 4182/4620/3876 4183/4621/3877 3745/4090/3435 3744/4465/3762
f 4183/4621/3877 4184/4622/3878 3746/4091/3436 3745/4090/3435
f 4184/4622/3878 4185/4623/3879 3747/4206/3551 3746/4091/3436
f 4185/4623/3879 4186/4624/3880 3748/4447/3744 3747/4206/3551
f 4186/4624/3880 4187/4625/3881 3749/4178/3523 3748/4447/3744
f 4187/4625/3881 4188/4626/3882 3750/3988/3333 3749/4178/3523
f 4188/4626/3882 4189/4627/3883 3751/3989/3334 3750/3988/3333
f 4189/4627/3883 4190/4628/3884 3752/4302/3617 3751/3989/3334
f 4190/4628/3884 4191/4629/3885 3753/4026/3371 3752/4302/3617
f 4191/4629/3885 4192/4630/3886 3754/4027/3372 3753/4026/3371
f 4192/4630/3886 4193/4631/3887 3755/4142/3487 3754/4027/3372
f 4193/4632/3887 4194/4633/3888 3756/3992/3337 3755/4276/3487
f 4194/4633/3888 4195/4634/3889 3757/3993/3338 3756/3992/3337
f 4195/4634/3889 4196/4635/3890 3758/3996/3341 3757/3993/3338
f 5113/3999/3344 5114/4636/3891 5430/4637/3892 5431/4000/3345
f 3843/4638/3893 3844/4639/3894 4241/4640/3895 4242/4641/3896
f 5693/4642/3897 5694/4643/3898 5214/4644/3899 5215/4645/3900
f 4239/4646/3901 4240/4647/3902 3845/4648/3903 3846/4649/3904
f 4280/4650/3905 4239/4651/3901 3846/4652/3904 3847/4653/3906
f 4279/4654/3907 4280/4650/3905 3847/4653/3906 3848/4655/3908
f 4278/4656/3909 4279/4654/3907 3848/4655/3908 3849/4657/3910
f 4277/4658/3911 4278/4656/3909 3849/4657/3910 3850/4659/3912
f 4276/4660/3913 4277/4658/3911 3850/4659/3912 3851/4661/3914
f 4275/4662/3915 4276/4660/3913 3851/4661/3914 3852/4663/3916
f 4274/4664/3917 4275/4662/3915 3852/4663/3916 3853/4665/3918
f 4273/4666/3919 4274/4664/3917 3853/4665/3918 3854/4667/3920
f 4272/4668/3921 4273/4666/3919 3854/4667/3920 3855/4669/3922
f 4271/4670/3923 4272/4668/3921 3855/4669/3922 3856/4671/3924
f 4270/4672/3925 4271/4670/3923 3856/4671/3924 3857/4673/3926
f 4269/4674/3927 4270/4672/3925 3857/4673/3926 3858/4675/3928
f 4268/4676/3929 4269/4674/3927 3858/4675/3928 3859/4677/3930
f 4267/4678/3931 4268/4676/3929 3859/4677/3930 3860/4679/3932
f 4266/4680/3933 4267/4681/3931 3860/4682/3932 3861/4683/3934
f 4479/4684/3935 4480/4685/3936 4570/4686/3937 4571/4687/3938
f 4264/4688/3939 4265/4689/3940 3862/4690/3941 3863/4691/3942
f 4491/4692/3943 4492/4693/3944 4558/4694/3945 4559/4695/3946
f 4262/4696/3947 4263/4697/3948 3864/4698/3949 3865/4699/3950
f 3865/4699/3950 3866/4700/3951 4261/4701/3952 4262/4696/3947
f 3866/4700/3951 3867/4702/3953 4260/4703/3954 4261/4701/3952
f 3867/4704/3953 3868/4705/3955 4259/4706/3956 4260/4707/3954
f 3868/4705/3955 3869/4708/3957 4258/4709/3958 4259/4706/3956
f 3869/4708/3957 3870/4710/3959 4257/4711/3960 4258/4709/3958
f 3870/4710/3959 3871/4712/3961 4256/4713/3962 4257/4711/3960
f 3871/4712/3961 3872/4714/3963 4255/4715/3964 4256/4713/3962
f 3872/4714/3963 3873/4716/3965 4254/4717/3966 4255/4715/3964
f 3873/4716/3965 3874/4718/3967 4253/4719/3968 4254/4717/3966
f 3874/4718/3967 3875/4720/3969 4252/4721/3970 4253/4719/3968
f 3875/4720/3969 3876/4722/3971 4251/4723/3972 4252/4721/3970
f 3876/4722/3971 3877/4724/3973 4250/4725/3974 4251/4723/3972
f 3877/4724/3973 3878/4726/3975 4249/4727/3976 4250/4725/3974
f 3878/4726/3975 3879/4728/3977 4248/4729/3978 4249/4727/3976
f 3879/4728/3977 3880/4730/3979 4247/4731/3980 4248/4729/3978
f 3880/4730/3979 3881/4732/3981 4246/4733/3982 4247/4731/3980
f 3881/4734/3981 3882/4735/3983 4245/4736/3984 4246/4737/3982
f 3882/4735/3983 3883/4738/3985 4244/4739/3986 4245/4736/3984
f 3883/4738/3985 3884/4740/3987 4243/4741/3988 4244/4739/3986
f 5224/4742/3989 5225/4743/3990 5683/4744/3991 5684/4745/3992
f 4323/4746/3993 4324/4747/3994 3802/4164/3509 3801/4431/3728
f 4324/4747/3994 4325/4748/3995 3803/3916/3261 3802/4164/3509
f 4325/4748/3995 4326/4749/3996 3804/3917/3262 3803/3916/3261
f 4326/4749/3996 4327/4750/3997 3805/4320/3635 3804/3917/3262
f 4327/4750/3997 4328/4751/3998 3806/4054/3399 3805/4320/3635
f 4328/4751/3998 4329/4752/3999 3807/4055/3400 3806/4054/3399
f 4329/4752/3999 4330/4753/4000 3808/4156/3501 3807/4055/3400
f 4330/4754/4000 4331/4755/4001 3809/4291/3611 3808/4290/3501
f 5689/4756/4002 5690/3694/3041 5218/3697/3044 5219/4757/4003
f 3811/3693/3040 3810/3692/3039 4332/4758/4004 4333/4759/4005
f 5220/4760/4006 5221/3702/3049 5687/3705/3052 5688/4761/4007
f 3813/3700/3047 3812/3743/3088 4334/4762/4008 4335/4763/4009
f 3814/3701/3048 3813/3700/3047 4335/4763/4009 4336/4764/4010
f 3815/4287/3498 3814/3701/3048 4336/4764/4010 4337/4765/4011
f 3816/4048/3393 3815/4153/3498 4337/4766/4011 4338/4767/4012
f 3817/4049/3394 3816/4048/3393 4338/4767/4012 4339/4768/4013
f 3818/4325/3640 3817/4049/3394 4339/4768/4013 4340/4769/4014
f 3819/3910/3255 3818/4325/3640 4340/4769/4014 4341/4770/4015
f 3820/3911/3256 3819/3910/3255 4341/4770/4015 4342/4771/4016
f 3821/4169/3514 3820/3911/3256 4342/4771/4016 4343/4772/4017
f 3822/4436/3733 3821/4169/3514 4343/4772/4017 4344/4773/4018
f 3823/4217/3562 3822/4436/3733 4344/4773/4018 4345/4774/4019
f 3824/4112/3457 3823/4217/3562 4345/4774/4019 4346/4775/4020
f 3825/4113/3458 3824/4112/3457 4346/4775/4020 4347/4776/4021
f 3826/4490/3787 3825/4113/3458 4347/4776/4021 4348/4777/4022
f 3827/3792/3137 3826/4490/3787 4348/4777/4022 4349/4778/4023
f 3828/3793/3138 3827/3792/3137 4349/4778/4023 4350/4779/4024
f 3829/4233/3578 3828/3793/3138 4350/4779/4024 4351/4780/4025
f 3830/3831/3176 3829/4512/3578 4351/4781/4025 4352/4782/4026
f 3831/3748/3093 3830/3831/3176 4352/4782/4026 4353/4783/4027
f 4353/4783/4027 4354/4784/4028 3832/3749/3094 3831/3748/3093
f 4487/4785/4029 4488/3868/3213 4562/3871/3216 4563/4786/4030
f 4355/4787/4031 4356/4788/4032 3834/3827/3172 3833/3826/3171
f 4483/3865/3210 4484/4789/4033 4566/4790/4034 4567/3866/3211
f 4357/4791/4035 4358/4792/4036 3836/4506/3573 3835/4505/3800
f 4358/4793/4036 4359/4794/4037 3837/3786/3131 3836/4228/3573
f 4359/4794/4037 4360/4795/4038 3838/3787/3132 3837/3786/3131
f 4360/4795/4038 4361/4796/4039 3839/4485/3782 3838/3787/3132
f 4361/4796/4039 4362/4797/4040 3840/4118/3463 3839/4485/3782
f 4362/4797/4040 4363/4798/4041 3841/4119/3464 3840/4118/3463
f 4363/4798/4041 4364/4799/4042 3842/4220/3565 3841/4119/3464
f 4364/4799/4042 4323/4746/3993 3801/4431/3728 3842/4220/3565
f 4197/4800/4043 4198/4801/4044 3844/4639/3894 3843/4638/3893
f 5694/4643/3898 5695/4802/4045 5213/4803/4046 5214/4644/3899
f 3846/4649/3904 3845/4648/3903 4199/4804/4047 4200/4805/4048
f 3847/4653/3906 3846/4652/3904 4200/4806/4048 4201/4807/4049
f 3848/4655/3908 3847/4653/3906 4201/4807/4049 4202/4808/4050
f 3849/4657/3910 3848/4655/3908 4202/4808/4050 4203/4809/4051
f 3850/4659/3912 3849/4657/3910 4203/4809/4051 4204/4810/4052
f 3851/4661/3914 3850/4659/3912 4204/4810/4052 4205/4811/4053
f 3852/4663/3916 3851/4661/3914 4205/4811/4053 4206/4812/4054
f 3853/4665/3918 3852/4663/3916 4206/4812/4054 4207/4813/4055
f 3854/4667/3920 3853/4665/3918 4207/4813/4055 4208/4814/4056
f 3855/4669/3922 3854/4667/3920 4208/4814/4056 4209/4815/4057
f 3856/4671/3924 3855/4669/3922 4209/4815/4057 4210/4816/4058
f 3857/4673/3926 3856/4671/3924 4210/4816/4058 4211/4817/4059
f 3858/4675/3928 3857/4673/3926 4211/4817/4059 4212/4818/4060
f 3859/4677/3930 3858/4675/3928 4212/4818/4060 4213/4819/4061
f 3860/4679/3932 3859/4677/3930 4213/4819/4061 4214/4820/4062
f 3861/4683/3934 3860/4682/3932 4214/4821/4062 4215/4822/4063
f 4478/4823/4064 4479/4684/3935 4571/4687/3938 4572/4824/4065
f 3863/4691/3942 3862/4690/3941 4216/4825/4066 4217/4826/4067
f 4492/4693/3944 4493/4827/4068 4557/4828/4069 4558/4694/3945
f 3865/4699/3950 3864/4698/3949 4218/4829/4070 4219/4830/4071
f 4219/4830/4071 4220/4831/4072 3866/4700/3951 3865/4699/3950
f 4220/4831/4072 4221/4832/4073 3867/4702/3953 3866/4700/3951
f 4221/4833/4073 4222/4834/4074 3868/4705/3955 3867/4704/3953
f 4222/4834/4074 4223/4835/4075 3869/4708/3957 3868/4705/3955
f 4223/4835/4075 4224/4836/4076 3870/4710/3959 3869/4708/3957
f 4224/4836/4076 4225/4837/4077 3871/4712/3961 3870/4710/3959
f 4225/4837/4077 4226/4838/4078 3872/4714/3963 3871/4712/3961
f 4226/4838/4078 4227/4839/4079 3873/4716/3965 3872/4714/3963
f 4227/4839/4079 4228/4840/4080 3874/4718/3967 3873/4716/3965
f 4228/4840/4080 4229/4841/4081 3875/4720/3969 3874/4718/3967
f 4229/4841/4081 4230/4842/4082 3876/4722/3971 3875/4720/3969
f 4230/4842/4082 4231/4843/4083 3877/4724/3973 3876/4722/3971
f 4231/4843/4083 4232/4844/4084 3878/4726/3975 3877/4724/3973
f 4232/4844/4084 4233/4845/4085 3879/4728/3977 3878/4726/3975
f 4233/4845/4085 4234/4846/4086 3880/4730/3979 3879/4728/3977
f 4234/4846/4086 4235/4847/4087 3881/4732/3981 3880/4730/3979
f 4235/4848/4087 4236/4849/4088 3882/4735/3983 3881/4734/3981
f 4236/4849/4088 4237/4850/4089 3883/4738/3985 3882/4735/3983
f 4237/4850/4089 4238/4851/4090 3884/4740/3987 3883/4738/3985
f 5225/4743/3990 5226/4852/4091 5682/4853/4092 5683/4744/3991
f 3598/4854/4093 3886/4334/3649 3885/4459/3756 3346/4855/4094
f 3441/4856/4095 3887/4335/3650 3886/4334/3649 3598/4854/4093
f 3508/4857/4096 3888/4336/3651 3887/4335/3650 3441/4856/4095
f 3380/4858/4097 3889/4337/3652 3888/4336/3651 3508/4857/4096
f 3497/4859/4098 3890/4338/3653 3889/4337/3652 3380/4858/4097
f 3412/4860/4099 3891/4339/3654 3890/4338/3653 3497/4859/4098
f 3476/4861/4100 3892/4340/3655 3891/4339/3654 3412/4860/4099
f 3293/4862/4101 3893/4342/3656 3892/4341/3655 3476/4863/4100
f 5492/4864/3603 5493/4343/3657 5051/4344/3658 5052/4865/3604
f 3475/4866/4102 3895/4346/3660 3894/4345/3659 3292/4867/4103
f 3411/4868/4104 3896/4348/3661 3895/4347/3660 3475/4869/4102
f 3498/4870/4105 3897/4349/3662 3896/4348/3661 3411/4868/4104
f 3379/4871/4106 3898/4350/3663 3897/4349/3662 3498/4870/4105
f 3507/4872/4107 3899/4351/3664 3898/4350/3663 3379/4871/4106
f 3442/4873/4108 3900/4352/3665 3899/4351/3664 3507/4872/4107
f 3599/4874/4109 3901/4353/3666 3900/4352/3665 3442/4873/4108
f 3902/4463/3760 3901/4353/3666 3599/4874/4109 3345/4875/4110
f 3601/4876/4111 3903/4354/3667 3902/4463/3760 3345/4875/4110
f 3443/4877/4112 3904/4355/3668 3903/4354/3667 3601/4876/4111
f 3629/4878/4113 3905/4356/3669 3904/4355/3668 3443/4877/4112
f 3395/4879/4114 3906/4480/3777 3905/4356/3669 3629/4878/4113
f 3641/4880/4115 3907/4357/3670 3906/4480/3777 3395/4879/4114
f 3474/4881/4116 3908/4358/3671 3907/4357/3670 3641/4880/4115
f 3679/4882/4117 3909/4359/3672 3908/4358/3671 3474/4881/4116
f 3910/4541/3805 3909/4540/3672 3679/4883/4117 3313/4884/4118
f 4505/4885/4119 4506/4360/3673 4580/4361/3674 4545/4886/4120
f 3912/4363/3676 3911/4362/3675 3337/4887/4121 3340/4888/4122
f 4548/4889/4123 4549/4365/3678 4501/4364/3677 4502/4890/4124
f 3914/4367/3680 3913/4366/3679 3325/4891/4125 3328/4892/4126
f 3316/4893/4127 3915/4368/3681 3914/4367/3680 3328/4892/4126
f 3668/4894/4128 3916/4517/3682 3915/4368/3681 3316/4893/4127
f 3465/4895/4129 3917/4370/3683 3916/4369/3682 3668/4896/4128
f 3652/4897/4130 3918/4371/3684 3917/4370/3683 3465/4895/4129
f 3404/4898/4131 3919/4495/3792 3918/4371/3684 3652/4897/4130
f 3638/4899/4132 3920/4372/3685 3919/4495/3792 3404/4898/4131
f 3452/4900/4133 3921/4373/3686 3920/4372/3685 3638/4899/4132
f 3612/4901/4134 3922/4374/3687 3921/4373/3686 3452/4900/4133
f 3352/4902/4135 3923/4441/3738 3922/4374/3687 3612/4901/4134
f 3588/4903/4136 3924/4375/3688 3923/4441/3738 3352/4902/4135
f 3433/4904/4137 3925/4376/3689 3924/4375/3688 3588/4903/4136
f 3516/4905/4138 3926/4377/3690 3925/4376/3689 3433/4904/4137
f 3388/4906/4139 3927/4378/3691 3926/4377/3690 3516/4905/4138
f 3505/4907/4140 3928/4379/3692 3927/4378/3691 3388/4906/4139
f 3420/4908/4141 3929/4380/3693 3928/4379/3692 3505/4907/4140
f 3484/4909/4142 3930/4381/3694 3929/4380/3693 3420/4908/4141
f 3302/4910/4143 3931/4383/3695 3930/4382/3694 3484/4911/4142
f 3932/4387/3696 3931/4383/3695 3302/4910/4143 3301/4912/4144
f 3291/4913/4145 3933/4389/3697 3932/4388/3696 3301/4914/4144
f 5107/3727/3073 5108/4392/3698 5436/4395/3699 5437/3728/3074
f 3935/4399/3701 3934/4398/3700 3294/4915/4146 3304/4916/4147
f 3936/4403/3702 3935/4402/3701 3304/4917/4147 3303/4918/4148
f 3483/4919/4149 3937/4404/3703 3936/4403/3702 3303/4918/4148
f 3419/4920/4150 3938/4407/3704 3937/4406/3703 3483/4921/4149
f 3506/4922/4151 3939/4408/3705 3938/4407/3704 3419/4920/4150
f 3387/4923/4152 3940/4409/3706 3939/4408/3705 3506/4922/4151
f 3515/4924/4153 3941/4410/3707 3940/4409/3706 3387/4923/4152
f 3434/4925/4154 3942/4411/3708 3941/4410/3707 3515/4924/4153
f 3589/4926/4155 3943/4412/3709 3942/4411/3708 3434/4925/4154
f 3944/4445/3742 3943/4412/3709 3589/4926/4155 3351/4927/4156
f 3611/4928/4157 3945/4413/3710 3944/4445/3742 3351/4927/4156
f 3451/4929/4158 3946/4414/3711 3945/4413/3710 3611/4928/4157
f 3639/4930/4159 3947/4415/3712 3946/4414/3711 3451/4929/4158
f 3403/4931/4160 3948/4498/3795 3947/4415/3712 3639/4930/4159
f 3651/4932/4161 3949/4416/3713 3948/4498/3795 3403/4931/4160
f 3466/4933/4162 3950/4417/3714 3949/4416/3713 3651/4932/4161
f 3669/4934/4163 3951/4418/3715 3950/4417/3714 3466/4933/4162
f 3952/4419/3716 3951/4521/3715 3669/4935/4163 3315/4936/4164
f 3953/4420/3717 3952/4419/3716 3315/4936/4164 3327/4937/4165
f 3326/4938/4166 3954/4421/3718 3953/4420/3717 3327/4937/4165
f 3314/4939/4167 3955/4422/3719 3954/4421/3718 3326/4938/4166
f 3678/4940/4168 3956/4535/3720 3955/4422/3719 3314/4939/4167
f 3473/4941/4169 3957/4424/3721 3956/4423/3720 3678/4942/4168
f 3642/4943/4170 3958/4425/3722 3957/4424/3721 3473/4941/4169
f 3396/4944/4171 3959/4477/3774 3958/4425/3722 3642/4943/4170
f 3628/4945/4172 3960/4426/3723 3959/4477/3774 3396/4944/4171
f 3444/4946/4173 3961/4427/3724 3960/4426/3723 3628/4945/4172
f 3602/4947/4174 3962/4428/3725 3961/4427/3724 3444/4946/4173
f 3346/4855/4094 3885/4459/3756 3962/4428/3725 3602/4947/4174
f 3964/3674/3021 3963/3735/3080 3357/4948/4175 3358/4949/4176
f 3358/4949/4176 3359/4950/4177 3965/3675/3022 3964/3674/3021
f 3966/4283/3494 3965/3675/3022 3359/4950/4177 3485/4951/4178
f 3967/4040/3385 3966/4149/3494 3485/4952/4178 3421/4953/4179
f 3968/4041/3386 3967/4040/3385 3421/4953/4179 3504/4954/4180
f 3969/4329/3644 3968/4041/3386 3504/4954/4180 3389/4955/4181
f 3970/3906/3251 3969/4329/3644 3389/4955/4181 3517/4956/4182
f 3971/3907/3252 3970/3906/3251 3517/4956/4182 3432/4957/4183
f 3586/4958/4184 3972/4172/3517 3971/3907/3252 3432/4957/4183
f 3973/4440/3737 3972/4172/3517 3586/4958/4184 3360/4959/4185
f 3614/4960/4186 3974/4213/3558 3973/4440/3737 3360/4959/4185
f 3975/4102/3447 3974/4213/3558 3614/4960/4186 3453/4961/4187
f 3636/4962/4188 3976/4103/3448 3975/4102/3447 3453/4961/4187
f 3977/4494/3791 3976/4103/3448 3636/4962/4188 3405/4963/4189
f 3654/4964/4190 3978/3776/3121 3977/4494/3791 3405/4963/4189
f 3979/3777/3122 3978/3776/3121 3654/4964/4190 3464/4965/4191
f 3666/4966/4192 3980/4236/3581 3979/3777/3122 3464/4965/4191
f 3981/3821/3166 3980/4516/3581 3666/4967/4192 3361/4968/4193
f 3982/3730/3075 3981/3821/3166 3361/4968/4193 3362/4969/4194
f 3362/4969/4194 3363/4970/4195 3983/3731/3076 3982/3730/3075
f 4498/4971/4196 4499/3860/3205 4551/3863/3208 4552/4972/4197
f 3364/4973/4198 3365/4974/4199 3985/3817/3162 3984/3816/3161
f 4508/3857/3202 4473/4975/4200 4577/4976/4201 4578/3858/3203
f 3366/4977/4202 3661/4978/4203 3987/4543/3602 3986/4542/3806
f 3988/3770/3115 3987/4257/3602 3661/4979/4203 3459/4980/4204
f 3659/4981/4205 3989/3771/3116 3988/3770/3115 3459/4980/4204
f 3990/4482/3779 3989/3771/3116 3659/4981/4205 3410/4982/4206
f 3631/4983/4207 3991/4128/3473 3990/4482/3779 3410/4982/4206
f 3992/4129/3474 3991/4128/3473 3631/4983/4207 3458/4984/4208
f 3619/4985/4209 3993/4224/3569 3992/4129/3474 3458/4984/4208
f 3994/4464/3761 3993/4224/3569 3619/4985/4209 3367/4986/4210
f 3367/4986/4210 3581/4987/4211 3995/4193/3538 3994/4464/3761
f 3996/3922/3267 3995/4193/3538 3581/4987/4211 3427/4988/4212
f 3997/3923/3268 3996/3922/3267 3427/4988/4212 3522/4989/4213
f 3998/4317/3632 3997/3923/3268 3522/4989/4213 3394/4990/4214
f 3999/4064/3409 3998/4317/3632 3394/4990/4214 3499/4991/4215
f 4000/4065/3410 3999/4064/3409 3499/4991/4215 3426/4992/4216
f 4001/4161/3506 4000/4065/3410 3426/4992/4216 3490/4993/4217
f 4002/4301/3616 4001/4300/3506 3490/4994/4217 3368/4995/4218
f 5495/3679/3026 5496/4996/4219 5048/4997/4220 5049/3680/3027
f 4004/4263/3478 4003/4262/3606 3369/4998/4221 3477/4999/4222
f 4005/4008/3353 4004/4133/3478 3477/5000/4222 3413/5001/4223
f 4006/4009/3354 4005/4008/3353 3413/5001/4223 3496/5002/4224
f 4007/4313/3628 4006/4009/3354 3496/5002/4224 3381/5003/4225
f 4008/3882/3227 4007/4313/3628 3381/5003/4225 3509/5004/4226
f 4009/3883/3228 4008/3882/3227 3509/5004/4226 3440/5005/4227
f 3596/5006/4228 4010/4188/3533 4009/3883/3228 3440/5005/4227
f 4011/4458/3755 4010/4188/3533 3596/5006/4228 3370/5007/4229
f 3604/5008/4230 4012/4197/3542 4011/4458/3755 3370/5007/4229
f 4013/4070/3415 4012/4197/3542 3604/5008/4230 3445/5009/4231
f 3626/5010/4232 4014/4071/3416 4013/4070/3415 3445/5009/4231
f 4015/4476/3773 4014/4071/3416 3626/5010/4232 3397/5011/4233
f 3644/5012/4234 4016/3780/3125 4015/4476/3773 3397/5011/4233
f 4017/3781/3126 4016/3780/3125 3644/5012/4234 3472/5013/4235
f 3676/5014/4236 4018/4252/3597 4017/3781/3126 3472/5013/4235
f 4019/3823/3168 4018/4534/3597 3676/5015/4236 3371/5016/4237
f 4020/3740/3085 4019/3823/3168 3371/5016/4237 3372/5017/4238
f 4021/3741/3086 4020/3740/3085 3372/5017/4238 3373/5018/4239
f 3373/5018/4239 3374/5019/4240 4022/3824/3169 4021/3741/3086
f 3374/5019/4240 3671/5020/4241 4023/4522/3586 4022/3824/3169
f 4024/3782/3127 4023/4241/3586 3671/5021/4241 3467/5022/4242
f 3649/5023/4243 4025/3783/3128 4024/3782/3127 3467/5022/4242
f 4026/4500/3797 4025/3783/3128 3649/5023/4243 3402/5024/4244
f 3621/5025/4245 4027/4096/3441 4026/4500/3797 3402/5024/4244
f 4028/4097/3442 4027/4096/3441 3621/5025/4245 3450/5026/4246
f 3609/5027/4247 4029/4208/3553 4028/4097/3442 3450/5026/4246
f 4030/4446/3743 4029/4208/3553 3609/5027/4247 3375/5028/4248
f 3375/5028/4248 3591/5029/4249 4031/4177/3522 4030/4446/3743
f 4032/3898/3243 4031/4177/3522 3591/5029/4249 3435/5030/4250
f 4033/3899/3244 4032/3898/3243 3435/5030/4250 3514/5031/4251
f 4034/4333/3648 4033/3899/3244 3514/5031/4251 3386/5032/4252
f 4035/4032/3377 4034/4333/3648 3386/5032/4252 3491/5033/4253
f 4036/4033/3378 4035/4032/3377 3491/5033/4253 3418/5034/4254
f 4037/4145/3490 4036/4033/3378 3418/5034/4254 3482/5035/4255
f 4038/3682/3029 4037/4279/3490 3482/5036/4255 3376/5037/4256
f 3376/5037/4256 3377/5038/4257 4039/3683/3030 4038/3682/3029
f 3377/5038/4257 3378/5039/4258 4040/3736/3081 4039/3683/3030
f 5110/3687/3034 5111/5040/4259 5433/5041/4260 5434/3688/3035
f 3360/4959/4185 3586/4958/4184 4042/4171/3516 4041/4437/3734
f 4043/3932/3277 4042/4171/3516 3586/4958/4184 3432/4957/4183
f 4044/3933/3278 4043/3932/3277 3432/4957/4183 3517/4956/4182
f 4045/4327/3642 4044/3933/3278 3517/4956/4182 3389/4955/4181
f 4046/4044/3389 4045/4327/3642 3389/4955/4181 3504/4954/4180
f 4047/4045/3390 4046/4044/3389 3504/4954/4180 3421/4953/4179
f 4048/4151/3496 4047/4045/3390 3421/4953/4179 3485/4952/4178
f 4049/3929/3274 4048/4285/3496 3485/4951/4178 3359/4950/4177
f 4050/3924/3269 4049/3929/3274 3359/4950/4177 3358/4949/4176
f 3358/4949/4176 3357/4948/4175 4051/3925/3270 4050/3924/3269
f 5111/5040/4259 5112/3998/3343 5432/4001/3346 5433/5041/4260
f 4053/3994/3339 4052/3997/3342 3378/5039/4258 3377/5038/4257
f 4054/3995/3340 4053/3994/3339 3377/5038/4257 3376/5037/4256
f 4055/4277/3488 4054/3995/3340 3376/5037/4256 3482/5036/4255
f 4056/4028/3373 4055/4143/3488 3482/5035/4255 3418/5034/4254
f 4057/4029/3374 4056/4028/3373 3418/5034/4254 3491/5033/4253
f 4058/4303/3618 4057/4029/3374 3491/5033/4253 3386/5032/4252
f 4059/3990/3335 4058/4303/3618 3386/5032/4252 3514/5031/4251
f 4060/3991/3336 4059/3990/3335 3514/5031/4251 3435/5030/4250
f 4061/4179/3524 4060/3991/3336 3435/5030/4250 3591/5029/4249
f 4062/4448/3745 4061/4179/3524 3591/5029/4249 3375/5028/4248
f 4063/4207/3552 4062/4448/3745 3375/5028/4248 3609/5027/4247
f 4064/4092/3437 4063/4207/3552 3609/5027/4247 3450/5026/4246
f 4065/4093/3438 4064/4092/3437 3450/5026/4246 3621/5025/4245
f 4066/4466/3763 4065/4093/3438 3621/5025/4245 3402/5024/4244
f 4067/3986/3331 4066/4466/3763 3402/5024/4244 3649/5023/4243
f 4068/3987/3332 4067/3986/3331 3649/5023/4243 3467/5022/4242
f 4069/4243/3588 4068/3987/3332 3467/5022/4242 3671/5021/4241
f 4070/3983/3328 4069/4524/3588 3671/5020/4241 3374/5019/4240
f 4071/3980/3325 4070/3983/3328 3374/5019/4240 3373/5018/4239
f 3373/5018/4239 3372/5017/4238 4072/3976/3321 4071/3980/3325
f 3372/5017/4238 3371/5016/4237 4073/3977/3322 4072/3976/3321
f 3371/5016/4237 3676/5015/4236 4074/4531/3596 4073/3977/3322
f 4075/3974/3319 4074/4251/3596 3676/5014/4236 3472/5013/4235
f 4076/3975/3320 4075/3974/3319 3472/5013/4235 3644/5012/4234
f 4077/4474/3771 4076/3975/3320 3644/5012/4234 3397/5011/4233
f 4078/4076/3421 4077/4474/3771 3397/5011/4233 3626/5010/4232
f 4079/4077/3422 4078/4076/3421 3626/5010/4232 3445/5009/4231
f 4080/4199/3544 4079/4077/3422 3445/5009/4231 3604/5008/4230
f 4081/4455/3752 4080/4199/3544 3604/5008/4230 3370/5007/4229
f 3370/5007/4229 3596/5006/4228 4082/4187/3532 4081/4455/3752
f 4083/3970/3315 4082/4187/3532 3596/5006/4228 3440/5005/4227
f 4084/3971/3316 4083/3970/3315 3440/5005/4227 3509/5004/4226
f 4085/4311/3626 4084/3971/3316 3509/5004/4226 3381/5003/4225
f 4086/4012/3357 4085/4311/3626 3381/5003/4225 3496/5002/4224
f 4087/4013/3358 4086/4012/3357 3496/5002/4224 3413/5001/4223
f 4088/4135/3480 4087/4013/3358 3413/5001/4223 3477/5000/4222
f 4089/4267/3608 4088/4266/3480 3477/4999/4222 3369/4998/4221
f 5496/4996/4219 5497/3964/3309 5047/3967/3312 5048/4997/4220
f 4091/4297/3504 4090/4296/3614 3368/4995/4218 3490/4994/4217
f 4092/4060/3405 4091/4159/3504 3490/4993/4217 3426/4992/4216
f 4093/4061/3406 4092/4060/3405 3426/4992/4216 3499/4991/4215
f 4094/4319/3634 4093/4061/3406 3499/4991/4215 3394/4990/4214
f 4095/3962/3307 4094/4319/3634 3394/4990/4214 3522/4989/4213
f 4096/3963/3308 4095/3962/3307 3522/4989/4213 3427/4988/4212
f 4097/4163/3508 4096/3963/3308 3427/4988/4212 3581/4987/4211
f 4098/4430/3727 4097/4163/3508 3581/4987/4211 3367/4986/4210
f 4099/4223/3568 4098/4430/3727 3367/4986/4210 3619/4985/4209
f 4100/4124/3469 4099/4223/3568 3619/4985/4209 3458/4984/4208
f 4101/4125/3470 4100/4124/3469 3458/4984/4208 3631/4983/4207
f 4102/4484/3781 4101/4125/3470 3631/4983/4207 3410/4982/4206
f 4103/3958/3303 4102/4484/3781 3410/4982/4206 3659/4981/4205
f 4104/3959/3304 4103/3958/3303 3659/4981/4205 3459/4980/4204
f 4105/4227/3572 4104/3959/3304 3459/4980/4204 3661/4979/4203
f 4106/4504/3799 4105/4503/3572 3661/4978/4203 3366/4977/4202
f 4473/4975/4200 4474/3952/3297 4576/3955/3300 4577/4976/4201
f 4108/3951/3296 4107/3950/3295 3365/4974/4199 3364/4973/4198
f 4497/3945/3290 4498/4971/4196 4552/4972/4197 4553/3946/3291
f 4110/3938/3283 4109/3943/3288 3363/4970/4195 3362/4969/4194
f 3362/4969/4194 3361/4968/4193 4111/3939/3284 4110/3938/3283
f 3361/4968/4193 3666/4967/4192 4112/4513/3580 4111/3939/3284
f 4113/3936/3281 4112/4235/3580 3666/4966/4192 3464/4965/4191
f 4114/3937/3282 4113/3936/3281 3464/4965/4191 3654/4964/4190
f 4115/4492/3789 4114/3937/3282 3654/4964/4190 3405/4963/4189
f 4116/4108/3453 4115/4492/3789 3405/4963/4189 3636/4962/4188
f 4117/4109/3454 4116/4108/3453 3636/4962/4188 3453/4961/4187
f 4118/4215/3560 4117/4109/3454 3453/4961/4187 3614/4960/4186
f 4041/4437/3734 4118/4215/3560 3614/4960/4186 3360/4959/4185
f 4120/4545/3808 4119/4544/3807 3285/5042/4261 3305/5043/4262
f 3305/5043/4262 3306/5044/4263 4121/4546/3809 4120/4545/3808
f 3486/5045/4264 4122/4547/3810 4121/4546/3809 3306/5044/4263
f 3422/5046/4265 4123/4549/3811 4122/4548/3810 3486/5047/4264
f 3503/5048/4266 4124/4550/3812 4123/4549/3811 3422/5046/4265
f 3390/5049/4267 4125/4551/3813 4124/4550/3812 3503/5048/4266
f 3518/5050/4268 4126/4552/3814 4125/4551/3813 3390/5049/4267
f 3431/5051/4269 4127/4553/3815 4126/4552/3814 3518/5050/4268
f 3585/5052/4270 4128/4554/3816 4127/4553/3815 3431/5051/4269
f 4129/4555/3817 4128/4554/3816 3585/5052/4270 3353/5053/4271
f 3615/5054/4272 4130/4556/3818 4129/4555/3817 3353/5053/4271
f 3454/5055/4273 4131/4557/3819 4130/4556/3818 3615/5054/4272
f 3635/5056/4274 4132/4558/3820 4131/4557/3819 3454/5055/4273
f 3406/5057/4275 4133/4559/3821 4132/4558/3820 3635/5056/4274
f 3655/5058/4276 4134/4560/3822 4133/4559/3821 3406/5057/4275
f 3463/5059/4277 4135/4561/3823 4134/4560/3822 3655/5058/4276
f 3665/5060/4278 4136/4562/3824 4135/4561/3823 3463/5059/4277
f 4137/4564/3825 4136/4563/3824 3665/5061/4278 3318/5062/4279
f 4138/4565/3826 4137/4564/3825 3318/5062/4279 3330/5063/4280
f 3329/5064/4281 4139/4566/3827 4138/4565/3826 3330/5063/4280
f 4494/5065/4282 4495/4567/3828 4555/4568/3829 4556/5066/4283
f 3341/5067/4284 4141/4570/3831 4140/4569/3830 3342/5068/4285
f 4573/5069/4286 4574/4572/3833 4476/4571/3832 4477/5070/4287
f 3662/5071/4288 4143/4574/3835 4142/4573/3834 3317/5072/4289
f 3460/5073/4290 4144/4576/3836 4143/4575/3835 3662/5074/4288
f 3658/5075/4291 4145/4577/3837 4144/4576/3836 3460/5073/4290
f 3409/5076/4292 4146/4578/3838 4145/4577/3837 3658/5075/4291
f 3632/5077/4293 4147/4579/3839 4146/4578/3838 3409/5076/4292
f 3457/5078/4294 4148/4580/3840 4147/4579/3839 3632/5077/4293
f 3618/5079/4295 4149/4581/3841 4148/4580/3840 3457/5078/4294
f 3356/5080/4296 4150/4582/3842 4149/4581/3841 3618/5079/4295
f 3582/5081/4297 4151/4583/3843 4150/4582/3842 3356/5080/4296
f 3428/5082/4298 4152/4584/3844 4151/4583/3843 3582/5081/4297
f 3521/5083/4299 4153/4585/3845 4152/4584/3844 3428/5082/4298
f 3393/5084/4300 4154/4586/3846 4153/4585/3845 3521/5083/4299
f 3500/5085/4301 4155/4587/3847 4154/4586/3846 3393/5084/4300
f 3425/5086/4302 4156/4588/3848 4155/4587/3847 3500/5085/4301
f 3489/5087/4303 4157/4589/3849 4156/4588/3848 3425/5086/4302
f 3286/5088/4304 4158/4591/3850 4157/4590/3849 3489/5089/4303
f 5499/4592/3851 5500/5090/4305 5044/5091/4306 5045/4593/3852
f 3478/5092/4307 4160/4595/3854 4159/4594/3853 3288/5093/4308
f 3414/5094/4309 4161/4597/3855 4160/4596/3854 3478/5095/4307
f 3495/5096/4310 4162/4598/3856 4161/4597/3855 3414/5094/4309
f 3382/5097/4311 4163/4599/3857 4162/4598/3856 3495/5096/4310
f 3510/5098/4312 4164/4600/3858 4163/4599/3857 3382/5097/4311
f 3439/5099/4313 4165/4601/3859 4164/4600/3858 3510/5098/4312
f 3595/5100/4314 4166/4602/3860 4165/4601/3859 3439/5099/4313
f 4167/4603/3861 4166/4602/3860 3595/5100/4314 3347/5101/4315
f 3605/5102/4316 4168/4604/3862 4167/4603/3861 3347/5101/4315
f 3446/5103/4317 4169/4605/3863 4168/4604/3862 3605/5102/4316
f 3625/5104/4318 4170/4606/3864 4169/4605/3863 3446/5103/4317
f 3398/5105/4319 4171/4607/3865 4170/4606/3864 3625/5104/4318
f 3645/5106/4320 4172/4608/3866 4171/4607/3865 3398/5105/4319
f 3471/5107/4321 4173/4609/3867 4172/4608/3866 3645/5106/4320
f 3675/5108/4322 4174/4610/3868 4173/4609/3867 3471/5107/4321
f 4175/4612/3869 4174/4611/3868 3675/5109/4322 3319/5110/4323
f 4176/4613/3870 4175/4612/3869 3319/5110/4323 3331/5111/4324
f 4177/4614/3871 4176/4613/3870 3331/5111/4324 3332/5112/4325
f 3320/5113/4326 4178/4615/3872 4177/4614/3871 3332/5112/4325
f 3672/5114/4327 4179/4616/3873 4178/4615/3872 3320/5113/4326
f 3468/5115/4328 4180/4618/3874 4179/4617/3873 3672/5116/4327
f 3648/5117/4329 4181/4619/3875 4180/4618/3874 3468/5115/4328
f 3401/5118/4330 4182/4620/3876 4181/4619/3875 3648/5117/4329
f 3622/5119/4331 4183/4621/3877 4182/4620/3876 3401/5118/4330
f 3449/5120/4332 4184/4622/3878 4183/4621/3877 3622/5119/4331
f 3608/5121/4333 4185/4623/3879 4184/4622/3878 3449/5120/4332
f 3350/5122/4334 4186/4624/3880 4185/4623/3879 3608/5121/4333
f 3592/5123/4335 4187/4625/3881 4186/4624/3880 3350/5122/4334
f 3436/5124/4336 4188/4626/3882 4187/4625/3881 3592/5123/4335
f 3513/5125/4337 4189/4627/3883 4188/4626/3882 3436/5124/4336
f 3385/5126/4338 4190/4628/3884 4189/4627/3883 3513/5125/4337
f 3492/5127/4339 4191/4629/3885 4190/4628/3884 3385/5126/4338
f 3417/5128/4340 4192/4630/3886 4191/4629/3885 3492/5127/4339
f 3481/5129/4341 4193/4631/3887 4192/4630/3886 3417/5128/4340
f 3308/5130/4342 4194/4633/3888 4193/4632/3887 3481/5131/4341
f 3308/5130/4342 3307/5132/4343 4195/4634/3889 4194/4633/3888
f 3287/5133/4344 4196/4635/3890 4195/4634/3889 3307/5132/4343
f 5114/4636/3891 5115/5134/4345 5429/5135/4346 5430/4637/3892
f 3283/5136/4347 3284/5137/4348 4198/4801/4044 4197/4800/4043
f 5695/4802/4045 5696/5138/4349 5212/5139/4350 5213/4803/4046
f 4200/4805/4048 4199/4804/4047 3286/5088/4304 3489/5089/4303
f 4201/4807/4049 4200/4806/4048 3489/5087/4303 3425/5086/4302
f 4202/4808/4050 4201/4807/4049 3425/5086/4302 3500/5085/4301
f 4203/4809/4051 4202/4808/4050 3500/5085/4301 3393/5084/4300
f 4204/4810/4052 4203/4809/4051 3393/5084/4300 3521/5083/4299
f 4205/4811/4053 4204/4810/4052 3521/5083/4299 3428/5082/4298
f 4206/4812/4054 4205/4811/4053 3428/5082/4298 3582/5081/4297
f 4207/4813/4055 4206/4812/4054 3582/5081/4297 3356/5080/4296
f 4208/4814/4056 4207/4813/4055 3356/5080/4296 3618/5079/4295
f 4209/4815/4057 4208/4814/4056 3618/5079/4295 3457/5078/4294
f 4210/4816/4058 4209/4815/4057 3457/5078/4294 3632/5077/4293
f 4211/4817/4059 4210/4816/4058 3632/5077/4293 3409/5076/4292
f 4212/4818/4060 4211/4817/4059 3409/5076/4292 3658/5075/4291
f 4213/4819/4061 4212/4818/4060 3658/5075/4291 3460/5073/4290
f 4214/4820/4062 4213/4819/4061 3460/5073/4290 3662/5074/4288
f 4215/4822/4063 4214/4821/4062 3662/5071/4288 3317/5072/4289
f 4477/5070/4287 4478/4823/4064 4572/4824/4065 4573/5069/4286
f 4217/4826/4067 4216/4825/4066 3341/5067/4284 3342/5068/4285
f 4556/5066/4283 4557/4828/4069 4493/4827/4068 4494/5065/4282
f 4219/4830/4071 4218/4829/4070 3329/5064/4281 3330/5063/4280
f 3318/5062/4279 4220/4831/4072 4219/4830/4071 3330/5063/4280
f 3665/5061/4278 4221/4832/4073 4220/4831/4072 3318/5062/4279
f 3463/5059/4277 4222/4834/4074 4221/4833/4073 3665/5060/4278
f 3655/5058/4276 4223/4835/4075 4222/4834/4074 3463/5059/4277
f 3406/5057/4275 4224/4836/4076 4223/4835/4075 3655/5058/4276
f 3635/5056/4274 4225/4837/4077 4224/4836/4076 3406/5057/4275
f 3454/5055/4273 4226/4838/4078 4225/4837/4077 3635/5056/4274
f 3615/5054/4272 4227/4839/4079 4226/4838/4078 3454/5055/4273
f 3353/5053/4271 4228/4840/4080 4227/4839/4079 3615/5054/4272
f 3585/5052/4270 4229/4841/4081 4228/4840/4080 3353/5053/4271
f 3431/5051/4269 4230/4842/4082 4229/4841/4081 3585/5052/4270
f 3518/5050/4268 4231/4843/4083 4230/4842/4082 3431/5051/4269
f 3390/5049/4267 4232/4844/4084 4231/4843/4083 3518/5050/4268
f 3503/5048/4266 4233/4845/4085 4232/4844/4084 3390/5049/4267
f 3422/5046/4265 4234/4846/4086 4233/4845/4085 3503/5048/4266
f 3486/5047/4264 4235/4847/4087 4234/4846/4086 3422/5046/4265
f 3306/5044/4263 4236/4849/4088 4235/4848/4087 3486/5045/4264
f 3306/5044/4263 3305/5043/4262 4237/4850/4089 4236/4849/4088
f 3285/5042/4261 4238/4851/4090 4237/4850/4089 3305/5043/4262
f 5226/4852/4091 5227/5140/4351 5681/5141/4352 5682/4853/4092
f 3762/5142/4353 3761/5143/4354 4240/4647/3902 4239/4646/3901
f 5692/5144/4355 5693/4642/3897 5215/4645/3900 5216/5145/4356
f 4242/4641/3896 4241/4640/3895 3760/5146/4357 3759/5147/4358
f 5223/5148/4359 5224/4742/3989 5684/4745/3992 5685/5149/4360
f 4244/4739/3986 4243/4741/3988 3800/5150/4361 3799/5151/4362
f 4245/4736/3984 4244/4739/3986 3799/5151/4362 3798/5152/4363
f 4246/4737/3982 4245/4736/3984 3798/5152/4363 3797/5153/4364
f 4247/4731/3980 4246/4733/3982 3797/5154/4364 3796/5155/4365
f 4248/4729/3978 4247/4731/3980 3796/5155/4365 3795/5156/4366
f 4249/4727/3976 4248/4729/3978 3795/5156/4366 3794/5157/4367
f 4250/4725/3974 4249/4727/3976 3794/5157/4367 3793/5158/4368
f 4251/4723/3972 4250/4725/3974 3793/5158/4368 3792/5159/4369
f 4252/4721/3970 4251/4723/3972 3792/5159/4369 3791/5160/4370
f 4253/4719/3968 4252/4721/3970 3791/5160/4370 3790/5161/4371
f 4254/4717/3966 4253/4719/3968 3790/5161/4371 3789/5162/4372
f 4255/4715/3964 4254/4717/3966 3789/5162/4372 3788/5163/4373
f 4256/4713/3962 4255/4715/3964 3788/5163/4373 3787/5164/4374
f 4257/4711/3960 4256/4713/3962 3787/5164/4374 3786/5165/4375
f 4258/4709/3958 4257/4711/3960 3786/5165/4375 3785/5166/4376
f 4259/4706/3956 4258/4709/3958 3785/5166/4376 3784/5167/4377
f 4260/4707/3954 4259/4706/3956 3784/5167/4377 3783/5168/4378
f 4261/4701/3952 4260/4703/3954 3783/5169/4378 3782/5170/4379
f 4262/4696/3947 4261/4701/3952 3782/5170/4379 3781/5171/4380
f 3781/5171/4380 3780/5172/4381 4263/4697/3948 4262/4696/3947
f 4490/5173/4382 4491/4692/3943 4559/4695/3946 4560/5174/4383
f 3779/5175/4384 3778/5176/4385 4265/4689/3940 4264/4688/3939
f 4480/4685/3936 4481/5177/4386 4569/5178/4387 4570/4686/3937
f 3777/5179/4388 3776/5180/4389 4267/4681/3931 4266/4680/3933
f 3776/5181/4389 3775/5182/4390 4268/4676/3929 4267/4678/3931
f 3775/5182/4390 3774/5183/4391 4269/4674/3927 4268/4676/3929
f 3774/5183/4391 3773/5184/4392 4270/4672/3925 4269/4674/3927
f 3773/5184/4392 3772/5185/4393 4271/4670/3923 4270/4672/3925
f 3772/5185/4393 3771/5186/4394 4272/4668/3921 4271/4670/3923
f 3771/5186/4394 3770/5187/4395 4273/4666/3919 4272/4668/3921
f 3770/5187/4395 3769/5188/4396 4274/4664/3917 4273/4666/3919
f 3769/5188/4396 3768/5189/4397 4275/4662/3915 4274/4664/3917
f 3768/5189/4397 3767/5190/4398 4276/4660/3913 4275/4662/3915
f 3767/5190/4398 3766/5191/4399 4277/4658/3911 4276/4660/3913
f 3766/5191/4399 3765/5192/4400 4278/4656/3909 4277/4658/3911
f 3765/5192/4400 3764/5193/4401 4279/4654/3907 4278/4656/3909
f 3764/5193/4401 3763/5194/4402 4280/4650/3905 4279/4654/3907
f 3763/5194/4402 3762/5195/4353 4239/4651/3901 4280/4650/3905
f 3759/5147/4358 3760/5146/4357 4282/3691/3038 4281/3690/3037
f 5691/3695/3042 5692/5144/4355 5216/5145/4356 5217/3696/3043
f 4284/4293/3502 4283/4292/3612 3761/5143/4354 3762/5142/4353
f 4285/4056/3401 4284/4157/3502 3762/5195/4353 3763/5194/4402
f 4286/4057/3402 4285/4056/3401 3763/5194/4402 3764/5193/4401
f 4287/4321/3636 4286/4057/3402 3764/5193/4401 3765/5192/4400
f 4288/3918/3263 4287/4321/3636 3765/5192/4400 3766/5191/4399
f 4289/3919/3264 4288/3918/3263 3766/5191/4399 3767/5190/4398
f 4290/4165/3510 4289/3919/3264 3767/5190/4398 3768/5189/4397
f 4291/4432/3729 4290/4165/3510 3768/5189/4397 3769/5188/4396
f 4292/4221/3566 4291/4432/3729 3769/5188/4396 3770/5187/4395
f 4293/4120/3465 4292/4221/3566 3770/5187/4395 3771/5186/4394
f 4294/4121/3466 4293/4120/3465 3771/5186/4394 3772/5185/4393
f 4295/4486/3783 4294/4121/3466 3772/5185/4393 3773/5184/4392
f 4296/3788/3133 4295/4486/3783 3773/5184/4392 3774/5183/4391
f 4297/3789/3134 4296/3788/3133 3774/5183/4391 3775/5182/4390
f 4298/4229/3574 4297/3789/3134 3775/5182/4390 3776/5181/4389
f 4299/4508/3801 4298/4507/3574 3776/5180/4389 3777/5179/4388
f 4481/5177/4386 4482/3864/3209 4568/3867/3212 4569/5178/4387
f 4301/3829/3174 4300/3828/3173 3778/5176/4385 3779/5175/4384
f 4489/3869/3214 4490/5173/4382 4560/5174/4383 4561/3870/3215
f 4303/3751/3096 4302/3750/3095 3780/5172/4381 3781/5171/4380
f 3781/5171/4380 3782/5170/4379 4304/3830/3175 4303/3751/3096
f 3782/5170/4379 3783/5169/4378 4305/4511/3577 4304/3830/3175
f 3783/5168/4378 3784/5167/4377 4306/3790/3135 4305/4232/3577
f 3784/5167/4377 3785/5166/4376 4307/3791/3136 4306/3790/3135
f 3785/5166/4376 3786/5165/4375 4308/4489/3786 4307/3791/3136
f 3786/5165/4375 3787/5164/4374 4309/4110/3455 4308/4489/3786
f 3787/5164/4374 3788/5163/4373 4310/4111/3456 4309/4110/3455
f 3788/5163/4373 3789/5162/4372 4311/4216/3561 4310/4111/3456
f 3789/5162/4372 3790/5161/4371 4312/4435/3732 4311/4216/3561
f 3790/5161/4371 3791/5160/4370 4313/4168/3513 4312/4435/3732
f 3791/5160/4370 3792/5159/4369 4314/3908/3253 4313/4168/3513
f 3792/5159/4369 3793/5158/4368 4315/3909/3254 4314/3908/3253
f 3793/5158/4368 3794/5157/4367 4316/4324/3639 4315/3909/3254
f 3794/5157/4367 3795/5156/4366 4317/4046/3391 4316/4324/3639
f 3795/5156/4366 3796/5155/4365 4318/4047/3392 4317/4046/3391
f 3796/5155/4365 3797/5154/4364 4319/4152/3497 4318/4047/3392
f 3797/5153/4364 3798/5152/4363 4320/3698/3045 4319/4286/3497
f 3798/5152/4363 3799/5151/4362 4321/3699/3046 4320/3698/3045
f 3799/5151/4362 3800/5150/4361 4322/3742/3087 4321/3699/3046
f 5222/3703/3050 5223/5148/4359 5685/5149/4360 5686/3704/3051
f 3583/4166/3511 4324/4747/3994 4323/4746/3993 3355/4433/3730
f 3429/3914/3259 4325/4748/3995 4324/4747/3994 3583/4166/3511
f 3520/3913/3258 4326/4749/3996 4325/4748/3995 3429/3914/3259
f 3392/4322/3637 4327/4750/3997 4326/4749/3996 3520/3913/3258
f 3501/4052/3397 4328/4751/3998 4327/4750/3997 3392/4322/3637
f 3424/4051/3396 4329/4752/3999 4328/4751/3998 3501/4052/3397
f 3488/4155/3500 4330/4753/4000 4329/4752/3999 3424/4051/3396
f 3297/5196/3090 4331/4755/4001 4330/4754/4000 3488/5197/3500
f 3297/5198/3090 5689/4756/4002 5219/4757/4003
f 4333/4759/4005 4332/4758/4004 3296/5199/4403 3295/5200/4404
f 3298/3744/3089 5220/4760/4006 5688/4761/4007
f 4335/4763/4009 4334/4762/4008 3298/3744/3089 3309/3747/3092
f 4336/4764/4010 4335/4763/4009 3309/3747/3092 3310/3746/3091
f 4337/4765/4011 4336/4764/4010 3310/3746/3091 3487/4289/3499
f 4338/4767/4012 4337/4766/4011 3487/4154/3499 3423/4050/3395
f 4339/4768/4013 4338/4767/4012 3423/4050/3395 3502/4053/3398
f 4340/4769/4014 4339/4768/4013 3502/4053/3398 3391/4323/3638
f 4341/4770/4015 4340/4769/4014 3391/4323/3638 3519/3912/3257
f 4342/4771/4016 4341/4770/4015 3519/3912/3257 3430/3915/3260
f 4343/4772/4017 4342/4771/4016 3430/3915/3260 3584/4167/3512
f 4344/4773/4018 4343/4772/4017 3584/4167/3512 3354/4434/3731
f 4345/4774/4019 4344/4773/4018 3354/4434/3731 3616/4218/3563
f 4346/4775/4020 4345/4774/4019 3616/4218/3563 3455/4114/3459
f 4347/4776/4021 4346/4775/4020 3455/4114/3459 3634/4117/3462
f 4348/4777/4022 4347/4776/4021 3634/4117/3462 3407/4488/3785
f 4349/4778/4023 4348/4777/4022 3407/4488/3785 3656/3794/3139
f 4350/4779/4024 4349/4778/4023 3656/3794/3139 3462/3797/3142
f 4351/4780/4025 4350/4779/4024 3462/3797/3142 3664/4231/3576
f 4352/4782/4026 4351/4781/4025 3664/5201/3576 3322/5202/3177
f 4353/4783/4027 4352/4782/4026 3322/5202/3177 3334/5203/3180
f 3333/5204/3179 4354/4784/4028 4353/4783/4027 3334/5203/3180
f 4486/5205/3220 4487/4785/4029 4563/4786/4030 4564/5206/3217
f 3343/5207/4405 4356/4788/4032 4355/4787/4031 3344/5208/4406
f 4565/5209/3218 4566/4790/4034 4484/4789/4033 4485/5210/3219
f 3663/5211/3575 4358/4792/4036 4357/4791/4035 3321/5212/3178
f 3461/3796/3141 4359/4794/4037 4358/4793/4036 3663/4230/3575
f 3657/3795/3140 4360/4795/4038 4359/4794/4037 3461/3796/3141
f 3408/4487/3784 4361/4796/4039 4360/4795/4038 3657/3795/3140
f 3633/4116/3461 4362/4797/4040 4361/4796/4039 3408/4487/3784
f 3456/4115/3460 4363/4798/4041 4362/4797/4040 3633/4116/3461
f 3617/4219/3564 4364/4799/4042 4363/4798/4041 3456/4115/3460
f 3355/4433/3730 4323/4746/3993 4364/4799/4042 3617/4219/3564
f 5473/5213/4407 5474/5214/4408 5070/5215/4409 5071/5216/4410
f 4402/5217/4411 4403/5218/4412 4583/5219/4413 4584/5220/4414
f 5084/5221/4415 5085/5222/4416 5459/5223/4417 5460/5224/4418
f 4404/5225/4419 4405/5226/4420 4581/5227/4421 4582/5228/4422
f 4616/5229/4423 4581/5227/4421 4405/5226/4420 4406/5230/4424
f 4615/5231/4425 4616/5229/4423 4406/5230/4424 4407/5232/4426
f 4614/5233/4427 4615/5231/4425 4407/5232/4426 4408/5234/4428
f 4613/5235/4429 4614/5233/4427 4408/5234/4428 4409/5236/4430
f 4612/5237/4431 4613/5235/4429 4409/5236/4430 4410/5238/4432
f 4611/5239/4433 4612/5237/4431 4410/5238/4432 4411/5240/4434
f 4610/5241/4435 4611/5239/4433 4411/5240/4434 4412/5242/4436
f 4412/5242/4436 4413/5243/4437 4609/5244/4438 4610/5241/4435
f 4608/5245/4439 4609/5244/4438 4413/5243/4437 4414/5246/4440
f 4607/5247/4441 4608/5245/4439 4414/5246/4440 4415/5248/4442
f 4606/5249/4443 4607/5247/4441 4415/5248/4442 4416/5250/4444
f 4605/5251/4445 4606/5249/4443 4416/5250/4444 4417/5252/4446
f 4604/5253/4447 4605/5251/4445 4417/5252/4446 4418/5254/4448
f 4603/5255/4449 4604/5253/4447 4418/5254/4448 4419/5256/4450
f 4602/5257/4451 4603/5255/4449 4419/5256/4450 4420/5258/4452
f 4420/5259/4452 4421/5260/4453 4601/5261/4454 4602/5262/4451
f 4421/5263/4453 4422/5264/4455 4600/5265/4456 4601/5266/4454
f 4599/5267/4457 4600/5265/4456 4422/5264/4455 4423/5268/4458
f 4598/5269/4459 4599/5267/4457 4423/5268/4458 4424/5270/4460
f 4597/5271/4461 4598/5269/4459 4424/5270/4460 4425/5272/4462
f 4596/5273/4463 4597/5271/4461 4425/5272/4462 4426/5274/4464
f 4595/5275/4465 4596/5273/4463 4426/5274/4464 4427/5276/4466
f 4594/5277/4467 4595/5275/4465 4427/5276/4466 4428/5278/4468
f 4593/5279/4469 4594/5277/4467 4428/5278/4468 4429/5280/4470
f 4429/5280/4470 4430/5281/4471 4592/5282/4472 4593/5279/4469
f 4591/5283/4473 4592/5282/4472 4430/5281/4471 4431/5284/4474
f 4590/5285/4475 4591/5283/4473 4431/5284/4474 4432/5286/4476
f 4589/5287/4477 4590/5285/4475 4432/5286/4476 4433/5288/4478
f 4588/5289/4479 4589/5287/4477 4433/5288/4478 4434/5290/4480
f 4587/5291/4481 4588/5289/4479 4434/5290/4480 4435/5292/4482
f 4586/5293/4483 4587/5291/4481 4435/5292/4482 4436/5294/4484
f 4585/5295/4485 4586/5293/4483 4436/5294/4484 4401/5296/4486
f 5474/5214/4408 5475/5297/4487 5069/5298/4488 5070/5215/4409
f 4438/5299/4489 4439/5300/4490 4403/5218/4412 4402/5217/4411
f 5085/5222/4416 5086/5301/4491 5458/5302/4492 5459/5223/4417
f 4440/5303/4493 4441/5304/4494 4405/5226/4420 4404/5225/4419
f 4406/5230/4424 4405/5226/4420 4441/5304/4494 4442/5305/4495
f 4407/5232/4426 4406/5230/4424 4442/5305/4495 4443/5306/4496
f 4408/5234/4428 4407/5232/4426 4443/5306/4496 4444/5307/4497
f 4409/5236/4430 4408/5234/4428 4444/5307/4497 4445/5308/4498
f 4410/5238/4432 4409/5236/4430 4445/5308/4498 4446/5309/4499
f 4411/5240/4434 4410/5238/4432 4446/5309/4499 4447/5310/4500
f 4412/5242/4436 4411/5240/4434 4447/5310/4500 4448/5311/4501
f 4448/5311/4501 4449/5312/4502 4413/5243/4437 4412/5242/4436
f 4414/5246/4440 4413/5243/4437 4449/5312/4502 4450/5313/4503
f 4415/5248/4442 4414/5246/4440 4450/5313/4503 4451/5314/4504
f 4416/5250/4444 4415/5248/4442 4451/5314/4504 4452/5315/4505
f 4417/5252/4446 4416/5250/4444 4452/5315/4505 4453/5316/4506
f 4418/5254/4448 4417/5252/4446 4453/5316/4506 4454/5317/4507
f 4419/5256/4450 4418/5254/4448 4454/5317/4507 4455/5318/4508
f 4420/5258/4452 4419/5256/4450 4455/5318/4508 4456/5319/4509
f 4456/5320/4509 4457/5321/4510 4421/5260/4453 4420/5259/4452
f 4457/5322/4510 4458/5323/4511 4422/5264/4455 4421/5263/4453
f 4423/5268/4458 4422/5264/4455 4458/5323/4511 4459/5324/4512
f 4424/5270/4460 4423/5268/4458 4459/5324/4512 4460/5325/4513
f 4425/5272/4462 4424/5270/4460 4460/5325/4513 4461/5326/4514
f 4426/5274/4464 4425/5272/4462 4461/5326/4514 4462/5327/4515
f 4427/5276/4466 4426/5274/4464 4462/5327/4515 4463/5328/4516
f 4428/5278/4468 4427/5276/4466 4463/5328/4516 4464/5329/4517
f 4429/5280/4470 4428/5278/4468 4464/5329/4517 4465/5330/4518
f 4465/5330/4518 4466/5331/4519 4430/5281/4471 4429/5280/4470
f 4431/5284/4474 4430/5281/4471 4466/5331/4519 4467/5332/4520
f 4432/5286/4476 4431/5284/4474 4467/5332/4520 4468/5333/4521
f 4433/5288/4478 4432/5286/4476 4468/5333/4521 4469/5334/4522
f 4434/5290/4480 4433/5288/4478 4469/5334/4522 4470/5335/4523
f 4435/5292/4482 4434/5290/4480 4470/5335/4523 4471/5336/4524
f 4436/5294/4484 4435/5292/4482 4471/5336/4524 4472/5337/4525
f 4401/5296/4486 4436/5294/4484 4472/5337/4525 4437/5338/4526
f 5475/5297/4487 5476/5339/3802 5068/5340/3803 5069/5298/4488
f 3314/5341/4167 3326/5342/4166 4439/5300/4490 4438/5299/4489
f 5086/5301/4491 5087/3724/3071 5457/3723/3070 5458/5302/4492
f 3325/4891/4125 3913/4366/3679 4441/5304/4494 4440/5303/4493
f 4442/5305/4495 4441/5304/4494 3913/4366/3679 3545/3732/3077
f 4443/5306/4496 4442/5305/4495 3545/3732/3077 3983/3731/3076
f 4444/5307/4497 4443/5306/4496 3983/3731/3076 3363/4970/4195
f 4445/5308/4498 4444/5307/4497 3363/4970/4195 4109/3943/3288
f 4446/5309/4499 4445/5308/4498 4109/3943/3288 3701/3942/3287
f 4447/5310/4500 4446/5309/4499 3701/3942/3287 4139/4566/3827
f 4448/5311/4501 4447/5310/4500 4139/4566/3827 3329/5064/4281
f 3329/5064/4281 4218/4829/4070 4449/5312/4502 4448/5311/4501
f 4450/5313/4503 4449/5312/4502 4218/4829/4070 3864/4698/3949
f 4451/5314/4504 4450/5313/4503 3864/4698/3949 4263/4697/3948
f 4452/5315/4505 4451/5314/4504 4263/4697/3948 3780/5172/4381
f 4453/5316/4506 4452/5315/4505 3780/5172/4381 4302/3750/3095
f 4454/5317/4507 4453/5316/4506 4302/3750/3095 3832/3749/3094
f 4455/5318/4508 4454/5317/4507 3832/3749/3094 4354/4784/4028
f 4456/5319/4509 4455/5318/4508 4354/4784/4028 3333/5204/3179
f 3333/3834/3179 3321/3833/3178 4457/5321/4510 4456/5320/4509
f 3321/5212/3178 4357/4791/4035 4458/5323/4511 4457/5322/4510
f 4459/5324/4512 4458/5323/4511 4357/4791/4035 3835/4505/3800
f 4460/5325/4513 4459/5324/4512 3835/4505/3800 4299/4508/3801
f 4461/5326/4514 4460/5325/4513 4299/4508/3801 3777/5179/4388
f 4462/5327/4515 4461/5326/4514 3777/5179/4388 4266/4680/3933
f 4463/5328/4516 4462/5327/4515 4266/4680/3933 3861/4683/3934
f 4464/5329/4517 4463/5328/4516 3861/4683/3934 4215/4822/4063
f 4465/5330/4518 4464/5329/4517 4215/4822/4063 3317/5072/4289
f 3317/5072/4289 4142/4573/3834 4466/5331/4519 4465/5330/4518
f 4467/5332/4520 4466/5331/4519 4142/4573/3834 3704/4501/3798
f 4468/5333/4521 4467/5332/4520 3704/4501/3798 4106/4504/3799
f 4469/5334/4522 4468/5333/4521 4106/4504/3799 3366/4977/4202
f 4470/5335/4523 4469/5334/4522 3366/4977/4202 3986/4542/3806
f 4471/5336/4524 4470/5335/4523 3986/4542/3806 3542/4538/3804
f 4472/5337/4525 4471/5336/4524 3542/4538/3804 3910/4541/3805
f 4437/5338/4526 4472/5337/4525 3910/4541/3805 3313/4884/4118
f 4509/5343/4527 4510/5344/4528 4474/3952/3297 4473/4975/4200
f 4510/5344/4528 4511/5345/4529 4475/3953/3298 4474/3952/3297
f 4511/5345/4529 4512/5346/4530 4476/4571/3832 4475/3953/3298
f 4477/5070/4287 4476/4571/3832 4512/5346/4530 4513/5347/4531
f 4513/5347/4531 4514/5348/4532 4478/4823/4064 4477/5070/4287
f 4514/5348/4532 4515/5349/4533 4479/4684/3935 4478/4823/4064
f 4515/5349/4533 4516/5350/4534 4480/4685/3936 4479/4684/3935
f 4516/5350/4534 4517/5351/4535 4481/5177/4386 4480/4685/3936
f 4517/5351/4535 4518/5352/4536 4482/3864/3209 4481/5177/4386
f 4518/5352/4536 4519/5353/4537 4483/3865/3210 4482/3864/3209
f 4519/5353/4537 4520/5354/4538 4484/4789/4033 4483/3865/3210
f 4485/5210/3219 4484/4789/4033 4520/5354/4538 4521/5355/4539
f 4486/3875/3220 4485/3874/3219 4521/5356/4539 4522/5357/4540
f 4522/5358/4540 4523/5359/4541 4487/4785/4029 4486/5205/3220
f 4523/5359/4541 4524/5360/4542 4488/3868/3213 4487/4785/4029
f 4524/5360/4542 4525/5361/4543 4489/3869/3214 4488/3868/3213
f 4525/5361/4543 4526/5362/4544 4490/5173/4382 4489/3869/3214
f 4526/5362/4544 4527/5363/4545 4491/4692/3943 4490/5173/4382
f 4527/5363/4545 4528/5364/4546 4492/4693/3944 4491/4692/3943
f 4528/5364/4546 4529/5365/4547 4493/4827/4068 4492/4693/3944
f 4494/5065/4282 4493/4827/4068 4529/5365/4547 4530/5366/4548
f 4530/5366/4548 4531/5367/4549 4495/4567/3828 4494/5065/4282
f 4531/5367/4549 4532/5368/4550 4496/3944/3289 4495/4567/3828
f 4532/5368/4550 4533/5369/4551 4497/3945/3290 4496/3944/3289
f 4533/5369/4551 4534/5370/4552 4498/4971/4196 4497/3945/3290
f 4534/5370/4552 4535/5371/4553 4499/3860/3205 4498/4971/4196
f 4535/5371/4553 4536/5372/4554 4500/3861/3206 4499/3860/3205
f 4536/5372/4554 4537/5373/4555 4501/4364/3677 4500/3861/3206
f 4502/4890/4124 4501/4364/3677 4537/5373/4555 4538/5374/4556
f 5080/5375/4557 5081/3852/3197 5463/3855/3200 5464/5376/4558
f 4504/3851/3196 4503/3850/3195 4539/5377/4559 4540/5378/4560
f 5469/5379/4561 5470/3844/3189 5074/3847/3192 5075/5380/4562
f 4541/5381/4563 4542/5382/4564 4506/4360/3673 4505/4885/4119
f 4542/5382/4564 4543/5383/4565 4507/3856/3201 4506/4360/3673
f 4543/5383/4565 4544/5384/4566 4508/3857/3202 4507/3856/3201
f 4544/5384/4566 4509/5343/4527 4473/4975/4200 4508/3857/3202
f 4617/5385/4567 4618/5386/4568 4510/5344/4528 4509/5343/4527
f 4618/5386/4568 4619/5387/4569 4511/5345/4529 4510/5344/4528
f 4619/5387/4569 4620/5388/4570 4512/5346/4530 4511/5345/4529
f 4513/5347/4531 4512/5346/4530 4620/5388/4570 4621/5389/4571
f 4621/5389/4571 4622/5390/4572 4514/5348/4532 4513/5347/4531
f 4622/5390/4572 4623/5391/4573 4515/5349/4533 4514/5348/4532
f 4623/5391/4573 4624/5392/4574 4516/5350/4534 4515/5349/4533
f 4624/5392/4574 4625/5393/4575 4517/5351/4535 4516/5350/4534
f 4625/5393/4575 4626/5394/4576 4518/5352/4536 4517/5351/4535
f 4626/5394/4576 4627/5395/4577 4519/5353/4537 4518/5352/4536
f 4627/5395/4577 4628/5396/4578 4520/5354/4538 4519/5353/4537
f 4521/5355/4539 4520/5354/4538 4628/5396/4578 4629/5397/4579
f 4522/5357/4540 4521/5356/4539 4629/5398/4579 4630/5399/4580
f 4630/5400/4580 4631/5401/4581 4523/5359/4541 4522/5358/4540
f 4631/5401/4581 4632/5402/4582 4524/5360/4542 4523/5359/4541
f 4632/5402/4582 4633/5403/4583 4525/5361/4543 4524/5360/4542
f 4633/5403/4583 4634/5404/4584 4526/5362/4544 4525/5361/4543
f 4634/5404/4584 4635/5405/4585 4527/5363/4545 4526/5362/4544
f 4635/5405/4585 4636/5406/4586 4528/5364/4546 4527/5363/4545
f 4636/5406/4586 4637/5407/4587 4529/5365/4547 4528/5364/4546
f 4530/5366/4548 4529/5365/4547 4637/5407/4587 4638/5408/4588
f 4638/5408/4588 4639/5409/4589 4531/5367/4549 4530/5366/4548
f 4639/5409/4589 4640/5410/4590 4532/5368/4550 4531/5367/4549
f 4640/5410/4590 4641/5411/4591 4533/5369/4551 4532/5368/4550
f 4641/5411/4591 4642/5412/4592 4534/5370/4552 4533/5369/4551
f 4642/5412/4592 4643/5413/4593 4535/5371/4553 4534/5370/4552
f 4643/5413/4593 4644/5414/4594 4536/5372/4554 4535/5371/4553
f 4644/5414/4594 4645/5415/4595 4537/5373/4555 4536/5372/4554
f 4538/5374/4556 4537/5373/4555 4645/5415/4595 4646/5416/4596
f 5079/5417/4597 5080/5375/4557 5464/5376/4558 5465/5418/4598
f 4540/5378/4560 4539/5377/4559 4647/5419/4599 4648/5420/4600
f 5468/5421/4601 5469/5379/4561 5075/5380/4562 5076/5422/4602
f 4649/5423/4603 4650/5424/4604 4542/5382/4564 4541/5381/4563
f 4650/5424/4604 4651/5425/4605 4543/5383/4565 4542/5382/4564
f 4651/5425/4605 4652/5426/4606 4544/5384/4566 4543/5383/4565
f 4652/5426/4606 4617/5385/4567 4509/5343/4527 4544/5384/4566
f 5471/3845/3190 5472/5427/4607 5072/5428/4608 5073/3846/3191
f 4366/5429/4609 4367/5430/4610 4547/3849/3194 4546/3848/3193
f 5082/3853/3198 5083/5431/4611 5461/5432/4612 5462/3854/3199
f 4368/5433/4613 4369/5434/4614 4549/4365/3678 4548/4889/4123
f 4550/3862/3207 4549/4365/3678 4369/5434/4614 4370/5435/4615
f 4551/3863/3208 4550/3862/3207 4370/5435/4615 4371/5436/4616
f 4552/4972/4197 4551/3863/3208 4371/5436/4616 4372/5437/4617
f 4553/3946/3291 4552/4972/4197 4372/5437/4617 4373/5438/4618
f 4554/3947/3292 4553/3946/3291 4373/5438/4618 4374/5439/4619
f 4555/4568/3829 4554/3947/3292 4374/5439/4619 4375/5440/4620
f 4556/5066/4283 4555/4568/3829 4375/5440/4620 4376/5441/4621
f 4376/5441/4621 4377/5442/4622 4557/4828/4069 4556/5066/4283
f 4558/4694/3945 4557/4828/4069 4377/5442/4622 4378/5443/4623
f 4559/4695/3946 4558/4694/3945 4378/5443/4623 4379/5444/4624
f 4560/5174/4383 4559/4695/3946 4379/5444/4624 4380/5445/4625
f 4561/3870/3215 4560/5174/4383 4380/5445/4625 4381/5446/4626
f 4562/3871/3216 4561/3870/3215 4381/5446/4626 4382/5447/4627
f 4563/4786/4030 4562/3871/3216 4382/5447/4627 4383/5448/4628
f 4564/5206/3217 4563/4786/4030 4383/5448/4628 4384/5449/4629
f 4384/5450/4629 4385/5451/4630 4565/3873/3218 4564/3872/3217
f 4385/5452/4630 4386/5453/4631 4566/4790/4034 4565/5209/3218
f 4567/3866/3211 4566/4790/4034 4386/5453/4631 4387/5454/4632
f 4568/3867/3212 4567/3866/3211 4387/5454/4632 4388/5455/4633
f 4569/5178/4387 4568/3867/3212 4388/5455/4633 4389/5456/4634
f 4570/4686/3937 4569/5178/4387 4389/5456/4634 4390/5457/4635
f 4571/4687/3938 4570/4686/3937 4390/5457/4635 4391/5458/4636
f 4572/4824/4065 4571/4687/3938 4391/5458/4636 4392/5459/4637
f 4573/5069/4286 4572/4824/4065 4392/5459/4637 4393/5460/4638
f 4393/5460/4638 4394/5461/4639 4574/4572/3833 4573/5069/4286
f 4575/3954/3299 4574/4572/3833 4394/5461/4639 4395/5462/4640
f 4576/3955/3300 4575/3954/3299 4395/5462/4640 4396/5463/4641
f 4577/4976/4201 4576/3955/3300 4396/5463/4641 4397/5464/4642
f 4578/3858/3203 4577/4976/4201 4397/5464/4642 4398/5465/4643
f 4579/3859/3204 4578/3858/3203 4398/5465/4643 4399/5466/4644
f 4580/4361/3674 4579/3859/3204 4399/5466/4644 4400/5467/4645
f 4545/4886/4120 4580/4361/3674 4400/5467/4645 4365/5468/4646
f 4582/5228/4422 4581/5227/4421 4369/5434/4614 4368/5433/4613
f 5083/5431/4611 5084/5221/4415 5460/5224/4418 5461/5432/4612
f 4584/5220/4414 4583/5219/4413 4367/5430/4610 4366/5429/4609
f 5472/5427/4607 5473/5213/4407 5071/5216/4410 5072/5428/4608
f 4365/5468/4646 4400/5467/4645 4586/5293/4483 4585/5295/4485
f 4400/5467/4645 4399/5466/4644 4587/5291/4481 4586/5293/4483
f 4399/5466/4644 4398/5465/4643 4588/5289/4479 4587/5291/4481
f 4398/5465/4643 4397/5464/4642 4589/5287/4477 4588/5289/4479
f 4397/5464/4642 4396/5463/4641 4590/5285/4475 4589/5287/4477
f 4396/5463/4641 4395/5462/4640 4591/5283/4473 4590/5285/4475
f 4395/5462/4640 4394/5461/4639 4592/5282/4472 4591/5283/4473
f 4593/5279/4469 4592/5282/4472 4394/5461/4639 4393/5460/4638
f 4393/5460/4638 4392/5459/4637 4594/5277/4467 4593/5279/4469
f 4392/5459/4637 4391/5458/4636 4595/5275/4465 4594/5277/4467
f 4391/5458/4636 4390/5457/4635 4596/5273/4463 4595/5275/4465
f 4390/5457/4635 4389/5456/4634 4597/5271/4461 4596/5273/4463
f 4389/5456/4634 4388/5455/4633 4598/5269/4459 4597/5271/4461
f 4388/5455/4633 4387/5454/4632 4599/5267/4457 4598/5269/4459
f 4387/5454/4632 4386/5453/4631 4600/5265/4456 4599/5267/4457
f 4601/5266/4454 4600/5265/4456 4386/5453/4631 4385/5452/4630
f 4602/5262/4451 4601/5261/4454 4385/5451/4630 4384/5450/4629
f 4384/5449/4629 4383/5448/4628 4603/5255/4449 4602/5257/4451
f 4383/5448/4628 4382/5447/4627 4604/5253/4447 4603/5255/4449
f 4382/5447/4627 4381/5446/4626 4605/5251/4445 4604/5253/4447
f 4381/5446/4626 4380/5445/4625 4606/5249/4443 4605/5251/4445
f 4380/5445/4625 4379/5444/4624 4607/5247/4441 4606/5249/4443
f 4379/5444/4624 4378/5443/4623 4608/5245/4439 4607/5247/4441
f 4378/5443/4623 4377/5442/4622 4609/5244/4438 4608/5245/4439
f 4610/5241/4435 4609/5244/4438 4377/5442/4622 4376/5441/4621
f 4376/5441/4621 4375/5440/4620 4611/5239/4433 4610/5241/4435
f 4375/5440/4620 4374/5439/4619 4612/5237/4431 4611/5239/4433
f 4374/5439/4619 4373/5438/4618 4613/5235/4429 4612/5237/4431
f 4373/5438/4618 4372/5437/4617 4614/5233/4427 4613/5235/4429
f 4372/5437/4617 4371/5436/4616 4615/5231/4425 4614/5233/4427
f 4371/5436/4616 4370/5435/4615 4616/5229/4423 4615/5231/4425
f 4370/5435/4615 4369/5434/4614 4581/5227/4421 4616/5229/4423
f 4107/5469/3295 4618/5386/4568 4617/5385/4567 3365/5470/4199
f 3703/5471/3294 4619/5387/4569 4618/5386/4568 4107/5469/3295
f 4141/5472/3831 4620/5388/4570 4619/5387/4569 3703/5471/3294
f 4621/5389/4571 4620/5388/4570 4141/5472/3831 3341/5473/4284
f 4216/5474/4066 4622/5390/4572 4621/5389/4571 3341/5473/4284
f 3862/5475/3941 4623/5391/4573 4622/5390/4572 4216/5474/4066
f 4265/5476/3940 4624/5392/4574 4623/5391/4573 3862/5475/3941
f 3778/5477/4385 4625/5393/4575 4624/5392/4574 4265/5476/3940
f 4300/5478/3173 4626/5394/4576 4625/5393/4575 3778/5477/4385
f 3834/5479/3172 4627/5395/4577 4626/5394/4576 4300/5478/3173
f 4356/5480/4032 4628/5396/4578 4627/5395/4577 3834/5479/3172
f 4629/5397/4579 4628/5396/4578 4356/5480/4032 3343/5481/4405
f 4630/5399/4580 4629/5398/4579 3343/5207/4405 3344/5208/4406
f 4355/5482/4031 4631/5401/4581 4630/5400/4580 3344/5483/4406
f 3833/5484/3171 4632/5402/4582 4631/5401/4581 4355/5482/4031
f 4301/5485/3174 4633/5403/4583 4632/5402/4582 3833/5484/3171
f 3779/5486/4384 4634/5404/4584 4633/5403/4583 4301/5485/3174
f 4264/5487/3939 4635/5405/4585 4634/5404/4584 3779/5486/4384
f 3863/5488/3942 4636/5406/4586 4635/5405/4585 4264/5487/3939
f 4217/5489/4067 4637/5407/4587 4636/5406/4586 3863/5488/3942
f 4638/5408/4588 4637/5407/4587 4217/5489/4067 3342/5490/4285
f 4140/5491/3830 4639/5409/4589 4638/5408/4588 3342/5490/4285
f 3702/5492/3293 4640/5410/4590 4639/5409/4589 4140/5491/3830
f 4108/5493/3296 4641/5411/4591 4640/5410/4590 3702/5492/3293
f 3364/5494/4198 4642/5412/4592 4641/5411/4591 4108/5493/3296
f 3984/5495/3161 4643/5413/4593 4642/5412/4592 3364/5494/4198
f 3544/5496/3164 4644/5414/4594 4643/5413/4593 3984/5495/3161
f 3912/5497/3676 4645/5415/4595 4644/5414/4594 3544/5496/3164
f 4646/5416/4596 4645/5415/4595 3912/5497/3676 3340/5498/4122
f 5078/5499/3158 5079/5417/4597 5465/5418/4598 5466/5500/3155
f 4648/5420/4600 4647/5419/4599 3339/5501/4647 3338/5502/4648
f 5467/5503/3156 5468/5421/4601 5076/5422/4602 5077/5504/3157
f 3911/5505/3675 4650/5424/4604 4649/5423/4603 3337/5506/4121
f 3543/5507/3163 4651/5425/4605 4650/5424/4604 3911/5505/3675
f 3985/5508/3162 4652/5426/4606 4651/5425/4605 3543/5507/3163
f 3365/5470/4199 4617/5385/4567 4652/5426/4606 3985/5508/3162
f 4855/5509/4649 4856/5510/4650 4693/5511/4651 4694/5512/4652
f 4694/5512/4652 4695/5513/4653 4854/5514/4654 4855/5509/4649
f 4853/5515/4655 4854/5514/4654 4695/5513/4653 4696/5516/4656
f 4892/5517/4657 4853/5518/4655 4696/5519/4656 4697/5520/4658
f 4891/5521/4659 4892/5517/4657 4697/5520/4658 4698/5522/4660
f 4890/5523/4661 4891/5521/4659 4698/5522/4660 4699/5524/4662
f 4889/5525/4663 4890/5523/4661 4699/5524/4662 4700/5526/4664
f 4888/5527/4665 4889/5525/4663 4700/5526/4664 4701/5528/4666
f 4887/5529/4667 4888/5527/4665 4701/5528/4666 4702/5530/4668
f 4886/5531/4669 4887/5529/4667 4702/5530/4668 4703/5532/4670
f 4885/5533/4671 4886/5531/4669 4703/5532/4670 4704/5534/4672
f 4884/5535/4673 4885/5533/4671 4704/5534/4672 4705/5536/4674
f 4883/5537/4675 4884/5535/4673 4705/5536/4674 4706/5538/4676
f 4882/5539/4677 4883/5537/4675 4706/5538/4676 4707/5540/4678
f 4881/5541/4679 4882/5539/4677 4707/5540/4678 4708/5542/4680
f 4880/5543/4681 4881/5541/4679 4708/5542/4680 4709/5544/4682
f 4879/5545/4683 4880/5543/4681 4709/5544/4682 4710/5546/4684
f 4878/5547/4685 4879/5548/4683 4710/5549/4684 4711/5550/4686
f 4877/5551/4687 4878/5547/4685 4711/5550/4686 4712/5552/4688
f 4712/5552/4688 4713/5553/4689 4876/5554/4690 4877/5551/4687
f 4713/5553/4689 4714/5555/4691 4875/5556/4692 4876/5554/4690
f 4714/5555/4691 4715/5557/4693 4874/5558/4694 4875/5556/4692
f 4715/5559/4693 4716/5560/4695 4873/5561/4696 4874/5562/4694
f 4716/5560/4695 4717/5563/4697 4872/5564/4698 4873/5561/4696
f 4717/5563/4697 4718/5565/4699 4871/5566/4700 4872/5564/4698
f 4718/5565/4699 4719/5567/4701 4870/5568/4702 4871/5566/4700
f 4719/5567/4701 4720/5569/4703 4869/5570/4704 4870/5568/4702
f 4720/5569/4703 4721/5571/4705 4868/5572/4706 4869/5570/4704
f 4721/5571/4705 4722/5573/4707 4867/5574/4708 4868/5572/4706
f 4722/5573/4707 4723/5575/4709 4866/5576/4710 4867/5574/4708
f 4723/5575/4709 4724/5577/4711 4865/5578/4712 4866/5576/4710
f 4724/5577/4711 4725/5579/4713 4864/5580/4714 4865/5578/4712
f 4725/5579/4713 4726/5581/4715 4863/5582/4716 4864/5580/4714
f 4726/5581/4715 4727/5583/4717 4862/5584/4718 4863/5582/4716
f 4727/5583/4717 4728/5585/4719 4861/5586/4720 4862/5584/4718
f 4728/5585/4719 4729/5587/4721 4860/5588/4722 4861/5586/4720
f 4729/5589/4721 4730/5590/4723 4859/5591/4724 4860/5592/4722
f 5205/5593/4725 5206/5594/4726 5706/5595/4727 5707/5596/4728
f 4731/5597/4729 4732/5598/4730 4857/5599/4731 4858/5600/4732
f 5716/5601/4733 5717/5602/4734 5195/5603/4735 5196/5604/4736
f 4694/5512/4652 4693/5511/4651 4893/5605/4737 4894/5606/4738
f 4894/5606/4738 4895/5607/4739 4695/5513/4653 4694/5512/4652
f 4696/5516/4656 4695/5513/4653 4895/5607/4739 4896/5608/4740
f 4697/5520/4658 4696/5519/4656 4896/5609/4740 4897/5610/4741
f 4698/5522/4660 4697/5520/4658 4897/5610/4741 4898/5611/4742
f 4699/5524/4662 4698/5522/4660 4898/5611/4742 4899/5612/4743
f 4700/5526/4664 4699/5524/4662 4899/5612/4743 4900/5613/4744
f 4701/5528/4666 4700/5526/4664 4900/5613/4744 4901/5614/4745
f 4702/5530/4668 4701/5528/4666 4901/5614/4745 4902/5615/4746
f 4703/5532/4670 4702/5530/4668 4902/5615/4746 4903/5616/4747
f 4704/5534/4672 4703/5532/4670 4903/5616/4747 4904/5617/4748
f 4705/5536/4674 4704/5534/4672 4904/5617/4748 4905/5618/4749
f 4706/5538/4676 4705/5536/4674 4905/5618/4749 4906/5619/4750
f 4707/5540/4678 4706/5538/4676 4906/5619/4750 4907/5620/4751
f 4708/5542/4680 4707/5540/4678 4907/5620/4751 4908/5621/4752
f 4709/5544/4682 4708/5542/4680 4908/5621/4752 4909/5622/4753
f 4710/5546/4684 4709/5544/4682 4909/5622/4753 4910/5623/4754
f 4711/5550/4686 4710/5549/4684 4910/5624/4754 4911/5625/4755
f 4712/5552/4688 4711/5550/4686 4911/5625/4755 4912/5626/4756
f 4912/5626/4756 4913/5627/4757 4713/5553/4689 4712/5552/4688
f 4913/5627/4757 4914/5628/4758 4714/5555/4691 4713/5553/4689
f 4914/5628/4758 4915/5629/4759 4715/5557/4693 4714/5555/4691
f 4915/5630/4759 4916/5631/4760 4716/5560/4695 4715/5559/4693
f 4916/5631/4760 4917/5632/4761 4717/5563/4697 4716/5560/4695
f 4917/5632/4761 4918/5633/4762 4718/5565/4699 4717/5563/4697
f 4918/5633/4762 4919/5634/4763 4719/5567/4701 4718/5565/4699
f 4919/5634/4763 4920/5635/4764 4720/5569/4703 4719/5567/4701
f 4920/5635/4764 4921/5636/4765 4721/5571/4705 4720/5569/4703
f 4921/5636/4765 4922/5637/4766 4722/5573/4707 4721/5571/4705
f 4922/5637/4766 4923/5638/4767 4723/5575/4709 4722/5573/4707
f 4923/5638/4767 4924/5639/4768 4724/5577/4711 4723/5575/4709
f 4924/5639/4768 4925/5640/4769 4725/5579/4713 4724/5577/4711
f 4925/5640/4769 4926/5641/4770 4726/5581/4715 4725/5579/4713
f 4926/5641/4770 4927/5642/4771 4727/5583/4717 4726/5581/4715
f 4927/5642/4771 4928/5643/4772 4728/5585/4719 4727/5583/4717
f 4928/5643/4772 4929/5644/4773 4729/5587/4721 4728/5585/4719
f 4929/5645/4773 4930/5646/4774 4730/5590/4723 4729/5589/4721
f 5206/5594/4726 5207/5647/4775 5705/5648/4776 5706/5595/4727
f 4931/5649/4777 4932/5650/4778 4732/5598/4730 4731/5597/4729
f 5717/5602/4734 5718/5651/4779 5194/5652/4780 5195/5603/4735
f 4813/5653/4781 4814/5654/4782 4734/4180/3525 4733/4449/3746
f 4814/5654/4782 4815/5655/4783 4735/3892/3237 4734/4180/3525
f 4815/5655/4783 4816/5656/4784 4736/3893/3238 4735/3892/3237
f 4816/5656/4784 4817/5657/4785 4737/4304/3619 4736/3893/3238
f 4817/5657/4785 4818/5658/4786 4738/4022/3367 4737/4304/3619
f 4818/5658/4786 4819/5659/4787 4739/4023/3368 4738/4022/3367
f 4819/5659/4787 4820/5660/4788 4740/4140/3485 4739/4023/3368
f 4820/5661/4788 4821/5662/4789 4741/3708/3055 4740/4274/3485
f 4742/3709/3056 4741/3708/3055 4821/5662/4789 4822/5663/4790
f 4822/5663/4790 4823/5664/4791 4743/3760/3105 4742/3709/3056
f 5712/5665/4792 5713/3718/3065 5199/3721/3068 5200/5666/4793
f 4745/3717/3064 4744/3716/3063 4824/5667/4794 4825/5668/4795
f 5201/5669/4796 5202/3710/3057 5710/3713/3060 5711/5670/4797
f 4747/4271/3482 4746/4270/3610 4826/5671/4798 4827/5672/4799
f 4748/4016/3361 4747/4137/3482 4827/5673/4799 4828/5674/4800
f 4749/4017/3362 4748/4016/3361 4828/5674/4800 4829/5675/4801
f 4750/4309/3624 4749/4017/3362 4829/5675/4801 4830/5676/4802
f 4751/3886/3231 4750/4309/3624 4830/5676/4802 4831/5677/4803
f 4752/3887/3232 4751/3886/3231 4831/5677/4803 4832/5678/4804
f 4753/4185/3530 4752/3887/3232 4832/5678/4804 4833/5679/4805
f 4754/4454/3751 4753/4185/3530 4833/5679/4805 4834/5680/4806
f 4755/4201/3546 4754/4454/3751 4834/5680/4806 4835/5681/4807
f 4756/4080/3425 4755/4201/3546 4835/5681/4807 4836/5682/4808
f 4757/4081/3426 4756/4080/3425 4836/5682/4808 4837/5683/4809
f 4758/4472/3769 4757/4081/3426 4837/5683/4809 4838/5684/4810
f 4759/3800/3145 4758/4472/3769 4838/5684/4810 4839/5685/4811
f 4760/3801/3146 4759/3800/3145 4839/5685/4811 4840/5686/4812
f 4761/4249/3594 4760/3801/3146 4840/5686/4812 4841/5687/4813
f 4762/3837/3182 4761/4530/3594 4841/5688/4813 4842/5689/4814
f 4763/3754/3099 4762/3837/3182 4842/5689/4814 4843/5690/4815
f 4764/3755/3100 4763/3754/3099 4843/5690/4815 4844/5691/4816
f 4844/5691/4816 4845/5692/4817 4765/3842/3187 4764/3755/3100
f 4845/5692/4817 4846/5693/4818 4766/4525/3589 4765/3842/3187
f 4846/5694/4818 4847/5695/4819 4767/3806/3151 4766/4244/3589
f 4847/5695/4819 4848/5696/4820 4768/3807/3152 4767/3806/3151
f 4848/5696/4820 4849/5697/4821 4769/4467/3764 4768/3807/3152
f 4849/5697/4821 4850/5698/4822 4770/4086/3431 4769/4467/3764
f 4850/5698/4822 4851/5699/4823 4771/4087/3432 4770/4086/3431
f 4851/5699/4823 4852/5700/4824 4772/4204/3549 4771/4087/3432
f 4852/5700/4824 4813/5653/4781 4733/4449/3746 4772/4204/3549
f 4774/3706/3053 4773/3761/3106 4653/5701/4825 4654/5702/4826
f 4654/5702/4826 4655/5703/4827 4775/3707/3054 4774/3706/3053
f 4776/4275/3486 4775/3707/3054 4655/5703/4827 4656/5704/4828
f 4777/4024/3369 4776/4141/3486 4656/5705/4828 4657/5706/4829
f 4778/4025/3370 4777/4024/3369 4657/5706/4829 4658/5707/4830
f 4779/4305/3620 4778/4025/3370 4658/5707/4830 4659/5708/4831
f 4780/3894/3239 4779/4305/3620 4659/5708/4831 4660/5709/4832
f 4781/3895/3240 4780/3894/3239 4660/5709/4832 4661/5710/4833
f 4782/4181/3526 4781/3895/3240 4661/5710/4833 4662/5711/4834
f 4783/4450/3747 4782/4181/3526 4662/5711/4834 4663/5712/4835
f 4784/4205/3550 4783/4450/3747 4663/5712/4835 4664/5713/4836
f 4785/4088/3433 4784/4205/3550 4664/5713/4836 4665/5714/4837
f 4786/4089/3434 4785/4088/3433 4665/5714/4837 4666/5715/4838
f 4787/4468/3765 4786/4089/3434 4666/5715/4838 4667/5716/4839
f 4788/3808/3153 4787/4468/3765 4667/5716/4839 4668/5717/4840
f 4789/3809/3154 4788/3808/3153 4668/5717/4840 4669/5718/4841
f 4790/4245/3590 4789/3809/3154 4669/5718/4841 4670/5719/4842
f 4791/3843/3188 4790/4526/3590 4670/5720/4842 4671/5721/4843
f 4792/3752/3097 4791/3843/3188 4671/5721/4843 4672/5722/4844
f 4672/5722/4844 4673/5723/4845 4793/3753/3098 4792/3752/3097
f 4673/5723/4845 4674/5724/4846 4794/3836/3181 4793/3753/3098
f 4674/5724/4846 4675/5725/4847 4795/4529/3593 4794/3836/3181
f 4675/5726/4847 4676/5727/4848 4796/3798/3143 4795/4248/3593
f 4676/5727/4848 4677/5728/4849 4797/3799/3144 4796/3798/3143
f 4677/5728/4849 4678/5729/4850 4798/4471/3768 4797/3799/3144
f 4678/5729/4850 4679/5730/4851 4799/4078/3423 4798/4471/3768
f 4679/5730/4851 4680/5731/4852 4800/4079/3424 4799/4078/3423
f 4680/5731/4852 4681/5732/4853 4801/4200/3545 4800/4079/3424
f 4681/5732/4853 4682/5733/4854 4802/4453/3750 4801/4200/3545
f 4682/5733/4854 4683/5734/4855 4803/4184/3529 4802/4453/3750
f 4683/5734/4855 4684/5735/4856 4804/3884/3229 4803/4184/3529
f 4684/5735/4856 4685/5736/4857 4805/3885/3230 4804/3884/3229
f 4685/5736/4857 4686/5737/4858 4806/4308/3623 4805/3885/3230
f 4686/5737/4858 4687/5738/4859 4807/4014/3359 4806/4308/3623
f 4687/5738/4859 4688/5739/4860 4808/4015/3360 4807/4014/3359
f 4688/5739/4860 4689/5740/4861 4809/4136/3481 4808/4015/3360
f 4689/5741/4861 4690/5742/4862 4810/4269/3609 4809/4268/3481
f 5203/3711/3058 5204/5743/4863 5708/5744/4864 5709/3712/3059
f 4691/5745/4865 4692/5746/4866 4812/3715/3062 4811/3714/3061
f 5714/3719/3066 5715/5747/4867 5197/5748/4868 5198/3720/3067
f 3593/4182/3527 4814/5654/4782 4813/5653/4781 3349/4451/3748
f 3437/3890/3235 4815/5655/4783 4814/5654/4782 3593/4182/3527
f 3512/3889/3234 4816/5656/4784 4815/5655/4783 3437/3890/3235
f 3384/4306/3621 4817/5657/4785 4816/5656/4784 3512/3889/3234
f 3493/4020/3365 4818/5658/4786 4817/5657/4785 3384/4306/3621
f 3416/4019/3364 4819/5659/4787 4818/5658/4786 3493/4020/3365
f 3480/4139/3484 4820/5660/4788 4819/5659/4787 3416/4019/3364
f 3311/3759/3104 4821/5662/4789 4820/5661/4788 3480/4272/3484
f 4822/5663/4790 4821/5662/4789 3311/3759/3104 3312/3758/3103
f 3299/3757/3102 4823/5664/4791 4822/5663/4790 3312/3758/3103
f 3299/3757/3102 5712/5665/4792 5200/5666/4793
f 4825/5668/4795 4824/5667/4794 3299/3757/3102 3300/5749/3101
f 3300/5749/3101 5201/5669/4796 5711/5670/4797
f 4827/5672/4799 4826/5671/4798 3300/5750/3101 3479/5751/3483
f 4828/5674/4800 4827/5673/4799 3479/4138/3483 3415/4018/3363
f 4829/5675/4801 4828/5674/4800 3415/4018/3363 3494/4021/3366
f 4830/5676/4802 4829/5675/4801 3494/4021/3366 3383/4307/3622
f 4831/5677/4803 4830/5676/4802 3383/4307/3622 3511/3888/3233
f 4832/5678/4804 4831/5677/4803 3511/3888/3233 3438/3891/3236
f 4833/5679/4805 4832/5678/4804 3438/3891/3236 3594/4183/3528
f 4834/5680/4806 4833/5679/4805 3594/4183/3528 3348/4452/3749
f 4835/5681/4807 4834/5680/4806 3348/4452/3749 3606/4202/3547
f 4836/5682/4808 4835/5681/4807 3606/4202/3547 3447/4082/3427
f 4837/5683/4809 4836/5682/4808 3447/4082/3427 3624/4085/3430
f 4838/5684/4810 4837/5683/4809 3624/4085/3430 3399/4470/3767
f 4839/5685/4811 4838/5684/4810 3399/4470/3767 3646/3802/3147
f 4840/5686/4812 4839/5685/4811 3646/3802/3147 3470/3805/3150
f 4841/5687/4813 4840/5686/4812 3470/3805/3150 3674/4247/3592
f 4842/5689/4814 4841/5688/4813 3674/4527/3592 3323/3838/3183
f 4843/5690/4815 4842/5689/4814 3323/3838/3183 3335/3841/3186
f 4844/5691/4816 4843/5690/4815 3335/3841/3186 3336/3840/3185
f 3324/3839/3184 4845/5692/4817 4844/5691/4816 3336/3840/3185
f 3673/4528/3591 4846/5693/4818 4845/5692/4817 3324/3839/3184
f 3469/3804/3149 4847/5695/4819 4846/5694/4818 3673/4246/3591
f 3647/3803/3148 4848/5696/4820 4847/5695/4819 3469/3804/3149
f 3400/4469/3766 4849/5697/4821 4848/5696/4820 3647/3803/3148
f 3623/4084/3429 4850/5698/4822 4849/5697/4821 3400/4469/3766
f 3448/4083/3428 4851/5699/4823 4850/5698/4822 3623/4084/3429
f 3607/4203/3548 4852/5700/4824 4851/5699/4823 3448/4083/3428
f 3349/4451/3748 4813/5653/4781 4852/5700/4824 3607/4203/3548
f 4656/5704/4828 4655/5703/4827 4854/5514/4654 4853/5515/4655
f 4855/5509/4649 4854/5514/4654 4655/5703/4827 4654/5702/4826
f 4654/5702/4826 4653/5701/4825 4856/5510/4650 4855/5509/4649
f 5715/5747/4867 5716/5601/4733 5196/5604/4736 5197/5748/4868
f 4858/5600/4732 4857/5599/4731 4692/5746/4866 4691/5745/4865
f 5204/5743/4863 5205/5593/4725 5707/5596/4728 5708/5744/4864
f 4860/5592/4722 4859/5591/4724 4690/5742/4862 4689/5741/4861
f 4861/5586/4720 4860/5588/4722 4689/5740/4861 4688/5739/4860
f 4862/5584/4718 4861/5586/4720 4688/5739/4860 4687/5738/4859
f 4863/5582/4716 4862/5584/4718 4687/5738/4859 4686/5737/4858
f 4864/5580/4714 4863/5582/4716 4686/5737/4858 4685/5736/4857
f 4865/5578/4712 4864/5580/4714 4685/5736/4857 4684/5735/4856
f 4866/5576/4710 4865/5578/4712 4684/5735/4856 4683/5734/4855
f 4867/5574/4708 4866/5576/4710 4683/5734/4855 4682/5733/4854
f 4868/5572/4706 4867/5574/4708 4682/5733/4854 4681/5732/4853
f 4869/5570/4704 4868/5572/4706 4681/5732/4853 4680/5731/4852
f 4870/5568/4702 4869/5570/4704 4680/5731/4852 4679/5730/4851
f 4871/5566/4700 4870/5568/4702 4679/5730/4851 4678/5729/4850
f 4872/5564/4698 4871/5566/4700 4678/5729/4850 4677/5728/4849
f 4873/5561/4696 4872/5564/4698 4677/5728/4849 4676/5727/4848
f 4874/5562/4694 4873/5561/4696 4676/5727/4848 4675/5726/4847
f 4875/5556/4692 4874/5558/4694 4675/5725/4847 4674/5724/4846
f 4876/5554/4690 4875/5556/4692 4674/5724/4846 4673/5723/4845
f 4877/5551/4687 4876/5554/4690 4673/5723/4845 4672/5722/4844
f 4672/5722/4844 4671/5721/4843 4878/5547/4685 4877/5551/4687
f 4671/5721/4843 4670/5720/4842 4879/5548/4683 4878/5547/4685
f 4670/5719/4842 4669/5718/4841 4880/5543/4681 4879/5545/4683
f 4669/5718/4841 4668/5717/4840 4881/5541/4679 4880/5543/4681
f 4668/5717/4840 4667/5716/4839 4882/5539/4677 4881/5541/4679
f 4667/5716/4839 4666/5715/4838 4883/5537/4675 4882/5539/4677
f 4666/5715/4838 4665/5714/4837 4884/5535/4673 4883/5537/4675
f 4665/5714/4837 4664/5713/4836 4885/5533/4671 4884/5535/4673
f 4664/5713/4836 4663/5712/4835 4886/5531/4669 4885/5533/4671
f 4663/5712/4835 4662/5711/4834 4887/5529/4667 4886/5531/4669
f 4662/5711/4834 4661/5710/4833 4888/5527/4665 4887/5529/4667
f 4661/5710/4833 4660/5709/4832 4889/5525/4663 4888/5527/4665
f 4660/5709/4832 4659/5708/4831 4890/5523/4661 4889/5525/4663
f 4659/5708/4831 4658/5707/4830 4891/5521/4659 4890/5523/4661
f 4658/5707/4830 4657/5706/4829 4892/5517/4657 4891/5521/4659
f 4657/5706/4829 4656/5705/4828 4853/5518/4655 4892/5517/4657
f 4894/5606/4738 4893/5605/4737 3287/5133/4344 3307/5132/4343
f 3307/5132/4343 3308/5130/4342 4895/5607/4739 4894/5606/4738
f 4896/5608/4740 4895/5607/4739 3308/5130/4342 3481/5131/4341
f 4897/5610/4741 4896/5609/4740 3481/5129/4341 3417/5128/4340
f 4898/5611/4742 4897/5610/4741 3417/5128/4340 3492/5127/4339
f 4899/5612/4743 4898/5611/4742 3492/5127/4339 3385/5126/4338
f 4900/5613/4744 4899/5612/4743 3385/5126/4338 3513/5125/4337
f 4901/5614/4745 4900/5613/4744 3513/5125/4337 3436/5124/4336
f 4902/5615/4746 4901/5614/4745 3436/5124/4336 3592/5123/4335
f 4903/5616/4747 4902/5615/4746 3592/5123/4335 3350/5122/4334
f 4904/5617/4748 4903/5616/4747 3350/5122/4334 3608/5121/4333
f 4905/5618/4749 4904/5617/4748 3608/5121/4333 3449/5120/4332
f 4906/5619/4750 4905/5618/4749 3449/5120/4332 3622/5119/4331
f 4907/5620/4751 4906/5619/4750 3622/5119/4331 3401/5118/4330
f 4908/5621/4752 4907/5620/4751 3401/5118/4330 3648/5117/4329
f 4909/5622/4753 4908/5621/4752 3648/5117/4329 3468/5115/4328
f 4910/5623/4754 4909/5622/4753 3468/5115/4328 3672/5116/4327
f 4911/5625/4755 4910/5624/4754 3672/5114/4327 3320/5113/4326
f 4912/5626/4756 4911/5625/4755 3320/5113/4326 3332/5112/4325
f 3331/5111/4324 4913/5627/4757 4912/5626/4756 3332/5112/4325
f 3319/5110/4323 4914/5628/4758 4913/5627/4757 3331/5111/4324
f 3675/5109/4322 4915/5629/4759 4914/5628/4758 3319/5110/4323
f 3471/5107/4321 4916/5631/4760 4915/5630/4759 3675/5108/4322
f 3645/5106/4320 4917/5632/4761 4916/5631/4760 3471/5107/4321
f 3398/5105/4319 4918/5633/4762 4917/5632/4761 3645/5106/4320
f 3625/5104/4318 4919/5634/4763 4918/5633/4762 3398/5105/4319
f 3446/5103/4317 4920/5635/4764 4919/5634/4763 3625/5104/4318
f 3605/5102/4316 4921/5636/4765 4920/5635/4764 3446/5103/4317
f 3347/5101/4315 4922/5637/4766 4921/5636/4765 3605/5102/4316
f 3595/5100/4314 4923/5638/4767 4922/5637/4766 3347/5101/4315
f 3439/5099/4313 4924/5639/4768 4923/5638/4767 3595/5100/4314
f 3510/5098/4312 4925/5640/4769 4924/5639/4768 3439/5099/4313
f 3382/5097/4311 4926/5641/4770 4925/5640/4769 3510/5098/4312
f 3495/5096/4310 4927/5642/4771 4926/5641/4770 3382/5097/4311
f 3414/5094/4309 4928/5643/4772 4927/5642/4771 3495/5096/4310
f 3478/5095/4307 4929/5644/4773 4928/5643/4772 3414/5094/4309
f 3288/5093/4308 4930/5646/4774 4929/5645/4773 3478/5092/4307
f 5207/5647/4775 5208/5752/4869 5704/5753/4870 5705/5648/4776
f 3290/5754/4871 3289/5755/4872 4932/5650/4778 4931/5649/4777
f 5718/5651/4779 5719/5756/4873 5193/5757/4874 5194/5652/4780
f 5635/5758/4875 5636/5759/4876 5231/5760/4877 5232/5761/4878
f 5680/5762/4879 5635/5758/4875 5232/5761/4878 5233/5763/4880
f 5679/5764/4881 5680/5762/4879 5233/5763/4880 5234/5765/4882
f 5678/5766/4883 5679/5764/4881 5234/5765/4882 5235/5767/4884
f 5677/5768/4885 5678/5766/4883 5235/5767/4884 5236/5769/4886
f 5676/5770/4887 5677/5768/4885 5236/5769/4886 5237/5771/4888
f 5675/5772/4889 5676/5770/4887 5237/5771/4888 5238/5773/4890
f 3295/5200/4404 5675/5772/4889 5238/5773/4890
f 3295/5200/4404 3296/5199/4403 3297/5198/3090
f 3296/5199/4403 5239/5774/4891 5674/5775/4892 3297/5198/3090
f 5239/5774/4891 5240/5776/4893 5673/5777/4894 5674/5775/4892
f 5240/5776/4893 5241/5778/4895 5672/5779/4896 5673/5777/4894
f 5241/5778/4895 5242/5780/4897 5671/5781/4898 5672/5779/4896
f 5242/5780/4897 5243/5782/4899 5670/5783/4900 5671/5781/4898
f 5243/5782/4899 5244/5784/4901 5669/5785/4902 5670/5783/4900
f 5244/5784/4901 5245/5786/4903 5668/5787/4904 5669/5785/4902
f 5245/5786/4903 5246/5788/4905 5667/5789/4906 5668/5787/4904
f 5661/5790/4907 5662/5791/4908 5503/5792/4909 5249/5793/4910
f 5658/5794/4911 5659/5795/4912 5250/5796/4913 5251/5797/4914
f 5657/5798/4915 5658/5794/4911 5251/5797/4914 5252/5799/4916
f 5656/5800/4917 5657/5798/4915 5252/5799/4916 5253/5801/4918
f 5655/5802/4919 5656/5800/4917 5253/5801/4918 5254/5803/4920
f 5654/5804/4921 5655/5802/4919 5254/5803/4920 5255/5805/4922
f 5653/5806/4923 5654/5804/4921 5255/5805/4922 5256/5807/4924
f 5652/5808/4925 5653/5806/4923 5256/5807/4924 5257/5809/4926
f 3300/5749/3101 5652/5808/4925 5257/5809/4926
f 3299/3757/3102 5258/5810/4927 5651/5811/4928
f 5258/5810/4927 5259/5812/4929 5650/5813/4930 5651/5811/4928
f 5259/5812/4929 5260/5814/4931 5649/5815/4932 5650/5813/4930
f 5260/5814/4931 5261/5816/4933 5648/5817/4934 5649/5815/4932
f 5261/5816/4933 5262/5818/4935 5647/5819/4936 5648/5817/4934
f 5262/5818/4935 5263/5820/4937 5646/5821/4938 5647/5819/4936
f 5263/5820/4937 5264/5822/4939 5645/5823/4940 5646/5821/4938
f 5264/5822/4939 5265/5824/4941 5644/5825/4942 5645/5823/4940
f 5641/5826/4943 5642/5827/4944 5266/5828/4945 5506/5829/4946
f 5349/5830/4947 5350/5831/4948 5117/5832/4949 5118/5833/4950
f 5428/5834/4951 5349/5830/4947 5118/5833/4950 5119/5835/4952
f 5427/5836/4953 5428/5834/4951 5119/5835/4952 5120/5837/4954
f 5426/5838/4955 5427/5836/4953 5120/5837/4954 5121/5839/4956
f 5425/5840/4957 5426/5838/4955 5121/5839/4956 5122/5841/4958
f 5424/5842/4959 5425/5840/4957 5122/5841/4958 5123/5843/4960
f 5423/5844/4961 5424/5845/4959 5123/5846/4960 5124/5847/4962
f 5422/5848/4963 5423/5844/4961 5124/5847/4962 5125/5849/4964
f 5421/5850/4965 5422/5848/4963 5125/5849/4964 5126/5851/4966
f 5126/5852/4966 5127/5853/4967 5420/5854/4968 5421/5855/4965
f 5419/5856/4969 5420/5854/4968 5127/5853/4967 5128/5857/4970
f 5418/5858/4971 5419/5859/4969 5128/5860/4970 5129/5861/4972
f 5417/5862/4973 5418/5858/4971 5129/5861/4972 5130/5863/4974
f 5416/5864/4975 5417/5862/4973 5130/5863/4974 5131/5865/4976
f 5415/5866/4977 5416/5864/4975 5131/5865/4976 5132/5867/4978
f 5414/5868/4979 5415/5866/4977 5132/5867/4978 5133/5869/4980
f 5413/5870/4981 5414/5868/4979 5133/5869/4980 5134/5871/4982
f 5412/5872/4983 5413/5870/4981 5134/5871/4982 5135/5873/4984
f 5411/5874/4985 5412/5872/4983 5135/5873/4984 5136/5875/4986
f 5410/5876/4987 5411/5874/4985 5136/5875/4986 5137/5877/4988
f 5409/5878/4989 5410/5876/4987 5137/5877/4988 5138/5879/4990
f 5408/5880/4991 5409/5878/4989 5138/5879/4990 5139/5881/4992
f 5407/5882/4993 5408/5880/4991 5139/5881/4992 5140/5883/4994
f 5406/5884/4995 5407/5882/4993 5140/5883/4994 5141/5885/4996
f 5405/5886/4997 5406/5884/4995 5141/5885/4996 5142/5887/4998
f 5404/5888/4999 5405/5889/4997 5142/5890/4998 5143/5891/5000
f 5403/5892/5001 5404/5888/4999 5143/5891/5000 5144/5893/5002
f 5144/5893/5002 5145/5894/5003 5402/5895/5004 5403/5892/5001
f 5401/5896/5005 5402/5895/5004 5145/5894/5003 5146/5897/5006
f 5400/5898/5007 5401/5896/5005 5146/5897/5006 5147/5899/5008
f 5399/5900/5009 5400/5898/5007 5147/5899/5008 5148/5901/5010
f 5398/5902/5011 5399/5900/5009 5148/5901/5010 5149/5903/5012
f 5397/5904/5013 5398/5902/5011 5149/5903/5012 5150/5905/5014
f 5396/5906/5015 5397/5904/5013 5150/5905/5014 5151/5907/5016
f 5395/5908/5017 5396/5906/5015 5151/5907/5016 5152/5909/5018
f 5394/5910/5019 5395/5908/5017 5152/5909/5018 5153/5911/5020
f 5393/5912/5021 5394/5910/5019 5153/5911/5020 5154/5913/5022
f 5154/5914/5022 5155/5915/5023 5392/5916/5024 5393/5917/5021
f 5155/5918/5023 5156/5919/5025 5391/5920/5026 5392/5921/5024
f 5156/5919/5025 5157/5922/5027 5390/5923/5028 5391/5920/5026
f 5157/5922/5027 5158/5924/5029 5389/5925/5030 5390/5923/5028
f 5158/5924/5029 5159/5926/5031 5388/5927/5032 5389/5925/5030
f 5159/5926/5031 5160/5928/5033 5387/5929/5034 5388/5927/5032
f 5160/5928/5033 5161/5930/5035 5386/5931/5036 5387/5929/5034
f 5161/5930/5035 5162/5932/5037 5385/5933/5038 5386/5931/5036
f 5162/5932/5037 5163/5934/5039 5384/5935/5040 5385/5933/5038
f 5163/5934/5039 5164/5936/5041 5383/5937/5042 5384/5935/5040
f 5164/5938/5041 5165/5939/5043 5382/5940/5044 5383/5941/5042
f 5165/5939/5043 5166/5942/5045 5381/5943/5046 5382/5940/5044
f 5166/5942/5045 5167/5944/5047 5380/5945/5048 5381/5943/5046
f 5167/5944/5047 5168/5946/5049 5379/5947/5050 5380/5945/5048
f 5168/5946/5049 5169/5948/5051 5378/5949/5052 5379/5947/5050
f 5169/5948/5051 5170/5950/5053 5377/5951/5054 5378/5949/5052
f 5170/5950/5053 5171/5952/5055 5376/5953/5056 5377/5951/5054
f 5171/5952/5055 5172/5954/5057 5375/5955/5058 5376/5953/5056
f 5172/5954/5057 5173/5956/5059 5374/5957/5060 5375/5955/5058
f 5173/5956/5059 5174/5958/5061 5373/5959/5062 5374/5957/5060
f 5174/5958/5061 5175/5960/5063 5372/5961/5064 5373/5959/5062
f 5175/5960/5063 5176/5962/5065 5371/5963/5066 5372/5961/5064
f 5176/5962/5065 5177/5964/5067 5370/5965/5068 5371/5963/5066
f 5177/5964/5067 5178/5966/5069 5369/5967/5070 5370/5965/5068
f 5178/5966/5069 5179/5968/5071 5368/5969/5072 5369/5967/5070
f 5179/5968/5071 5180/5970/5073 5367/5971/5074 5368/5969/5072
f 5180/5972/5073 5181/5973/5075 5366/5974/5076 5367/5975/5074
f 5181/5973/5075 5182/5976/5077 5365/5977/5078 5366/5974/5076
f 5182/5976/5077 5183/5978/5079 5364/5979/5080 5365/5977/5078
f 5183/5978/5079 5184/5980/5081 5363/5981/5082 5364/5979/5080
f 5184/5980/5081 5185/5982/5083 5362/5983/5084 5363/5981/5082
f 5185/5982/5083 5186/5984/5085 5361/5985/5086 5362/5983/5084
f 5186/5984/5085 5187/5986/5087 5360/5987/5088 5361/5985/5086
f 5187/5986/5087 5188/5988/5089 5359/5989/5090 5360/5987/5088
f 5698/5990/5091 5699/5991/5092 5358/5992/5093 5211/5993/5094
f 5664/5994/5095 5665/5995/5096 5247/5996/5097 5356/5997/5098
f 5354/5998/5099 5355/5999/5100 5190/6000/5101 5191/6001/5102
f 5638/6002/5103 5639/6003/5104 5353/6004/5105 5268/6005/5106
f 5228/6006/5107 5351/6007/5108 5724/6008/5109 5725/6009/5110
f 5509/6010/5111 5510/6011/5112 5042/3663/3010 5041/3662/3009
f 5660/6012/5113 5661/5790/4907 5249/5793/4910 5511/6013/5114
f 5702/3669/3016 5703/6014/5115 5513/6015/5116 5209/3666/3013
f 5045/4593/3852 5044/5091/4306 5514/6016/5117 5515/6017/5118
f 5046/3966/3311 5045/4593/3852 5515/6017/5118 5516/6018/5119
f 5047/3967/3312 5046/3966/3311 5516/6018/5119 5517/6019/5120
f 5048/4997/4220 5047/3967/3312 5517/6019/5120 5518/6020/5121
f 5049/3680/3027 5048/4997/4220 5518/6020/5121 5519/6021/5122
f 5050/3681/3028 5049/3680/3027 5519/6021/5122 5520/6022/5123
f 5051/4344/3658 5050/3681/3028 5520/6022/5123 5521/6023/5124
f 5052/4865/3604 5051/4344/3658 5521/6023/5124 5522/6024/5125
f 5053/4131/3476 5052/4259/3604 5522/6025/5125 5523/6026/5126
f 5054/4004/3349 5053/4131/3476 5523/6026/5126 5524/6027/5127
f 5055/4005/3350 5054/4004/3349 5524/6027/5127 5525/6028/5128
f 5056/4315/3630 5055/4005/3350 5525/6028/5128 5526/6029/5129
f 5057/3878/3223 5056/4315/3630 5526/6029/5129 5527/6030/5130
f 5058/3879/3224 5057/3878/3223 5527/6030/5130 5528/6031/5131
f 5059/4191/3536 5058/3879/3224 5528/6031/5131 5529/6032/5132
f 5060/4461/3758 5059/4191/3536 5529/6032/5132 5530/6033/5133
f 5061/4195/3540 5060/4461/3758 5530/6033/5133 5531/6034/5134
f 5062/4068/3413 5061/4195/3540 5531/6034/5134 5532/6035/5135
f 5063/4069/3414 5062/4068/3413 5532/6035/5135 5533/6036/5136
f 5064/4479/3776 5063/4069/3414 5533/6036/5136 5534/6037/5137
f 5065/3764/3109 5064/4479/3776 5534/6037/5137 5535/6038/5138
f 5066/3765/3110 5065/3764/3109 5535/6038/5138 5536/6039/5139
f 5067/4255/3600 5066/3765/3110 5536/6039/5139 5537/6040/5140
f 5068/4537/3803 5067/4255/3600 5537/6040/5140 5538/6041/5141
f 5069/5298/4488 5068/5340/3803 5538/6042/5141 5539/6043/5142
f 5070/5215/4409 5069/5298/4488 5539/6043/5142 5540/6044/5143
f 5071/5216/4410 5070/5215/4409 5540/6044/5143 5541/6045/5144
f 5072/5428/4608 5071/5216/4410 5541/6045/5144 5542/6046/5145
f 5073/3846/3191 5072/5428/4608 5542/6046/5145 5543/6047/5146
f 5074/3847/3192 5073/3846/3191 5543/6047/5146 5544/6048/5147
f 5075/5380/4562 5074/3847/3192 5544/6048/5147 5545/6049/5148
f 5076/5422/4602 5075/5380/4562 5545/6049/5148 5546/6050/5149
f 5077/5504/3157 5076/5422/4602 5546/6050/5149 5547/6051/5150
f 5078/3813/3158 5077/3812/3157 5547/6052/5150 5548/6053/5151
f 5548/6054/5151 5549/6055/5152 5079/5417/4597 5078/5499/3158
f 5549/6055/5152 5550/6056/5153 5080/5375/4557 5079/5417/4597
f 5550/6056/5153 5551/6057/5154 5081/3852/3197 5080/5375/4557
f 5551/6057/5154 5552/6058/5155 5082/3853/3198 5081/3852/3197
f 5552/6058/5155 5553/6059/5156 5083/5431/4611 5082/3853/3198
f 5553/6059/5156 5554/6060/5157 5084/5221/4415 5083/5431/4611
f 5554/6060/5157 5555/6061/5158 5085/5222/4416 5084/5221/4415
f 5555/6061/5158 5556/6062/5159 5086/5301/4491 5085/5222/4416
f 5556/6062/5159 5557/6063/5160 5087/3724/3071 5086/5301/4491
f 5088/3725/3072 5087/3724/3071 5557/6063/5160 5558/6064/5161
f 5558/6064/5161 5559/6065/5162 5089/3814/3159 5088/3725/3072
f 5559/6065/5162 5560/6066/5163 5090/4518/3583 5089/3814/3159
f 5560/6067/5163 5561/6068/5164 5091/3766/3111 5090/4238/3583
f 5561/6068/5164 5562/6069/5165 5092/3767/3112 5091/3766/3111
f 5562/6069/5165 5563/6070/5166 5093/4496/3793 5092/3767/3112
f 5563/6070/5166 5564/6071/5167 5094/4098/3443 5093/4496/3793
f 5564/6071/5167 5565/6072/5168 5095/4099/3444 5094/4098/3443
f 5565/6072/5168 5566/6073/5169 5096/4210/3555 5095/4099/3444
f 5566/6073/5169 5567/6074/5170 5097/4442/3739 5096/4210/3555
f 5567/6074/5170 5568/6075/5171 5098/4174/3519 5097/4442/3739
f 5568/6075/5171 5569/6076/5172 5099/3900/3245 5098/4174/3519
f 5569/6076/5172 5570/6077/5173 5100/3901/3246 5099/3900/3245
f 5570/6077/5173 5571/6078/5174 5101/4330/3645 5100/3901/3246
f 5571/6078/5174 5572/6079/5175 5102/4034/3379 5101/4330/3645
f 5572/6079/5175 5573/6080/5176 5103/4035/3380 5102/4034/3379
f 5573/6080/5176 5574/6081/5177 5104/4146/3491 5103/4035/3380
f 5574/6082/5177 5575/6083/5178 5105/3660/3007 5104/4280/3491
f 5106/3661/3008 5105/3660/3007 5575/6083/5178 5576/6084/5179
f 5576/6085/5179 5577/6086/5180 5107/3727/3073 5106/3726/3008
f 5577/6086/5180 5578/6087/5181 5108/4392/3698 5107/3727/3073
f 5578/6087/5181 5579/6088/5182 5109/4393/3033 5108/4392/3698
f 5579/6089/5182 5580/6090/5183 5110/3687/3034 5109/3686/3033
f 5580/6090/5183 5581/6091/5184 5111/5040/4259 5110/3687/3034
f 5581/6091/5184 5582/6092/5185 5112/3998/3343 5111/5040/4259
f 5582/6092/5185 5583/6093/5186 5113/3999/3344 5112/3998/3343
f 5583/6093/5186 5584/6094/5187 5114/4636/3891 5113/3999/3344
f 5584/6094/5187 5585/6095/5188 5115/5134/4345 5114/4636/3891
f 5586/6096/5189 5720/6097/5190 5721/3670/3017 5230/3673/3020
f 5642/5827/4944 5643/6098/5191 5588/6099/5192 5266/5828/4945
f 5118/5833/4950 5117/5832/4949 5269/6100/5193 5270/6101/5194
f 5119/5835/4952 5118/5833/4950 5270/6101/5194 5271/6102/5195
f 5120/5837/4954 5119/5835/4952 5271/6102/5195 5272/6103/5196
f 5121/5839/4956 5120/5837/4954 5272/6103/5196 5273/6104/5197
f 5122/5841/4958 5121/5839/4956 5273/6104/5197 5274/6105/5198
f 5123/5843/4960 5122/5841/4958 5274/6105/5198 5275/6106/5199
f 5124/5847/4962 5123/5846/4960 5275/6107/5199 5276/6108/5200
f 5125/5849/4964 5124/5847/4962 5276/6108/5200 5277/6109/5201
f 5126/5851/4966 5125/5849/4964 5277/6109/5201 5278/6110/5202
f 5278/6111/5202 5279/6112/5203 5127/5853/4967 5126/5852/4966
f 5128/5857/4970 5127/5853/4967 5279/6112/5203 5280/6113/5204
f 5129/5861/4972 5128/5860/4970 5280/6114/5204 5281/6115/5205
f 5130/5863/4974 5129/5861/4972 5281/6115/5205 5282/6116/5206
f 5131/5865/4976 5130/5863/4974 5282/6116/5206 5283/6117/5207
f 5132/5867/4978 5131/5865/4976 5283/6117/5207 5284/6118/5208
f 5133/5869/4980 5132/5867/4978 5284/6118/5208 5285/6119/5209
f 5134/5871/4982 5133/5869/4980 5285/6119/5209 5286/6120/5210
f 5135/5873/4984 5134/5871/4982 5286/6120/5210 5287/6121/5211
f 5136/5875/4986 5135/5873/4984 5287/6121/5211 5288/6122/5212
f 5137/5877/4988 5136/5875/4986 5288/6122/5212 5289/6123/5213
f 5138/5879/4990 5137/5877/4988 5289/6123/5213 5290/6124/5214
f 5139/5881/4992 5138/5879/4990 5290/6124/5214 5291/6125/5215
f 5140/5883/4994 5139/5881/4992 5291/6125/5215 5292/6126/5216
f 5141/5885/4996 5140/5883/4994 5292/6126/5216 5293/6127/5217
f 5142/5887/4998 5141/5885/4996 5293/6127/5217 5294/6128/5218
f 5143/5891/5000 5142/5890/4998 5294/6129/5218 5295/6130/5219
f 5144/5893/5002 5143/5891/5000 5295/6130/5219 5296/6131/5220
f 5296/6131/5220 5297/6132/5221 5145/5894/5003 5144/5893/5002
f 5146/5897/5006 5145/5894/5003 5297/6132/5221 5298/6133/5222
f 5147/5899/5008 5146/5897/5006 5298/6133/5222 5299/6134/5223
f 5148/5901/5010 5147/5899/5008 5299/6134/5223 5300/6135/5224
f 5149/5903/5012 5148/5901/5010 5300/6135/5224 5301/6136/5225
f 5150/5905/5014 5149/5903/5012 5301/6136/5225 5302/6137/5226
f 5151/5907/5016 5150/5905/5014 5302/6137/5226 5303/6138/5227
f 5152/5909/5018 5151/5907/5016 5303/6138/5227 5304/6139/5228
f 5153/5911/5020 5152/5909/5018 5304/6139/5228 5305/6140/5229
f 5154/5913/5022 5153/5911/5020 5305/6140/5229 5306/6141/5230
f 5306/6142/5230 5307/6143/5231 5155/5915/5023 5154/5914/5022
f 5307/6144/5231 5308/6145/5232 5156/5919/5025 5155/5918/5023
f 5308/6145/5232 5309/6146/5233 5157/5922/5027 5156/5919/5025
f 5309/6146/5233 5310/6147/5234 5158/5924/5029 5157/5922/5027
f 5310/6147/5234 5311/6148/5235 5159/5926/5031 5158/5924/5029
f 5311/6148/5235 5312/6149/5236 5160/5928/5033 5159/5926/5031
f 5312/6149/5236 5313/6150/5237 5161/5930/5035 5160/5928/5033
f 5313/6150/5237 5314/6151/5238 5162/5932/5037 5161/5930/5035
f 5314/6151/5238 5315/6152/5239 5163/5934/5039 5162/5932/5037
f 5315/6152/5239 5316/6153/5240 5164/5936/5041 5163/5934/5039
f 5316/6154/5240 5317/6155/5241 5165/5939/5043 5164/5938/5041
f 5317/6155/5241 5318/6156/5242 5166/5942/5045 5165/5939/5043
f 5318/6156/5242 5319/6157/5243 5167/5944/5047 5166/5942/5045
f 5319/6157/5243 5320/6158/5244 5168/5946/5049 5167/5944/5047
f 5320/6158/5244 5321/6159/5245 5169/5948/5051 5168/5946/5049
f 5321/6159/5245 5322/6160/5246 5170/5950/5053 5169/5948/5051
f 5322/6160/5246 5323/6161/5247 5171/5952/5055 5170/5950/5053
f 5323/6161/5247 5324/6162/5248 5172/5954/5057 5171/5952/5055
f 5324/6162/5248 5325/6163/5249 5173/5956/5059 5172/5954/5057
f 5325/6163/5249 5326/6164/5250 5174/5958/5061 5173/5956/5059
f 5326/6164/5250 5327/6165/5251 5175/5960/5063 5174/5958/5061
f 5327/6165/5251 5328/6166/5252 5176/5962/5065 5175/5960/5063
f 5328/6166/5252 5329/6167/5253 5177/5964/5067 5176/5962/5065
f 5329/6167/5253 5330/6168/5254 5178/5966/5069 5177/5964/5067
f 5330/6168/5254 5331/6169/5255 5179/5968/5071 5178/5966/5069
f 5331/6169/5255 5332/6170/5256 5180/5970/5073 5179/5968/5071
f 5332/6171/5256 5333/6172/5257 5181/5973/5075 5180/5972/5073
f 5333/6172/5257 5334/6173/5258 5182/5976/5077 5181/5973/5075
f 5334/6173/5258 5335/6174/5259 5183/5978/5079 5182/5976/5077
f 5335/6174/5259 5336/6175/5260 5184/5980/5081 5183/5978/5079
f 5336/6175/5260 5337/6176/5261 5185/5982/5083 5184/5980/5081
f 5337/6176/5261 5338/6177/5262 5186/5984/5085 5185/5982/5083
f 5338/6177/5262 5339/6178/5263 5187/5986/5087 5186/5984/5085
f 5339/6178/5263 5340/6179/5264 5188/5988/5089 5187/5986/5087
f 5341/6180/5265 5697/6181/5266 5698/5990/5091 5211/5993/5094
f 5665/5995/5096 5666/6182/5267 5343/6183/5268 5247/5996/5097
f 5191/6001/5102 5190/6000/5101 5344/6184/5269 5345/6185/5270
f 5637/6186/5271 5638/6002/5103 5268/6005/5106 5346/6187/5272
f 5725/6009/5110 5726/6188/5273 5348/6189/5274 5228/6006/5107
f 5194/5652/4780 5193/5757/4874 5727/6190/5275 5728/6191/5276
f 5195/5603/4735 5194/5652/4780 5728/6191/5276 5729/6192/5277
f 5196/5604/4736 5195/5603/4735 5729/6192/5277 5730/6193/5278
f 5197/5748/4868 5196/5604/4736 5730/6193/5278 5731/6194/5279
f 5198/3720/3067 5197/5748/4868 5731/6194/5279 5732/6195/5280
f 5199/3721/3068 5198/3720/3067 5732/6195/5280 5733/6196/5281
f 5200/5666/4793 5199/3721/3068 5733/6196/5281 5734/6197/5282
f 3299/3757/3102 5200/5666/4793 5734/6197/5282
f 3300/5749/3101 5735/6198/5283 5201/5669/4796
f 5735/6198/5283 5736/6199/5284 5202/3710/3057 5201/5669/4796
f 5736/6199/5284 5737/6200/5285 5203/3711/3058 5202/3710/3057
f 5737/6200/5285 5738/6201/5286 5204/5743/4863 5203/3711/3058
f 5738/6201/5286 5739/6202/5287 5205/5593/4725 5204/5743/4863
f 5739/6202/5287 5740/6203/5288 5206/5594/4726 5205/5593/4725
f 5740/6203/5288 5741/6204/5289 5207/5647/4775 5206/5594/4726
f 5741/6204/5289 5742/6205/5290 5208/5752/4869 5207/5647/4775
f 5743/6206/5291 5744/6207/5292 5209/3666/3013 5513/6015/5116
f 5744/6207/5292 5745/6208/5293 5501/3667/3014 5209/3666/3013
f 5747/6209/5294 5748/6210/5295 5211/5993/5094 5358/5992/5093
f 5748/6210/5295 5749/6211/5296 5341/6180/5265 5211/5993/5094
f 5213/4803/4046 5212/5139/4350 5750/6212/5297 5751/6213/5298
f 5214/4644/3899 5213/4803/4046 5751/6213/5298 5752/6214/5299
f 5215/4645/3900 5214/4644/3899 5752/6214/5299 5753/6215/5300
f 5216/5145/4356 5215/4645/3900 5753/6215/5300 5754/6216/5301
f 5217/3696/3043 5216/5145/4356 5754/6216/5301 5755/6217/5302
f 5218/3697/3044 5217/3696/3043 5755/6217/5302 5756/6218/5303
f 5219/4757/4003 5218/3697/3044 5756/6218/5303 5757/6219/5304
f 3297/5198/3090 5219/4757/4003 5757/6219/5304
f 3298/3744/3089 5758/6220/5305 5220/4760/4006
f 5758/6220/5305 5759/6221/5306 5221/3702/3049 5220/4760/4006
f 5759/6221/5306 5760/6222/5307 5222/3703/3050 5221/3702/3049
f 5760/6222/5307 5761/6223/5308 5223/5148/4359 5222/3703/3050
f 5761/6223/5308 5762/6224/5309 5224/4742/3989 5223/5148/4359
f 5762/6224/5309 5763/6225/5310 5225/4743/3990 5224/4742/3989
f 5763/6225/5310 5764/6226/5311 5226/4852/4091 5225/4743/3990
f 5764/6226/5311 5765/6227/5312 5227/5140/4351 5226/4852/4091
f 5766/6228/5313 5767/6229/5314 5228/6006/5107 5348/6189/5274
f 5767/6229/5314 5768/6230/5315 5351/6007/5108 5228/6006/5107
f 5770/6231/5316 5771/6232/5317 5230/3673/3020 5508/3672/3019
f 5771/6232/5317 5772/6233/5318 5586/6096/5189 5230/3673/3020
f 5232/5761/4878 5231/5760/4877 5589/6234/5319 5590/6235/5320
f 5233/5763/4880 5232/5761/4878 5590/6235/5320 5591/6236/5321
f 5234/5765/4882 5233/5763/4880 5591/6236/5321 5592/6237/5322
f 5235/5767/4884 5234/5765/4882 5592/6237/5322 5593/6238/5323
f 5236/5769/4886 5235/5767/4884 5593/6238/5323 5594/6239/5324
f 5237/5771/4888 5236/5769/4886 5594/6239/5324 5595/6240/5325
f 5238/5773/4890 5237/5771/4888 5595/6240/5325 5596/6241/5326
f 3295/5200/4404 5238/5773/4890 5596/6241/5326
f 3296/5199/4403 5597/6242/5327 5239/5774/4891
f 5597/6242/5327 5598/6243/5328 5240/5776/4893 5239/5774/4891
f 5598/6243/5328 5599/6244/5329 5241/5778/4895 5240/5776/4893
f 5599/6244/5329 5600/6245/5330 5242/5780/4897 5241/5778/4895
f 5600/6245/5330 5601/6246/5331 5243/5782/4899 5242/5780/4897
f 5601/6246/5331 5602/6247/5332 5244/5784/4901 5243/5782/4899
f 5602/6247/5332 5603/6248/5333 5245/5786/4903 5244/5784/4901
f 5603/6248/5333 5604/6249/5334 5246/5788/4905 5245/5786/4903
f 5343/6183/5268 5605/6250/5335 5606/6251/5336 5247/5996/5097
f 5606/6251/5336 5607/6252/5337 5356/5997/5098 5247/5996/5097
f 5249/5793/4910 5503/5792/4909 5609/6253/5338 5610/6254/5339
f 5610/6254/5339 5611/6255/5340 5511/6013/5114 5249/5793/4910
f 5251/5797/4914 5250/5796/4913 5612/6256/5341 5613/6257/5342
f 5252/5799/4916 5251/5797/4914 5613/6257/5342 5614/6258/5343
f 5253/5801/4918 5252/5799/4916 5614/6258/5343 5615/6259/5344
f 5254/5803/4920 5253/5801/4918 5615/6259/5344 5616/6260/5345
f 5255/5805/4922 5254/5803/4920 5616/6260/5345 5617/6261/5346
f 5256/5807/4924 5255/5805/4922 5617/6261/5346 5618/6262/5347
f 5257/5809/4926 5256/5807/4924 5618/6262/5347 5619/6263/5348
f 3300/5749/3101 5257/5809/4926 5619/6263/5348
f 3299/3757/3102 5620/6264/5349 5258/5810/4927
f 5620/6264/5349 5621/6265/5350 5259/5812/4929 5258/5810/4927
f 5621/6265/5350 5622/6266/5351 5260/5814/4931 5259/5812/4929
f 5622/6266/5351 5623/6267/5352 5261/5816/4933 5260/5814/4931
f 5623/6267/5352 5624/6268/5353 5262/5818/4935 5261/5816/4933
f 5624/6268/5353 5625/6269/5354 5263/5820/4937 5262/5818/4935
f 5625/6269/5354 5626/6270/5355 5264/5822/4939 5263/5820/4937
f 5626/6270/5355 5627/6271/5356 5265/5824/4941 5264/5822/4939
f 5588/6099/5192 5628/6272/5357 5629/6273/5358 5266/5828/4945
f 5629/6273/5358 5630/6274/5359 5506/5829/4946 5266/5828/4945
f 5268/6005/5106 5353/6004/5105 5632/6275/5360 5633/6276/5361
f 5633/6276/5361 5634/6277/5362 5346/6187/5272 5268/6005/5106
f 5270/6101/5194 5269/6100/5193 3285/5042/4261 4119/4544/3807
f 5271/6102/5195 5270/6101/5194 4119/4544/3807 3681/3926/3271
f 5272/6103/5196 5271/6102/5195 3681/3926/3271 4051/3925/3270
f 5273/6104/5197 5272/6103/5196 4051/3925/3270 3357/4948/4175
f 5274/6105/5198 5273/6104/5197 3357/4948/4175 3963/3735/3080
f 5275/6106/5199 5274/6105/5198 3963/3735/3080 3560/3734/3079
f 5276/6108/5200 5275/6107/5199 3560/4390/3079 3933/4389/3697
f 5277/6109/5201 5276/6108/5200 3933/4389/3697 3291/4913/4145
f 5278/6110/5202 5277/6109/5201 3291/4913/4145 3301/4914/4144
f 3301/4912/4144 3302/4910/4143 5279/6112/5203 5278/6111/5202
f 5280/6113/5204 5279/6112/5203 3302/4910/4143 3484/4911/4142
f 5281/6115/5205 5280/6114/5204 3484/4909/4142 3420/4908/4141
f 5282/6116/5206 5281/6115/5205 3420/4908/4141 3505/4907/4140
f 5283/6117/5207 5282/6116/5206 3505/4907/4140 3388/4906/4139
f 5284/6118/5208 5283/6117/5207 3388/4906/4139 3516/4905/4138
f 5285/6119/5209 5284/6118/5208 3516/4905/4138 3433/4904/4137
f 5286/6120/5210 5285/6119/5209 3433/4904/4137 3588/4903/4136
f 5287/6121/5211 5286/6120/5210 3588/4903/4136 3352/4902/4135
f 5288/6122/5212 5287/6121/5211 3352/4902/4135 3612/4901/4134
f 5289/6123/5213 5288/6122/5212 3612/4901/4134 3452/4900/4133
f 5290/6124/5214 5289/6123/5213 3452/4900/4133 3638/4899/4132
f 5291/6125/5215 5290/6124/5214 3638/4899/4132 3404/4898/4131
f 5292/6126/5216 5291/6125/5215 3404/4898/4131 3652/4897/4130
f 5293/6127/5217 5292/6126/5216 3652/4897/4130 3465/4895/4129
f 5294/6128/5218 5293/6127/5217 3465/4895/4129 3668/4896/4128
f 5295/6130/5219 5294/6129/5218 3668/4894/4128 3316/4893/4127
f 5296/6131/5220 5295/6130/5219 3316/4893/4127 3328/4892/4126
f 3325/4891/4125 5297/6132/5221 5296/6131/5220 3328/4892/4126
f 5298/6133/5222 5297/6132/5221 3325/4891/4125 4440/5303/4493
f 5299/6134/5223 5298/6133/5222 4440/5303/4493 4404/5225/4419
f 5300/6135/5224 5299/6134/5223 4404/5225/4419 4582/5228/4422
f 5301/6136/5225 5300/6135/5224 4582/5228/4422 4368/5433/4613
f 5302/6137/5226 5301/6136/5225 4368/5433/4613 4548/4889/4123
f 5303/6138/5227 5302/6137/5226 4548/4889/4123 4502/4890/4124
f 5304/6139/5228 5303/6138/5227 4502/4890/4124 4538/5374/4556
f 5305/6140/5229 5304/6139/5228 4538/5374/4556 4646/5416/4596
f 5306/6141/5230 5305/6140/5229 4646/5416/4596 3340/5498/4122
f 3337/4887/4121 5307/6143/5231 5306/6142/5230 3340/4888/4122
f 4649/5423/4603 5308/6145/5232 5307/6144/5231 3337/5506/4121
f 4541/5381/4563 5309/6146/5233 5308/6145/5232 4649/5423/4603
f 4505/4885/4119 5310/6147/5234 5309/6146/5233 4541/5381/4563
f 4545/4886/4120 5311/6148/5235 5310/6147/5234 4505/4885/4119
f 4365/5468/4646 5312/6149/5236 5311/6148/5235 4545/4886/4120
f 4585/5295/4485 5313/6150/5237 5312/6149/5236 4365/5468/4646
f 4401/5296/4486 5314/6151/5238 5313/6150/5237 4585/5295/4485
f 4437/5338/4526 5315/6152/5239 5314/6151/5238 4401/5296/4486
f 3313/4884/4118 5316/6153/5240 5315/6152/5239 4437/5338/4526
f 3679/6278/4117 5317/6155/5241 5316/6154/5240 3313/6279/4118
f 3474/6280/4116 5318/6156/5242 5317/6155/5241 3679/6278/4117
f 3641/6281/4115 5319/6157/5243 5318/6156/5242 3474/6280/4116
f 3395/6282/4114 5320/6158/5244 5319/6157/5243 3641/6281/4115
f 3629/6283/4113 5321/6159/5245 5320/6158/5244 3395/6282/4114
f 3443/6284/4112 5322/6160/5246 5321/6159/5245 3629/6283/4113
f 3601/6285/4111 5323/6161/5247 5322/6160/5246 3443/6284/4112
f 3345/6286/4110 5324/6162/5248 5323/6161/5247 3601/6285/4111
f 3599/6287/4109 5325/6163/5249 5324/6162/5248 3345/6286/4110
f 3442/6288/4108 5326/6164/5250 5325/6163/5249 3599/6287/4109
f 3507/6289/4107 5327/6165/5251 5326/6164/5250 3442/6288/4108
f 3379/6290/4106 5328/6166/5252 5327/6165/5251 3507/6289/4107
f 3498/6291/4105 5329/6167/5253 5328/6166/5252 3379/6290/4106
f 3411/6292/4104 5330/6168/5254 5329/6167/5253 3498/6291/4105
f 3475/6293/4102 5331/6169/5255 5330/6168/5254 3411/6292/4104
f 3292/6294/4103 5332/6170/5256 5331/6169/5255 3475/6293/4102
f 3894/6295/3659 5333/6172/5257 5332/6171/5256 3292/6296/4103
f 3531/6297/3615 5334/6173/5258 5333/6172/5257 3894/6295/3659
f 4002/6298/3616 5335/6174/5259 5334/6173/5258 3531/6297/3615
f 3368/6299/4218 5336/6175/5260 5335/6174/5259 4002/6298/3616
f 4090/6300/3614 5337/6176/5261 5336/6175/5260 3368/6299/4218
f 3720/6301/3613 5338/6177/5262 5337/6176/5261 4090/6300/3614
f 4158/6302/3850 5339/6178/5263 5338/6177/5262 3720/6301/3613
f 3286/6303/4304 5340/6179/5264 5339/6178/5263 4158/6302/3850
f 5212/5139/4350 5341/6180/5265 5749/6211/5296 5750/6212/5297
f 5696/5138/4349 5697/6181/5266 5341/6180/5265 5212/5139/4350
f 5246/5788/4905 5343/6183/5268 5666/6182/5267 5667/5789/4906
f 5604/6249/5334 5605/6250/5335 5343/6183/5268 5246/5788/4905
f 5345/6185/5270 5344/6184/5269 3284/5137/4348 3283/5136/4347
f 5231/5760/4877 5346/6187/5272 5634/6277/5362 5589/6234/5319
f 5636/5759/4876 5637/6186/5271 5346/6187/5272 5231/5760/4877
f 5227/5140/4351 5348/6189/5274 5726/6188/5273 5681/5141/4352
f 5765/6227/5312 5766/6228/5313 5348/6189/5274 5227/5140/4351
f 4966/6304/5363 4965/6305/5364 5350/5831/4948 5349/5830/4947
f 5768/6230/5315 5769/6306/5365 5229/6307/5366 5351/6007/5108
f 5723/6308/5367 5724/6008/5109 5351/6007/5108 5229/6307/5366
f 5639/6003/5104 5640/6309/5368 5267/6310/5369 5353/6004/5105
f 5631/6311/5370 5632/6275/5360 5353/6004/5105 5267/6310/5369
f 5039/6312/5371 5038/6313/5372 5355/5999/5100 5354/5998/5099
f 5248/6314/5373 5356/5997/5098 5607/6252/5337 5608/6315/5374
f 5663/6316/5375 5664/5994/5095 5356/5997/5098 5248/6314/5373
f 5210/6317/5376 5358/5992/5093 5699/5991/5092 5700/6318/5377
f 5746/6319/5378 5747/6209/5294 5358/5992/5093 5210/6317/5376
f 5360/5987/5088 5359/5989/5090 5036/6320/5379 5035/6321/5380
f 5361/5985/5086 5360/5987/5088 5035/6321/5380 5034/6322/5381
f 5362/5983/5084 5361/5985/5086 5034/6322/5381 5033/6323/5382
f 5363/5981/5082 5362/5983/5084 5033/6323/5382 5032/6324/5383
f 5364/5979/5080 5363/5981/5082 5032/6324/5383 5031/6325/5384
f 5365/5977/5078 5364/5979/5080 5031/6325/5384 5030/6326/5385
f 5366/5974/5076 5365/5977/5078 5030/6326/5385 5029/6327/5386
f 5367/5975/5074 5366/5974/5076 5029/6327/5386 5028/6328/5387
f 5368/5969/5072 5367/5971/5074 5028/6329/5387 5027/6330/5388
f 5369/5967/5070 5368/5969/5072 5027/6330/5388 5026/6331/5389
f 5370/5965/5068 5369/5967/5070 5026/6331/5389 5025/6332/5390
f 5371/5963/5066 5370/5965/5068 5025/6332/5390 5024/6333/5391
f 5372/5961/5064 5371/5963/5066 5024/6333/5391 5023/6334/5392
f 5373/5959/5062 5372/5961/5064 5023/6334/5392 5022/6335/5393
f 5374/5957/5060 5373/5959/5062 5022/6335/5393 5021/6336/5394
f 5375/5955/5058 5374/5957/5060 5021/6336/5394 5020/6337/5395
f 5376/5953/5056 5375/5955/5058 5020/6337/5395 5019/6338/5396
f 5377/5951/5054 5376/5953/5056 5019/6338/5396 5018/6339/5397
f 5378/5949/5052 5377/5951/5054 5018/6339/5397 5017/6340/5398
f 5379/5947/5050 5378/5949/5052 5017/6340/5398 5016/6341/5399
f 5380/5945/5048 5379/5947/5050 5016/6341/5399 5015/6342/5400
f 5381/5943/5046 5380/5945/5048 5015/6342/5400 5014/6343/5401
f 5382/5940/5044 5381/5943/5046 5014/6343/5401 5013/6344/5402
f 5383/5941/5042 5382/5940/5044 5013/6344/5402 5012/6345/5403
f 5384/5935/5040 5383/5937/5042 5012/6346/5403 5011/6347/5404
f 5385/5933/5038 5384/5935/5040 5011/6347/5404 5010/6348/5405
f 5386/5931/5036 5385/5933/5038 5010/6348/5405 5009/6349/5406
f 5387/5929/5034 5386/5931/5036 5009/6349/5406 5008/6350/5407
f 5388/5927/5032 5387/5929/5034 5008/6350/5407 5007/6351/5408
f 5389/5925/5030 5388/5927/5032 5007/6351/5408 5006/6352/5409
f 5390/5923/5028 5389/5925/5030 5006/6352/5409 5005/6353/5410
f 5391/5920/5026 5390/5923/5028 5005/6353/5410 5004/6354/5411
f 5392/5921/5024 5391/5920/5026 5004/6354/5411 5003/6355/5412
f 5393/5917/5021 5392/5916/5024 5003/6356/5412 5002/6357/5413
f 5002/6358/5413 5001/6359/5414 5394/5910/5019 5393/5912/5021
f 5001/6359/5414 5000/6360/5415 5395/5908/5017 5394/5910/5019
f 5000/6360/5415 4999/6361/5416 5396/5906/5015 5395/5908/5017
f 4999/6361/5416 4998/6362/5417 5397/5904/5013 5396/5906/5015
f 4998/6362/5417 4997/6363/5418 5398/5902/5011 5397/5904/5013
f 4997/6363/5418 4996/6364/5419 5399/5900/5009 5398/5902/5011
f 4996/6364/5419 4995/6365/5420 5400/5898/5007 5399/5900/5009
f 4995/6365/5420 4994/6366/5421 5401/5896/5005 5400/5898/5007
f 4994/6366/5421 4993/6367/5422 5402/5895/5004 5401/5896/5005
f 5403/5892/5001 5402/5895/5004 4993/6367/5422 4992/6368/5423
f 4992/6368/5423 4991/6369/5424 5404/5888/4999 5403/5892/5001
f 4991/6369/5424 4990/6370/5425 5405/5889/4997 5404/5888/4999
f 4990/6371/5425 4989/6372/5426 5406/5884/4995 5405/5886/4997
f 4989/6372/5426 4988/6373/5427 5407/5882/4993 5406/5884/4995
f 4988/6373/5427 4987/6374/5428 5408/5880/4991 5407/5882/4993
f 4987/6374/5428 4986/6375/5429 5409/5878/4989 5408/5880/4991
f 4986/6375/5429 4985/6376/5430 5410/5876/4987 5409/5878/4989
f 4985/6376/5430 4984/6377/5431 5411/5874/4985 5410/5876/4987
f 4984/6377/5431 4983/6378/5432 5412/5872/4983 5411/5874/4985
f 4983/6378/5432 4982/6379/5433 5413/5870/4981 5412/5872/4983
f 4982/6379/5433 4981/6380/5434 5414/5868/4979 5413/5870/4981
f 4981/6380/5434 4980/6381/5435 5415/5866/4977 5414/5868/4979
f 4980/6381/5435 4979/6382/5436 5416/5864/4975 5415/5866/4977
f 4979/6382/5436 4978/6383/5437 5417/5862/4973 5416/5864/4975
f 4978/6383/5437 4977/6384/5438 5418/5858/4971 5417/5862/4973
f 4977/6384/5438 4976/6385/5439 5419/5859/4969 5418/5858/4971
f 4976/6386/5439 4975/6387/5440 5420/5854/4968 5419/5856/4969
f 5421/5855/4965 5420/5854/4968 4975/6387/5440 4974/6388/5441
f 4974/6389/5441 4973/6390/5442 5422/5848/4963 5421/5850/4965
f 4973/6390/5442 4972/6391/5443 5423/5844/4961 5422/5848/4963
f 4972/6391/5443 4971/6392/5444 5424/5845/4959 5423/5844/4961
f 4971/6393/5444 4970/6394/5445 5425/5840/4957 5424/5842/4959
f 4970/6394/5445 4969/6395/5446 5426/5838/4955 5425/5840/4957
f 4969/6395/5446 4968/6396/5447 5427/5836/4953 5426/5838/4955
f 4968/6396/5447 4967/6397/5448 5428/5834/4951 5427/5836/4953
f 4967/6397/5448 4966/6304/5363 5349/5830/4947 5428/5834/4951
f 5430/4637/3892 5429/5135/4346 4965/6305/5364 4966/6304/5363
f 5431/4000/3345 5430/4637/3892 4966/6304/5363 4967/6397/5448
f 5432/4001/3346 5431/4000/3345 4967/6397/5448 4968/6396/5447
f 5433/5041/4260 5432/4001/3346 4968/6396/5447 4969/6395/5446
f 5434/3688/3035 5433/5041/4260 4969/6395/5446 4970/6394/5445
f 5435/3689/3036 5434/3688/3035 4970/6394/5445 4971/6393/5444
f 5436/4395/3699 5435/4394/3036 4971/6392/5444 4972/6391/5443
f 5437/3728/3074 5436/4395/3699 4972/6391/5443 4973/6390/5442
f 5438/3729/3005 5437/3728/3074 4973/6390/5442 4974/6389/5441
f 4974/6388/5441 4975/6387/5440 5439/3659/3006 5438/3658/3005
f 5440/4281/3492 5439/3659/3006 4975/6387/5440 4976/6386/5439
f 5441/4036/3381 5440/4147/3492 4976/6385/5439 4977/6384/5438
f 5442/4037/3382 5441/4036/3381 4977/6384/5438 4978/6383/5437
f 5443/4331/3646 5442/4037/3382 4978/6383/5437 4979/6382/5436
f 5444/3902/3247 5443/4331/3646 4979/6382/5436 4980/6381/5435
f 5445/3903/3248 5444/3902/3247 4980/6381/5435 4981/6380/5434
f 5446/4175/3520 5445/3903/3248 4981/6380/5434 4982/6379/5433
f 5447/4443/3740 5446/4175/3520 4982/6379/5433 4983/6378/5432
f 5448/4211/3556 5447/4443/3740 4983/6378/5432 4984/6377/5431
f 5449/4100/3445 5448/4211/3556 4984/6377/5431 4985/6376/5430
f 5450/4101/3446 5449/4100/3445 4985/6376/5430 4986/6375/5429
f 5451/4497/3794 5450/4101/3446 4986/6375/5429 4987/6374/5428
f 5452/3768/3113 5451/4497/3794 4987/6374/5428 4988/6373/5427
f 5453/3769/3114 5452/3768/3113 4988/6373/5427 4989/6372/5426
f 5454/4239/3584 5453/3769/3114 4989/6372/5426 4990/6371/5425
f 5455/3815/3160 5454/4519/3584 4990/6370/5425 4991/6369/5424
f 5456/3722/3069 5455/3815/3160 4991/6369/5424 4992/6368/5423
f 4992/6368/5423 4993/6367/5422 5457/3723/3070 5456/3722/3069
f 5458/5302/4492 5457/3723/3070 4993/6367/5422 4994/6366/5421
f 5459/5223/4417 5458/5302/4492 4994/6366/5421 4995/6365/5420
f 5460/5224/4418 5459/5223/4417 4995/6365/5420 4996/6364/5419
f 5461/5432/4612 5460/5224/4418 4996/6364/5419 4997/6363/5418
f 5462/3854/3199 5461/5432/4612 4997/6363/5418 4998/6362/5417
f 5463/3855/3200 5462/3854/3199 4998/6362/5417 4999/6361/5416
f 5464/5376/4558 5463/3855/3200 4999/6361/5416 5000/6360/5415
f 5465/5418/4598 5464/5376/4558 5000/6360/5415 5001/6359/5414
f 5466/5500/3155 5465/5418/4598 5001/6359/5414 5002/6358/5413
f 5002/6357/5413 5003/6356/5412 5467/3811/3156 5466/3810/3155
f 5003/6355/5412 5004/6354/5411 5468/5421/4601 5467/5503/3156
f 5004/6354/5411 5005/6353/5410 5469/5379/4561 5468/5421/4601
f 5005/6353/5410 5006/6352/5409 5470/3844/3189 5469/5379/4561
f 5006/6352/5409 5007/6351/5408 5471/3845/3190 5470/3844/3189
f 5007/6351/5408 5008/6350/5407 5472/5427/4607 5471/3845/3190
f 5008/6350/5407 5009/6349/5406 5473/5213/4407 5472/5427/4607
f 5009/6349/5406 5010/6348/5405 5474/5214/4408 5473/5213/4407
f 5010/6348/5405 5011/6347/5404 5475/5297/4487 5474/5214/4408
f 5011/6347/5404 5012/6346/5403 5476/5339/3802 5475/5297/4487
f 5012/6345/5403 5013/6344/5402 5477/4254/3599 5476/4536/3802
f 5013/6344/5402 5014/6343/5401 5478/3762/3107 5477/4254/3599
f 5014/6343/5401 5015/6342/5400 5479/3763/3108 5478/3762/3107
f 5015/6342/5400 5016/6341/5399 5480/4478/3775 5479/3763/3108
f 5016/6341/5399 5017/6340/5398 5481/4066/3411 5480/4478/3775
f 5017/6340/5398 5018/6339/5397 5482/4067/3412 5481/4066/3411
f 5018/6339/5397 5019/6338/5396 5483/4194/3539 5482/4067/3412
f 5019/6338/5396 5020/6337/5395 5484/4460/3757 5483/4194/3539
f 5020/6337/5395 5021/6336/5394 5485/4190/3535 5484/4460/3757
f 5021/6336/5394 5022/6335/5393 5486/3876/3221 5485/4190/3535
f 5022/6335/5393 5023/6334/5392 5487/3877/3222 5486/3876/3221
f 5023/6334/5392 5024/6333/5391 5488/4314/3629 5487/3877/3222
f 5024/6333/5391 5025/6332/5390 5489/4002/3347 5488/4314/3629
f 5025/6332/5390 5026/6331/5389 5490/4003/3348 5489/4002/3347
f 5026/6331/5389 5027/6330/5388 5491/4130/3475 5490/4003/3348
f 5027/6330/5388 5028/6329/5387 5492/4258/3603 5491/4130/3475
f 5028/6328/5387 5029/6327/5386 5493/4343/3657 5492/4864/3603
f 5029/6327/5386 5030/6326/5385 5494/3678/3025 5493/4343/3657
f 5030/6326/5385 5031/6325/5384 5495/3679/3026 5494/3678/3025
f 5031/6325/5384 5032/6324/5383 5496/4996/4219 5495/3679/3026
f 5032/6324/5383 5033/6323/5382 5497/3964/3309 5496/4996/4219
f 5033/6323/5382 5034/6322/5381 5498/3965/3310 5497/3964/3309
f 5034/6322/5381 5035/6321/5380 5499/4592/3851 5498/3965/3310
f 5035/6321/5380 5036/6320/5379 5500/5090/4305 5499/4592/3851
f 5745/6208/5293 5746/6319/5378 5210/6317/5376 5501/3667/3014
f 5700/6318/5377 5701/3668/3015 5501/3667/3014 5210/6317/5376
f 5662/5791/4908 5663/6316/5375 5248/6314/5373 5503/5792/4909
f 5608/6315/5374 5609/6253/5338 5503/5792/4909 5248/6314/5373
f 5505/3665/3012 5504/3664/3011 5038/6313/5372 5039/6312/5371
f 5267/6310/5369 5506/5829/4946 5630/6274/5359 5631/6311/5370
f 5640/6309/5368 5641/5826/4943 5506/5829/4946 5267/6310/5369
f 5229/6307/5366 5508/3672/3019 5722/3671/3018 5723/6308/5367
f 5769/6306/5365 5770/6231/5316 5508/3672/3019 5229/6307/5366
f 3289/5755/4872 3290/5754/4871 5510/6011/5112 5509/6010/5111
f 5250/5796/4913 5511/6013/5114 5611/6255/5340 5612/6256/5341
f 5659/5795/4912 5660/6012/5113 5511/6013/5114 5250/5796/4913
f 5208/5752/4869 5513/6015/5116 5703/6014/5115 5704/5753/4870
f 5742/6205/5290 5743/6206/5291 5513/6015/5116 5208/5752/4869
f 5515/6017/5118 5514/6016/5117 3288/6398/4308 4159/6399/3853
f 5516/6018/5119 5515/6017/5118 4159/6399/3853 3721/6400/3607
f 5517/6019/5120 5516/6018/5119 3721/6400/3607 4089/6401/3608
f 5518/6020/5121 5517/6019/5120 4089/6401/3608 3369/6402/4221
f 5519/6021/5122 5518/6020/5121 3369/6402/4221 4003/6403/3606
f 5520/6022/5123 5519/6021/5122 4003/6403/3606 3530/6404/3605
f 5521/6023/5124 5520/6022/5123 3530/6404/3605 3893/6405/3656
f 5522/6024/5125 5521/6023/5124 3893/6405/3656 3293/6406/4101
f 5523/6026/5126 5522/6025/5125 3293/6407/4101 3476/6408/4100
f 5524/6027/5127 5523/6026/5126 3476/6408/4100 3412/6409/4099
f 5525/6028/5128 5524/6027/5127 3412/6409/4099 3497/6410/4098
f 5526/6029/5129 5525/6028/5128 3497/6410/4098 3380/6411/4097
f 5527/6030/5130 5526/6029/5129 3380/6411/4097 3508/6412/4096
f 5528/6031/5131 5527/6030/5130 3508/6412/4096 3441/6413/4095
f 5529/6032/5132 5528/6031/5131 3441/6413/4095 3598/6414/4093
f 5530/6033/5133 5529/6032/5132 3598/6414/4093 3346/6415/4094
f 5531/6034/5134 5530/6033/5133 3346/6415/4094 3602/6416/4174
f 5532/6035/5135 5531/6034/5134 3602/6416/4174 3444/6417/4173
f 5533/6036/5136 5532/6035/5135 3444/6417/4173 3628/6418/4172
f 5534/6037/5137 5533/6036/5136 3628/6418/4172 3396/6419/4171
f 5535/6038/5138 5534/6037/5137 3396/6419/4171 3642/6420/4170
f 5536/6039/5139 5535/6038/5138 3642/6420/4170 3473/6421/4169
f 5537/6040/5140 5536/6039/5139 3473/6421/4169 3678/6422/4168
f 5538/6041/5141 5537/6040/5140 3678/6422/4168 3314/6423/4167
f 5539/6043/5142 5538/6042/5141 3314/6424/4167 4438/6425/4489
f 5540/6044/5143 5539/6043/5142 4438/6425/4489 4402/6426/4411
f 5541/6045/5144 5540/6044/5143 4402/6426/4411 4584/6427/4414
f 5542/6046/5145 5541/6045/5144 4584/6427/4414 4366/6428/4609
f 5543/6047/5146 5542/6046/5145 4366/6428/4609 4546/6429/3193
f 5544/6048/5147 5543/6047/5146 4546/6429/3193 4504/6430/3196
f 5545/6049/5148 5544/6048/5147 4504/6430/3196 4540/6431/4560
f 5546/6050/5149 5545/6049/5148 4540/6431/4560 4648/6432/4600
f 5547/6051/5150 5546/6050/5149 4648/6432/4600 3338/6433/4648
f 5548/6053/5151 5547/6052/5150 3338/6434/4648 3339/6435/4647
f 4647/5419/4599 5549/6055/5152 5548/6054/5151 3339/5501/4647
f 4539/5377/4559 5550/6056/5153 5549/6055/5152 4647/5419/4599
f 4503/3850/3195 5551/6057/5154 5550/6056/5153 4539/5377/4559
f 4547/3849/3194 5552/6058/5155 5551/6057/5154 4503/3850/3195
f 4367/5430/4610 5553/6059/5156 5552/6058/5155 4547/3849/3194
f 4583/5219/4413 5554/6060/5157 5553/6059/5156 4367/5430/4610
f 4403/5218/4412 5555/6061/5158 5554/6060/5157 4583/5219/4413
f 4439/5300/4490 5556/6062/5159 5555/6061/5158 4403/5218/4412
f 3326/5342/4166 5557/6063/5160 5556/6062/5159 4439/5300/4490
f 5558/6064/5161 5557/6063/5160 3326/5342/4166 3327/6436/4165
f 3315/6437/4164 5559/6065/5162 5558/6064/5161 3327/6436/4165
f 3669/6438/4163 5560/6066/5163 5559/6065/5162 3315/6437/4164
f 3466/4933/4162 5561/6068/5164 5560/6067/5163 3669/4934/4163
f 3651/4932/4161 5562/6069/5165 5561/6068/5164 3466/4933/4162
f 3403/4931/4160 5563/6070/5166 5562/6069/5165 3651/4932/4161
f 3639/4930/4159 5564/6071/5167 5563/6070/5166 3403/4931/4160
f 3451/4929/4158 5565/6072/5168 5564/6071/5167 3639/4930/4159
f 3611/4928/4157 5566/6073/5169 5565/6072/5168 3451/4929/4158
f 3351/4927/4156 5567/6074/5170 5566/6073/5169 3611/4928/4157
f 3589/4926/4155 5568/6075/5171 5567/6074/5170 3351/4927/4156
f 3434/4925/4154 5569/6076/5172 5568/6075/5171 3589/4926/4155
f 3515/4924/4153 5570/6077/5173 5569/6076/5172 3434/4925/4154
f 3387/4923/4152 5571/6078/5174 5570/6077/5173 3515/4924/4153
f 3506/4922/4151 5572/6079/5175 5571/6078/5174 3387/4923/4152
f 3419/4920/4150 5573/6080/5176 5572/6079/5175 3506/4922/4151
f 3483/4921/4149 5574/6081/5177 5573/6080/5176 3419/4920/4150
f 3303/4918/4148 5575/6083/5178 5574/6082/5177 3483/4919/4149
f 5576/6084/5179 5575/6083/5178 3303/4918/4148 3304/4917/4147
f 3294/4915/4146 5577/6086/5180 5576/6085/5179 3304/4916/4147
f 3934/4398/3700 5578/6087/5181 5577/6086/5180 3294/4915/4146
f 3561/4397/3082 5579/6088/5182 5578/6087/5181 3934/4398/3700
f 4040/3736/3081 5580/6090/5183 5579/6089/5182 3561/3737/3082
f 3378/5039/4258 5581/6091/5184 5580/6090/5183 4040/3736/3081
f 4052/3997/3342 5582/6092/5185 5581/6091/5184 3378/5039/4258
f 3758/3996/3341 5583/6093/5186 5582/6092/5185 4052/3997/3342
f 4196/4635/3890 5584/6094/5187 5583/6093/5186 3758/3996/3341
f 3287/5133/4344 5585/6095/5188 5584/6094/5187 4196/4635/3890
f 5193/5757/4874 5586/6096/5189 5772/6233/5318 5727/6190/5275
f 5719/5756/4873 5720/6097/5190 5586/6096/5189 5193/5757/4874
f 5265/5824/4941 5588/6099/5192 5643/6098/5191 5644/5825/4942
f 5627/6271/5356 5628/6272/5357 5588/6099/5192 5265/5824/4941
f 5590/6235/5320 5589/6234/5319 3283/5136/4347 4197/4800/4043
f 5591/6236/5321 5590/6235/5320 4197/4800/4043 3843/4638/3893
f 5592/6237/5322 5591/6236/5321 3843/4638/3893 4242/4641/3896
f 5593/6238/5323 5592/6237/5322 4242/4641/3896 3759/5147/4358
f 5594/6239/5324 5593/6238/5323 3759/5147/4358 4281/3690/3037
f 5595/6240/5325 5594/6239/5324 4281/3690/3037 3811/3693/3040
f 5596/6241/5326 5595/6240/5325 3811/3693/3040 4333/4759/4005
f 3295/5200/4404 5596/6241/5326 4333/4759/4005
f 4332/4758/4004 5597/6242/5327 3296/5199/4403
f 3810/3692/3039 5598/6243/5328 5597/6242/5327 4332/4758/4004
f 4282/3691/3038 5599/6244/5329 5598/6243/5328 3810/3692/3039
f 3760/5146/4357 5600/6245/5330 5599/6244/5329 4282/3691/3038
f 4241/4640/3895 5601/6246/5331 5600/6245/5330 3760/5146/4357
f 3844/4639/3894 5602/6247/5332 5601/6246/5331 4241/4640/3895
f 4198/4801/4044 5603/6248/5333 5602/6247/5332 3844/4639/3894
f 3284/5137/4348 5604/6249/5334 5603/6248/5333 4198/4801/4044
f 3284/5137/4348 5344/6184/5269 5605/6250/5335 5604/6249/5334
f 5606/6251/5336 5605/6250/5335 5344/6184/5269 5190/6000/5101
f 5355/5999/5100 5607/6252/5337 5606/6251/5336 5190/6000/5101
f 5608/6315/5374 5607/6252/5337 5355/5999/5100 5038/6313/5372
f 5504/3664/3011 5609/6253/5338 5608/6315/5374 5038/6313/5372
f 5610/6254/5339 5609/6253/5338 5504/3664/3011 5042/3663/3010
f 5510/6011/5112 5611/6255/5340 5610/6254/5339 5042/3663/3010
f 5612/6256/5341 5611/6255/5340 5510/6011/5112 3290/5754/4871
f 5613/6257/5342 5612/6256/5341 3290/5754/4871 4931/5649/4777
f 5614/6258/5343 5613/6257/5342 4931/5649/4777 4731/5597/4729
f 5615/6259/5344 5614/6258/5343 4731/5597/4729 4858/5600/4732
f 5616/6260/5345 5615/6259/5344 4858/5600/4732 4691/5745/4865
f 5617/6261/5346 5616/6260/5345 4691/5745/4865 4811/3714/3061
f 5618/6262/5347 5617/6261/5346 4811/3714/3061 4745/3717/3064
f 5619/6263/5348 5618/6262/5347 4745/3717/3064 4825/5668/4795
f 3300/5749/3101 5619/6263/5348 4825/5668/4795
f 4824/5667/4794 5620/6264/5349 3299/3757/3102
f 4744/3716/3063 5621/6265/5350 5620/6264/5349 4824/5667/4794
f 4812/3715/3062 5622/6266/5351 5621/6265/5350 4744/3716/3063
f 4692/5746/4866 5623/6267/5352 5622/6266/5351 4812/3715/3062
f 4857/5599/4731 5624/6268/5353 5623/6267/5352 4692/5746/4866
f 4732/5598/4730 5625/6269/5354 5624/6268/5353 4857/5599/4731
f 4932/5650/4778 5626/6270/5355 5625/6269/5354 4732/5598/4730
f 3289/5755/4872 5627/6271/5356 5626/6270/5355 4932/5650/4778
f 3289/5755/4872 5509/6010/5111 5628/6272/5357 5627/6271/5356
f 5629/6273/5358 5628/6272/5357 5509/6010/5111 5041/3662/3009
f 5505/3665/3012 5630/6274/5359 5629/6273/5358 5041/3662/3009
f 5631/6311/5370 5630/6274/5359 5505/3665/3012 5039/6312/5371
f 5354/5998/5099 5632/6275/5360 5631/6311/5370 5039/6312/5371
f 5633/6276/5361 5632/6275/5360 5354/5998/5099 5191/6001/5102
f 5345/6185/5270 5634/6277/5362 5633/6276/5361 5191/6001/5102
f 5589/6234/5319 5634/6277/5362 5345/6185/5270 3283/5136/4347
f 4934/6439/5449 4933/6440/5450 5636/5759/4876 5635/5758/4875
f 5347/6441/5451 5637/6186/5271 5636/5759/4876 4933/6440/5450
f 5192/6442/5452 5638/6002/5103 5637/6186/5271 5347/6441/5451
f 5352/6443/5453 5639/6003/5104 5638/6002/5103 5192/6442/5452
f 5040/6444/5454 5640/6309/5368 5639/6003/5104 5352/6443/5453
f 5507/6445/5455 5641/5826/4943 5640/6309/5368 5040/6444/5454
f 5116/6446/5456 5642/5827/4944 5641/5826/4943 5507/6445/5455
f 5587/6447/5457 5643/6098/5191 5642/5827/4944 5116/6446/5456
f 5644/5825/4942 5643/6098/5191 5587/6447/5457 4964/6448/5458
f 5645/5823/4940 5644/5825/4942 4964/6448/5458 4963/6449/5459
f 5646/5821/4938 5645/5823/4940 4963/6449/5459 4962/6450/5460
f 5647/5819/4936 5646/5821/4938 4962/6450/5460 4961/6451/5461
f 5648/5817/4934 5647/5819/4936 4961/6451/5461 4960/6452/5462
f 5649/5815/4932 5648/5817/4934 4960/6452/5462 4959/6453/5463
f 5650/5813/4930 5649/5815/4932 4959/6453/5463 4958/6454/5464
f 5651/5811/4928 5650/5813/4930 4958/6454/5464 4957/6455/5465
f 3299/3757/3102 5651/5811/4928 4957/6455/5465
f 3300/5749/3101 4956/6456/5466 5652/5808/4925
f 4956/6456/5466 4955/6457/5467 5653/5806/4923 5652/5808/4925
f 4955/6457/5467 4954/6458/5468 5654/5804/4921 5653/5806/4923
f 4954/6458/5468 4953/6459/5469 5655/5802/4919 5654/5804/4921
f 4953/6459/5469 4952/6460/5470 5656/5800/4917 5655/5802/4919
f 4952/6460/5470 4951/6461/5471 5657/5798/4915 5656/5800/4917
f 4951/6461/5471 4950/6462/5472 5658/5794/4911 5657/5798/4915
f 4950/6462/5472 4949/6463/5473 5659/5795/4912 5658/5794/4911
f 5512/6464/5474 5660/6012/5113 5659/5795/4912 4949/6463/5473
f 5043/6465/5475 5661/5790/4907 5660/6012/5113 5512/6464/5474
f 5502/6466/5476 5662/5791/4908 5661/5790/4907 5043/6465/5475
f 5037/6467/5477 5663/6316/5375 5662/5791/4908 5502/6466/5476
f 5357/6468/5478 5664/5994/5095 5663/6316/5375 5037/6467/5477
f 5189/6469/5479 5665/5995/5096 5664/5994/5095 5357/6468/5478
f 5342/6470/5480 5666/6182/5267 5665/5995/5096 5189/6469/5479
f 5667/5789/4906 5666/6182/5267 5342/6470/5480 4948/6471/5481
f 5668/5787/4904 5667/5789/4906 4948/6471/5481 4947/6472/5482
f 5669/5785/4902 5668/5787/4904 4947/6472/5482 4946/6473/5483
f 5670/5783/4900 5669/5785/4902 4946/6473/5483 4945/6474/5484
f 5671/5781/4898 5670/5783/4900 4945/6474/5484 4944/6475/5485
f 5672/5779/4896 5671/5781/4898 4944/6475/5485 4943/6476/5486
f 5673/5777/4894 5672/5779/4896 4943/6476/5486 4942/6477/5487
f 5674/5775/4892 5673/5777/4894 4942/6477/5487 4941/6478/5488
f 3297/5198/3090 5674/5775/4892 4941/6478/5488
f 3295/5200/4404 3297/5198/3090 3298/3744/3089
f 3298/3744/3089 4940/6479/5489 5675/5772/4889 3295/5200/4404
f 4940/6479/5489 4939/6480/5490 5676/5770/4887 5675/5772/4889
f 4939/6480/5490 4938/6481/5491 5677/5768/4885 5676/5770/4887
f 4938/6481/5491 4937/6482/5492 5678/5766/4883 5677/5768/4885
f 4937/6482/5492 4936/6483/5493 5679/5764/4881 5678/5766/4883
f 4936/6483/5493 4935/6484/5494 5680/5762/4879 5679/5764/4881
f 4935/6484/5494 4934/6439/5449 5635/5758/4875 5680/5762/4879
f 5682/4853/4092 5681/5141/4352 4933/6440/5450 4934/6439/5449
f 5683/4744/3991 5682/4853/4092 4934/6439/5449 4935/6484/5494
f 5684/4745/3992 5683/4744/3991 4935/6484/5494 4936/6483/5493
f 5685/5149/4360 5684/4745/3992 4936/6483/5493 4937/6482/5492
f 5686/3704/3051 5685/5149/4360 4937/6482/5492 4938/6481/5491
f 5687/3705/3052 5686/3704/3051 4938/6481/5491 4939/6480/5490
f 5688/4761/4007 5687/3705/3052 4939/6480/5490 4940/6479/5489
f 3298/3744/3089 5688/4761/4007 4940/6479/5489
f 3297/5198/3090 4941/6478/5488 5689/4756/4002
f 4941/6478/5488 4942/6477/5487 5690/3694/3041 5689/4756/4002
f 4942/6477/5487 4943/6476/5486 5691/3695/3042 5690/3694/3041
f 4943/6476/5486 4944/6475/5485 5692/5144/4355 5691/3695/3042
f 4944/6475/5485 4945/6474/5484 5693/4642/3897 5692/5144/4355
f 4945/6474/5484 4946/6473/5483 5694/4643/3898 5693/4642/3897
f 4946/6473/5483 4947/6472/5482 5695/4802/4045 5694/4643/3898
f 4947/6472/5482 4948/6471/5481 5696/5138/4349 5695/4802/4045
f 4948/6471/5481 5342/6470/5480 5697/6181/5266 5696/5138/4349
f 5698/5990/5091 5697/6181/5266 5342/6470/5480 5189/6469/5479
f 5357/6468/5478 5699/5991/5092 5698/5990/5091 5189/6469/5479
f 5700/6318/5377 5699/5991/5092 5357/6468/5478 5037/6467/5477
f 5502/6466/5476 5701/3668/3015 5700/6318/5377 5037/6467/5477
f 5702/3669/3016 5701/3668/3015 5502/6466/5476 5043/6465/5475
f 5512/6464/5474 5703/6014/5115 5702/3669/3016 5043/6465/5475
f 5704/5753/4870 5703/6014/5115 5512/6464/5474 4949/6463/5473
f 5705/5648/4776 5704/5753/4870 4949/6463/5473 4950/6462/5472
f 5706/5595/4727 5705/5648/4776 4950/6462/5472 4951/6461/5471
f 5707/5596/4728 5706/5595/4727 4951/6461/5471 4952/6460/5470
f 5708/5744/4864 5707/5596/4728 4952/6460/5470 4953/6459/5469
f 5709/3712/3059 5708/5744/4864 4953/6459/5469 4954/6458/5468
f 5710/3713/3060 5709/3712/3059 4954/6458/5468 4955/6457/5467
f 5711/5670/4797 5710/3713/3060 4955/6457/5467 4956/6456/5466
f 3300/5749/3101 5711/5670/4797 4956/6456/5466
f 3299/3757/3102 4957/6455/5465 5712/5665/4792
f 4957/6455/5465 4958/6454/5464 5713/3718/3065 5712/5665/4792
f 4958/6454/5464 4959/6453/5463 5714/3719/3066 5713/3718/3065
f 4959/6453/5463 4960/6452/5462 5715/5747/4867 5714/3719/3066
f 4960/6452/5462 4961/6451/5461 5716/5601/4733 5715/5747/4867
f 4961/6451/5461 4962/6450/5460 5717/5602/4734 5716/5601/4733
f 4962/6450/5460 4963/6449/5459 5718/5651/4779 5717/5602/4734
f 4963/6449/5459 4964/6448/5458 5719/5756/4873 5718/5651/4779
f 4964/6448/5458 5587/6447/5457 5720/6097/5190 5719/5756/4873
f 5721/3670/3017 5720/6097/5190 5587/6447/5457 5116/6446/5456
f 5507/6445/5455 5722/3671/3018 5721/3670/3017 5116/6446/5456
f 5723/6308/5367 5722/3671/3018 5507/6445/5455 5040/6444/5454
f 5352/6443/5453 5724/6008/5109 5723/6308/5367 5040/6444/5454
f 5725/6009/5110 5724/6008/5109 5352/6443/5453 5192/6442/5452
f 5347/6441/5451 5726/6188/5273 5725/6009/5110 5192/6442/5452
f 5681/5141/4352 5726/6188/5273 5347/6441/5451 4933/6440/5450
f 5728/6191/5276 5727/6190/5275 3287/5133/4344 4893/5605/4737
f 5729/6192/5277 5728/6191/5276 4893/5605/4737 4693/5511/4651
f 5730/6193/5278 5729/6192/5277 4693/5511/4651 4856/5510/4650
f 5731/6194/5279 5730/6193/5278 4856/5510/4650 4653/5701/4825
f 5732/6195/5280 5731/6194/5279 4653/5701/4825 4773/3761/3106
f 5733/6196/5281 5732/6195/5280 4773/3761/3106 4743/3760/3105
f 5734/6197/5282 5733/6196/5281 4743/3760/3105 4823/5664/4791
f 3299/3757/3102 5734/6197/5282 4823/5664/4791
f 4826/6485/4798 5735/6198/5283 3300/5749/3101
f 4746/6486/3610 5736/6199/5284 5735/6198/5283 4826/6485/4798
f 4810/6487/3609 5737/6200/5285 5736/6199/5284 4746/6486/3610
f 4690/6488/4862 5738/6201/5286 5737/6200/5285 4810/6487/3609
f 4859/6489/4724 5739/6202/5287 5738/6201/5286 4690/6488/4862
f 4730/6490/4723 5740/6203/5288 5739/6202/5287 4859/6489/4724
f 4930/6491/4774 5741/6204/5289 5740/6203/5288 4730/6490/4723
f 3288/6398/4308 5742/6205/5290 5741/6204/5289 4930/6491/4774
f 5514/6016/5117 5743/6206/5291 5742/6205/5290 3288/6398/4308
f 5044/5091/4306 5744/6207/5292 5743/6206/5291 5514/6016/5117
f 5500/5090/4305 5745/6208/5293 5744/6207/5292 5044/5091/4306
f 5036/6320/5379 5746/6319/5378 5745/6208/5293 5500/5090/4305
f 5359/5989/5090 5747/6209/5294 5746/6319/5378 5036/6320/5379
f 5188/5988/5089 5748/6210/5295 5747/6209/5294 5359/5989/5090
f 5340/6179/5264 5749/6211/5296 5748/6210/5295 5188/5988/5089
f 5750/6212/5297 5749/6211/5296 5340/6179/5264 3286/6303/4304
f 5751/6213/5298 5750/6212/5297 3286/6303/4304 4199/6492/4047
f 5752/6214/5299 5751/6213/5298 4199/6492/4047 3845/6493/3903
f 5753/6215/5300 5752/6214/5299 3845/6493/3903 4240/6494/3902
f 5754/6216/5301 5753/6215/5300 4240/6494/3902 3761/6495/4354
f 5755/6217/5302 5754/6216/5301 3761/6495/4354 4283/6496/3612
f 5756/6218/5303 5755/6217/5302 4283/6496/3612 3809/6497/3611
f 5757/6219/5304 5756/6218/5303 3809/6497/3611 4331/6498/4001
f 3297/5198/3090 5757/6219/5304 4331/6498/4001
f 4334/4762/4008 5758/6220/5305 3298/3744/3089
f 3812/3743/3088 5759/6221/5306 5758/6220/5305 4334/4762/4008
f 4322/3742/3087 5760/6222/5307 5759/6221/5306 3812/3743/3088
f 3800/5150/4361 5761/6223/5308 5760/6222/5307 4322/3742/3087
f 4243/4741/3988 5762/6224/5309 5761/6223/5308 3800/5150/4361
f 3884/4740/3987 5763/6225/5310 5762/6224/5309 4243/4741/3988
f 4238/4851/4090 5764/6226/5311 5763/6225/5310 3884/4740/3987
f 3285/5042/4261 5765/6227/5312 5764/6226/5311 4238/4851/4090
f 5269/6100/5193 5766/6228/5313 5765/6227/5312 3285/5042/4261
f 5117/5832/4949 5767/6229/5314 5766/6228/5313 5269/6100/5193
f 5350/5831/4948 5768/6230/5315 5767/6229/5314 5117/5832/4949
f 4965/6305/5364 5769/6306/5365 5768/6230/5315 5350/5831/4948
f 5429/5135/4346 5770/6231/5316 5769/6306/5365 4965/6305/5364
f 5115/5134/4345 5771/6232/5317 5770/6231/5316 5429/5135/4346
f 5585/6095/5188 5772/6233/5318 5771/6232/5317 5115/5134/4345
f 5727/6190/5275 5772/6233/5318 5585/6095/5188 3287/5133/4344
g default
v 3.336250 0.013261 -0.014012
v 3.332179 0.013261 -0.022001
v 3.332179 2.165120 -0.022001
v 3.336250 2.165120 -0.014012
v 3.325838 0.013261 -0.028342
v 3.325838 2.165120 -0.028342
v 3.317849 0.013261 -0.032413
v 3.317849 2.165120 -0.032413
v 3.308992 0.013261 -0.033815
v 3.308992 2.165120 -0.033815
v 3.300136 0.013261 -0.032413
v 3.300136 2.165120 -0.032413
v 3.292146 0.013261 -0.028342
v 3.292146 2.165120 -0.028342
v 3.285805 0.013261 -0.022001
v 3.285805 2.165120 -0.022001
v 3.281735 0.013261 -0.014012
v 3.281735 2.165120 -0.014012
v 3.280332 0.013261 -0.005155
v 3.280332 2.165120 -0.005155
v 3.281735 0.013261 0.003702
v 3.281735 2.165120 0.003702
v 3.285805 0.013261 0.011691
v 3.285805 2.165120 0.011691
v 3.292146 0.013261 0.018032
v 3.292146 2.165120 0.018032
v 3.300136 0.013261 0.022103
v 3.300136 2.165120 0.022103
v 3.308992 0.013261 0.023505
v 3.308992 2.165120 0.023505
v 3.317849 0.013261 0.022103
v 3.317849 2.165120 0.022103
v 3.325838 0.013261 0.018032
v 3.325838 2.165120 0.018032
v 3.332179 0.013261 0.011691
v 3.332179 2.165120 0.011691
v 3.336250 0.013261 0.003702
v 3.336250 2.165120 0.003702
v 3.337652 0.013261 -0.005155
v 3.337652 2.165120 -0.005155
v 3.308992 0.013261 -0.005155
v 3.308992 2.165120 -0.005155
vt 0.782814 0.638416
vt 0.782814 0.648047
vt 0.590215 0.648047
vt 0.590215 0.638416
vt 0.782814 0.657669
vt 0.590215 0.657669
vt 0.782814 0.667288
vt 0.590215 0.667288
vt 0.782814 0.676901
vt 0.590215 0.676901
vt 0.782814 0.686494
vt 0.590215 0.686494
vt 0.782814 0.696107
vt 0.590215 0.696107
vt 0.782814 0.705719
vt 0.590215 0.705719
vt 0.782814 0.715332
vt 0.590215 0.715332
vt 0.782814 0.724957
vt 0.590215 0.724957
vt 0.782814 0.734592
vt 0.590215 0.734592
vt 0.782814 0.744223
vt 0.590215 0.744223
vt 0.782814 0.753867
vt 0.590215 0.753867
vt 0.782814 0.763520
vt 0.590215 0.763520
vt 0.782814 0.773167
vt 0.590215 0.773167
vt 0.782814 0.782811
vt 0.590215 0.782811
vt 0.782814 0.590215
vt 0.782814 0.599856
vt 0.590215 0.599856
vt 0.590215 0.590215
vt 0.782814 0.609500
vt 0.590215 0.609500
vt 0.782814 0.619147
vt 0.590215 0.619147
vt 0.782814 0.628778
vt 0.590215 0.628778
vt 0.969292 0.391390
vt 0.982970 0.418218
vt 0.891388 0.447980
vt 0.947985 0.370058
vt 0.921141 0.356399
vt 0.891366 0.351682
vt 0.861633 0.356418
vt 0.834789 0.370099
vt 0.813504 0.391431
vt 0.799848 0.418259
vt 0.795109 0.448021
vt 0.799867 0.477780
vt 0.813545 0.504608
vt 0.834830 0.525899
vt 0.861674 0.539558
vt 0.891388 0.544278
vt 0.921122 0.539580
vt 0.947966 0.525899
vt 0.969270 0.504608
vt 0.982948 0.477780
vt 0.987705 0.447999
vt 0.594932 0.861689
vt 0.608610 0.834839
vt 0.686523 0.891407
vt 0.629898 0.813548
vt 0.656723 0.799829
vt 0.686501 0.795109
vt 0.716237 0.799807
vt 0.743104 0.813507
vt 0.764413 0.834798
vt 0.778092 0.861667
vt 0.782808 0.891429
vt 0.778092 0.921210
vt 0.764394 0.948038
vt 0.743085 0.969348
vt 0.716219 0.983011
vt 0.686482 0.987705
vt 0.656723 0.982989
vt 0.629898 0.969307
vt 0.608610 0.948020
vt 0.594951 0.921191
vt 0.590215 0.891429
vn 0.951059 -0.005993 -0.308951
vn 0.808986 -0.005993 -0.587798
vn 0.808986 0.005993 -0.587798
vn 0.951059 0.005993 -0.308951
vn 0.587801 -0.005994 -0.808983
vn 0.587801 0.005994 -0.808983
vn 0.308978 -0.005993 -0.951050
vn 0.308978 0.005993 -0.951050
vn -0.000000 -0.005994 -0.999982
vn -0.000000 0.005994 -0.999982
vn -0.308982 -0.005993 -0.951049
vn -0.308982 0.005993 -0.951049
vn -0.587775 -0.005993 -0.809002
vn -0.587775 0.005993 -0.809002
vn -0.809011 -0.005993 -0.587763
vn -0.809011 0.005993 -0.587763
vn -0.951047 -0.005994 -0.308988
vn -0.951047 0.005994 -0.308988
vn -0.999982 -0.005993 -0.000000
vn -0.999982 0.005993 -0.000000
vn -0.951047 -0.005994 0.308988
vn -0.951047 0.005994 0.308988
vn -0.809011 -0.005993 0.587763
vn -0.809011 0.005993 0.587763
vn -0.587775 -0.005994 0.809002
vn -0.587775 0.005993 0.809002
vn -0.308982 -0.005993 0.951049
vn -0.308982 0.005993 0.951049
vn 0.000000 -0.005994 0.999982
vn 0.000000 0.005994 0.999982
vn 0.308978 -0.005993 0.951050
vn 0.308978 0.005993 0.951050
vn 0.587801 -0.005994 0.808983
vn 0.587801 0.005994 0.808983
vn 0.808986 -0.005993 0.587798
vn 0.808986 0.005993 0.587798
vn 0.951059 -0.005993 0.308951
vn 0.951059 0.005993 0.308951
vn 0.999982 -0.005994 -0.000000
vn 0.999982 0.005994 -0.000000
vn 0.000000 -1.000000 0.000000
vn 0.000000 1.000000 -0.000000
s 1
g TentandChest_pCylinder4
f 6051/6499/5495 6052/6500/5496 6053/6501/5497 6054/6502/5498
f 6052/6500/5496 6055/6503/5499 6056/6504/5500 6053/6501/5497
f 6055/6503/5499 6057/6505/5501 6058/6506/5502 6056/6504/5500
f 6057/6505/5501 6059/6507/5503 6060/6508/5504 6058/6506/5502
f 6059/6507/5503 6061/6509/5505 6062/6510/5506 6060/6508/5504
f 6061/6509/5505 6063/6511/5507 6064/6512/5508 6062/6510/5506
f 6063/6511/5507 6065/6513/5509 6066/6514/5510 6064/6512/5508
f 6065/6513/5509 6067/6515/5511 6068/6516/5512 6066/6514/5510
f 6067/6515/5511 6069/6517/5513 6070/6518/5514 6068/6516/5512
f 6069/6517/5513 6071/6519/5515 6072/6520/5516 6070/6518/5514
f 6071/6519/5515 6073/6521/5517 6074/6522/5518 6072/6520/5516
f 6073/6521/5517 6075/6523/5519 6076/6524/5520 6074/6522/5518
f 6075/6523/5519 6077/6525/5521 6078/6526/5522 6076/6524/5520
f 6077/6525/5521 6079/6527/5523 6080/6528/5524 6078/6526/5522
f 6079/6527/5523 6081/6529/5525 6082/6530/5526 6080/6528/5524
f 6081/6531/5525 6083/6532/5527 6084/6533/5528 6082/6534/5526
f 6083/6532/5527 6085/6535/5529 6086/6536/5530 6084/6533/5528
f 6085/6535/5529 6087/6537/5531 6088/6538/5532 6086/6536/5530
f 6087/6537/5531 6089/6539/5533 6090/6540/5534 6088/6538/5532
f 6089/6539/5533 6051/6499/5495 6054/6502/5498 6090/6540/5534
f 6052/6541/5496 6051/6542/5495 6091/6543/5535
f 6055/6544/5499 6052/6541/5496 6091/6543/5535
f 6057/6545/5501 6055/6544/5499 6091/6543/5535
f 6059/6546/5503 6057/6545/5501 6091/6543/5535
f 6061/6547/5505 6059/6546/5503 6091/6543/5535
f 6063/6548/5507 6061/6547/5505 6091/6543/5535
f 6065/6549/5509 6063/6548/5507 6091/6543/5535
f 6067/6550/5511 6065/6549/5509 6091/6543/5535
f 6069/6551/5513 6067/6550/5511 6091/6543/5535
f 6071/6552/5515 6069/6551/5513 6091/6543/5535
f 6073/6553/5517 6071/6552/5515 6091/6543/5535
f 6075/6554/5519 6073/6553/5517 6091/6543/5535
f 6077/6555/5521 6075/6554/5519 6091/6543/5535
f 6079/6556/5523 6077/6555/5521 6091/6543/5535
f 6081/6557/5525 6079/6556/5523 6091/6543/5535
f 6083/6558/5527 6081/6557/5525 6091/6543/5535
f 6085/6559/5529 6083/6558/5527 6091/6543/5535
f 6087/6560/5531 6085/6559/5529 6091/6543/5535
f 6089/6561/5533 6087/6560/5531 6091/6543/5535
f 6051/6542/5495 6089/6561/5533 6091/6543/5535
f 6054/6562/5498 6053/6563/5497 6092/6564/5536
f 6053/6563/5497 6056/6565/5500 6092/6564/5536
f 6056/6565/5500 6058/6566/5502 6092/6564/5536
f 6058/6566/5502 6060/6567/5504 6092/6564/5536
f 6060/6567/5504 6062/6568/5506 6092/6564/5536
f 6062/6568/5506 6064/6569/5508 6092/6564/5536
f 6064/6569/5508 6066/6570/5510 6092/6564/5536
f 6066/6570/5510 6068/6571/5512 6092/6564/5536
f 6068/6571/5512 6070/6572/5514 6092/6564/5536
f 6070/6572/5514 6072/6573/5516 6092/6564/5536
f 6072/6573/5516 6074/6574/5518 6092/6564/5536
f 6074/6574/5518 6076/6575/5520 6092/6564/5536
f 6076/6575/5520 6078/6576/5522 6092/6564/5536
f 6078/6576/5522 6080/6577/5524 6092/6564/5536
f 6080/6577/5524 6082/6578/5526 6092/6564/5536
f 6082/6578/5526 6084/6579/5528 6092/6564/5536
f 6084/6579/5528 6086/6580/5530 6092/6564/5536
f 6086/6580/5530 6088/6581/5532 6092/6564/5536
f 6088/6581/5532 6090/6582/5534 6092/6564/5536
f 6090/6582/5534 6054/6562/5498 6092/6564/5536
